logs/cifar100/5_5_sip/palora/Adam/0
2026-04-26 22:00:37,560 [trainer.py] => config: configs/palora/c20_palora.json
2026-04-26 22:00:37,560 [trainer.py] => device: [device(type='cuda', index=0)]
2026-04-26 22:00:37,560 [trainer.py] => eval: False
2026-04-26 22:00:37,560 [trainer.py] => p: 0.5
2026-04-26 22:00:37,560 [trainer.py] => prefix: reproduce
2026-04-26 22:00:37,560 [trainer.py] => dataset: cifar100
2026-04-26 22:00:37,560 [trainer.py] => data_path: data/
2026-04-26 22:00:37,560 [trainer.py] => memory_size: 0
2026-04-26 22:00:37,560 [trainer.py] => memory_per_class: 0
2026-04-26 22:00:37,560 [trainer.py] => fixed_memory: True
2026-04-26 22:00:37,560 [trainer.py] => shuffle: False
2026-04-26 22:00:37,560 [trainer.py] => seed: 0
2026-04-26 22:00:37,560 [trainer.py] => init_cls: 5
2026-04-26 22:00:37,560 [trainer.py] => increment: 5
2026-04-26 22:00:37,561 [trainer.py] => total_sessions: 20
2026-04-26 22:00:37,561 [trainer.py] => model_name: palora
2026-04-26 22:00:37,561 [trainer.py] => net_type: sip
2026-04-26 22:00:37,561 [trainer.py] => embd_dim: 768
2026-04-26 22:00:37,561 [trainer.py] => num_heads: 12
2026-04-26 22:00:37,561 [trainer.py] => EPSILON: 1e-08
2026-04-26 22:00:37,561 [trainer.py] => init_epoch: 20
2026-04-26 22:00:37,561 [trainer.py] => optim: Adam
2026-04-26 22:00:37,561 [trainer.py] => init_lr: 0.0005
2026-04-26 22:00:37,561 [trainer.py] => init_lr_decay: 0.1
2026-04-26 22:00:37,561 [trainer.py] => init_weight_decay: 0.0
2026-04-26 22:00:37,561 [trainer.py] => epochs: 20
2026-04-26 22:00:37,561 [trainer.py] => fc_lrate: 0.002
2026-04-26 22:00:37,561 [trainer.py] => lrate: 0.0005
2026-04-26 22:00:37,561 [trainer.py] => lrate_decay: 0.1
2026-04-26 22:00:37,561 [trainer.py] => batch_size: 128
2026-04-26 22:00:37,561 [trainer.py] => weight_decay: 0.0
2026-04-26 22:00:37,561 [trainer.py] => rank: 10
2026-04-26 22:00:37,561 [trainer.py] => margin_inter: 2.0
2026-04-26 22:00:37,561 [trainer.py] => lambada: 0.5
2026-04-26 22:00:37,561 [trainer.py] => num_workers: 16
Files already downloaded and verified
Files already downloaded and verified
2026-04-26 22:00:39,240 [data_manager.py] => [0, 1, 2, 3, 4, 5, 6, 7, 8, 9, 10, 11, 12, 13, 14, 15, 16, 17, 18, 19, 20, 21, 22, 23, 24, 25, 26, 27, 28, 29, 30, 31, 32, 33, 34, 35, 36, 37, 38, 39, 40, 41, 42, 43, 44, 45, 46, 47, 48, 49, 50, 51, 52, 53, 54, 55, 56, 57, 58, 59, 60, 61, 62, 63, 64, 65, 66, 67, 68, 69, 70, 71, 72, 73, 74, 75, 76, 77, 78, 79, 80, 81, 82, 83, 84, 85, 86, 87, 88, 89, 90, 91, 92, 93, 94, 95, 96, 97, 98, 99]
2026-04-26 22:00:41,950 [trainer.py] => All params: 114881051
2026-04-26 22:00:41,954 [trainer.py] => Trainable params: 114881051
2026-04-26 22:00:41,954 [palora.py] => Learning on 0-5
Parameters to be updated: {'image_encoder.blocks.11.attn.lora_B_k.0.weight', 'image_encoder.blocks.0.attn.lora_B_k.0.weight', 'image_encoder.blocks.5.attn.lora_B_k.0.weight', 'image_encoder.blocks.8.attn.lora_A_k.0.weight', 'image_encoder.blocks.2.attn.lora_B_v.0.weight', 'image_encoder.blocks.10.attn.lora_A_v.0.weight', 'classifier_pool.0.bias', 'image_encoder.blocks.9.attn.lora_B_k.0.weight', 'image_encoder.blocks.0.attn.lora_B_v.0.weight', 'image_encoder.blocks.8.attn.lora_B_v.0.weight', 'image_encoder.blocks.2.attn.lora_A_v.0.weight', 'image_encoder.blocks.11.attn.lora_A_k.0.weight', 'image_encoder.blocks.0.attn.lora_A_k.0.weight', 'image_encoder.blocks.2.attn.lora_A_k.0.weight', 'image_encoder.blocks.5.attn.lora_B_v.0.weight', 'image_encoder.blocks.5.attn.lora_A_v.0.weight', 'image_encoder.blocks.10.attn.lora_B_v.0.weight', 'image_encoder.blocks.7.attn.lora_B_k.0.weight', 'image_encoder.blocks.3.attn.lora_B_v.0.weight', 'image_encoder.blocks.4.attn.lora_B_v.0.weight', 'image_encoder.blocks.1.attn.lora_B_k.0.weight', 'image_encoder.blocks.1.attn.lora_A_k.0.weight', 'image_encoder.blocks.5.attn.lora_A_k.0.weight', 'image_encoder.blocks.0.attn.lora_A_v.0.weight', 'image_encoder.blocks.7.attn.lora_A_k.0.weight', 'image_encoder.blocks.2.attn.lora_B_k.0.weight', 'image_encoder.blocks.4.attn.lora_A_v.0.weight', 'image_encoder.blocks.3.attn.lora_A_v.0.weight', 'image_encoder.blocks.6.attn.lora_A_v.0.weight', 'image_encoder.blocks.10.attn.lora_B_k.0.weight', 'classifier_pool.0.weight', 'image_encoder.blocks.8.attn.lora_B_k.0.weight', 'image_encoder.blocks.7.attn.lora_B_v.0.weight', 'image_encoder.blocks.1.attn.lora_A_v.0.weight', 'image_encoder.blocks.3.attn.lora_A_k.0.weight', 'image_encoder.blocks.10.attn.lora_A_k.0.weight', 'image_encoder.blocks.6.attn.lora_B_k.0.weight', 'image_encoder.blocks.6.attn.lora_B_v.0.weight', 'image_encoder.blocks.1.attn.lora_B_v.0.weight', 'image_encoder.blocks.4.attn.lora_A_k.0.weight', 'image_encoder.blocks.8.attn.lora_A_v.0.weight', 'image_encoder.blocks.7.attn.lora_A_v.0.weight', 'image_encoder.blocks.9.attn.lora_A_k.0.weight', 'image_encoder.blocks.9.attn.lora_A_v.0.weight', 'image_encoder.blocks.6.attn.lora_A_k.0.weight', 'image_encoder.blocks.11.attn.lora_B_v.0.weight', 'image_encoder.blocks.4.attn.lora_B_k.0.weight', 'image_encoder.blocks.11.attn.lora_A_v.0.weight', 'image_encoder.blocks.3.attn.lora_B_k.0.weight', 'image_encoder.blocks.9.attn.lora_B_v.0.weight'}
2026-04-26 22:05:52,022 [palora.py] => Task 0, Epoch 20/20 => Loss 0.409, Train_accy 97.52
2026-04-26 22:06:01,771 [trainer.py] => Time:319.81729435920715
500 500
2026-04-26 22:06:05,240 [trainer.py] => Time:3.4679367542266846
2026-04-26 22:06:05,240 [trainer.py] => ACC: {'total': 99.6, '00-04': 99.6, 'old': 0, 'new': 99.6}
2026-04-26 22:06:05,240 [trainer.py] => ACC top1 curve: [99.6]
Average Accuracy: 99.6
2026-04-26 22:06:05,240 [trainer.py] => Average Accuracy: 99.6
2026-04-26 22:06:05,244 [trainer.py] => All params: 114881051
2026-04-26 22:06:05,247 [trainer.py] => Trainable params: 372485
2026-04-26 22:06:05,248 [palora.py] => Learning on 5-10
Parameters to be updated: {'image_encoder.blocks.2.attn.lora_B_v.1.weight', 'image_encoder.blocks.4.attn.lora_B_k.1.weight', 'image_encoder.blocks.10.attn.lora_A_k.1.weight', 'image_encoder.blocks.8.attn.lora_A_k.1.weight', 'image_encoder.blocks.9.attn.lora_B_v.1.weight', 'image_encoder.blocks.0.attn.lora_A_v.1.weight', 'image_encoder.blocks.1.attn.lora_A_k.1.weight', 'image_encoder.blocks.7.attn.lora_A_k.1.weight', 'image_encoder.blocks.11.attn.lora_B_k.1.weight', 'image_encoder.blocks.0.attn.lora_B_v.1.weight', 'image_encoder.blocks.6.attn.lora_B_k.1.weight', 'image_encoder.blocks.3.attn.lora_B_v.1.weight', 'image_encoder.blocks.5.attn.lora_A_k.1.weight', 'image_encoder.blocks.9.attn.lora_A_v.1.weight', 'image_encoder.blocks.7.attn.lora_B_k.1.weight', 'image_encoder.blocks.3.attn.lora_A_v.1.weight', 'image_encoder.blocks.11.attn.lora_B_v.1.weight', 'image_encoder.blocks.8.attn.lora_A_v.1.weight', 'image_encoder.blocks.10.attn.lora_B_k.1.weight', 'image_encoder.blocks.10.attn.lora_B_v.1.weight', 'classifier_pool.1.weight', 'image_encoder.blocks.4.attn.lora_B_v.1.weight', 'image_encoder.blocks.5.attn.lora_B_k.1.weight', 'image_encoder.blocks.11.attn.lora_A_k.1.weight', 'image_encoder.blocks.4.attn.lora_A_v.1.weight', 'image_encoder.blocks.3.attn.lora_B_k.1.weight', 'image_encoder.blocks.0.attn.lora_B_k.1.weight', 'image_encoder.blocks.1.attn.lora_B_k.1.weight', 'classifier_pool.1.bias', 'image_encoder.blocks.3.attn.lora_A_k.1.weight', 'image_encoder.blocks.11.attn.lora_A_v.1.weight', 'image_encoder.blocks.4.attn.lora_A_k.1.weight', 'image_encoder.blocks.2.attn.lora_B_k.1.weight', 'image_encoder.blocks.0.attn.lora_A_k.1.weight', 'image_encoder.blocks.1.attn.lora_A_v.1.weight', 'image_encoder.blocks.5.attn.lora_A_v.1.weight', 'image_encoder.blocks.6.attn.lora_B_v.1.weight', 'image_encoder.blocks.5.attn.lora_B_v.1.weight', 'image_encoder.blocks.6.attn.lora_A_v.1.weight', 'image_encoder.blocks.7.attn.lora_A_v.1.weight', 'image_encoder.blocks.8.attn.lora_B_v.1.weight', 'image_encoder.blocks.10.attn.lora_A_v.1.weight', 'image_encoder.blocks.7.attn.lora_B_v.1.weight', 'image_encoder.blocks.2.attn.lora_A_k.1.weight', 'image_encoder.blocks.2.attn.lora_A_v.1.weight', 'image_encoder.blocks.9.attn.lora_A_k.1.weight', 'image_encoder.blocks.8.attn.lora_B_k.1.weight', 'image_encoder.blocks.6.attn.lora_A_k.1.weight', 'image_encoder.blocks.9.attn.lora_B_k.1.weight', 'image_encoder.blocks.1.attn.lora_B_v.1.weight'}
After trained on task 0 tensor(0.5277, device='cuda:0') tensor(0.2470, device='cuda:0')
After trained on task 0 tensor(0.3844, device='cuda:0') tensor(0.2713, device='cuda:0')
After trained on task 0 tensor(0.3255, device='cuda:0') tensor(0.3206, device='cuda:0')
After trained on task 0 tensor(0.3813, device='cuda:0') tensor(0.3206, device='cuda:0')
After trained on task 0 tensor(0.3843, device='cuda:0') tensor(0.3635, device='cuda:0')
After trained on task 0 tensor(0.4358, device='cuda:0') tensor(0.3919, device='cuda:0')
After trained on task 0 tensor(0.3200, device='cuda:0') tensor(0.3919, device='cuda:0')
After trained on task 0 tensor(0.3727, device='cuda:0') tensor(0.3751, device='cuda:0')
After trained on task 0 tensor(0.4088, device='cuda:0') tensor(0.3451, device='cuda:0')
After trained on task 0 tensor(0.4972, device='cuda:0') tensor(0.3421, device='cuda:0')
After trained on task 0 tensor(0.5789, device='cuda:0') tensor(0.4005, device='cuda:0')
After trained on task 0 tensor(0.8624, device='cuda:0') tensor(0.5137, device='cuda:0')
reserving basis 10/768; cond: 216684757516288.0, ratio:0.9999993443489075
reserving basis 10/768; cond: 216684757516288.0, ratio:0.9999993443489075
reserving basis 10/768; cond: 1966576762880.0, ratio:0.9999989867210388
reserving basis 10/768; cond: 1966576762880.0, ratio:0.9999989867210388
reserving basis 10/768; cond: 5572088299520.0, ratio:0.9999991655349731
reserving basis 10/768; cond: 5572088299520.0, ratio:0.9999991655349731
reserving basis 10/768; cond: 5609347874816.0, ratio:0.9999991655349731
reserving basis 10/768; cond: 5609347874816.0, ratio:0.9999991655349731
reserving basis 10/768; cond: 3878469238784.0, ratio:0.9999992251396179
reserving basis 10/768; cond: 3878469238784.0, ratio:0.9999992251396179
reserving basis 10/768; cond: 970651729920.0, ratio:0.9999992251396179
reserving basis 10/768; cond: 970651729920.0, ratio:0.9999992251396179
reserving basis 10/768; cond: 2616971755520.0, ratio:0.9999992847442627
reserving basis 10/768; cond: 2616971755520.0, ratio:0.9999992847442627
reserving basis 10/768; cond: 6885144002560.0, ratio:0.9999990463256836
reserving basis 10/768; cond: 6885144002560.0, ratio:0.9999990463256836
reserving basis 10/768; cond: 2817439825920.0, ratio:0.9999991655349731
reserving basis 10/768; cond: 2817439825920.0, ratio:0.9999991655349731
reserving basis 10/768; cond: 7077548785664.0, ratio:0.9999991059303284
reserving basis 10/768; cond: 7077548785664.0, ratio:0.9999991059303284
reserving basis 10/768; cond: 16908340428800.0, ratio:0.9999992847442627
reserving basis 10/768; cond: 16908340428800.0, ratio:0.9999992847442627
reserving basis 10/768; cond: 434899362250752.0, ratio:0.9999989867210388
reserving basis 10/768; cond: 434899362250752.0, ratio:0.9999989867210388
reserving basis 10/768; cond: 8945613668352.0, ratio:0.9999991059303284
reserving basis 10/768; cond: 8945613668352.0, ratio:0.9999991059303284
reserving basis 10/768; cond: 9582244003840.0, ratio:0.9999991059303284
reserving basis 10/768; cond: 9582244003840.0, ratio:0.9999991059303284
reserving basis 10/768; cond: 1242972553216.0, ratio:0.9999992251396179
reserving basis 10/768; cond: 1242972553216.0, ratio:0.9999992251396179
reserving basis 10/768; cond: 5509495652352.0, ratio:0.9999991059303284
reserving basis 10/768; cond: 5509495652352.0, ratio:0.9999991059303284
reserving basis 10/768; cond: 12840720138240.0, ratio:0.9999991059303284
reserving basis 10/768; cond: 12840720138240.0, ratio:0.9999991059303284
reserving basis 10/768; cond: 1601276870656.0, ratio:0.9999990463256836
reserving basis 10/768; cond: 1601276870656.0, ratio:0.9999990463256836
reserving basis 10/768; cond: 3315581059072.0, ratio:0.9999992251396179
reserving basis 10/768; cond: 3315581059072.0, ratio:0.9999992251396179
reserving basis 10/768; cond: 1408854523904.0, ratio:0.9999991059303284
reserving basis 10/768; cond: 1408854523904.0, ratio:0.9999991059303284
reserving basis 10/768; cond: 2374382387200.0, ratio:0.9999993443489075
reserving basis 10/768; cond: 2374382387200.0, ratio:0.9999993443489075
reserving basis 10/768; cond: 9464578048000.0, ratio:0.9999990463256836
reserving basis 10/768; cond: 9464578048000.0, ratio:0.9999990463256836
reserving basis 10/768; cond: 10875353169920.0, ratio:0.9999994039535522
reserving basis 10/768; cond: 10875353169920.0, ratio:0.9999994039535522
reserving basis 10/768; cond: 2875429748736.0, ratio:0.9999992251396179
reserving basis 10/768; cond: 2875429748736.0, ratio:0.9999992251396179
2026-04-26 22:11:06,556 [palora.py] => Task 1, Epoch 20/20 => Loss 0.398, Train_accy 97.80
2026-04-26 22:11:16,386 [trainer.py] => Time:311.13792181015015
1000 1000
2026-04-26 22:11:20,824 [trainer.py] => Time:4.437697649002075
2026-04-26 22:11:20,824 [trainer.py] => ACC: {'total': 99.1, '00-04': 98.6, '05-09': 99.6, 'old': 98.6, 'new': 99.6}
2026-04-26 22:11:20,824 [trainer.py] => ACC top1 curve: [99.6, 99.1]
Average Accuracy: 99.35
2026-04-26 22:11:20,824 [trainer.py] => Average Accuracy: 99.35
2026-04-26 22:11:20,828 [trainer.py] => All params: 114881051
2026-04-26 22:11:20,831 [trainer.py] => Trainable params: 372485
2026-04-26 22:11:20,831 [palora.py] => Learning on 10-15
Parameters to be updated: {'image_encoder.blocks.4.attn.lora_A_k.2.weight', 'image_encoder.blocks.7.attn.lora_B_k.2.weight', 'image_encoder.blocks.10.attn.lora_A_v.2.weight', 'image_encoder.blocks.6.attn.lora_B_v.2.weight', 'image_encoder.blocks.0.attn.lora_A_k.2.weight', 'image_encoder.blocks.1.attn.lora_A_k.2.weight', 'image_encoder.blocks.8.attn.lora_A_k.2.weight', 'image_encoder.blocks.11.attn.lora_B_v.2.weight', 'image_encoder.blocks.4.attn.lora_B_v.2.weight', 'image_encoder.blocks.0.attn.lora_B_v.2.weight', 'image_encoder.blocks.6.attn.lora_B_k.2.weight', 'image_encoder.blocks.10.attn.lora_B_v.2.weight', 'image_encoder.blocks.1.attn.lora_A_v.2.weight', 'classifier_pool.2.bias', 'image_encoder.blocks.10.attn.lora_A_k.2.weight', 'image_encoder.blocks.2.attn.lora_A_v.2.weight', 'image_encoder.blocks.3.attn.lora_A_k.2.weight', 'image_encoder.blocks.10.attn.lora_B_k.2.weight', 'image_encoder.blocks.9.attn.lora_B_v.2.weight', 'image_encoder.blocks.11.attn.lora_A_k.2.weight', 'image_encoder.blocks.11.attn.lora_B_k.2.weight', 'image_encoder.blocks.3.attn.lora_B_v.2.weight', 'image_encoder.blocks.7.attn.lora_A_v.2.weight', 'image_encoder.blocks.2.attn.lora_B_v.2.weight', 'image_encoder.blocks.0.attn.lora_B_k.2.weight', 'image_encoder.blocks.5.attn.lora_A_k.2.weight', 'image_encoder.blocks.6.attn.lora_A_k.2.weight', 'image_encoder.blocks.1.attn.lora_B_v.2.weight', 'image_encoder.blocks.1.attn.lora_B_k.2.weight', 'image_encoder.blocks.2.attn.lora_B_k.2.weight', 'image_encoder.blocks.5.attn.lora_B_k.2.weight', 'image_encoder.blocks.8.attn.lora_B_v.2.weight', 'image_encoder.blocks.2.attn.lora_A_k.2.weight', 'image_encoder.blocks.3.attn.lora_B_k.2.weight', 'image_encoder.blocks.6.attn.lora_A_v.2.weight', 'image_encoder.blocks.9.attn.lora_B_k.2.weight', 'image_encoder.blocks.7.attn.lora_A_k.2.weight', 'image_encoder.blocks.7.attn.lora_B_v.2.weight', 'classifier_pool.2.weight', 'image_encoder.blocks.8.attn.lora_B_k.2.weight', 'image_encoder.blocks.9.attn.lora_A_v.2.weight', 'image_encoder.blocks.8.attn.lora_A_v.2.weight', 'image_encoder.blocks.0.attn.lora_A_v.2.weight', 'image_encoder.blocks.11.attn.lora_A_v.2.weight', 'image_encoder.blocks.4.attn.lora_B_k.2.weight', 'image_encoder.blocks.9.attn.lora_A_k.2.weight', 'image_encoder.blocks.4.attn.lora_A_v.2.weight', 'image_encoder.blocks.5.attn.lora_A_v.2.weight', 'image_encoder.blocks.3.attn.lora_A_v.2.weight', 'image_encoder.blocks.5.attn.lora_B_v.2.weight'}
After trained on task 1 tensor(0.1314, device='cuda:0') tensor(0.1315, device='cuda:0')
After trained on task 1 tensor(0.1362, device='cuda:0') tensor(0.1642, device='cuda:0')
After trained on task 1 tensor(0.1499, device='cuda:0') tensor(0.1679, device='cuda:0')
After trained on task 1 tensor(0.2200, device='cuda:0') tensor(0.1825, device='cuda:0')
After trained on task 1 tensor(0.2183, device='cuda:0') tensor(0.1663, device='cuda:0')
After trained on task 1 tensor(0.2346, device='cuda:0') tensor(0.2058, device='cuda:0')
After trained on task 1 tensor(0.1958, device='cuda:0') tensor(0.2410, device='cuda:0')
After trained on task 1 tensor(0.2046, device='cuda:0') tensor(0.2681, device='cuda:0')
After trained on task 1 tensor(0.2281, device='cuda:0') tensor(0.2639, device='cuda:0')
After trained on task 1 tensor(0.2636, device='cuda:0') tensor(0.2385, device='cuda:0')
After trained on task 1 tensor(0.4140, device='cuda:0') tensor(0.2852, device='cuda:0')
After trained on task 1 tensor(0.4925, device='cuda:0') tensor(0.4569, device='cuda:0')
reserving basis 19/768; cond: 12593542463488.0, ratio:0.9950724840164185
reserving basis 19/768; cond: 12593542463488.0, ratio:0.9950724840164185
reserving basis 20/768; cond: 350055268352.0, ratio:0.9999986886978149
reserving basis 20/768; cond: 350055268352.0, ratio:0.9999986886978149
reserving basis 19/768; cond: 2166453043200.0, ratio:0.9910836815834045
reserving basis 19/768; cond: 2166453043200.0, ratio:0.9910836815834045
reserving basis 20/768; cond: 16164973445120.0, ratio:0.9999986290931702
reserving basis 20/768; cond: 16164973445120.0, ratio:0.9999986290931702
reserving basis 20/768; cond: 3276355665920.0, ratio:0.9999989867210388
reserving basis 20/768; cond: 3276355665920.0, ratio:0.9999989867210388
reserving basis 19/768; cond: 2065238851584.0, ratio:0.9909563064575195
reserving basis 19/768; cond: 2065238851584.0, ratio:0.9909563064575195
reserving basis 20/768; cond: 1510760120320.0, ratio:0.9999989867210388
reserving basis 20/768; cond: 1510760120320.0, ratio:0.9999989867210388
reserving basis 19/768; cond: 3195197456384.0, ratio:0.9903483986854553
reserving basis 19/768; cond: 3195197456384.0, ratio:0.9903483986854553
reserving basis 20/768; cond: 1074638684160.0, ratio:0.9999987483024597
reserving basis 20/768; cond: 1074638684160.0, ratio:0.9999987483024597
reserving basis 19/768; cond: 1545134931968.0, ratio:0.9907415509223938
reserving basis 19/768; cond: 1545134931968.0, ratio:0.9907415509223938
reserving basis 20/768; cond: 2052582277120.0, ratio:0.9999988675117493
reserving basis 20/768; cond: 2052582277120.0, ratio:0.9999988675117493
reserving basis 19/768; cond: 3442643042304.0, ratio:0.9927186965942383
reserving basis 19/768; cond: 3442643042304.0, ratio:0.9927186965942383
reserving basis 20/768; cond: 18111807881216.0, ratio:0.9999985098838806
reserving basis 20/768; cond: 18111807881216.0, ratio:0.9999985098838806
reserving basis 19/768; cond: 8595131334656.0, ratio:0.9911997318267822
reserving basis 19/768; cond: 8595131334656.0, ratio:0.9911997318267822
reserving basis 20/768; cond: 3399738720256.0, ratio:0.9999988675117493
reserving basis 20/768; cond: 3399738720256.0, ratio:0.9999988675117493
reserving basis 19/768; cond: 1330971672576.0, ratio:0.991919219493866
reserving basis 19/768; cond: 1330971672576.0, ratio:0.991919219493866
reserving basis 20/768; cond: 12546254831616.0, ratio:0.9999987483024597
reserving basis 20/768; cond: 12546254831616.0, ratio:0.9999987483024597
reserving basis 19/768; cond: 3137290633216.0, ratio:0.9910338521003723
reserving basis 19/768; cond: 3137290633216.0, ratio:0.9910338521003723
reserving basis 20/768; cond: 1384603451392.0, ratio:0.999998927116394
reserving basis 20/768; cond: 1384603451392.0, ratio:0.999998927116394
reserving basis 20/768; cond: 244164526080.0, ratio:0.9999985694885254
reserving basis 20/768; cond: 244164526080.0, ratio:0.9999985694885254
reserving basis 19/768; cond: 2164196507648.0, ratio:0.9932164549827576
reserving basis 19/768; cond: 2164196507648.0, ratio:0.9932164549827576
reserving basis 20/768; cond: 1029506924544.0, ratio:0.9999986290931702
reserving basis 20/768; cond: 1029506924544.0, ratio:0.9999986290931702
reserving basis 19/768; cond: 4406737633280.0, ratio:0.9943435788154602
reserving basis 19/768; cond: 4406737633280.0, ratio:0.9943435788154602
reserving basis 19/768; cond: 2631663353856.0, ratio:0.99451744556427
reserving basis 19/768; cond: 2631663353856.0, ratio:0.99451744556427
2026-04-26 22:16:23,406 [palora.py] => Task 2, Epoch 20/20 => Loss 0.413, Train_accy 97.44
2026-04-26 22:16:33,101 [trainer.py] => Time:312.2692060470581
1500 1500
2026-04-26 22:16:38,520 [trainer.py] => Time:5.418702125549316
2026-04-26 22:16:38,520 [trainer.py] => ACC: {'total': 97.0, '00-04': 94.0, '05-09': 99.4, '10-14': 97.6, 'old': 96.7, 'new': 97.6}
2026-04-26 22:16:38,520 [trainer.py] => ACC top1 curve: [99.6, 99.1, 97.0]
Average Accuracy: 98.56666666666666
2026-04-26 22:16:38,520 [trainer.py] => Average Accuracy: 98.56666666666666
2026-04-26 22:16:38,524 [trainer.py] => All params: 114881051
2026-04-26 22:16:38,527 [trainer.py] => Trainable params: 372485
2026-04-26 22:16:38,528 [palora.py] => Learning on 15-20
Parameters to be updated: {'image_encoder.blocks.0.attn.lora_B_k.3.weight', 'image_encoder.blocks.6.attn.lora_B_k.3.weight', 'image_encoder.blocks.9.attn.lora_B_k.3.weight', 'image_encoder.blocks.2.attn.lora_B_v.3.weight', 'image_encoder.blocks.8.attn.lora_A_k.3.weight', 'image_encoder.blocks.10.attn.lora_A_k.3.weight', 'classifier_pool.3.weight', 'image_encoder.blocks.0.attn.lora_B_v.3.weight', 'image_encoder.blocks.4.attn.lora_B_v.3.weight', 'image_encoder.blocks.3.attn.lora_A_k.3.weight', 'image_encoder.blocks.4.attn.lora_A_v.3.weight', 'image_encoder.blocks.2.attn.lora_A_v.3.weight', 'image_encoder.blocks.7.attn.lora_A_v.3.weight', 'image_encoder.blocks.1.attn.lora_B_v.3.weight', 'image_encoder.blocks.3.attn.lora_A_v.3.weight', 'image_encoder.blocks.6.attn.lora_A_k.3.weight', 'image_encoder.blocks.8.attn.lora_B_k.3.weight', 'image_encoder.blocks.4.attn.lora_B_k.3.weight', 'image_encoder.blocks.5.attn.lora_B_v.3.weight', 'image_encoder.blocks.4.attn.lora_A_k.3.weight', 'image_encoder.blocks.1.attn.lora_A_k.3.weight', 'image_encoder.blocks.3.attn.lora_B_k.3.weight', 'image_encoder.blocks.11.attn.lora_A_k.3.weight', 'image_encoder.blocks.10.attn.lora_B_v.3.weight', 'image_encoder.blocks.5.attn.lora_B_k.3.weight', 'image_encoder.blocks.10.attn.lora_B_k.3.weight', 'image_encoder.blocks.2.attn.lora_B_k.3.weight', 'image_encoder.blocks.2.attn.lora_A_k.3.weight', 'image_encoder.blocks.1.attn.lora_A_v.3.weight', 'image_encoder.blocks.9.attn.lora_A_k.3.weight', 'image_encoder.blocks.0.attn.lora_A_v.3.weight', 'image_encoder.blocks.7.attn.lora_B_v.3.weight', 'image_encoder.blocks.9.attn.lora_A_v.3.weight', 'image_encoder.blocks.0.attn.lora_A_k.3.weight', 'image_encoder.blocks.8.attn.lora_A_v.3.weight', 'image_encoder.blocks.3.attn.lora_B_v.3.weight', 'image_encoder.blocks.6.attn.lora_A_v.3.weight', 'image_encoder.blocks.6.attn.lora_B_v.3.weight', 'image_encoder.blocks.8.attn.lora_B_v.3.weight', 'image_encoder.blocks.10.attn.lora_A_v.3.weight', 'image_encoder.blocks.11.attn.lora_A_v.3.weight', 'image_encoder.blocks.11.attn.lora_B_k.3.weight', 'image_encoder.blocks.9.attn.lora_B_v.3.weight', 'image_encoder.blocks.5.attn.lora_A_v.3.weight', 'image_encoder.blocks.11.attn.lora_B_v.3.weight', 'image_encoder.blocks.7.attn.lora_B_k.3.weight', 'classifier_pool.3.bias', 'image_encoder.blocks.7.attn.lora_A_k.3.weight', 'image_encoder.blocks.1.attn.lora_B_k.3.weight', 'image_encoder.blocks.5.attn.lora_A_k.3.weight'}
After trained on task 2 tensor(0.0797, device='cuda:0') tensor(0.0939, device='cuda:0')
After trained on task 2 tensor(0.1027, device='cuda:0') tensor(0.1027, device='cuda:0')
After trained on task 2 tensor(0.1104, device='cuda:0') tensor(0.1211, device='cuda:0')
After trained on task 2 tensor(0.1152, device='cuda:0') tensor(0.1023, device='cuda:0')
After trained on task 2 tensor(0.1184, device='cuda:0') tensor(0.1334, device='cuda:0')
After trained on task 2 tensor(0.1161, device='cuda:0') tensor(0.2016, device='cuda:0')
After trained on task 2 tensor(0.1131, device='cuda:0') tensor(0.1924, device='cuda:0')
After trained on task 2 tensor(0.1425, device='cuda:0') tensor(0.2124, device='cuda:0')
After trained on task 2 tensor(0.1433, device='cuda:0') tensor(0.1715, device='cuda:0')
After trained on task 2 tensor(0.1925, device='cuda:0') tensor(0.2120, device='cuda:0')
After trained on task 2 tensor(0.1672, device='cuda:0') tensor(0.2171, device='cuda:0')
After trained on task 2 tensor(0.2271, device='cuda:0') tensor(0.2683, device='cuda:0')
reserving basis 27/768; cond: 968189280256.0, ratio:0.9931496381759644
reserving basis 27/768; cond: 968189280256.0, ratio:0.9931496381759644
reserving basis 29/768; cond: 342778839040.0, ratio:0.99430912733078
reserving basis 29/768; cond: 342778839040.0, ratio:0.99430912733078
reserving basis 28/768; cond: 542775377920.0, ratio:0.9958763122558594
reserving basis 28/768; cond: 542775377920.0, ratio:0.9958763122558594
reserving basis 29/768; cond: 776120565760.0, ratio:0.9936245679855347
reserving basis 29/768; cond: 776120565760.0, ratio:0.9936245679855347
reserving basis 29/768; cond: 3545470861312.0, ratio:0.9932592511177063
reserving basis 29/768; cond: 3545470861312.0, ratio:0.9932592511177063
reserving basis 28/768; cond: 6668859998208.0, ratio:0.9950768947601318
reserving basis 28/768; cond: 6668859998208.0, ratio:0.9950768947601318
reserving basis 29/768; cond: 358102073344.0, ratio:0.9937307834625244
reserving basis 29/768; cond: 358102073344.0, ratio:0.9937307834625244
reserving basis 28/768; cond: 589582761984.0, ratio:0.9941174387931824
reserving basis 28/768; cond: 589582761984.0, ratio:0.9941174387931824
reserving basis 29/768; cond: 2374961987584.0, ratio:0.9924523234367371
reserving basis 29/768; cond: 2374961987584.0, ratio:0.9924523234367371
reserving basis 28/768; cond: 524613058560.0, ratio:0.9944247007369995
reserving basis 28/768; cond: 524613058560.0, ratio:0.9944247007369995
reserving basis 29/768; cond: 420032249856.0, ratio:0.9926608204841614
reserving basis 29/768; cond: 420032249856.0, ratio:0.9926608204841614
reserving basis 27/768; cond: 326170836992.0, ratio:0.9921726584434509
reserving basis 27/768; cond: 326170836992.0, ratio:0.9921726584434509
reserving basis 29/768; cond: 221411196928.0, ratio:0.9919565320014954
reserving basis 29/768; cond: 221411196928.0, ratio:0.9919565320014954
reserving basis 27/768; cond: 332146507776.0, ratio:0.9910768866539001
reserving basis 27/768; cond: 332146507776.0, ratio:0.9910768866539001
reserving basis 29/768; cond: 569187303424.0, ratio:0.9912709593772888
reserving basis 29/768; cond: 569187303424.0, ratio:0.9912709593772888
reserving basis 27/768; cond: 188292366336.0, ratio:0.9900074601173401
reserving basis 27/768; cond: 188292366336.0, ratio:0.9900074601173401
reserving basis 29/768; cond: 1390109392896.0, ratio:0.99228435754776
reserving basis 29/768; cond: 1390109392896.0, ratio:0.99228435754776
reserving basis 28/768; cond: 295603077120.0, ratio:0.992864191532135
reserving basis 28/768; cond: 295603077120.0, ratio:0.992864191532135
reserving basis 29/768; cond: 153273745408.0, ratio:0.9932628870010376
reserving basis 29/768; cond: 153273745408.0, ratio:0.9932628870010376
reserving basis 29/768; cond: 1808529096704.0, ratio:0.995162844657898
reserving basis 29/768; cond: 1808529096704.0, ratio:0.995162844657898
reserving basis 28/768; cond: 1966964342784.0, ratio:0.9934532642364502
reserving basis 28/768; cond: 1966964342784.0, ratio:0.9934532642364502
reserving basis 29/768; cond: 208821223424.0, ratio:0.9940429329872131
reserving basis 29/768; cond: 208821223424.0, ratio:0.9940429329872131
reserving basis 27/768; cond: 722090973986816.0, ratio:0.9913853406906128
reserving basis 27/768; cond: 722090973986816.0, ratio:0.9913853406906128
reserving basis 27/768; cond: 319212060672.0, ratio:0.9907139539718628
reserving basis 27/768; cond: 319212060672.0, ratio:0.9907139539718628
2026-04-26 22:21:43,618 [palora.py] => Task 3, Epoch 20/20 => Loss 0.408, Train_accy 97.48
2026-04-26 22:21:53,461 [trainer.py] => Time:314.93367052078247
2000 2000
2026-04-26 22:22:00,344 [trainer.py] => Time:6.881903648376465
2026-04-26 22:22:00,344 [trainer.py] => ACC: {'total': 96.85, '00-04': 94.2, '05-09': 99.2, '10-14': 97.0, '15-19': 97.0, 'old': 96.8, 'new': 97.0}
2026-04-26 22:22:00,344 [trainer.py] => ACC top1 curve: [99.6, 99.1, 97.0, 96.85]
Average Accuracy: 98.13749999999999
2026-04-26 22:22:00,344 [trainer.py] => Average Accuracy: 98.13749999999999
2026-04-26 22:22:00,348 [trainer.py] => All params: 114881051
2026-04-26 22:22:00,351 [trainer.py] => Trainable params: 372485
2026-04-26 22:22:00,351 [palora.py] => Learning on 20-25
Parameters to be updated: {'image_encoder.blocks.3.attn.lora_B_k.4.weight', 'image_encoder.blocks.6.attn.lora_B_k.4.weight', 'image_encoder.blocks.1.attn.lora_A_k.4.weight', 'image_encoder.blocks.5.attn.lora_B_k.4.weight', 'image_encoder.blocks.9.attn.lora_B_v.4.weight', 'image_encoder.blocks.10.attn.lora_A_k.4.weight', 'image_encoder.blocks.5.attn.lora_A_k.4.weight', 'image_encoder.blocks.2.attn.lora_A_k.4.weight', 'image_encoder.blocks.6.attn.lora_B_v.4.weight', 'image_encoder.blocks.11.attn.lora_B_v.4.weight', 'image_encoder.blocks.7.attn.lora_B_k.4.weight', 'image_encoder.blocks.11.attn.lora_A_k.4.weight', 'image_encoder.blocks.5.attn.lora_A_v.4.weight', 'image_encoder.blocks.9.attn.lora_B_k.4.weight', 'image_encoder.blocks.10.attn.lora_A_v.4.weight', 'image_encoder.blocks.9.attn.lora_A_v.4.weight', 'image_encoder.blocks.11.attn.lora_B_k.4.weight', 'image_encoder.blocks.1.attn.lora_B_v.4.weight', 'image_encoder.blocks.2.attn.lora_B_v.4.weight', 'image_encoder.blocks.0.attn.lora_A_v.4.weight', 'image_encoder.blocks.8.attn.lora_A_v.4.weight', 'image_encoder.blocks.6.attn.lora_A_v.4.weight', 'image_encoder.blocks.7.attn.lora_A_k.4.weight', 'image_encoder.blocks.8.attn.lora_A_k.4.weight', 'image_encoder.blocks.5.attn.lora_B_v.4.weight', 'image_encoder.blocks.11.attn.lora_A_v.4.weight', 'image_encoder.blocks.3.attn.lora_B_v.4.weight', 'image_encoder.blocks.7.attn.lora_A_v.4.weight', 'classifier_pool.4.bias', 'image_encoder.blocks.4.attn.lora_B_k.4.weight', 'image_encoder.blocks.4.attn.lora_A_k.4.weight', 'image_encoder.blocks.8.attn.lora_B_k.4.weight', 'image_encoder.blocks.8.attn.lora_B_v.4.weight', 'image_encoder.blocks.0.attn.lora_B_v.4.weight', 'image_encoder.blocks.10.attn.lora_B_k.4.weight', 'image_encoder.blocks.0.attn.lora_A_k.4.weight', 'image_encoder.blocks.4.attn.lora_A_v.4.weight', 'image_encoder.blocks.1.attn.lora_B_k.4.weight', 'image_encoder.blocks.2.attn.lora_A_v.4.weight', 'image_encoder.blocks.1.attn.lora_A_v.4.weight', 'image_encoder.blocks.4.attn.lora_B_v.4.weight', 'image_encoder.blocks.3.attn.lora_A_k.4.weight', 'image_encoder.blocks.9.attn.lora_A_k.4.weight', 'image_encoder.blocks.0.attn.lora_B_k.4.weight', 'image_encoder.blocks.10.attn.lora_B_v.4.weight', 'image_encoder.blocks.7.attn.lora_B_v.4.weight', 'classifier_pool.4.weight', 'image_encoder.blocks.3.attn.lora_A_v.4.weight', 'image_encoder.blocks.6.attn.lora_A_k.4.weight', 'image_encoder.blocks.2.attn.lora_B_k.4.weight'}
After trained on task 3 tensor(0.1258, device='cuda:0') tensor(0.0808, device='cuda:0')
After trained on task 3 tensor(0.0988, device='cuda:0') tensor(0.0987, device='cuda:0')
After trained on task 3 tensor(0.1093, device='cuda:0') tensor(0.0997, device='cuda:0')
After trained on task 3 tensor(0.1060, device='cuda:0') tensor(0.1035, device='cuda:0')
After trained on task 3 tensor(0.0867, device='cuda:0') tensor(0.1471, device='cuda:0')
After trained on task 3 tensor(0.1252, device='cuda:0') tensor(0.1482, device='cuda:0')
After trained on task 3 tensor(0.1214, device='cuda:0') tensor(0.1888, device='cuda:0')
After trained on task 3 tensor(0.1059, device='cuda:0') tensor(0.1398, device='cuda:0')
After trained on task 3 tensor(0.1323, device='cuda:0') tensor(0.1587, device='cuda:0')
After trained on task 3 tensor(0.1144, device='cuda:0') tensor(0.1680, device='cuda:0')
After trained on task 3 tensor(0.1696, device='cuda:0') tensor(0.1925, device='cuda:0')
After trained on task 3 tensor(0.4283, device='cuda:0') tensor(0.2635, device='cuda:0')
reserving basis 35/768; cond: 5866187653120.0, ratio:0.9933294653892517
reserving basis 35/768; cond: 5866187653120.0, ratio:0.9933294653892517
reserving basis 37/768; cond: 70740189184.0, ratio:0.9907844662666321
reserving basis 37/768; cond: 70740189184.0, ratio:0.9907844662666321
reserving basis 36/768; cond: 336338124800.0, ratio:0.9923918843269348
reserving basis 36/768; cond: 336338124800.0, ratio:0.9923918843269348
reserving basis 37/768; cond: 811122688000.0, ratio:0.9901577830314636
reserving basis 37/768; cond: 811122688000.0, ratio:0.9901577830314636
reserving basis 38/768; cond: 708803297280.0, ratio:0.9946884512901306
reserving basis 38/768; cond: 708803297280.0, ratio:0.9946884512901306
reserving basis 36/768; cond: 393284190208.0, ratio:0.9912521839141846
reserving basis 36/768; cond: 393284190208.0, ratio:0.9912521839141846
reserving basis 38/768; cond: 303058616320.0, ratio:0.9950453042984009
reserving basis 38/768; cond: 303058616320.0, ratio:0.9950453042984009
reserving basis 36/768; cond: 6341671780352.0, ratio:0.9912958741188049
reserving basis 36/768; cond: 6341671780352.0, ratio:0.9912958741188049
reserving basis 38/768; cond: 933517852672.0, ratio:0.9941830039024353
reserving basis 38/768; cond: 933517852672.0, ratio:0.9941830039024353
reserving basis 35/768; cond: 780450004992.0, ratio:0.9904311895370483
reserving basis 35/768; cond: 780450004992.0, ratio:0.9904311895370483
reserving basis 38/768; cond: 653752270848.0, ratio:0.9949045181274414
reserving basis 38/768; cond: 653752270848.0, ratio:0.9949045181274414
reserving basis 35/768; cond: 188902260736.0, ratio:0.9914517998695374
reserving basis 35/768; cond: 188902260736.0, ratio:0.9914517998695374
reserving basis 38/768; cond: 283939176448.0, ratio:0.9947348833084106
reserving basis 38/768; cond: 283939176448.0, ratio:0.9947348833084106
reserving basis 35/768; cond: 382886346752.0, ratio:0.991580605506897
reserving basis 35/768; cond: 382886346752.0, ratio:0.991580605506897
reserving basis 38/768; cond: 36036997120.0, ratio:0.9946491718292236
reserving basis 38/768; cond: 36036997120.0, ratio:0.9946491718292236
reserving basis 35/768; cond: 599627726848.0, ratio:0.9900121092796326
reserving basis 35/768; cond: 599627726848.0, ratio:0.9900121092796326
reserving basis 38/768; cond: 1666716139520.0, ratio:0.9950016736984253
reserving basis 38/768; cond: 1666716139520.0, ratio:0.9950016736984253
reserving basis 37/768; cond: 1009496227840.0, ratio:0.99554443359375
reserving basis 37/768; cond: 1009496227840.0, ratio:0.99554443359375
reserving basis 38/768; cond: 421646237696.0, ratio:0.9941156506538391
reserving basis 38/768; cond: 421646237696.0, ratio:0.9941156506538391
reserving basis 37/768; cond: 586732077056.0, ratio:0.9910333752632141
reserving basis 37/768; cond: 586732077056.0, ratio:0.9910333752632141
reserving basis 36/768; cond: 975287615488.0, ratio:0.9902728199958801
reserving basis 36/768; cond: 975287615488.0, ratio:0.9902728199958801
reserving basis 37/768; cond: 714463051776.0, ratio:0.991999089717865
reserving basis 37/768; cond: 714463051776.0, ratio:0.991999089717865
reserving basis 34/768; cond: 1820935847936.0, ratio:0.9927141070365906
reserving basis 34/768; cond: 1820935847936.0, ratio:0.9927141070365906
reserving basis 34/768; cond: 160901758976.0, ratio:0.9900050163269043
reserving basis 34/768; cond: 160901758976.0, ratio:0.9900050163269043
2026-04-26 22:27:05,814 [palora.py] => Task 4, Epoch 20/20 => Loss 0.361, Train_accy 98.72
2026-04-26 22:27:15,612 [trainer.py] => Time:315.26041054725647
2500 2500
2026-04-26 22:27:23,371 [trainer.py] => Time:7.759438514709473
2026-04-26 22:27:23,371 [trainer.py] => ACC: {'total': 96.64, '00-04': 93.4, '05-09': 98.0, '10-14': 96.4, '15-19': 97.2, '20-24': 98.2, 'old': 96.25, 'new': 98.2}
2026-04-26 22:27:23,372 [trainer.py] => ACC top1 curve: [99.6, 99.1, 97.0, 96.85, 96.64]
Average Accuracy: 97.838
2026-04-26 22:27:23,372 [trainer.py] => Average Accuracy: 97.838
2026-04-26 22:27:23,376 [trainer.py] => All params: 114881051
2026-04-26 22:27:23,379 [trainer.py] => Trainable params: 372485
2026-04-26 22:27:23,379 [palora.py] => Learning on 25-30
Parameters to be updated: {'image_encoder.blocks.11.attn.lora_B_k.5.weight', 'image_encoder.blocks.7.attn.lora_B_v.5.weight', 'image_encoder.blocks.4.attn.lora_A_k.5.weight', 'image_encoder.blocks.2.attn.lora_B_v.5.weight', 'image_encoder.blocks.1.attn.lora_A_k.5.weight', 'image_encoder.blocks.4.attn.lora_B_k.5.weight', 'image_encoder.blocks.4.attn.lora_B_v.5.weight', 'image_encoder.blocks.4.attn.lora_A_v.5.weight', 'image_encoder.blocks.1.attn.lora_A_v.5.weight', 'image_encoder.blocks.6.attn.lora_A_k.5.weight', 'image_encoder.blocks.7.attn.lora_A_v.5.weight', 'image_encoder.blocks.5.attn.lora_B_k.5.weight', 'image_encoder.blocks.11.attn.lora_A_v.5.weight', 'image_encoder.blocks.1.attn.lora_B_v.5.weight', 'image_encoder.blocks.8.attn.lora_B_k.5.weight', 'image_encoder.blocks.0.attn.lora_B_k.5.weight', 'image_encoder.blocks.9.attn.lora_B_k.5.weight', 'image_encoder.blocks.6.attn.lora_B_v.5.weight', 'image_encoder.blocks.1.attn.lora_B_k.5.weight', 'image_encoder.blocks.7.attn.lora_B_k.5.weight', 'image_encoder.blocks.11.attn.lora_B_v.5.weight', 'image_encoder.blocks.0.attn.lora_A_k.5.weight', 'image_encoder.blocks.10.attn.lora_B_k.5.weight', 'image_encoder.blocks.3.attn.lora_A_v.5.weight', 'image_encoder.blocks.8.attn.lora_B_v.5.weight', 'image_encoder.blocks.0.attn.lora_A_v.5.weight', 'image_encoder.blocks.2.attn.lora_A_k.5.weight', 'image_encoder.blocks.5.attn.lora_A_k.5.weight', 'image_encoder.blocks.6.attn.lora_B_k.5.weight', 'image_encoder.blocks.3.attn.lora_B_k.5.weight', 'image_encoder.blocks.3.attn.lora_A_k.5.weight', 'classifier_pool.5.bias', 'image_encoder.blocks.9.attn.lora_B_v.5.weight', 'image_encoder.blocks.2.attn.lora_A_v.5.weight', 'image_encoder.blocks.5.attn.lora_A_v.5.weight', 'image_encoder.blocks.10.attn.lora_B_v.5.weight', 'image_encoder.blocks.0.attn.lora_B_v.5.weight', 'image_encoder.blocks.10.attn.lora_A_v.5.weight', 'image_encoder.blocks.3.attn.lora_B_v.5.weight', 'image_encoder.blocks.7.attn.lora_A_k.5.weight', 'image_encoder.blocks.10.attn.lora_A_k.5.weight', 'image_encoder.blocks.6.attn.lora_A_v.5.weight', 'image_encoder.blocks.11.attn.lora_A_k.5.weight', 'image_encoder.blocks.9.attn.lora_A_k.5.weight', 'classifier_pool.5.weight', 'image_encoder.blocks.9.attn.lora_A_v.5.weight', 'image_encoder.blocks.2.attn.lora_B_k.5.weight', 'image_encoder.blocks.8.attn.lora_A_k.5.weight', 'image_encoder.blocks.5.attn.lora_B_v.5.weight', 'image_encoder.blocks.8.attn.lora_A_v.5.weight'}
After trained on task 4 tensor(0.0827, device='cuda:0') tensor(0.1043, device='cuda:0')
After trained on task 4 tensor(0.0876, device='cuda:0') tensor(0.0945, device='cuda:0')
After trained on task 4 tensor(0.0787, device='cuda:0') tensor(0.1034, device='cuda:0')
After trained on task 4 tensor(0.0763, device='cuda:0') tensor(0.0967, device='cuda:0')
After trained on task 4 tensor(0.0869, device='cuda:0') tensor(0.1175, device='cuda:0')
After trained on task 4 tensor(0.0993, device='cuda:0') tensor(0.1756, device='cuda:0')
After trained on task 4 tensor(0.1169, device='cuda:0') tensor(0.1709, device='cuda:0')
After trained on task 4 tensor(0.1212, device='cuda:0') tensor(0.1576, device='cuda:0')
After trained on task 4 tensor(0.1330, device='cuda:0') tensor(0.1609, device='cuda:0')
After trained on task 4 tensor(0.1180, device='cuda:0') tensor(0.1919, device='cuda:0')
After trained on task 4 tensor(0.1740, device='cuda:0') tensor(0.2784, device='cuda:0')
After trained on task 4 tensor(0.2692, device='cuda:0') tensor(0.3596, device='cuda:0')
reserving basis 41/768; cond: 898403074048.0, ratio:0.9903856515884399
reserving basis 41/768; cond: 898403074048.0, ratio:0.9903856515884399
reserving basis 45/768; cond: 718171209728.0, ratio:0.9926431775093079
reserving basis 45/768; cond: 718171209728.0, ratio:0.9926431775093079
reserving basis 43/768; cond: 1091733356544.0, ratio:0.9904868006706238
reserving basis 43/768; cond: 1091733356544.0, ratio:0.9904868006706238
reserving basis 45/768; cond: 386564849664.0, ratio:0.9931129217147827
reserving basis 45/768; cond: 386564849664.0, ratio:0.9931129217147827
reserving basis 46/768; cond: 158596382720.0, ratio:0.9917565584182739
reserving basis 46/768; cond: 158596382720.0, ratio:0.9917565584182739
reserving basis 44/768; cond: 279013588992.0, ratio:0.992617130279541
reserving basis 44/768; cond: 279013588992.0, ratio:0.992617130279541
reserving basis 46/768; cond: 2562730754048.0, ratio:0.9927111864089966
reserving basis 46/768; cond: 2562730754048.0, ratio:0.9927111864089966
reserving basis 44/768; cond: 117462106112.0, ratio:0.9928727746009827
reserving basis 44/768; cond: 117462106112.0, ratio:0.9928727746009827
reserving basis 46/768; cond: 784440885248.0, ratio:0.9914613962173462
reserving basis 46/768; cond: 784440885248.0, ratio:0.9914613962173462
reserving basis 42/768; cond: 605112041472.0, ratio:0.9903035759925842
reserving basis 42/768; cond: 605112041472.0, ratio:0.9903035759925842
reserving basis 46/768; cond: 248913920000.0, ratio:0.9913193583488464
reserving basis 46/768; cond: 248913920000.0, ratio:0.9913193583488464
reserving basis 42/768; cond: 699641692160.0, ratio:0.9906490445137024
reserving basis 42/768; cond: 699641692160.0, ratio:0.9906490445137024
reserving basis 46/768; cond: 78052605952.0, ratio:0.9909443259239197
reserving basis 46/768; cond: 78052605952.0, ratio:0.9909443259239197
reserving basis 42/768; cond: 83750330368.0, ratio:0.9903687238693237
reserving basis 42/768; cond: 83750330368.0, ratio:0.9903687238693237
reserving basis 46/768; cond: 129883832320.0, ratio:0.9913879036903381
reserving basis 46/768; cond: 129883832320.0, ratio:0.9913879036903381
reserving basis 43/768; cond: 280243044352.0, ratio:0.9935079216957092
reserving basis 43/768; cond: 280243044352.0, ratio:0.9935079216957092
reserving basis 46/768; cond: 235133059072.0, ratio:0.9927303194999695
reserving basis 46/768; cond: 235133059072.0, ratio:0.9927303194999695
reserving basis 45/768; cond: 107142701056.0, ratio:0.9926663041114807
reserving basis 45/768; cond: 107142701056.0, ratio:0.9926663041114807
reserving basis 46/768; cond: 205831700480.0, ratio:0.9917409420013428
reserving basis 46/768; cond: 205831700480.0, ratio:0.9917409420013428
reserving basis 45/768; cond: 369499537408.0, ratio:0.9928815364837646
reserving basis 45/768; cond: 369499537408.0, ratio:0.9928815364837646
reserving basis 43/768; cond: 290816884736.0, ratio:0.990426242351532
reserving basis 43/768; cond: 290816884736.0, ratio:0.990426242351532
reserving basis 44/768; cond: 350181195776.0, ratio:0.9914286732673645
reserving basis 44/768; cond: 350181195776.0, ratio:0.9914286732673645
reserving basis 40/768; cond: 1595172454400.0, ratio:0.9908137321472168
reserving basis 40/768; cond: 1595172454400.0, ratio:0.9908137321472168
reserving basis 41/768; cond: 100538482688.0, ratio:0.9917649626731873
reserving basis 41/768; cond: 100538482688.0, ratio:0.9917649626731873
2026-04-26 22:32:26,598 [palora.py] => Task 5, Epoch 20/20 => Loss 0.435, Train_accy 97.20
2026-04-26 22:32:36,281 [trainer.py] => Time:312.9017856121063
3000 3000
2026-04-26 22:32:45,012 [trainer.py] => Time:8.730717420578003
2026-04-26 22:32:45,012 [trainer.py] => ACC: {'total': 95.47, '00-04': 92.8, '05-09': 97.0, '10-14': 94.8, '15-19': 96.8, '20-24': 97.2, '25-29': 94.2, 'old': 95.72, 'new': 94.2}
2026-04-26 22:32:45,012 [trainer.py] => ACC top1 curve: [99.6, 99.1, 97.0, 96.85, 96.64, 95.47]
Average Accuracy: 97.44333333333333
2026-04-26 22:32:45,012 [trainer.py] => Average Accuracy: 97.44333333333333
2026-04-26 22:32:45,017 [trainer.py] => All params: 114881051
2026-04-26 22:32:45,020 [trainer.py] => Trainable params: 372485
2026-04-26 22:32:45,020 [palora.py] => Learning on 30-35
Parameters to be updated: {'image_encoder.blocks.4.attn.lora_A_k.6.weight', 'image_encoder.blocks.6.attn.lora_B_k.6.weight', 'classifier_pool.6.weight', 'image_encoder.blocks.3.attn.lora_B_k.6.weight', 'image_encoder.blocks.11.attn.lora_A_v.6.weight', 'image_encoder.blocks.2.attn.lora_A_k.6.weight', 'image_encoder.blocks.7.attn.lora_A_k.6.weight', 'image_encoder.blocks.8.attn.lora_A_v.6.weight', 'image_encoder.blocks.1.attn.lora_B_v.6.weight', 'classifier_pool.6.bias', 'image_encoder.blocks.1.attn.lora_B_k.6.weight', 'image_encoder.blocks.2.attn.lora_A_v.6.weight', 'image_encoder.blocks.8.attn.lora_B_k.6.weight', 'image_encoder.blocks.0.attn.lora_A_v.6.weight', 'image_encoder.blocks.10.attn.lora_A_v.6.weight', 'image_encoder.blocks.9.attn.lora_B_k.6.weight', 'image_encoder.blocks.5.attn.lora_B_v.6.weight', 'image_encoder.blocks.9.attn.lora_A_k.6.weight', 'image_encoder.blocks.0.attn.lora_B_v.6.weight', 'image_encoder.blocks.4.attn.lora_A_v.6.weight', 'image_encoder.blocks.6.attn.lora_A_k.6.weight', 'image_encoder.blocks.5.attn.lora_B_k.6.weight', 'image_encoder.blocks.10.attn.lora_B_k.6.weight', 'image_encoder.blocks.6.attn.lora_A_v.6.weight', 'image_encoder.blocks.4.attn.lora_B_k.6.weight', 'image_encoder.blocks.10.attn.lora_B_v.6.weight', 'image_encoder.blocks.8.attn.lora_A_k.6.weight', 'image_encoder.blocks.0.attn.lora_A_k.6.weight', 'image_encoder.blocks.7.attn.lora_A_v.6.weight', 'image_encoder.blocks.2.attn.lora_B_k.6.weight', 'image_encoder.blocks.5.attn.lora_A_k.6.weight', 'image_encoder.blocks.1.attn.lora_A_v.6.weight', 'image_encoder.blocks.1.attn.lora_A_k.6.weight', 'image_encoder.blocks.3.attn.lora_A_v.6.weight', 'image_encoder.blocks.11.attn.lora_A_k.6.weight', 'image_encoder.blocks.7.attn.lora_B_v.6.weight', 'image_encoder.blocks.7.attn.lora_B_k.6.weight', 'image_encoder.blocks.8.attn.lora_B_v.6.weight', 'image_encoder.blocks.10.attn.lora_A_k.6.weight', 'image_encoder.blocks.4.attn.lora_B_v.6.weight', 'image_encoder.blocks.6.attn.lora_B_v.6.weight', 'image_encoder.blocks.0.attn.lora_B_k.6.weight', 'image_encoder.blocks.3.attn.lora_B_v.6.weight', 'image_encoder.blocks.11.attn.lora_B_v.6.weight', 'image_encoder.blocks.11.attn.lora_B_k.6.weight', 'image_encoder.blocks.9.attn.lora_A_v.6.weight', 'image_encoder.blocks.3.attn.lora_A_k.6.weight', 'image_encoder.blocks.9.attn.lora_B_v.6.weight', 'image_encoder.blocks.5.attn.lora_A_v.6.weight', 'image_encoder.blocks.2.attn.lora_B_v.6.weight'}
After trained on task 5 tensor(0.1132, device='cuda:0') tensor(0.0728, device='cuda:0')
After trained on task 5 tensor(0.0774, device='cuda:0') tensor(0.0807, device='cuda:0')
After trained on task 5 tensor(0.0805, device='cuda:0') tensor(0.1020, device='cuda:0')
After trained on task 5 tensor(0.0794, device='cuda:0') tensor(0.1154, device='cuda:0')
After trained on task 5 tensor(0.0797, device='cuda:0') tensor(0.1464, device='cuda:0')
After trained on task 5 tensor(0.0928, device='cuda:0') tensor(0.1559, device='cuda:0')
After trained on task 5 tensor(0.1022, device='cuda:0') tensor(0.1272, device='cuda:0')
After trained on task 5 tensor(0.0913, device='cuda:0') tensor(0.1301, device='cuda:0')
After trained on task 5 tensor(0.0930, device='cuda:0') tensor(0.1387, device='cuda:0')
After trained on task 5 tensor(0.1008, device='cuda:0') tensor(0.1636, device='cuda:0')
After trained on task 5 tensor(0.1263, device='cuda:0') tensor(0.1580, device='cuda:0')
After trained on task 5 tensor(0.2287, device='cuda:0') tensor(0.2795, device='cuda:0')
reserving basis 47/768; cond: 387133931520.0, ratio:0.992631196975708
reserving basis 47/768; cond: 387133931520.0, ratio:0.992631196975708
reserving basis 52/768; cond: 194868707328.0, ratio:0.9905574917793274
reserving basis 52/768; cond: 194868707328.0, ratio:0.9905574917793274
reserving basis 50/768; cond: 1108417183744.0, ratio:0.9920558929443359
reserving basis 50/768; cond: 1108417183744.0, ratio:0.9920558929443359
reserving basis 52/768; cond: 4262613221376.0, ratio:0.9925364851951599
reserving basis 52/768; cond: 4262613221376.0, ratio:0.9925364851951599
reserving basis 54/768; cond: 67745476608.0, ratio:0.9930527806282043
reserving basis 54/768; cond: 67745476608.0, ratio:0.9930527806282043
reserving basis 51/768; cond: 161324466176.0, ratio:0.9905008673667908
reserving basis 51/768; cond: 161324466176.0, ratio:0.9905008673667908
reserving basis 54/768; cond: 1235177701376.0, ratio:0.9936855435371399
reserving basis 54/768; cond: 1235177701376.0, ratio:0.9936855435371399
reserving basis 51/768; cond: 105843793920.0, ratio:0.992557942867279
reserving basis 51/768; cond: 105843793920.0, ratio:0.992557942867279
reserving basis 54/768; cond: 100873740288.0, ratio:0.9926149845123291
reserving basis 54/768; cond: 100873740288.0, ratio:0.9926149845123291
reserving basis 49/768; cond: 328704393216.0, ratio:0.9927229285240173
reserving basis 49/768; cond: 328704393216.0, ratio:0.9927229285240173
reserving basis 54/768; cond: 1704474836992.0, ratio:0.9924753904342651
reserving basis 54/768; cond: 1704474836992.0, ratio:0.9924753904342651
reserving basis 49/768; cond: 80596738048.0, ratio:0.9915291666984558
reserving basis 49/768; cond: 80596738048.0, ratio:0.9915291666984558
reserving basis 54/768; cond: 125360455680.0, ratio:0.9925627112388611
reserving basis 54/768; cond: 125360455680.0, ratio:0.9925627112388611
reserving basis 49/768; cond: 263417675776.0, ratio:0.9901239275932312
reserving basis 49/768; cond: 263417675776.0, ratio:0.9901239275932312
reserving basis 54/768; cond: 109240729600.0, ratio:0.9921762347221375
reserving basis 54/768; cond: 109240729600.0, ratio:0.9921762347221375
reserving basis 50/768; cond: 89129426944.0, ratio:0.990068793296814
reserving basis 50/768; cond: 89129426944.0, ratio:0.990068793296814
reserving basis 54/768; cond: 504455593984.0, ratio:0.9922752976417542
reserving basis 54/768; cond: 504455593984.0, ratio:0.9922752976417542
reserving basis 52/768; cond: 55276572672.0, ratio:0.9903016090393066
reserving basis 52/768; cond: 55276572672.0, ratio:0.9903016090393066
reserving basis 54/768; cond: 5021104603136.0, ratio:0.9930070042610168
reserving basis 54/768; cond: 5021104603136.0, ratio:0.9930070042610168
reserving basis 52/768; cond: 357148098560.0, ratio:0.990066647529602
reserving basis 52/768; cond: 357148098560.0, ratio:0.990066647529602
reserving basis 51/768; cond: 841996697600.0, ratio:0.992963433265686
reserving basis 51/768; cond: 841996697600.0, ratio:0.992963433265686
reserving basis 51/768; cond: 159829426176.0, ratio:0.9924807548522949
reserving basis 51/768; cond: 159829426176.0, ratio:0.9924807548522949
reserving basis 46/768; cond: 179690536960.0, ratio:0.9909729957580566
reserving basis 46/768; cond: 179690536960.0, ratio:0.9909729957580566
reserving basis 46/768; cond: 91880144896.0, ratio:0.9913157820701599
reserving basis 46/768; cond: 91880144896.0, ratio:0.9913157820701599
2026-04-26 22:37:48,929 [palora.py] => Task 6, Epoch 20/20 => Loss 0.420, Train_accy 97.60
2026-04-26 22:37:58,986 [trainer.py] => Time:313.9662113189697
3500 3500
2026-04-26 22:38:08,670 [trainer.py] => Time:9.683776378631592
2026-04-26 22:38:08,670 [trainer.py] => ACC: {'total': 95.09, '00-04': 93.0, '05-09': 97.2, '10-14': 93.2, '15-19': 96.6, '20-24': 96.8, '25-29': 94.0, '30-34': 94.8, 'old': 95.13, 'new': 94.8}
2026-04-26 22:38:08,670 [trainer.py] => ACC top1 curve: [99.6, 99.1, 97.0, 96.85, 96.64, 95.47, 95.09]
Average Accuracy: 97.10714285714286
2026-04-26 22:38:08,671 [trainer.py] => Average Accuracy: 97.10714285714286
2026-04-26 22:38:08,674 [trainer.py] => All params: 114881051
2026-04-26 22:38:08,678 [trainer.py] => Trainable params: 372485
2026-04-26 22:38:08,678 [palora.py] => Learning on 35-40
Parameters to be updated: {'image_encoder.blocks.10.attn.lora_A_v.7.weight', 'image_encoder.blocks.3.attn.lora_A_v.7.weight', 'image_encoder.blocks.3.attn.lora_B_k.7.weight', 'image_encoder.blocks.4.attn.lora_A_k.7.weight', 'image_encoder.blocks.8.attn.lora_A_v.7.weight', 'image_encoder.blocks.8.attn.lora_B_k.7.weight', 'image_encoder.blocks.1.attn.lora_A_v.7.weight', 'image_encoder.blocks.3.attn.lora_A_k.7.weight', 'image_encoder.blocks.1.attn.lora_B_v.7.weight', 'image_encoder.blocks.10.attn.lora_B_v.7.weight', 'image_encoder.blocks.11.attn.lora_A_v.7.weight', 'image_encoder.blocks.1.attn.lora_A_k.7.weight', 'image_encoder.blocks.0.attn.lora_B_v.7.weight', 'image_encoder.blocks.2.attn.lora_B_k.7.weight', 'image_encoder.blocks.0.attn.lora_B_k.7.weight', 'image_encoder.blocks.8.attn.lora_B_v.7.weight', 'image_encoder.blocks.0.attn.lora_A_k.7.weight', 'image_encoder.blocks.2.attn.lora_B_v.7.weight', 'image_encoder.blocks.4.attn.lora_B_k.7.weight', 'image_encoder.blocks.5.attn.lora_A_v.7.weight', 'image_encoder.blocks.8.attn.lora_A_k.7.weight', 'image_encoder.blocks.9.attn.lora_B_k.7.weight', 'image_encoder.blocks.7.attn.lora_A_k.7.weight', 'image_encoder.blocks.3.attn.lora_B_v.7.weight', 'image_encoder.blocks.1.attn.lora_B_k.7.weight', 'image_encoder.blocks.4.attn.lora_A_v.7.weight', 'image_encoder.blocks.11.attn.lora_B_k.7.weight', 'image_encoder.blocks.9.attn.lora_A_k.7.weight', 'classifier_pool.7.bias', 'image_encoder.blocks.4.attn.lora_B_v.7.weight', 'image_encoder.blocks.2.attn.lora_A_k.7.weight', 'image_encoder.blocks.5.attn.lora_A_k.7.weight', 'image_encoder.blocks.5.attn.lora_B_k.7.weight', 'image_encoder.blocks.6.attn.lora_A_v.7.weight', 'image_encoder.blocks.7.attn.lora_A_v.7.weight', 'image_encoder.blocks.6.attn.lora_B_k.7.weight', 'image_encoder.blocks.10.attn.lora_B_k.7.weight', 'image_encoder.blocks.11.attn.lora_A_k.7.weight', 'image_encoder.blocks.6.attn.lora_A_k.7.weight', 'classifier_pool.7.weight', 'image_encoder.blocks.7.attn.lora_B_v.7.weight', 'image_encoder.blocks.10.attn.lora_A_k.7.weight', 'image_encoder.blocks.2.attn.lora_A_v.7.weight', 'image_encoder.blocks.5.attn.lora_B_v.7.weight', 'image_encoder.blocks.9.attn.lora_B_v.7.weight', 'image_encoder.blocks.0.attn.lora_A_v.7.weight', 'image_encoder.blocks.7.attn.lora_B_k.7.weight', 'image_encoder.blocks.6.attn.lora_B_v.7.weight', 'image_encoder.blocks.9.attn.lora_A_v.7.weight', 'image_encoder.blocks.11.attn.lora_B_v.7.weight'}
After trained on task 6 tensor(0.0618, device='cuda:0') tensor(0.0722, device='cuda:0')
After trained on task 6 tensor(0.0621, device='cuda:0') tensor(0.0805, device='cuda:0')
After trained on task 6 tensor(0.0693, device='cuda:0') tensor(0.0792, device='cuda:0')
After trained on task 6 tensor(0.0602, device='cuda:0') tensor(0.0858, device='cuda:0')
After trained on task 6 tensor(0.0719, device='cuda:0') tensor(0.0972, device='cuda:0')
After trained on task 6 tensor(0.0917, device='cuda:0') tensor(0.1028, device='cuda:0')
After trained on task 6 tensor(0.0812, device='cuda:0') tensor(0.1072, device='cuda:0')
After trained on task 6 tensor(0.0818, device='cuda:0') tensor(0.1205, device='cuda:0')
After trained on task 6 tensor(0.0943, device='cuda:0') tensor(0.1246, device='cuda:0')
After trained on task 6 tensor(0.0884, device='cuda:0') tensor(0.1552, device='cuda:0')
After trained on task 6 tensor(0.1194, device='cuda:0') tensor(0.1478, device='cuda:0')
After trained on task 6 tensor(0.3316, device='cuda:0') tensor(0.2229, device='cuda:0')
reserving basis 53/768; cond: 534585966592.0, ratio:0.991513729095459
reserving basis 53/768; cond: 534585966592.0, ratio:0.991513729095459
reserving basis 59/768; cond: 391788101632.0, ratio:0.9909500479698181
reserving basis 59/768; cond: 391788101632.0, ratio:0.9909500479698181
reserving basis 57/768; cond: 4897293467648.0, ratio:0.9914198517799377
reserving basis 57/768; cond: 4897293467648.0, ratio:0.9914198517799377
reserving basis 59/768; cond: 50787852288.0, ratio:0.9929972290992737
reserving basis 59/768; cond: 50787852288.0, ratio:0.9929972290992737
reserving basis 61/768; cond: 160020348928.0, ratio:0.9913489818572998
reserving basis 61/768; cond: 160020348928.0, ratio:0.9913489818572998
reserving basis 58/768; cond: 115448807424.0, ratio:0.9908355474472046
reserving basis 58/768; cond: 115448807424.0, ratio:0.9908355474472046
reserving basis 61/768; cond: 5542259458048.0, ratio:0.9906073808670044
reserving basis 61/768; cond: 5542259458048.0, ratio:0.9906073808670044
reserving basis 58/768; cond: 872690089984.0, ratio:0.9924705624580383
reserving basis 58/768; cond: 872690089984.0, ratio:0.9924705624580383
reserving basis 61/768; cond: 539199864832.0, ratio:0.9902045726776123
reserving basis 61/768; cond: 539199864832.0, ratio:0.9902045726776123
reserving basis 56/768; cond: 134046138368.0, ratio:0.9918856024742126
reserving basis 56/768; cond: 134046138368.0, ratio:0.9918856024742126
reserving basis 61/768; cond: 220165554176.0, ratio:0.9914061427116394
reserving basis 61/768; cond: 220165554176.0, ratio:0.9914061427116394
reserving basis 56/768; cond: 43700252672.0, ratio:0.9909608960151672
reserving basis 56/768; cond: 43700252672.0, ratio:0.9909608960151672
reserving basis 61/768; cond: 72204328960.0, ratio:0.990260124206543
reserving basis 61/768; cond: 72204328960.0, ratio:0.990260124206543
reserving basis 56/768; cond: 70673571840.0, ratio:0.9909828901290894
reserving basis 56/768; cond: 70673571840.0, ratio:0.9909828901290894
reserving basis 62/768; cond: 58183999488.0, ratio:0.9935100674629211
reserving basis 62/768; cond: 58183999488.0, ratio:0.9935100674629211
reserving basis 57/768; cond: 26911840256.0, ratio:0.9918219447135925
reserving basis 57/768; cond: 26911840256.0, ratio:0.9918219447135925
reserving basis 62/768; cond: 78777876480.0, ratio:0.9935601949691772
reserving basis 62/768; cond: 78777876480.0, ratio:0.9935601949691772
reserving basis 59/768; cond: 79254192128.0, ratio:0.9926403760910034
reserving basis 59/768; cond: 79254192128.0, ratio:0.9926403760910034
reserving basis 62/768; cond: 82871197696.0, ratio:0.9936065077781677
reserving basis 62/768; cond: 82871197696.0, ratio:0.9936065077781677
reserving basis 59/768; cond: 75238424576.0, ratio:0.9925141930580139
reserving basis 59/768; cond: 75238424576.0, ratio:0.9925141930580139
reserving basis 58/768; cond: 870433226752.0, ratio:0.9925021529197693
reserving basis 58/768; cond: 870433226752.0, ratio:0.9925021529197693
reserving basis 58/768; cond: 72036130816.0, ratio:0.9922617077827454
reserving basis 58/768; cond: 72036130816.0, ratio:0.9922617077827454
reserving basis 51/768; cond: 175197356032.0, ratio:0.9912816882133484
reserving basis 51/768; cond: 175197356032.0, ratio:0.9912816882133484
reserving basis 51/768; cond: 85388648448.0, ratio:0.9900550842285156
reserving basis 51/768; cond: 85388648448.0, ratio:0.9900550842285156
2026-04-26 22:43:13,883 [palora.py] => Task 7, Epoch 20/20 => Loss 0.388, Train_accy 98.32
2026-04-26 22:43:23,876 [trainer.py] => Time:315.1984283924103
4000 4000
2026-04-26 22:43:34,670 [trainer.py] => Time:10.79333233833313
2026-04-26 22:43:34,670 [trainer.py] => ACC: {'total': 94.68, '00-04': 93.8, '05-09': 97.4, '10-14': 89.4, '15-19': 95.6, '20-24': 97.4, '25-29': 93.6, '30-34': 94.8, '35-39': 95.4, 'old': 94.57, 'new': 95.4}
2026-04-26 22:43:34,670 [trainer.py] => ACC top1 curve: [99.6, 99.1, 97.0, 96.85, 96.64, 95.47, 95.09, 94.68]
Average Accuracy: 96.80375000000001
2026-04-26 22:43:34,670 [trainer.py] => Average Accuracy: 96.80375000000001
2026-04-26 22:43:34,674 [trainer.py] => All params: 114881051
2026-04-26 22:43:34,677 [trainer.py] => Trainable params: 372485
2026-04-26 22:43:34,678 [palora.py] => Learning on 40-45
Parameters to be updated: {'image_encoder.blocks.9.attn.lora_B_v.8.weight', 'image_encoder.blocks.7.attn.lora_A_v.8.weight', 'image_encoder.blocks.1.attn.lora_B_v.8.weight', 'image_encoder.blocks.8.attn.lora_A_k.8.weight', 'image_encoder.blocks.11.attn.lora_B_k.8.weight', 'image_encoder.blocks.6.attn.lora_A_k.8.weight', 'image_encoder.blocks.8.attn.lora_B_v.8.weight', 'image_encoder.blocks.10.attn.lora_B_v.8.weight', 'image_encoder.blocks.10.attn.lora_A_k.8.weight', 'image_encoder.blocks.7.attn.lora_B_k.8.weight', 'image_encoder.blocks.6.attn.lora_A_v.8.weight', 'image_encoder.blocks.2.attn.lora_A_k.8.weight', 'image_encoder.blocks.6.attn.lora_B_v.8.weight', 'image_encoder.blocks.10.attn.lora_B_k.8.weight', 'image_encoder.blocks.0.attn.lora_B_k.8.weight', 'image_encoder.blocks.0.attn.lora_A_k.8.weight', 'image_encoder.blocks.3.attn.lora_B_k.8.weight', 'image_encoder.blocks.2.attn.lora_B_v.8.weight', 'image_encoder.blocks.9.attn.lora_A_k.8.weight', 'image_encoder.blocks.9.attn.lora_A_v.8.weight', 'image_encoder.blocks.5.attn.lora_B_v.8.weight', 'image_encoder.blocks.1.attn.lora_A_k.8.weight', 'image_encoder.blocks.2.attn.lora_B_k.8.weight', 'image_encoder.blocks.7.attn.lora_B_v.8.weight', 'image_encoder.blocks.8.attn.lora_A_v.8.weight', 'image_encoder.blocks.11.attn.lora_A_v.8.weight', 'image_encoder.blocks.0.attn.lora_B_v.8.weight', 'image_encoder.blocks.6.attn.lora_B_k.8.weight', 'classifier_pool.8.weight', 'image_encoder.blocks.3.attn.lora_B_v.8.weight', 'image_encoder.blocks.3.attn.lora_A_v.8.weight', 'image_encoder.blocks.0.attn.lora_A_v.8.weight', 'image_encoder.blocks.4.attn.lora_A_k.8.weight', 'image_encoder.blocks.7.attn.lora_A_k.8.weight', 'image_encoder.blocks.4.attn.lora_B_k.8.weight', 'image_encoder.blocks.10.attn.lora_A_v.8.weight', 'image_encoder.blocks.1.attn.lora_B_k.8.weight', 'image_encoder.blocks.5.attn.lora_B_k.8.weight', 'image_encoder.blocks.11.attn.lora_A_k.8.weight', 'classifier_pool.8.bias', 'image_encoder.blocks.1.attn.lora_A_v.8.weight', 'image_encoder.blocks.11.attn.lora_B_v.8.weight', 'image_encoder.blocks.3.attn.lora_A_k.8.weight', 'image_encoder.blocks.5.attn.lora_A_k.8.weight', 'image_encoder.blocks.9.attn.lora_B_k.8.weight', 'image_encoder.blocks.4.attn.lora_A_v.8.weight', 'image_encoder.blocks.2.attn.lora_A_v.8.weight', 'image_encoder.blocks.5.attn.lora_A_v.8.weight', 'image_encoder.blocks.4.attn.lora_B_v.8.weight', 'image_encoder.blocks.8.attn.lora_B_k.8.weight'}
After trained on task 7 tensor(0.0857, device='cuda:0') tensor(0.0604, device='cuda:0')
After trained on task 7 tensor(0.0660, device='cuda:0') tensor(0.0746, device='cuda:0')
After trained on task 7 tensor(0.0663, device='cuda:0') tensor(0.0720, device='cuda:0')
After trained on task 7 tensor(0.0768, device='cuda:0') tensor(0.0741, device='cuda:0')
After trained on task 7 tensor(0.0698, device='cuda:0') tensor(0.0859, device='cuda:0')
After trained on task 7 tensor(0.0809, device='cuda:0') tensor(0.0917, device='cuda:0')
After trained on task 7 tensor(0.0648, device='cuda:0') tensor(0.0967, device='cuda:0')
After trained on task 7 tensor(0.0824, device='cuda:0') tensor(0.1057, device='cuda:0')
After trained on task 7 tensor(0.0923, device='cuda:0') tensor(0.1343, device='cuda:0')
After trained on task 7 tensor(0.1109, device='cuda:0') tensor(0.1545, device='cuda:0')
After trained on task 7 tensor(0.0808, device='cuda:0') tensor(0.1792, device='cuda:0')
After trained on task 7 tensor(0.2219, device='cuda:0') tensor(0.2422, device='cuda:0')
reserving basis 58/768; cond: 369310007296.0, ratio:0.9915544986724854
reserving basis 58/768; cond: 369310007296.0, ratio:0.9915544986724854
reserving basis 66/768; cond: 80269926400.0, ratio:0.9922547340393066
reserving basis 66/768; cond: 80269926400.0, ratio:0.9922547340393066
reserving basis 63/768; cond: 55303086080.0, ratio:0.9912296533584595
reserving basis 63/768; cond: 55303086080.0, ratio:0.9912296533584595
reserving basis 65/768; cond: 17962858496.0, ratio:0.9904130697250366
reserving basis 65/768; cond: 17962858496.0, ratio:0.9904130697250366
reserving basis 68/768; cond: 515139567616.0, ratio:0.9925006031990051
reserving basis 68/768; cond: 515139567616.0, ratio:0.9925006031990051
reserving basis 65/768; cond: 202381049856.0, ratio:0.9917284250259399
reserving basis 65/768; cond: 202381049856.0, ratio:0.9917284250259399
reserving basis 67/768; cond: 81390854144.0, ratio:0.9907795786857605
reserving basis 67/768; cond: 81390854144.0, ratio:0.9907795786857605
reserving basis 65/768; cond: 262801604608.0, ratio:0.9927347898483276
reserving basis 65/768; cond: 262801604608.0, ratio:0.9927347898483276
reserving basis 68/768; cond: 84684857344.0, ratio:0.9909388422966003
reserving basis 68/768; cond: 84684857344.0, ratio:0.9909388422966003
reserving basis 63/768; cond: 266940596224.0, ratio:0.9924109578132629
reserving basis 63/768; cond: 266940596224.0, ratio:0.9924109578132629
reserving basis 68/768; cond: 107915247616.0, ratio:0.9916209578514099
reserving basis 68/768; cond: 107915247616.0, ratio:0.9916209578514099
reserving basis 62/768; cond: 105048768512.0, ratio:0.9900199770927429
reserving basis 62/768; cond: 105048768512.0, ratio:0.9900199770927429
reserving basis 68/768; cond: 139746623488.0, ratio:0.9907655119895935
reserving basis 68/768; cond: 139746623488.0, ratio:0.9907655119895935
reserving basis 63/768; cond: 132733345792.0, ratio:0.9919313192367554
reserving basis 63/768; cond: 132733345792.0, ratio:0.9919313192367554
reserving basis 69/768; cond: 697877069824.0, ratio:0.9911895990371704
reserving basis 69/768; cond: 697877069824.0, ratio:0.9911895990371704
reserving basis 64/768; cond: 175945547776.0, ratio:0.9926180243492126
reserving basis 64/768; cond: 175945547776.0, ratio:0.9926180243492126
reserving basis 69/768; cond: 108176351232.0, ratio:0.9909692406654358
reserving basis 69/768; cond: 108176351232.0, ratio:0.9909692406654358
reserving basis 65/768; cond: 16581899264.0, ratio:0.9900638461112976
reserving basis 65/768; cond: 16581899264.0, ratio:0.9900638461112976
reserving basis 69/768; cond: 138744446976.0, ratio:0.9918882250785828
reserving basis 69/768; cond: 138744446976.0, ratio:0.9918882250785828
reserving basis 65/768; cond: 96823697408.0, ratio:0.9912769198417664
reserving basis 65/768; cond: 96823697408.0, ratio:0.9912769198417664
reserving basis 65/768; cond: 5766709772288.0, ratio:0.9928466081619263
reserving basis 65/768; cond: 5766709772288.0, ratio:0.9928466081619263
reserving basis 64/768; cond: 20959969280.0, ratio:0.9923349022865295
reserving basis 64/768; cond: 20959969280.0, ratio:0.9923349022865295
reserving basis 56/768; cond: 497812045824.0, ratio:0.9916313290596008
reserving basis 56/768; cond: 497812045824.0, ratio:0.9916313290596008
reserving basis 56/768; cond: 150552248320.0, ratio:0.9915801882743835
reserving basis 56/768; cond: 150552248320.0, ratio:0.9915801882743835
2026-04-26 22:48:42,812 [palora.py] => Task 8, Epoch 20/20 => Loss 0.424, Train_accy 97.64
2026-04-26 22:48:54,172 [trainer.py] => Time:319.49416756629944
4500 4500
2026-04-26 22:49:06,534 [trainer.py] => Time:12.361756324768066
2026-04-26 22:49:06,534 [trainer.py] => ACC: {'total': 94.07, '00-04': 93.2, '05-09': 97.6, '10-14': 88.6, '15-19': 95.6, '20-24': 97.6, '25-29': 92.4, '30-34': 94.4, '35-39': 94.2, '40-44': 93.0, 'old': 94.2, 'new': 93.0}
2026-04-26 22:49:06,534 [trainer.py] => ACC top1 curve: [99.6, 99.1, 97.0, 96.85, 96.64, 95.47, 95.09, 94.68, 94.07]
Average Accuracy: 96.5
2026-04-26 22:49:06,534 [trainer.py] => Average Accuracy: 96.5
2026-04-26 22:49:06,538 [trainer.py] => All params: 114881051
2026-04-26 22:49:06,542 [trainer.py] => Trainable params: 372485
2026-04-26 22:49:06,542 [palora.py] => Learning on 45-50
Parameters to be updated: {'image_encoder.blocks.8.attn.lora_A_k.9.weight', 'image_encoder.blocks.3.attn.lora_B_k.9.weight', 'image_encoder.blocks.5.attn.lora_A_k.9.weight', 'classifier_pool.9.bias', 'image_encoder.blocks.8.attn.lora_B_k.9.weight', 'image_encoder.blocks.2.attn.lora_B_k.9.weight', 'image_encoder.blocks.2.attn.lora_A_v.9.weight', 'image_encoder.blocks.1.attn.lora_B_v.9.weight', 'image_encoder.blocks.4.attn.lora_B_k.9.weight', 'image_encoder.blocks.10.attn.lora_A_v.9.weight', 'image_encoder.blocks.9.attn.lora_A_v.9.weight', 'image_encoder.blocks.1.attn.lora_A_v.9.weight', 'image_encoder.blocks.5.attn.lora_B_v.9.weight', 'image_encoder.blocks.6.attn.lora_A_k.9.weight', 'image_encoder.blocks.0.attn.lora_A_k.9.weight', 'image_encoder.blocks.1.attn.lora_B_k.9.weight', 'image_encoder.blocks.6.attn.lora_B_k.9.weight', 'image_encoder.blocks.1.attn.lora_A_k.9.weight', 'image_encoder.blocks.8.attn.lora_A_v.9.weight', 'image_encoder.blocks.11.attn.lora_B_v.9.weight', 'image_encoder.blocks.3.attn.lora_A_v.9.weight', 'image_encoder.blocks.5.attn.lora_A_v.9.weight', 'image_encoder.blocks.4.attn.lora_B_v.9.weight', 'image_encoder.blocks.2.attn.lora_A_k.9.weight', 'image_encoder.blocks.2.attn.lora_B_v.9.weight', 'image_encoder.blocks.0.attn.lora_A_v.9.weight', 'image_encoder.blocks.0.attn.lora_B_v.9.weight', 'image_encoder.blocks.7.attn.lora_A_v.9.weight', 'classifier_pool.9.weight', 'image_encoder.blocks.11.attn.lora_A_k.9.weight', 'image_encoder.blocks.3.attn.lora_A_k.9.weight', 'image_encoder.blocks.5.attn.lora_B_k.9.weight', 'image_encoder.blocks.8.attn.lora_B_v.9.weight', 'image_encoder.blocks.11.attn.lora_A_v.9.weight', 'image_encoder.blocks.4.attn.lora_A_v.9.weight', 'image_encoder.blocks.0.attn.lora_B_k.9.weight', 'image_encoder.blocks.7.attn.lora_A_k.9.weight', 'image_encoder.blocks.4.attn.lora_A_k.9.weight', 'image_encoder.blocks.9.attn.lora_B_k.9.weight', 'image_encoder.blocks.3.attn.lora_B_v.9.weight', 'image_encoder.blocks.7.attn.lora_B_k.9.weight', 'image_encoder.blocks.7.attn.lora_B_v.9.weight', 'image_encoder.blocks.9.attn.lora_B_v.9.weight', 'image_encoder.blocks.10.attn.lora_A_k.9.weight', 'image_encoder.blocks.10.attn.lora_B_v.9.weight', 'image_encoder.blocks.10.attn.lora_B_k.9.weight', 'image_encoder.blocks.9.attn.lora_A_k.9.weight', 'image_encoder.blocks.11.attn.lora_B_k.9.weight', 'image_encoder.blocks.6.attn.lora_A_v.9.weight', 'image_encoder.blocks.6.attn.lora_B_v.9.weight'}
After trained on task 8 tensor(0.0600, device='cuda:0') tensor(0.0586, device='cuda:0')
After trained on task 8 tensor(0.0752, device='cuda:0') tensor(0.0638, device='cuda:0')
After trained on task 8 tensor(0.0667, device='cuda:0') tensor(0.0691, device='cuda:0')
After trained on task 8 tensor(0.0595, device='cuda:0') tensor(0.0804, device='cuda:0')
After trained on task 8 tensor(0.0674, device='cuda:0') tensor(0.0813, device='cuda:0')
After trained on task 8 tensor(0.0711, device='cuda:0') tensor(0.0941, device='cuda:0')
After trained on task 8 tensor(0.0851, device='cuda:0') tensor(0.1148, device='cuda:0')
After trained on task 8 tensor(0.0785, device='cuda:0') tensor(0.1001, device='cuda:0')
After trained on task 8 tensor(0.0865, device='cuda:0') tensor(0.1367, device='cuda:0')
After trained on task 8 tensor(0.1006, device='cuda:0') tensor(0.1676, device='cuda:0')
After trained on task 8 tensor(0.1905, device='cuda:0') tensor(0.1778, device='cuda:0')
After trained on task 8 tensor(0.3959, device='cuda:0') tensor(0.2221, device='cuda:0')
reserving basis 63/768; cond: 178521849856.0, ratio:0.9915213584899902
reserving basis 63/768; cond: 178521849856.0, ratio:0.9915213584899902
reserving basis 72/768; cond: 41786519552.0, ratio:0.9902036786079407
reserving basis 72/768; cond: 41786519552.0, ratio:0.9902036786079407
reserving basis 69/768; cond: 276826718208.0, ratio:0.9921465516090393
reserving basis 69/768; cond: 276826718208.0, ratio:0.9921465516090393
reserving basis 71/768; cond: 24723185664.0, ratio:0.9903668165206909
reserving basis 71/768; cond: 24723185664.0, ratio:0.9903668165206909
reserving basis 74/768; cond: 1121217019904.0, ratio:0.9909589886665344
reserving basis 74/768; cond: 1121217019904.0, ratio:0.9909589886665344
reserving basis 71/768; cond: 58364579840.0, ratio:0.9911141991615295
reserving basis 71/768; cond: 58364579840.0, ratio:0.9911141991615295
reserving basis 73/768; cond: 319202754560.0, ratio:0.9903101921081543
reserving basis 73/768; cond: 319202754560.0, ratio:0.9903101921081543
reserving basis 72/768; cond: 776076853248.0, ratio:0.9923890233039856
reserving basis 72/768; cond: 776076853248.0, ratio:0.9923890233039856
reserving basis 75/768; cond: 211447660544.0, ratio:0.9918454885482788
reserving basis 75/768; cond: 211447660544.0, ratio:0.9918454885482788
reserving basis 70/768; cond: 55461113856.0, ratio:0.9926708936691284
reserving basis 70/768; cond: 55461113856.0, ratio:0.9926708936691284
reserving basis 75/768; cond: 1196818432000.0, ratio:0.9924408793449402
reserving basis 75/768; cond: 1196818432000.0, ratio:0.9924408793449402
reserving basis 68/768; cond: 67950600192.0, ratio:0.9908776879310608
reserving basis 68/768; cond: 67950600192.0, ratio:0.9908776879310608
reserving basis 75/768; cond: 25524045824.0, ratio:0.9923346042633057
reserving basis 75/768; cond: 25524045824.0, ratio:0.9923346042633057
reserving basis 69/768; cond: 46786875392.0, ratio:0.9918854832649231
reserving basis 69/768; cond: 46786875392.0, ratio:0.9918854832649231
reserving basis 76/768; cond: 24893911040.0, ratio:0.9914265871047974
reserving basis 76/768; cond: 24893911040.0, ratio:0.9914265871047974
reserving basis 71/768; cond: 45934972928.0, ratio:0.9925026297569275
reserving basis 71/768; cond: 45934972928.0, ratio:0.9925026297569275
reserving basis 76/768; cond: 65016926208.0, ratio:0.9920898675918579
reserving basis 76/768; cond: 65016926208.0, ratio:0.9920898675918579
reserving basis 71/768; cond: 62362546176.0, ratio:0.9912822842597961
reserving basis 71/768; cond: 62362546176.0, ratio:0.9912822842597961
reserving basis 76/768; cond: 127845081088.0, ratio:0.9926108121871948
reserving basis 76/768; cond: 127845081088.0, ratio:0.9926108121871948
reserving basis 71/768; cond: 450279833600.0, ratio:0.991438090801239
reserving basis 71/768; cond: 450279833600.0, ratio:0.991438090801239
reserving basis 71/768; cond: 114833915904.0, ratio:0.9917929768562317
reserving basis 71/768; cond: 114833915904.0, ratio:0.9917929768562317
reserving basis 69/768; cond: 57074667520.0, ratio:0.9903706312179565
reserving basis 69/768; cond: 57074667520.0, ratio:0.9903706312179565
reserving basis 58/768; cond: 602058260480.0, ratio:0.9914708733558655
reserving basis 58/768; cond: 602058260480.0, ratio:0.9914708733558655
reserving basis 61/768; cond: 377051316224.0, ratio:0.9916963577270508
reserving basis 61/768; cond: 377051316224.0, ratio:0.9916963577270508
2026-04-26 22:54:29,317 [palora.py] => Task 9, Epoch 20/20 => Loss 0.386, Train_accy 98.28
2026-04-26 22:54:40,102 [trainer.py] => Time:333.559775352478
5000 5000
2026-04-26 22:54:53,563 [trainer.py] => Time:13.461086750030518
2026-04-26 22:54:53,563 [trainer.py] => ACC: {'total': 93.54, '00-04': 93.4, '05-09': 96.8, '10-14': 88.4, '15-19': 95.6, '20-24': 96.8, '25-29': 91.8, '30-34': 92.2, '35-39': 92.2, '40-44': 93.2, '45-49': 95.0, 'old': 93.38, 'new': 95.0}
2026-04-26 22:54:53,564 [trainer.py] => ACC top1 curve: [99.6, 99.1, 97.0, 96.85, 96.64, 95.47, 95.09, 94.68, 94.07, 93.54]
Average Accuracy: 96.204
2026-04-26 22:54:53,564 [trainer.py] => Average Accuracy: 96.204
2026-04-26 22:54:53,568 [trainer.py] => All params: 114881051
2026-04-26 22:54:53,571 [trainer.py] => Trainable params: 372485
2026-04-26 22:54:53,571 [palora.py] => Learning on 50-55
Parameters to be updated: {'image_encoder.blocks.2.attn.lora_B_k.10.weight', 'image_encoder.blocks.6.attn.lora_B_k.10.weight', 'image_encoder.blocks.0.attn.lora_B_k.10.weight', 'image_encoder.blocks.9.attn.lora_A_k.10.weight', 'image_encoder.blocks.0.attn.lora_A_k.10.weight', 'image_encoder.blocks.5.attn.lora_A_k.10.weight', 'image_encoder.blocks.10.attn.lora_B_k.10.weight', 'image_encoder.blocks.2.attn.lora_A_v.10.weight', 'image_encoder.blocks.4.attn.lora_A_v.10.weight', 'image_encoder.blocks.8.attn.lora_B_v.10.weight', 'image_encoder.blocks.10.attn.lora_B_v.10.weight', 'image_encoder.blocks.1.attn.lora_A_v.10.weight', 'image_encoder.blocks.1.attn.lora_B_v.10.weight', 'image_encoder.blocks.2.attn.lora_A_k.10.weight', 'image_encoder.blocks.5.attn.lora_B_v.10.weight', 'image_encoder.blocks.3.attn.lora_A_k.10.weight', 'image_encoder.blocks.10.attn.lora_A_v.10.weight', 'image_encoder.blocks.10.attn.lora_A_k.10.weight', 'image_encoder.blocks.11.attn.lora_B_v.10.weight', 'image_encoder.blocks.4.attn.lora_A_k.10.weight', 'image_encoder.blocks.3.attn.lora_B_k.10.weight', 'image_encoder.blocks.11.attn.lora_A_k.10.weight', 'image_encoder.blocks.11.attn.lora_B_k.10.weight', 'image_encoder.blocks.9.attn.lora_B_k.10.weight', 'classifier_pool.10.weight', 'image_encoder.blocks.0.attn.lora_B_v.10.weight', 'classifier_pool.10.bias', 'image_encoder.blocks.1.attn.lora_A_k.10.weight', 'image_encoder.blocks.7.attn.lora_B_k.10.weight', 'image_encoder.blocks.2.attn.lora_B_v.10.weight', 'image_encoder.blocks.7.attn.lora_A_k.10.weight', 'image_encoder.blocks.8.attn.lora_A_k.10.weight', 'image_encoder.blocks.8.attn.lora_B_k.10.weight', 'image_encoder.blocks.0.attn.lora_A_v.10.weight', 'image_encoder.blocks.11.attn.lora_A_v.10.weight', 'image_encoder.blocks.5.attn.lora_B_k.10.weight', 'image_encoder.blocks.3.attn.lora_B_v.10.weight', 'image_encoder.blocks.5.attn.lora_A_v.10.weight', 'image_encoder.blocks.1.attn.lora_B_k.10.weight', 'image_encoder.blocks.8.attn.lora_A_v.10.weight', 'image_encoder.blocks.9.attn.lora_A_v.10.weight', 'image_encoder.blocks.3.attn.lora_A_v.10.weight', 'image_encoder.blocks.7.attn.lora_B_v.10.weight', 'image_encoder.blocks.4.attn.lora_B_v.10.weight', 'image_encoder.blocks.6.attn.lora_A_v.10.weight', 'image_encoder.blocks.6.attn.lora_B_v.10.weight', 'image_encoder.blocks.6.attn.lora_A_k.10.weight', 'image_encoder.blocks.4.attn.lora_B_k.10.weight', 'image_encoder.blocks.7.attn.lora_A_v.10.weight', 'image_encoder.blocks.9.attn.lora_B_v.10.weight'}
After trained on task 9 tensor(0.0582, device='cuda:0') tensor(0.0573, device='cuda:0')
After trained on task 9 tensor(0.0656, device='cuda:0') tensor(0.0835, device='cuda:0')
After trained on task 9 tensor(0.0736, device='cuda:0') tensor(0.0713, device='cuda:0')
After trained on task 9 tensor(0.0573, device='cuda:0') tensor(0.0810, device='cuda:0')
After trained on task 9 tensor(0.0716, device='cuda:0') tensor(0.0791, device='cuda:0')
After trained on task 9 tensor(0.0714, device='cuda:0') tensor(0.0979, device='cuda:0')
After trained on task 9 tensor(0.0946, device='cuda:0') tensor(0.0973, device='cuda:0')
After trained on task 9 tensor(0.0825, device='cuda:0') tensor(0.1160, device='cuda:0')
After trained on task 9 tensor(0.0976, device='cuda:0') tensor(0.1233, device='cuda:0')
After trained on task 9 tensor(0.0966, device='cuda:0') tensor(0.1325, device='cuda:0')
After trained on task 9 tensor(0.1063, device='cuda:0') tensor(0.1503, device='cuda:0')
After trained on task 9 tensor(0.2124, device='cuda:0') tensor(0.2422, device='cuda:0')
reserving basis 67/768; cond: 93763805184.0, ratio:0.9911041259765625
reserving basis 67/768; cond: 93763805184.0, ratio:0.9911041259765625
reserving basis 78/768; cond: 141931495424.0, ratio:0.9915459752082825
reserving basis 78/768; cond: 141931495424.0, ratio:0.9915459752082825
reserving basis 74/768; cond: 80682663936.0, ratio:0.9904020428657532
reserving basis 74/768; cond: 80682663936.0, ratio:0.9904020428657532
reserving basis 77/768; cond: 275415138304.0, ratio:0.9922187328338623
reserving basis 77/768; cond: 275415138304.0, ratio:0.9922187328338623
reserving basis 80/768; cond: 45523636224.0, ratio:0.9915453791618347
reserving basis 80/768; cond: 45523636224.0, ratio:0.9915453791618347
reserving basis 77/768; cond: 87189012480.0, ratio:0.9916427135467529
reserving basis 77/768; cond: 87189012480.0, ratio:0.9916427135467529
reserving basis 79/768; cond: 82783248384.0, ratio:0.9904367327690125
reserving basis 79/768; cond: 82783248384.0, ratio:0.9904367327690125
reserving basis 78/768; cond: 29427122176.0, ratio:0.9916394352912903
reserving basis 78/768; cond: 29427122176.0, ratio:0.9916394352912903
reserving basis 81/768; cond: 82942959616.0, ratio:0.9913014769554138
reserving basis 81/768; cond: 82942959616.0, ratio:0.9913014769554138
reserving basis 76/768; cond: 639835045888.0, ratio:0.9910778999328613
reserving basis 76/768; cond: 639835045888.0, ratio:0.9910778999328613
reserving basis 81/768; cond: 111326068736.0, ratio:0.9920845031738281
reserving basis 81/768; cond: 111326068736.0, ratio:0.9920845031738281
reserving basis 74/768; cond: 40818106368.0, ratio:0.9917290210723877
reserving basis 74/768; cond: 40818106368.0, ratio:0.9917290210723877
reserving basis 81/768; cond: 11678794752.0, ratio:0.9918735027313232
reserving basis 81/768; cond: 11678794752.0, ratio:0.9918735027313232
reserving basis 75/768; cond: 73996132352.0, ratio:0.9910222887992859
reserving basis 75/768; cond: 73996132352.0, ratio:0.9910222887992859
reserving basis 83/768; cond: 57225261056.0, ratio:0.9927166700363159
reserving basis 83/768; cond: 57225261056.0, ratio:0.9927166700363159
reserving basis 77/768; cond: 16963986432.0, ratio:0.9919025897979736
reserving basis 77/768; cond: 16963986432.0, ratio:0.9919025897979736
reserving basis 82/768; cond: 526455373824.0, ratio:0.991142988204956
reserving basis 82/768; cond: 526455373824.0, ratio:0.991142988204956
reserving basis 77/768; cond: 26893303808.0, ratio:0.9919266700744629
reserving basis 77/768; cond: 26893303808.0, ratio:0.9919266700744629
reserving basis 82/768; cond: 60268437504.0, ratio:0.9912844896316528
reserving basis 82/768; cond: 60268437504.0, ratio:0.9912844896316528
reserving basis 76/768; cond: 4308124041216.0, ratio:0.9909408092498779
reserving basis 76/768; cond: 4308124041216.0, ratio:0.9909408092498779
reserving basis 77/768; cond: 71521705984.0, ratio:0.9914007186889648
reserving basis 77/768; cond: 71521705984.0, ratio:0.9914007186889648
reserving basis 74/768; cond: 324877123584.0, ratio:0.9911360740661621
reserving basis 74/768; cond: 324877123584.0, ratio:0.9911360740661621
reserving basis 62/768; cond: 11095442980864.0, ratio:0.9913944602012634
reserving basis 62/768; cond: 11095442980864.0, ratio:0.9913944602012634
reserving basis 65/768; cond: 211507904512.0, ratio:0.9903366565704346
reserving basis 65/768; cond: 211507904512.0, ratio:0.9903366565704346
2026-04-26 23:00:18,310 [palora.py] => Task 10, Epoch 20/20 => Loss 0.381, Train_accy 98.36
2026-04-26 23:00:29,420 [trainer.py] => Time:335.84836316108704
5500 5500
2026-04-26 23:00:43,903 [trainer.py] => Time:14.483105897903442
2026-04-26 23:00:43,904 [trainer.py] => ACC: {'total': 92.69, '00-04': 93.0, '05-09': 96.6, '10-14': 88.0, '15-19': 95.4, '20-24': 96.6, '25-29': 92.0, '30-34': 91.8, '35-39': 91.6, '40-44': 92.8, '45-49': 87.4, '50-54': 94.4, 'old': 92.52, 'new': 94.4}
2026-04-26 23:00:43,904 [trainer.py] => ACC top1 curve: [99.6, 99.1, 97.0, 96.85, 96.64, 95.47, 95.09, 94.68, 94.07, 93.54, 92.69]
Average Accuracy: 95.88454545454546
2026-04-26 23:00:43,904 [trainer.py] => Average Accuracy: 95.88454545454546
2026-04-26 23:00:43,908 [trainer.py] => All params: 114881051
2026-04-26 23:00:43,911 [trainer.py] => Trainable params: 372485
2026-04-26 23:00:43,911 [palora.py] => Learning on 55-60
Parameters to be updated: {'image_encoder.blocks.2.attn.lora_B_k.11.weight', 'image_encoder.blocks.1.attn.lora_B_k.11.weight', 'image_encoder.blocks.4.attn.lora_A_v.11.weight', 'image_encoder.blocks.10.attn.lora_B_v.11.weight', 'image_encoder.blocks.6.attn.lora_A_k.11.weight', 'image_encoder.blocks.7.attn.lora_A_v.11.weight', 'image_encoder.blocks.0.attn.lora_B_v.11.weight', 'image_encoder.blocks.5.attn.lora_A_k.11.weight', 'image_encoder.blocks.7.attn.lora_B_v.11.weight', 'image_encoder.blocks.10.attn.lora_A_v.11.weight', 'image_encoder.blocks.7.attn.lora_B_k.11.weight', 'image_encoder.blocks.8.attn.lora_B_k.11.weight', 'image_encoder.blocks.6.attn.lora_A_v.11.weight', 'image_encoder.blocks.8.attn.lora_B_v.11.weight', 'image_encoder.blocks.9.attn.lora_A_v.11.weight', 'image_encoder.blocks.2.attn.lora_A_v.11.weight', 'classifier_pool.11.bias', 'image_encoder.blocks.4.attn.lora_B_k.11.weight', 'image_encoder.blocks.5.attn.lora_B_k.11.weight', 'image_encoder.blocks.9.attn.lora_A_k.11.weight', 'image_encoder.blocks.5.attn.lora_A_v.11.weight', 'image_encoder.blocks.1.attn.lora_A_k.11.weight', 'image_encoder.blocks.0.attn.lora_B_k.11.weight', 'image_encoder.blocks.5.attn.lora_B_v.11.weight', 'image_encoder.blocks.8.attn.lora_A_k.11.weight', 'image_encoder.blocks.3.attn.lora_A_v.11.weight', 'image_encoder.blocks.11.attn.lora_B_v.11.weight', 'image_encoder.blocks.2.attn.lora_A_k.11.weight', 'image_encoder.blocks.0.attn.lora_A_k.11.weight', 'image_encoder.blocks.11.attn.lora_B_k.11.weight', 'image_encoder.blocks.3.attn.lora_A_k.11.weight', 'image_encoder.blocks.2.attn.lora_B_v.11.weight', 'image_encoder.blocks.6.attn.lora_B_k.11.weight', 'image_encoder.blocks.7.attn.lora_A_k.11.weight', 'image_encoder.blocks.9.attn.lora_B_k.11.weight', 'image_encoder.blocks.3.attn.lora_B_k.11.weight', 'image_encoder.blocks.10.attn.lora_B_k.11.weight', 'image_encoder.blocks.1.attn.lora_B_v.11.weight', 'classifier_pool.11.weight', 'image_encoder.blocks.11.attn.lora_A_k.11.weight', 'image_encoder.blocks.4.attn.lora_B_v.11.weight', 'image_encoder.blocks.8.attn.lora_A_v.11.weight', 'image_encoder.blocks.6.attn.lora_B_v.11.weight', 'image_encoder.blocks.11.attn.lora_A_v.11.weight', 'image_encoder.blocks.4.attn.lora_A_k.11.weight', 'image_encoder.blocks.0.attn.lora_A_v.11.weight', 'image_encoder.blocks.3.attn.lora_B_v.11.weight', 'image_encoder.blocks.10.attn.lora_A_k.11.weight', 'image_encoder.blocks.9.attn.lora_B_v.11.weight', 'image_encoder.blocks.1.attn.lora_A_v.11.weight'}
After trained on task 10 tensor(0.0519, device='cuda:0') tensor(0.0496, device='cuda:0')
After trained on task 10 tensor(0.0518, device='cuda:0') tensor(0.0518, device='cuda:0')
After trained on task 10 tensor(0.0477, device='cuda:0') tensor(0.0636, device='cuda:0')
After trained on task 10 tensor(0.0511, device='cuda:0') tensor(0.0609, device='cuda:0')
After trained on task 10 tensor(0.0691, device='cuda:0') tensor(0.0683, device='cuda:0')
After trained on task 10 tensor(0.0543, device='cuda:0') tensor(0.0745, device='cuda:0')
After trained on task 10 tensor(0.0590, device='cuda:0') tensor(0.0948, device='cuda:0')
After trained on task 10 tensor(0.0645, device='cuda:0') tensor(0.0941, device='cuda:0')
After trained on task 10 tensor(0.0655, device='cuda:0') tensor(0.0906, device='cuda:0')
After trained on task 10 tensor(0.0847, device='cuda:0') tensor(0.1173, device='cuda:0')
After trained on task 10 tensor(0.0844, device='cuda:0') tensor(0.1515, device='cuda:0')
After trained on task 10 tensor(0.4650, device='cuda:0') tensor(0.3695, device='cuda:0')
reserving basis 71/768; cond: 247071653888.0, ratio:0.990332305431366
reserving basis 71/768; cond: 247071653888.0, ratio:0.990332305431366
reserving basis 84/768; cond: 172035227648.0, ratio:0.991775393486023
reserving basis 84/768; cond: 172035227648.0, ratio:0.991775393486023
reserving basis 79/768; cond: 33754632192.0, ratio:0.9914165139198303
reserving basis 79/768; cond: 33754632192.0, ratio:0.9914165139198303
reserving basis 83/768; cond: 39275614208.0, ratio:0.9916468262672424
reserving basis 83/768; cond: 39275614208.0, ratio:0.9916468262672424
reserving basis 85/768; cond: 64768712704.0, ratio:0.9907368421554565
reserving basis 85/768; cond: 64768712704.0, ratio:0.9907368421554565
reserving basis 82/768; cond: 50511282176.0, ratio:0.9907058477401733
reserving basis 82/768; cond: 50511282176.0, ratio:0.9907058477401733
reserving basis 85/768; cond: 69548171264.0, ratio:0.9915529489517212
reserving basis 85/768; cond: 69548171264.0, ratio:0.9915529489517212
reserving basis 84/768; cond: 84439474176.0, ratio:0.9914442300796509
reserving basis 84/768; cond: 84439474176.0, ratio:0.9914442300796509
reserving basis 87/768; cond: 48639479808.0, ratio:0.9921843409538269
reserving basis 87/768; cond: 48639479808.0, ratio:0.9921843409538269
reserving basis 82/768; cond: 120187379712.0, ratio:0.9922947287559509
reserving basis 82/768; cond: 120187379712.0, ratio:0.9922947287559509
reserving basis 87/768; cond: 273459429376.0, ratio:0.9916038513183594
reserving basis 87/768; cond: 273459429376.0, ratio:0.9916038513183594
reserving basis 80/768; cond: 98396381184.0, ratio:0.9908917546272278
reserving basis 80/768; cond: 98396381184.0, ratio:0.9908917546272278
reserving basis 87/768; cond: 77206093824.0, ratio:0.9909767508506775
reserving basis 87/768; cond: 77206093824.0, ratio:0.9909767508506775
reserving basis 81/768; cond: 47894200320.0, ratio:0.9923002123832703
reserving basis 81/768; cond: 47894200320.0, ratio:0.9923002123832703
reserving basis 89/768; cond: 26472728576.0, ratio:0.9904380440711975
reserving basis 89/768; cond: 26472728576.0, ratio:0.9904380440711975
reserving basis 83/768; cond: 219049410560.0, ratio:0.9923995733261108
reserving basis 83/768; cond: 219049410560.0, ratio:0.9923995733261108
reserving basis 88/768; cond: 185502564352.0, ratio:0.9914032816886902
reserving basis 88/768; cond: 185502564352.0, ratio:0.9914032816886902
reserving basis 83/768; cond: 64386084864.0, ratio:0.9921959042549133
reserving basis 83/768; cond: 64386084864.0, ratio:0.9921959042549133
reserving basis 88/768; cond: 80046956544.0, ratio:0.9923970699310303
reserving basis 88/768; cond: 80046956544.0, ratio:0.9923970699310303
reserving basis 81/768; cond: 30723586048.0, ratio:0.9908943772315979
reserving basis 81/768; cond: 30723586048.0, ratio:0.9908943772315979
reserving basis 82/768; cond: 7258616365056.0, ratio:0.9909787178039551
reserving basis 82/768; cond: 7258616365056.0, ratio:0.9909787178039551
reserving basis 79/768; cond: 181951053824.0, ratio:0.9919136762619019
reserving basis 79/768; cond: 181951053824.0, ratio:0.9919136762619019
reserving basis 63/768; cond: 141624147968.0, ratio:0.9908934831619263
reserving basis 63/768; cond: 141624147968.0, ratio:0.9908934831619263
reserving basis 69/768; cond: 551234109440.0, ratio:0.9919676184654236
reserving basis 69/768; cond: 551234109440.0, ratio:0.9919676184654236
2026-04-26 23:06:04,869 [palora.py] => Task 11, Epoch 20/20 => Loss 0.420, Train_accy 97.56
2026-04-26 23:06:16,204 [trainer.py] => Time:332.29288029670715
6000 6000
2026-04-26 23:06:31,646 [trainer.py] => Time:15.441931247711182
2026-04-26 23:06:31,647 [trainer.py] => ACC: {'total': 91.87, '00-04': 92.4, '05-09': 96.6, '10-14': 86.0, '15-19': 95.2, '20-24': 96.6, '25-29': 91.2, '30-34': 90.6, '35-39': 91.4, '40-44': 92.6, '45-49': 88.0, '50-54': 92.2, '55-59': 89.6, 'old': 92.07, 'new': 89.6}
2026-04-26 23:06:31,647 [trainer.py] => ACC top1 curve: [99.6, 99.1, 97.0, 96.85, 96.64, 95.47, 95.09, 94.68, 94.07, 93.54, 92.69, 91.87]
Average Accuracy: 95.55
2026-04-26 23:06:31,647 [trainer.py] => Average Accuracy: 95.55
2026-04-26 23:06:31,651 [trainer.py] => All params: 114881051
2026-04-26 23:06:31,654 [trainer.py] => Trainable params: 372485
2026-04-26 23:06:31,654 [palora.py] => Learning on 60-65
Parameters to be updated: {'image_encoder.blocks.11.attn.lora_B_k.12.weight', 'image_encoder.blocks.5.attn.lora_B_k.12.weight', 'image_encoder.blocks.0.attn.lora_B_k.12.weight', 'image_encoder.blocks.0.attn.lora_A_v.12.weight', 'image_encoder.blocks.2.attn.lora_A_k.12.weight', 'image_encoder.blocks.8.attn.lora_A_k.12.weight', 'image_encoder.blocks.7.attn.lora_B_v.12.weight', 'image_encoder.blocks.9.attn.lora_A_v.12.weight', 'image_encoder.blocks.10.attn.lora_B_k.12.weight', 'image_encoder.blocks.2.attn.lora_B_k.12.weight', 'image_encoder.blocks.5.attn.lora_A_v.12.weight', 'image_encoder.blocks.7.attn.lora_A_k.12.weight', 'image_encoder.blocks.6.attn.lora_B_v.12.weight', 'image_encoder.blocks.7.attn.lora_B_k.12.weight', 'image_encoder.blocks.4.attn.lora_A_k.12.weight', 'image_encoder.blocks.6.attn.lora_A_k.12.weight', 'image_encoder.blocks.6.attn.lora_A_v.12.weight', 'image_encoder.blocks.0.attn.lora_A_k.12.weight', 'image_encoder.blocks.10.attn.lora_A_v.12.weight', 'image_encoder.blocks.11.attn.lora_A_v.12.weight', 'image_encoder.blocks.4.attn.lora_A_v.12.weight', 'image_encoder.blocks.2.attn.lora_B_v.12.weight', 'image_encoder.blocks.2.attn.lora_A_v.12.weight', 'image_encoder.blocks.9.attn.lora_A_k.12.weight', 'classifier_pool.12.bias', 'image_encoder.blocks.4.attn.lora_B_v.12.weight', 'image_encoder.blocks.1.attn.lora_B_v.12.weight', 'image_encoder.blocks.8.attn.lora_B_k.12.weight', 'image_encoder.blocks.3.attn.lora_B_v.12.weight', 'image_encoder.blocks.1.attn.lora_A_v.12.weight', 'image_encoder.blocks.5.attn.lora_A_k.12.weight', 'image_encoder.blocks.3.attn.lora_A_v.12.weight', 'image_encoder.blocks.8.attn.lora_B_v.12.weight', 'image_encoder.blocks.11.attn.lora_A_k.12.weight', 'classifier_pool.12.weight', 'image_encoder.blocks.3.attn.lora_B_k.12.weight', 'image_encoder.blocks.7.attn.lora_A_v.12.weight', 'image_encoder.blocks.11.attn.lora_B_v.12.weight', 'image_encoder.blocks.1.attn.lora_B_k.12.weight', 'image_encoder.blocks.8.attn.lora_A_v.12.weight', 'image_encoder.blocks.4.attn.lora_B_k.12.weight', 'image_encoder.blocks.9.attn.lora_B_k.12.weight', 'image_encoder.blocks.10.attn.lora_A_k.12.weight', 'image_encoder.blocks.6.attn.lora_B_k.12.weight', 'image_encoder.blocks.9.attn.lora_B_v.12.weight', 'image_encoder.blocks.3.attn.lora_A_k.12.weight', 'image_encoder.blocks.1.attn.lora_A_k.12.weight', 'image_encoder.blocks.5.attn.lora_B_v.12.weight', 'image_encoder.blocks.10.attn.lora_B_v.12.weight', 'image_encoder.blocks.0.attn.lora_B_v.12.weight'}
After trained on task 11 tensor(0.0478, device='cuda:0') tensor(0.0511, device='cuda:0')
After trained on task 11 tensor(0.0637, device='cuda:0') tensor(0.0525, device='cuda:0')
After trained on task 11 tensor(0.0593, device='cuda:0') tensor(0.0839, device='cuda:0')
After trained on task 11 tensor(0.0726, device='cuda:0') tensor(0.1098, device='cuda:0')
After trained on task 11 tensor(0.0570, device='cuda:0') tensor(0.0875, device='cuda:0')
After trained on task 11 tensor(0.0636, device='cuda:0') tensor(0.0776, device='cuda:0')
After trained on task 11 tensor(0.0745, device='cuda:0') tensor(0.0930, device='cuda:0')
After trained on task 11 tensor(0.0769, device='cuda:0') tensor(0.1102, device='cuda:0')
After trained on task 11 tensor(0.0942, device='cuda:0') tensor(0.0997, device='cuda:0')
After trained on task 11 tensor(0.0733, device='cuda:0') tensor(0.1054, device='cuda:0')
After trained on task 11 tensor(0.0909, device='cuda:0') tensor(0.1329, device='cuda:0')
After trained on task 11 tensor(0.3395, device='cuda:0') tensor(0.2201, device='cuda:0')
reserving basis 75/768; cond: 902993543168.0, ratio:0.990667998790741
reserving basis 75/768; cond: 902993543168.0, ratio:0.990667998790741
reserving basis 89/768; cond: 15957003264.0, ratio:0.9906309247016907
reserving basis 89/768; cond: 15957003264.0, ratio:0.9906309247016907
reserving basis 84/768; cond: 81448812544.0, ratio:0.9912985563278198
reserving basis 84/768; cond: 81448812544.0, ratio:0.9912985563278198
reserving basis 89/768; cond: 35189030912.0, ratio:0.9921895265579224
reserving basis 89/768; cond: 35189030912.0, ratio:0.9921895265579224
reserving basis 90/768; cond: 76482314240.0, ratio:0.9905822277069092
reserving basis 90/768; cond: 76482314240.0, ratio:0.9905822277069092
reserving basis 87/768; cond: 68065587200.0, ratio:0.9912449717521667
reserving basis 87/768; cond: 68065587200.0, ratio:0.9912449717521667
reserving basis 90/768; cond: 42862718976.0, ratio:0.9905416965484619
reserving basis 90/768; cond: 42862718976.0, ratio:0.9905416965484619
reserving basis 89/768; cond: 40373469184.0, ratio:0.9914812445640564
reserving basis 89/768; cond: 40373469184.0, ratio:0.9914812445640564
reserving basis 93/768; cond: 215140646912.0, ratio:0.9915453195571899
reserving basis 93/768; cond: 215140646912.0, ratio:0.9915453195571899
reserving basis 87/768; cond: 387047653376.0, ratio:0.9902844429016113
reserving basis 87/768; cond: 387047653376.0, ratio:0.9902844429016113
reserving basis 93/768; cond: 139994726400.0, ratio:0.9913908243179321
reserving basis 93/768; cond: 139994726400.0, ratio:0.9913908243179321
reserving basis 86/768; cond: 161798029312.0, ratio:0.9912363290786743
reserving basis 86/768; cond: 161798029312.0, ratio:0.9912363290786743
reserving basis 93/768; cond: 133303746560.0, ratio:0.9917974472045898
reserving basis 93/768; cond: 133303746560.0, ratio:0.9917974472045898
reserving basis 86/768; cond: 38723911680.0, ratio:0.9909348487854004
reserving basis 86/768; cond: 38723911680.0, ratio:0.9909348487854004
reserving basis 95/768; cond: 256307822592.0, ratio:0.9919604063034058
reserving basis 95/768; cond: 256307822592.0, ratio:0.9919604063034058
reserving basis 89/768; cond: 65812566016.0, ratio:0.9922672510147095
reserving basis 89/768; cond: 65812566016.0, ratio:0.9922672510147095
reserving basis 93/768; cond: 23316811776.0, ratio:0.990080714225769
reserving basis 93/768; cond: 23316811776.0, ratio:0.990080714225769
reserving basis 89/768; cond: 483757850624.0, ratio:0.9921398162841797
reserving basis 89/768; cond: 483757850624.0, ratio:0.9921398162841797
reserving basis 94/768; cond: 61060902912.0, ratio:0.9923726916313171
reserving basis 94/768; cond: 61060902912.0, ratio:0.9923726916313171
reserving basis 86/768; cond: 65928372224.0, ratio:0.9916613101959229
reserving basis 86/768; cond: 65928372224.0, ratio:0.9916613101959229
reserving basis 87/768; cond: 489669591040.0, ratio:0.9912352561950684
reserving basis 87/768; cond: 489669591040.0, ratio:0.9912352561950684
reserving basis 83/768; cond: 464695623680.0, ratio:0.9900429248809814
reserving basis 83/768; cond: 464695623680.0, ratio:0.9900429248809814
reserving basis 64/768; cond: 845942161408.0, ratio:0.9905009269714355
reserving basis 64/768; cond: 845942161408.0, ratio:0.9905009269714355
reserving basis 72/768; cond: 34990784512.0, ratio:0.9902310967445374
reserving basis 72/768; cond: 34990784512.0, ratio:0.9902310967445374
2026-04-26 23:11:52,730 [palora.py] => Task 12, Epoch 20/20 => Loss 0.403, Train_accy 97.48
2026-04-26 23:12:03,925 [trainer.py] => Time:332.27122354507446
6500 6500
2026-04-26 23:12:20,158 [trainer.py] => Time:16.232299327850342
2026-04-26 23:12:20,158 [trainer.py] => ACC: {'total': 91.37, '00-04': 91.6, '05-09': 96.8, '10-14': 83.0, '15-19': 95.0, '20-24': 95.0, '25-29': 90.6, '30-34': 90.0, '35-39': 91.8, '40-44': 92.8, '45-49': 87.8, '50-54': 92.0, '55-59': 89.4, '60-64': 92.0, 'old': 91.32, 'new': 92.0}
2026-04-26 23:12:20,158 [trainer.py] => ACC top1 curve: [99.6, 99.1, 97.0, 96.85, 96.64, 95.47, 95.09, 94.68, 94.07, 93.54, 92.69, 91.87, 91.37]
Average Accuracy: 95.22846153846152
2026-04-26 23:12:20,159 [trainer.py] => Average Accuracy: 95.22846153846152
2026-04-26 23:12:20,163 [trainer.py] => All params: 114881051
2026-04-26 23:12:20,166 [trainer.py] => Trainable params: 372485
2026-04-26 23:12:20,166 [palora.py] => Learning on 65-70
Parameters to be updated: {'image_encoder.blocks.4.attn.lora_B_k.13.weight', 'image_encoder.blocks.4.attn.lora_A_k.13.weight', 'image_encoder.blocks.3.attn.lora_B_v.13.weight', 'image_encoder.blocks.10.attn.lora_A_k.13.weight', 'image_encoder.blocks.10.attn.lora_A_v.13.weight', 'image_encoder.blocks.1.attn.lora_B_k.13.weight', 'image_encoder.blocks.1.attn.lora_A_k.13.weight', 'image_encoder.blocks.4.attn.lora_B_v.13.weight', 'image_encoder.blocks.11.attn.lora_A_v.13.weight', 'image_encoder.blocks.7.attn.lora_B_k.13.weight', 'image_encoder.blocks.8.attn.lora_B_k.13.weight', 'image_encoder.blocks.11.attn.lora_B_k.13.weight', 'image_encoder.blocks.6.attn.lora_B_k.13.weight', 'image_encoder.blocks.2.attn.lora_B_v.13.weight', 'image_encoder.blocks.6.attn.lora_A_k.13.weight', 'image_encoder.blocks.8.attn.lora_A_k.13.weight', 'image_encoder.blocks.2.attn.lora_B_k.13.weight', 'image_encoder.blocks.1.attn.lora_A_v.13.weight', 'image_encoder.blocks.3.attn.lora_A_v.13.weight', 'image_encoder.blocks.3.attn.lora_B_k.13.weight', 'image_encoder.blocks.5.attn.lora_B_k.13.weight', 'image_encoder.blocks.5.attn.lora_B_v.13.weight', 'image_encoder.blocks.9.attn.lora_A_v.13.weight', 'image_encoder.blocks.3.attn.lora_A_k.13.weight', 'classifier_pool.13.bias', 'image_encoder.blocks.7.attn.lora_A_k.13.weight', 'image_encoder.blocks.8.attn.lora_A_v.13.weight', 'image_encoder.blocks.9.attn.lora_B_v.13.weight', 'image_encoder.blocks.0.attn.lora_A_v.13.weight', 'image_encoder.blocks.4.attn.lora_A_v.13.weight', 'image_encoder.blocks.7.attn.lora_A_v.13.weight', 'image_encoder.blocks.8.attn.lora_B_v.13.weight', 'image_encoder.blocks.0.attn.lora_B_k.13.weight', 'image_encoder.blocks.5.attn.lora_A_v.13.weight', 'image_encoder.blocks.10.attn.lora_B_v.13.weight', 'image_encoder.blocks.10.attn.lora_B_k.13.weight', 'image_encoder.blocks.1.attn.lora_B_v.13.weight', 'image_encoder.blocks.5.attn.lora_A_k.13.weight', 'image_encoder.blocks.2.attn.lora_A_v.13.weight', 'image_encoder.blocks.6.attn.lora_A_v.13.weight', 'image_encoder.blocks.7.attn.lora_B_v.13.weight', 'classifier_pool.13.weight', 'image_encoder.blocks.0.attn.lora_B_v.13.weight', 'image_encoder.blocks.0.attn.lora_A_k.13.weight', 'image_encoder.blocks.9.attn.lora_A_k.13.weight', 'image_encoder.blocks.9.attn.lora_B_k.13.weight', 'image_encoder.blocks.11.attn.lora_A_k.13.weight', 'image_encoder.blocks.11.attn.lora_B_v.13.weight', 'image_encoder.blocks.6.attn.lora_B_v.13.weight', 'image_encoder.blocks.2.attn.lora_A_k.13.weight'}
After trained on task 12 tensor(0.0495, device='cuda:0') tensor(0.0582, device='cuda:0')
After trained on task 12 tensor(0.0505, device='cuda:0') tensor(0.0558, device='cuda:0')
After trained on task 12 tensor(0.0755, device='cuda:0') tensor(0.0646, device='cuda:0')
After trained on task 12 tensor(0.0539, device='cuda:0') tensor(0.0755, device='cuda:0')
After trained on task 12 tensor(0.0591, device='cuda:0') tensor(0.0824, device='cuda:0')
After trained on task 12 tensor(0.0646, device='cuda:0') tensor(0.0916, device='cuda:0')
After trained on task 12 tensor(0.0614, device='cuda:0') tensor(0.0813, device='cuda:0')
After trained on task 12 tensor(0.0614, device='cuda:0') tensor(0.0945, device='cuda:0')
After trained on task 12 tensor(0.0769, device='cuda:0') tensor(0.0945, device='cuda:0')
After trained on task 12 tensor(0.0624, device='cuda:0') tensor(0.1134, device='cuda:0')
After trained on task 12 tensor(0.0913, device='cuda:0') tensor(0.1684, device='cuda:0')
After trained on task 12 tensor(0.2336, device='cuda:0') tensor(0.2241, device='cuda:0')
reserving basis 78/768; cond: 725081587712.0, ratio:0.9902600646018982
reserving basis 78/768; cond: 725081587712.0, ratio:0.9902600646018982
reserving basis 94/768; cond: 106937090048.0, ratio:0.9912115335464478
reserving basis 94/768; cond: 106937090048.0, ratio:0.9912115335464478
reserving basis 88/768; cond: 194974662656.0, ratio:0.9908349514007568
reserving basis 88/768; cond: 194974662656.0, ratio:0.9908349514007568
reserving basis 94/768; cond: 71299424256.0, ratio:0.9909430146217346
reserving basis 94/768; cond: 71299424256.0, ratio:0.9909430146217346
reserving basis 95/768; cond: 3572007698432.0, ratio:0.9919273853302002
reserving basis 95/768; cond: 3572007698432.0, ratio:0.9919273853302002
reserving basis 92/768; cond: 17954109440.0, ratio:0.9916207194328308
reserving basis 92/768; cond: 17954109440.0, ratio:0.9916207194328308
reserving basis 95/768; cond: 63905198080.0, ratio:0.990639865398407
reserving basis 95/768; cond: 63905198080.0, ratio:0.990639865398407
reserving basis 94/768; cond: 99634216960.0, ratio:0.9913832545280457
reserving basis 94/768; cond: 99634216960.0, ratio:0.9913832545280457
reserving basis 98/768; cond: 158693310464.0, ratio:0.990927517414093
reserving basis 98/768; cond: 158693310464.0, ratio:0.990927517414093
reserving basis 92/768; cond: 317553016832.0, ratio:0.9910048246383667
reserving basis 92/768; cond: 317553016832.0, ratio:0.9910048246383667
reserving basis 98/768; cond: 124911165440.0, ratio:0.9908310174942017
reserving basis 98/768; cond: 124911165440.0, ratio:0.9908310174942017
reserving basis 91/768; cond: 240282435584.0, ratio:0.9908388257026672
reserving basis 91/768; cond: 240282435584.0, ratio:0.9908388257026672
reserving basis 99/768; cond: 279912251392.0, ratio:0.9920653104782104
reserving basis 99/768; cond: 279912251392.0, ratio:0.9920653104782104
reserving basis 91/768; cond: 80806928384.0, ratio:0.9904715418815613
reserving basis 91/768; cond: 80806928384.0, ratio:0.9904715418815613
reserving basis 100/768; cond: 62281920512.0, ratio:0.9902864694595337
reserving basis 100/768; cond: 62281920512.0, ratio:0.9902864694595337
reserving basis 94/768; cond: 57305038848.0, ratio:0.9903268218040466
reserving basis 94/768; cond: 57305038848.0, ratio:0.9903268218040466
reserving basis 98/768; cond: 73816670208.0, ratio:0.9901432991027832
reserving basis 98/768; cond: 73816670208.0, ratio:0.9901432991027832
reserving basis 94/768; cond: 35703812096.0, ratio:0.9912288784980774
reserving basis 94/768; cond: 35703812096.0, ratio:0.9912288784980774
reserving basis 100/768; cond: 26779801600.0, ratio:0.9916491508483887
reserving basis 100/768; cond: 26779801600.0, ratio:0.9916491508483887
reserving basis 91/768; cond: 20023312384.0, ratio:0.99099200963974
reserving basis 91/768; cond: 20023312384.0, ratio:0.99099200963974
reserving basis 92/768; cond: 19620020224.0, ratio:0.9911224842071533
reserving basis 92/768; cond: 19620020224.0, ratio:0.9911224842071533
reserving basis 87/768; cond: 23807412224.0, ratio:0.9909334182739258
reserving basis 87/768; cond: 23807412224.0, ratio:0.9909334182739258
reserving basis 67/768; cond: 104351064064.0, ratio:0.9911832809448242
reserving basis 67/768; cond: 104351064064.0, ratio:0.9911832809448242
reserving basis 75/768; cond: 53967138816.0, ratio:0.9910097122192383
reserving basis 75/768; cond: 53967138816.0, ratio:0.9910097122192383
2026-04-26 23:17:43,529 [palora.py] => Task 13, Epoch 20/20 => Loss 0.412, Train_accy 97.64
2026-04-26 23:17:54,923 [trainer.py] => Time:334.7573118209839
7000 7000
2026-04-26 23:18:12,278 [trainer.py] => Time:17.354604721069336
2026-04-26 23:18:12,279 [trainer.py] => ACC: {'total': 91.29, '00-04': 91.6, '05-09': 96.6, '10-14': 83.0, '15-19': 95.2, '20-24': 94.8, '25-29': 91.0, '30-34': 89.4, '35-39': 91.6, '40-44': 92.6, '45-49': 88.2, '50-54': 91.6, '55-59': 89.2, '60-64': 90.4, '65-69': 92.8, 'old': 91.17, 'new': 92.8}
2026-04-26 23:18:12,279 [trainer.py] => ACC top1 curve: [99.6, 99.1, 97.0, 96.85, 96.64, 95.47, 95.09, 94.68, 94.07, 93.54, 92.69, 91.87, 91.37, 91.29]
Average Accuracy: 94.94714285714284
2026-04-26 23:18:12,279 [trainer.py] => Average Accuracy: 94.94714285714284
2026-04-26 23:18:12,283 [trainer.py] => All params: 114881051
2026-04-26 23:18:12,286 [trainer.py] => Trainable params: 372485
2026-04-26 23:18:12,286 [palora.py] => Learning on 70-75
Parameters to be updated: {'image_encoder.blocks.5.attn.lora_A_v.14.weight', 'image_encoder.blocks.2.attn.lora_B_v.14.weight', 'image_encoder.blocks.11.attn.lora_B_v.14.weight', 'image_encoder.blocks.6.attn.lora_B_v.14.weight', 'image_encoder.blocks.6.attn.lora_A_v.14.weight', 'image_encoder.blocks.7.attn.lora_B_k.14.weight', 'image_encoder.blocks.7.attn.lora_B_v.14.weight', 'image_encoder.blocks.4.attn.lora_A_k.14.weight', 'image_encoder.blocks.0.attn.lora_A_k.14.weight', 'image_encoder.blocks.8.attn.lora_A_k.14.weight', 'image_encoder.blocks.9.attn.lora_A_k.14.weight', 'image_encoder.blocks.4.attn.lora_B_k.14.weight', 'image_encoder.blocks.11.attn.lora_A_k.14.weight', 'image_encoder.blocks.11.attn.lora_A_v.14.weight', 'image_encoder.blocks.7.attn.lora_A_v.14.weight', 'image_encoder.blocks.3.attn.lora_B_k.14.weight', 'image_encoder.blocks.6.attn.lora_A_k.14.weight', 'image_encoder.blocks.10.attn.lora_A_v.14.weight', 'image_encoder.blocks.4.attn.lora_B_v.14.weight', 'image_encoder.blocks.0.attn.lora_A_v.14.weight', 'image_encoder.blocks.5.attn.lora_B_v.14.weight', 'image_encoder.blocks.8.attn.lora_B_k.14.weight', 'image_encoder.blocks.10.attn.lora_B_k.14.weight', 'image_encoder.blocks.1.attn.lora_A_v.14.weight', 'image_encoder.blocks.3.attn.lora_A_k.14.weight', 'image_encoder.blocks.2.attn.lora_B_k.14.weight', 'image_encoder.blocks.0.attn.lora_B_k.14.weight', 'image_encoder.blocks.8.attn.lora_A_v.14.weight', 'image_encoder.blocks.1.attn.lora_B_k.14.weight', 'image_encoder.blocks.0.attn.lora_B_v.14.weight', 'image_encoder.blocks.7.attn.lora_A_k.14.weight', 'image_encoder.blocks.6.attn.lora_B_k.14.weight', 'image_encoder.blocks.9.attn.lora_B_v.14.weight', 'image_encoder.blocks.5.attn.lora_A_k.14.weight', 'image_encoder.blocks.2.attn.lora_A_v.14.weight', 'image_encoder.blocks.10.attn.lora_B_v.14.weight', 'classifier_pool.14.bias', 'image_encoder.blocks.1.attn.lora_A_k.14.weight', 'image_encoder.blocks.9.attn.lora_A_v.14.weight', 'classifier_pool.14.weight', 'image_encoder.blocks.5.attn.lora_B_k.14.weight', 'image_encoder.blocks.11.attn.lora_B_k.14.weight', 'image_encoder.blocks.1.attn.lora_B_v.14.weight', 'image_encoder.blocks.9.attn.lora_B_k.14.weight', 'image_encoder.blocks.3.attn.lora_A_v.14.weight', 'image_encoder.blocks.4.attn.lora_A_v.14.weight', 'image_encoder.blocks.8.attn.lora_B_v.14.weight', 'image_encoder.blocks.10.attn.lora_A_k.14.weight', 'image_encoder.blocks.2.attn.lora_A_k.14.weight', 'image_encoder.blocks.3.attn.lora_B_v.14.weight'}
After trained on task 13 tensor(0.0655, device='cuda:0') tensor(0.0460, device='cuda:0')
After trained on task 13 tensor(0.0561, device='cuda:0') tensor(0.0539, device='cuda:0')
After trained on task 13 tensor(0.0540, device='cuda:0') tensor(0.0660, device='cuda:0')
After trained on task 13 tensor(0.0526, device='cuda:0') tensor(0.0611, device='cuda:0')
After trained on task 13 tensor(0.0537, device='cuda:0') tensor(0.0831, device='cuda:0')
After trained on task 13 tensor(0.0588, device='cuda:0') tensor(0.0873, device='cuda:0')
After trained on task 13 tensor(0.0564, device='cuda:0') tensor(0.0965, device='cuda:0')
After trained on task 13 tensor(0.0630, device='cuda:0') tensor(0.1025, device='cuda:0')
After trained on task 13 tensor(0.0603, device='cuda:0') tensor(0.0936, device='cuda:0')
After trained on task 13 tensor(0.0715, device='cuda:0') tensor(0.0880, device='cuda:0')
After trained on task 13 tensor(0.0839, device='cuda:0') tensor(0.1171, device='cuda:0')
After trained on task 13 tensor(0.2066, device='cuda:0') tensor(0.1620, device='cuda:0')
reserving basis 81/768; cond: 1919715115008.0, ratio:0.9903563857078552
reserving basis 81/768; cond: 1919715115008.0, ratio:0.9903563857078552
reserving basis 99/768; cond: 770568683520.0, ratio:0.9916094541549683
reserving basis 99/768; cond: 770568683520.0, ratio:0.9916094541549683
reserving basis 92/768; cond: 526232289280.0, ratio:0.9910302758216858
reserving basis 92/768; cond: 526232289280.0, ratio:0.9910302758216858
reserving basis 99/768; cond: 4186912587776.0, ratio:0.9918579459190369
reserving basis 99/768; cond: 4186912587776.0, ratio:0.9918579459190369
reserving basis 100/768; cond: 82712027136.0, ratio:0.9912205934524536
reserving basis 100/768; cond: 82712027136.0, ratio:0.9912205934524536
reserving basis 97/768; cond: 38407651328.0, ratio:0.9915357232093811
reserving basis 97/768; cond: 38407651328.0, ratio:0.9915357232093811
reserving basis 100/768; cond: 261753110528.0, ratio:0.9911155700683594
reserving basis 100/768; cond: 261753110528.0, ratio:0.9911155700683594
reserving basis 99/768; cond: 11993057280.0, ratio:0.9914407134056091
reserving basis 99/768; cond: 11993057280.0, ratio:0.9914407134056091
reserving basis 103/768; cond: 82290688000.0, ratio:0.9909826517105103
reserving basis 103/768; cond: 82290688000.0, ratio:0.9909826517105103
reserving basis 96/768; cond: 43845427200.0, ratio:0.9900928139686584
reserving basis 96/768; cond: 43845427200.0, ratio:0.9900928139686584
reserving basis 103/768; cond: 133014155689984.0, ratio:0.9910438060760498
reserving basis 103/768; cond: 133014155689984.0, ratio:0.9910438060760498
reserving basis 96/768; cond: 21706232037376.0, ratio:0.9914635419845581
reserving basis 96/768; cond: 21706232037376.0, ratio:0.9914635419845581
reserving basis 104/768; cond: 111849717760.0, ratio:0.9907835125923157
reserving basis 104/768; cond: 111849717760.0, ratio:0.9907835125923157
reserving basis 96/768; cond: 282441678848.0, ratio:0.9913278222084045
reserving basis 96/768; cond: 282441678848.0, ratio:0.9913278222084045
reserving basis 105/768; cond: 22289760256.0, ratio:0.9907716512680054
reserving basis 105/768; cond: 22289760256.0, ratio:0.9907716512680054
reserving basis 99/768; cond: 9586297856.0, ratio:0.9921759366989136
reserving basis 99/768; cond: 9586297856.0, ratio:0.9921759366989136
reserving basis 104/768; cond: 261974327296.0, ratio:0.991895318031311
reserving basis 104/768; cond: 261974327296.0, ratio:0.991895318031311
reserving basis 99/768; cond: 53328752640.0, ratio:0.9917222261428833
reserving basis 99/768; cond: 53328752640.0, ratio:0.9917222261428833
reserving basis 105/768; cond: 438869819392.0, ratio:0.9908023476600647
reserving basis 105/768; cond: 438869819392.0, ratio:0.9908023476600647
reserving basis 95/768; cond: 33044885504.0, ratio:0.9901823401451111
reserving basis 95/768; cond: 33044885504.0, ratio:0.9901823401451111
reserving basis 96/768; cond: 217695502336.0, ratio:0.9900055527687073
reserving basis 96/768; cond: 217695502336.0, ratio:0.9900055527687073
reserving basis 91/768; cond: 14500802560.0, ratio:0.9904341697692871
reserving basis 91/768; cond: 14500802560.0, ratio:0.9904341697692871
reserving basis 70/768; cond: 1342963449856.0, ratio:0.9912683367729187
reserving basis 70/768; cond: 1342963449856.0, ratio:0.9912683367729187
reserving basis 78/768; cond: 56268144640.0, ratio:0.9904257655143738
reserving basis 78/768; cond: 56268144640.0, ratio:0.9904257655143738
2026-04-26 23:23:36,141 [palora.py] => Task 14, Epoch 20/20 => Loss 0.428, Train_accy 97.48
2026-04-26 23:23:47,210 [trainer.py] => Time:334.92382979393005
7500 7500
2026-04-26 23:24:05,717 [trainer.py] => Time:18.506882429122925
2026-04-26 23:24:05,718 [trainer.py] => ACC: {'total': 90.47, '00-04': 91.0, '05-09': 96.4, '10-14': 82.4, '15-19': 95.4, '20-24': 93.2, '25-29': 90.6, '30-34': 88.8, '35-39': 91.6, '40-44': 92.6, '45-49': 87.8, '50-54': 91.0, '55-59': 87.8, '60-64': 88.6, '65-69': 93.0, '70-74': 86.8, 'old': 90.73, 'new': 86.8}
2026-04-26 23:24:05,718 [trainer.py] => ACC top1 curve: [99.6, 99.1, 97.0, 96.85, 96.64, 95.47, 95.09, 94.68, 94.07, 93.54, 92.69, 91.87, 91.37, 91.29, 90.47]
Average Accuracy: 94.64866666666666
2026-04-26 23:24:05,718 [trainer.py] => Average Accuracy: 94.64866666666666
2026-04-26 23:24:05,722 [trainer.py] => All params: 114881051
2026-04-26 23:24:05,725 [trainer.py] => Trainable params: 372485
2026-04-26 23:24:05,725 [palora.py] => Learning on 75-80
Parameters to be updated: {'image_encoder.blocks.3.attn.lora_B_v.15.weight', 'image_encoder.blocks.9.attn.lora_B_v.15.weight', 'image_encoder.blocks.10.attn.lora_B_v.15.weight', 'image_encoder.blocks.11.attn.lora_A_k.15.weight', 'image_encoder.blocks.11.attn.lora_A_v.15.weight', 'image_encoder.blocks.0.attn.lora_A_v.15.weight', 'image_encoder.blocks.8.attn.lora_B_k.15.weight', 'image_encoder.blocks.6.attn.lora_B_v.15.weight', 'image_encoder.blocks.7.attn.lora_A_v.15.weight', 'image_encoder.blocks.1.attn.lora_A_v.15.weight', 'image_encoder.blocks.7.attn.lora_A_k.15.weight', 'image_encoder.blocks.9.attn.lora_B_k.15.weight', 'image_encoder.blocks.2.attn.lora_B_v.15.weight', 'image_encoder.blocks.4.attn.lora_A_v.15.weight', 'image_encoder.blocks.7.attn.lora_B_k.15.weight', 'image_encoder.blocks.5.attn.lora_A_v.15.weight', 'image_encoder.blocks.5.attn.lora_B_v.15.weight', 'image_encoder.blocks.6.attn.lora_A_v.15.weight', 'image_encoder.blocks.0.attn.lora_B_v.15.weight', 'image_encoder.blocks.3.attn.lora_A_v.15.weight', 'image_encoder.blocks.11.attn.lora_B_k.15.weight', 'image_encoder.blocks.8.attn.lora_A_v.15.weight', 'image_encoder.blocks.9.attn.lora_A_k.15.weight', 'image_encoder.blocks.4.attn.lora_A_k.15.weight', 'image_encoder.blocks.5.attn.lora_B_k.15.weight', 'image_encoder.blocks.9.attn.lora_A_v.15.weight', 'image_encoder.blocks.2.attn.lora_A_v.15.weight', 'image_encoder.blocks.11.attn.lora_B_v.15.weight', 'image_encoder.blocks.0.attn.lora_B_k.15.weight', 'image_encoder.blocks.0.attn.lora_A_k.15.weight', 'classifier_pool.15.bias', 'image_encoder.blocks.1.attn.lora_B_v.15.weight', 'image_encoder.blocks.10.attn.lora_A_k.15.weight', 'image_encoder.blocks.6.attn.lora_A_k.15.weight', 'image_encoder.blocks.4.attn.lora_B_k.15.weight', 'image_encoder.blocks.10.attn.lora_B_k.15.weight', 'image_encoder.blocks.7.attn.lora_B_v.15.weight', 'image_encoder.blocks.8.attn.lora_A_k.15.weight', 'image_encoder.blocks.2.attn.lora_B_k.15.weight', 'classifier_pool.15.weight', 'image_encoder.blocks.1.attn.lora_A_k.15.weight', 'image_encoder.blocks.3.attn.lora_B_k.15.weight', 'image_encoder.blocks.6.attn.lora_B_k.15.weight', 'image_encoder.blocks.3.attn.lora_A_k.15.weight', 'image_encoder.blocks.4.attn.lora_B_v.15.weight', 'image_encoder.blocks.2.attn.lora_A_k.15.weight', 'image_encoder.blocks.1.attn.lora_B_k.15.weight', 'image_encoder.blocks.5.attn.lora_A_k.15.weight', 'image_encoder.blocks.10.attn.lora_A_v.15.weight', 'image_encoder.blocks.8.attn.lora_B_v.15.weight'}
After trained on task 14 tensor(0.0448, device='cuda:0') tensor(0.0468, device='cuda:0')
After trained on task 14 tensor(0.0431, device='cuda:0') tensor(0.0521, device='cuda:0')
After trained on task 14 tensor(0.0581, device='cuda:0') tensor(0.0570, device='cuda:0')
After trained on task 14 tensor(0.0848, device='cuda:0') tensor(0.0652, device='cuda:0')
After trained on task 14 tensor(0.0671, device='cuda:0') tensor(0.0662, device='cuda:0')
After trained on task 14 tensor(0.0523, device='cuda:0') tensor(0.0648, device='cuda:0')
After trained on task 14 tensor(0.0605, device='cuda:0') tensor(0.0693, device='cuda:0')
After trained on task 14 tensor(0.0614, device='cuda:0') tensor(0.0842, device='cuda:0')
After trained on task 14 tensor(0.0578, device='cuda:0') tensor(0.0836, device='cuda:0')
After trained on task 14 tensor(0.0737, device='cuda:0') tensor(0.0898, device='cuda:0')
After trained on task 14 tensor(0.1017, device='cuda:0') tensor(0.1043, device='cuda:0')
After trained on task 14 tensor(0.1587, device='cuda:0') tensor(0.1446, device='cuda:0')
reserving basis 84/768; cond: 1961846243328.0, ratio:0.9903749227523804
reserving basis 84/768; cond: 1961846243328.0, ratio:0.9903749227523804
reserving basis 104/768; cond: 27041443840.0, ratio:0.9908379912376404
reserving basis 104/768; cond: 27041443840.0, ratio:0.9908379912376404
reserving basis 96/768; cond: 404837466112.0, ratio:0.9908825159072876
reserving basis 96/768; cond: 404837466112.0, ratio:0.9908825159072876
reserving basis 104/768; cond: 42988621824.0, ratio:0.9911182522773743
reserving basis 104/768; cond: 42988621824.0, ratio:0.9911182522773743
reserving basis 105/768; cond: 216804868096.0, ratio:0.9919120073318481
reserving basis 105/768; cond: 216804868096.0, ratio:0.9919120073318481
reserving basis 102/768; cond: 120023490560.0, ratio:0.9911463260650635
reserving basis 102/768; cond: 120023490560.0, ratio:0.9911463260650635
reserving basis 104/768; cond: 117770592256.0, ratio:0.9909254908561707
reserving basis 104/768; cond: 117770592256.0, ratio:0.9909254908561707
reserving basis 103/768; cond: 85127430144.0, ratio:0.9904733896255493
reserving basis 103/768; cond: 85127430144.0, ratio:0.9904733896255493
reserving basis 108/768; cond: 144756572160.0, ratio:0.991277813911438
reserving basis 108/768; cond: 144756572160.0, ratio:0.991277813911438
reserving basis 101/768; cond: 375190650880.0, ratio:0.9914183020591736
reserving basis 101/768; cond: 375190650880.0, ratio:0.9914183020591736
reserving basis 108/768; cond: 53376638976.0, ratio:0.9907275438308716
reserving basis 108/768; cond: 53376638976.0, ratio:0.9907275438308716
reserving basis 101/768; cond: 161998962688.0, ratio:0.9907858967781067
reserving basis 101/768; cond: 161998962688.0, ratio:0.9907858967781067
reserving basis 109/768; cond: 187345780736.0, ratio:0.9909267425537109
reserving basis 109/768; cond: 187345780736.0, ratio:0.9909267425537109
reserving basis 101/768; cond: 3248134029312.0, ratio:0.9910573959350586
reserving basis 101/768; cond: 3248134029312.0, ratio:0.9910573959350586
reserving basis 110/768; cond: 98053455872.0, ratio:0.9909424185752869
reserving basis 110/768; cond: 98053455872.0, ratio:0.9909424185752869
reserving basis 104/768; cond: 29831692288.0, ratio:0.9920246601104736
reserving basis 104/768; cond: 29831692288.0, ratio:0.9920246601104736
reserving basis 109/768; cond: 38493274112.0, ratio:0.9905267357826233
reserving basis 109/768; cond: 38493274112.0, ratio:0.9905267357826233
reserving basis 103/768; cond: 66294239232.0, ratio:0.9904402494430542
reserving basis 103/768; cond: 66294239232.0, ratio:0.9904402494430542
reserving basis 110/768; cond: 204508659712.0, ratio:0.9921379089355469
reserving basis 110/768; cond: 204508659712.0, ratio:0.9921379089355469
reserving basis 100/768; cond: 84596006912.0, ratio:0.9919471144676208
reserving basis 100/768; cond: 84596006912.0, ratio:0.9919471144676208
reserving basis 100/768; cond: 303779577856.0, ratio:0.9902321696281433
reserving basis 100/768; cond: 303779577856.0, ratio:0.9902321696281433
reserving basis 95/768; cond: 8396048896.0, ratio:0.9917893409729004
reserving basis 95/768; cond: 8396048896.0, ratio:0.9917893409729004
reserving basis 73/768; cond: 2456360058880.0, ratio:0.9914128184318542
reserving basis 73/768; cond: 2456360058880.0, ratio:0.9914128184318542
reserving basis 81/768; cond: 31423389696.0, ratio:0.990351676940918
reserving basis 81/768; cond: 31423389696.0, ratio:0.990351676940918
2026-04-26 23:29:29,059 [palora.py] => Task 15, Epoch 20/20 => Loss 0.417, Train_accy 97.36
2026-04-26 23:29:40,078 [trainer.py] => Time:334.35246896743774
8000 8000
2026-04-26 23:29:59,381 [trainer.py] => Time:19.302823543548584
2026-04-26 23:29:59,381 [trainer.py] => ACC: {'total': 90.79, '00-04': 91.2, '05-09': 95.8, '10-14': 82.8, '15-19': 94.8, '20-24': 93.2, '25-29': 90.4, '30-34': 89.0, '35-39': 91.6, '40-44': 92.0, '45-49': 87.6, '50-54': 90.4, '55-59': 87.8, '60-64': 88.4, '65-69': 92.4, '70-74': 87.2, '75-79': 98.0, 'old': 90.31, 'new': 98.0}
2026-04-26 23:29:59,381 [trainer.py] => ACC top1 curve: [99.6, 99.1, 97.0, 96.85, 96.64, 95.47, 95.09, 94.68, 94.07, 93.54, 92.69, 91.87, 91.37, 91.29, 90.47, 90.79]
Average Accuracy: 94.40749999999998
2026-04-26 23:29:59,382 [trainer.py] => Average Accuracy: 94.40749999999998
2026-04-26 23:29:59,386 [trainer.py] => All params: 114881051
2026-04-26 23:29:59,389 [trainer.py] => Trainable params: 372485
2026-04-26 23:29:59,389 [palora.py] => Learning on 80-85
Parameters to be updated: {'image_encoder.blocks.7.attn.lora_A_k.16.weight', 'image_encoder.blocks.3.attn.lora_A_k.16.weight', 'image_encoder.blocks.4.attn.lora_B_k.16.weight', 'classifier_pool.16.bias', 'image_encoder.blocks.2.attn.lora_B_k.16.weight', 'image_encoder.blocks.2.attn.lora_A_k.16.weight', 'image_encoder.blocks.4.attn.lora_B_v.16.weight', 'image_encoder.blocks.2.attn.lora_B_v.16.weight', 'classifier_pool.16.weight', 'image_encoder.blocks.7.attn.lora_B_v.16.weight', 'image_encoder.blocks.5.attn.lora_A_v.16.weight', 'image_encoder.blocks.1.attn.lora_B_v.16.weight', 'image_encoder.blocks.11.attn.lora_A_v.16.weight', 'image_encoder.blocks.11.attn.lora_A_k.16.weight', 'image_encoder.blocks.6.attn.lora_B_v.16.weight', 'image_encoder.blocks.0.attn.lora_A_v.16.weight', 'image_encoder.blocks.8.attn.lora_B_v.16.weight', 'image_encoder.blocks.1.attn.lora_A_k.16.weight', 'image_encoder.blocks.0.attn.lora_B_k.16.weight', 'image_encoder.blocks.6.attn.lora_A_k.16.weight', 'image_encoder.blocks.3.attn.lora_B_k.16.weight', 'image_encoder.blocks.8.attn.lora_A_v.16.weight', 'image_encoder.blocks.1.attn.lora_A_v.16.weight', 'image_encoder.blocks.9.attn.lora_B_v.16.weight', 'image_encoder.blocks.5.attn.lora_A_k.16.weight', 'image_encoder.blocks.11.attn.lora_B_k.16.weight', 'image_encoder.blocks.10.attn.lora_A_k.16.weight', 'image_encoder.blocks.10.attn.lora_B_k.16.weight', 'image_encoder.blocks.0.attn.lora_B_v.16.weight', 'image_encoder.blocks.5.attn.lora_B_v.16.weight', 'image_encoder.blocks.7.attn.lora_A_v.16.weight', 'image_encoder.blocks.10.attn.lora_B_v.16.weight', 'image_encoder.blocks.11.attn.lora_B_v.16.weight', 'image_encoder.blocks.0.attn.lora_A_k.16.weight', 'image_encoder.blocks.7.attn.lora_B_k.16.weight', 'image_encoder.blocks.9.attn.lora_A_v.16.weight', 'image_encoder.blocks.10.attn.lora_A_v.16.weight', 'image_encoder.blocks.6.attn.lora_A_v.16.weight', 'image_encoder.blocks.9.attn.lora_B_k.16.weight', 'image_encoder.blocks.6.attn.lora_B_k.16.weight', 'image_encoder.blocks.3.attn.lora_A_v.16.weight', 'image_encoder.blocks.4.attn.lora_A_v.16.weight', 'image_encoder.blocks.8.attn.lora_A_k.16.weight', 'image_encoder.blocks.2.attn.lora_A_v.16.weight', 'image_encoder.blocks.4.attn.lora_A_k.16.weight', 'image_encoder.blocks.3.attn.lora_B_v.16.weight', 'image_encoder.blocks.8.attn.lora_B_k.16.weight', 'image_encoder.blocks.9.attn.lora_A_k.16.weight', 'image_encoder.blocks.5.attn.lora_B_k.16.weight', 'image_encoder.blocks.1.attn.lora_B_k.16.weight'}
After trained on task 15 tensor(0.0504, device='cuda:0') tensor(0.0501, device='cuda:0')
After trained on task 15 tensor(0.0581, device='cuda:0') tensor(0.0563, device='cuda:0')
After trained on task 15 tensor(0.0442, device='cuda:0') tensor(0.0628, device='cuda:0')
After trained on task 15 tensor(0.0515, device='cuda:0') tensor(0.0631, device='cuda:0')
After trained on task 15 tensor(0.0535, device='cuda:0') tensor(0.0716, device='cuda:0')
After trained on task 15 tensor(0.0531, device='cuda:0') tensor(0.0761, device='cuda:0')
After trained on task 15 tensor(0.0576, device='cuda:0') tensor(0.0765, device='cuda:0')
After trained on task 15 tensor(0.0532, device='cuda:0') tensor(0.0763, device='cuda:0')
After trained on task 15 tensor(0.0643, device='cuda:0') tensor(0.0814, device='cuda:0')
After trained on task 15 tensor(0.0536, device='cuda:0') tensor(0.0973, device='cuda:0')
After trained on task 15 tensor(0.0752, device='cuda:0') tensor(0.1088, device='cuda:0')
After trained on task 15 tensor(0.3106, device='cuda:0') tensor(0.1990, device='cuda:0')
reserving basis 87/768; cond: 488866545664.0, ratio:0.9904689192771912
reserving basis 87/768; cond: 488866545664.0, ratio:0.9904689192771912
reserving basis 108/768; cond: 222497079296.0, ratio:0.9909274578094482
reserving basis 108/768; cond: 222497079296.0, ratio:0.9909274578094482
reserving basis 100/768; cond: 3609954615296.0, ratio:0.9911869764328003
reserving basis 100/768; cond: 3609954615296.0, ratio:0.9911869764328003
reserving basis 108/768; cond: 1841436688384.0, ratio:0.9903826117515564
reserving basis 108/768; cond: 1841436688384.0, ratio:0.9903826117515564
reserving basis 109/768; cond: 31187482624.0, ratio:0.990548312664032
reserving basis 109/768; cond: 31187482624.0, ratio:0.990548312664032
reserving basis 106/768; cond: 36686082048.0, ratio:0.990337610244751
reserving basis 106/768; cond: 36686082048.0, ratio:0.990337610244751
reserving basis 108/768; cond: 54312140800.0, ratio:0.9910984635353088
reserving basis 108/768; cond: 54312140800.0, ratio:0.9910984635353088
reserving basis 108/768; cond: 491959353344.0, ratio:0.9915194511413574
reserving basis 108/768; cond: 491959353344.0, ratio:0.9915194511413574
reserving basis 113/768; cond: 62498959360.0, ratio:0.9920362234115601
reserving basis 113/768; cond: 62498959360.0, ratio:0.9920362234115601
reserving basis 105/768; cond: 36875186176.0, ratio:0.9910733699798584
reserving basis 105/768; cond: 36875186176.0, ratio:0.9910733699798584
reserving basis 112/768; cond: 488479883264.0, ratio:0.9901370406150818
reserving basis 112/768; cond: 488479883264.0, ratio:0.9901370406150818
reserving basis 105/768; cond: 30730082304.0, ratio:0.9908488392829895
reserving basis 105/768; cond: 30730082304.0, ratio:0.9908488392829895
reserving basis 114/768; cond: 52826959872.0, ratio:0.9915409684181213
reserving basis 114/768; cond: 52826959872.0, ratio:0.9915409684181213
reserving basis 105/768; cond: 105642795008.0, ratio:0.9903609156608582
reserving basis 105/768; cond: 105642795008.0, ratio:0.9903609156608582
reserving basis 115/768; cond: 2751916933120.0, ratio:0.9911562204360962
reserving basis 115/768; cond: 2751916933120.0, ratio:0.9911562204360962
reserving basis 109/768; cond: 383589941248.0, ratio:0.9919040203094482
reserving basis 109/768; cond: 383589941248.0, ratio:0.9919040203094482
reserving basis 114/768; cond: 208492707840.0, ratio:0.9915336966514587
reserving basis 114/768; cond: 208492707840.0, ratio:0.9915336966514587
reserving basis 107/768; cond: 59742789632.0, ratio:0.9900176525115967
reserving basis 107/768; cond: 59742789632.0, ratio:0.9900176525115967
reserving basis 115/768; cond: 119290003456.0, ratio:0.9918096661567688
reserving basis 115/768; cond: 119290003456.0, ratio:0.9918096661567688
reserving basis 104/768; cond: 5862958080.0, ratio:0.9903241991996765
reserving basis 104/768; cond: 5862958080.0, ratio:0.9903241991996765
reserving basis 104/768; cond: 25832687616.0, ratio:0.9906965494155884
reserving basis 104/768; cond: 25832687616.0, ratio:0.9906965494155884
reserving basis 99/768; cond: 28775608320.0, ratio:0.9913819432258606
reserving basis 99/768; cond: 28775608320.0, ratio:0.9913819432258606
reserving basis 74/768; cond: 152165269504.0, ratio:0.9907582998275757
reserving basis 74/768; cond: 152165269504.0, ratio:0.9907582998275757
reserving basis 84/768; cond: 24099235840.0, ratio:0.991767168045044
reserving basis 84/768; cond: 24099235840.0, ratio:0.991767168045044
2026-04-26 23:35:21,733 [palora.py] => Task 16, Epoch 20/20 => Loss 0.362, Train_accy 99.12
2026-04-26 23:35:33,019 [trainer.py] => Time:333.63048005104065
8500 8500
2026-04-26 23:35:53,114 [trainer.py] => Time:20.094281911849976
2026-04-26 23:35:53,114 [trainer.py] => ACC: {'total': 90.75, '00-04': 90.8, '05-09': 95.8, '10-14': 81.6, '15-19': 94.6, '20-24': 93.2, '25-29': 90.4, '30-34': 88.8, '35-39': 91.2, '40-44': 91.8, '45-49': 86.8, '50-54': 90.6, '55-59': 88.0, '60-64': 88.6, '65-69': 92.6, '70-74': 86.8, '75-79': 97.8, '80-84': 93.4, 'old': 90.59, 'new': 93.4}
2026-04-26 23:35:53,114 [trainer.py] => ACC top1 curve: [99.6, 99.1, 97.0, 96.85, 96.64, 95.47, 95.09, 94.68, 94.07, 93.54, 92.69, 91.87, 91.37, 91.29, 90.47, 90.79, 90.75]
Average Accuracy: 94.19235294117645
2026-04-26 23:35:53,114 [trainer.py] => Average Accuracy: 94.19235294117645
2026-04-26 23:35:53,118 [trainer.py] => All params: 114881051
2026-04-26 23:35:53,122 [trainer.py] => Trainable params: 372485
2026-04-26 23:35:53,122 [palora.py] => Learning on 85-90
Parameters to be updated: {'image_encoder.blocks.5.attn.lora_B_k.17.weight', 'image_encoder.blocks.3.attn.lora_A_v.17.weight', 'image_encoder.blocks.3.attn.lora_A_k.17.weight', 'image_encoder.blocks.4.attn.lora_B_k.17.weight', 'image_encoder.blocks.8.attn.lora_B_v.17.weight', 'image_encoder.blocks.9.attn.lora_B_k.17.weight', 'image_encoder.blocks.7.attn.lora_B_v.17.weight', 'image_encoder.blocks.3.attn.lora_B_v.17.weight', 'classifier_pool.17.bias', 'image_encoder.blocks.9.attn.lora_A_k.17.weight', 'image_encoder.blocks.10.attn.lora_A_k.17.weight', 'image_encoder.blocks.5.attn.lora_A_k.17.weight', 'image_encoder.blocks.0.attn.lora_B_v.17.weight', 'image_encoder.blocks.2.attn.lora_A_k.17.weight', 'image_encoder.blocks.0.attn.lora_A_k.17.weight', 'image_encoder.blocks.4.attn.lora_B_v.17.weight', 'image_encoder.blocks.1.attn.lora_B_v.17.weight', 'image_encoder.blocks.8.attn.lora_B_k.17.weight', 'image_encoder.blocks.8.attn.lora_A_v.17.weight', 'image_encoder.blocks.5.attn.lora_A_v.17.weight', 'image_encoder.blocks.1.attn.lora_A_k.17.weight', 'image_encoder.blocks.2.attn.lora_B_v.17.weight', 'image_encoder.blocks.1.attn.lora_B_k.17.weight', 'classifier_pool.17.weight', 'image_encoder.blocks.5.attn.lora_B_v.17.weight', 'image_encoder.blocks.4.attn.lora_A_k.17.weight', 'image_encoder.blocks.6.attn.lora_B_k.17.weight', 'image_encoder.blocks.11.attn.lora_A_k.17.weight', 'image_encoder.blocks.10.attn.lora_B_v.17.weight', 'image_encoder.blocks.2.attn.lora_B_k.17.weight', 'image_encoder.blocks.11.attn.lora_B_v.17.weight', 'image_encoder.blocks.7.attn.lora_A_v.17.weight', 'image_encoder.blocks.10.attn.lora_A_v.17.weight', 'image_encoder.blocks.9.attn.lora_A_v.17.weight', 'image_encoder.blocks.6.attn.lora_B_v.17.weight', 'image_encoder.blocks.9.attn.lora_B_v.17.weight', 'image_encoder.blocks.6.attn.lora_A_v.17.weight', 'image_encoder.blocks.4.attn.lora_A_v.17.weight', 'image_encoder.blocks.10.attn.lora_B_k.17.weight', 'image_encoder.blocks.2.attn.lora_A_v.17.weight', 'image_encoder.blocks.11.attn.lora_B_k.17.weight', 'image_encoder.blocks.0.attn.lora_A_v.17.weight', 'image_encoder.blocks.3.attn.lora_B_k.17.weight', 'image_encoder.blocks.7.attn.lora_A_k.17.weight', 'image_encoder.blocks.7.attn.lora_B_k.17.weight', 'image_encoder.blocks.0.attn.lora_B_k.17.weight', 'image_encoder.blocks.1.attn.lora_A_v.17.weight', 'image_encoder.blocks.8.attn.lora_A_k.17.weight', 'image_encoder.blocks.11.attn.lora_A_v.17.weight', 'image_encoder.blocks.6.attn.lora_A_k.17.weight'}
After trained on task 16 tensor(0.0382, device='cuda:0') tensor(0.0453, device='cuda:0')
After trained on task 16 tensor(0.0463, device='cuda:0') tensor(0.0529, device='cuda:0')
After trained on task 16 tensor(0.0482, device='cuda:0') tensor(0.0573, device='cuda:0')
After trained on task 16 tensor(0.0579, device='cuda:0') tensor(0.0537, device='cuda:0')
After trained on task 16 tensor(0.0462, device='cuda:0') tensor(0.0633, device='cuda:0')
After trained on task 16 tensor(0.0597, device='cuda:0') tensor(0.0701, device='cuda:0')
After trained on task 16 tensor(0.0499, device='cuda:0') tensor(0.0729, device='cuda:0')
After trained on task 16 tensor(0.0534, device='cuda:0') tensor(0.0718, device='cuda:0')
After trained on task 16 tensor(0.0562, device='cuda:0') tensor(0.0798, device='cuda:0')
After trained on task 16 tensor(0.0609, device='cuda:0') tensor(0.1059, device='cuda:0')
After trained on task 16 tensor(0.0712, device='cuda:0') tensor(0.1124, device='cuda:0')
After trained on task 16 tensor(0.2394, device='cuda:0') tensor(0.2400, device='cuda:0')
reserving basis 90/768; cond: 474258374656.0, ratio:0.9911824464797974
reserving basis 90/768; cond: 474258374656.0, ratio:0.9911824464797974
reserving basis 113/768; cond: 157962813440.0, ratio:0.9919716119766235
reserving basis 113/768; cond: 157962813440.0, ratio:0.9919716119766235
reserving basis 104/768; cond: 912705585152.0, ratio:0.9916915893554688
reserving basis 104/768; cond: 912705585152.0, ratio:0.9916915893554688
reserving basis 112/768; cond: 38192623616.0, ratio:0.9907061457633972
reserving basis 112/768; cond: 38192623616.0, ratio:0.9907061457633972
reserving basis 113/768; cond: 127446425600.0, ratio:0.9907291531562805
reserving basis 113/768; cond: 127446425600.0, ratio:0.9907291531562805
reserving basis 111/768; cond: 124548882432.0, ratio:0.9920133352279663
reserving basis 111/768; cond: 124548882432.0, ratio:0.9920133352279663
reserving basis 112/768; cond: 436001013760.0, ratio:0.9916085004806519
reserving basis 112/768; cond: 436001013760.0, ratio:0.9916085004806519
reserving basis 112/768; cond: 712040775680.0, ratio:0.9903923869132996
reserving basis 112/768; cond: 712040775680.0, ratio:0.9903923869132996
reserving basis 117/768; cond: 48924274688.0, ratio:0.9904202818870544
reserving basis 117/768; cond: 48924274688.0, ratio:0.9904202818870544
reserving basis 109/768; cond: 75967111168.0, ratio:0.9903537034988403
reserving basis 109/768; cond: 75967111168.0, ratio:0.9903537034988403
reserving basis 116/768; cond: 20885706752.0, ratio:0.991165280342102
reserving basis 116/768; cond: 20885706752.0, ratio:0.991165280342102
reserving basis 109/768; cond: 64234332160.0, ratio:0.9911938905715942
reserving basis 109/768; cond: 64234332160.0, ratio:0.9911938905715942
reserving basis 118/768; cond: 32168456192.0, ratio:0.9901754260063171
reserving basis 118/768; cond: 32168456192.0, ratio:0.9901754260063171
reserving basis 109/768; cond: 268729925632.0, ratio:0.9907883405685425
reserving basis 109/768; cond: 268729925632.0, ratio:0.9907883405685425
reserving basis 120/768; cond: 45438808064.0, ratio:0.9918902516365051
reserving basis 120/768; cond: 45438808064.0, ratio:0.9918902516365051
reserving basis 113/768; cond: 22872561664.0, ratio:0.9906682372093201
reserving basis 113/768; cond: 22872561664.0, ratio:0.9906682372093201
reserving basis 118/768; cond: 11782318080.0, ratio:0.9903817176818848
reserving basis 118/768; cond: 11782318080.0, ratio:0.9903817176818848
reserving basis 111/768; cond: 401659756544.0, ratio:0.9902645349502563
reserving basis 111/768; cond: 401659756544.0, ratio:0.9902645349502563
reserving basis 119/768; cond: 25399857152.0, ratio:0.9908444881439209
reserving basis 119/768; cond: 25399857152.0, ratio:0.9908444881439209
reserving basis 108/768; cond: 26128316416.0, ratio:0.9911465048789978
reserving basis 108/768; cond: 26128316416.0, ratio:0.9911465048789978
reserving basis 108/768; cond: 103117750272.0, ratio:0.9911395311355591
reserving basis 108/768; cond: 103117750272.0, ratio:0.9911395311355591
reserving basis 103/768; cond: 43849236480.0, ratio:0.9917393922805786
reserving basis 103/768; cond: 43849236480.0, ratio:0.9917393922805786
reserving basis 75/768; cond: 2279054245888.0, ratio:0.9900323748588562
reserving basis 75/768; cond: 2279054245888.0, ratio:0.9900323748588562
reserving basis 87/768; cond: 260355031040.0, ratio:0.9912363290786743
reserving basis 87/768; cond: 260355031040.0, ratio:0.9912363290786743
2026-04-26 23:41:18,154 [palora.py] => Task 17, Epoch 20/20 => Loss 0.425, Train_accy 97.04
2026-04-26 23:41:29,318 [trainer.py] => Time:336.1963737010956
9000 9000
2026-04-26 23:41:50,685 [trainer.py] => Time:21.366040468215942
2026-04-26 23:41:50,685 [trainer.py] => ACC: {'total': 90.92, '00-04': 91.2, '05-09': 95.8, '10-14': 81.6, '15-19': 94.8, '20-24': 93.4, '25-29': 90.6, '30-34': 88.6, '35-39': 90.8, '40-44': 90.8, '45-49': 86.8, '50-54': 91.2, '55-59': 87.8, '60-64': 88.4, '65-69': 92.0, '70-74': 86.6, '75-79': 98.0, '80-84': 93.4, '85-89': 94.8, 'old': 90.69, 'new': 94.8}
2026-04-26 23:41:50,685 [trainer.py] => ACC top1 curve: [99.6, 99.1, 97.0, 96.85, 96.64, 95.47, 95.09, 94.68, 94.07, 93.54, 92.69, 91.87, 91.37, 91.29, 90.47, 90.79, 90.75, 90.92]
Average Accuracy: 94.01055555555554
2026-04-26 23:41:50,685 [trainer.py] => Average Accuracy: 94.01055555555554
2026-04-26 23:41:50,689 [trainer.py] => All params: 114881051
2026-04-26 23:41:50,692 [trainer.py] => Trainable params: 372485
2026-04-26 23:41:50,692 [palora.py] => Learning on 90-95
Parameters to be updated: {'image_encoder.blocks.4.attn.lora_B_k.18.weight', 'image_encoder.blocks.9.attn.lora_B_v.18.weight', 'image_encoder.blocks.7.attn.lora_B_v.18.weight', 'image_encoder.blocks.7.attn.lora_A_k.18.weight', 'image_encoder.blocks.2.attn.lora_A_v.18.weight', 'image_encoder.blocks.7.attn.lora_A_v.18.weight', 'image_encoder.blocks.3.attn.lora_B_v.18.weight', 'image_encoder.blocks.3.attn.lora_B_k.18.weight', 'image_encoder.blocks.9.attn.lora_A_v.18.weight', 'image_encoder.blocks.10.attn.lora_B_v.18.weight', 'image_encoder.blocks.10.attn.lora_A_k.18.weight', 'image_encoder.blocks.4.attn.lora_B_v.18.weight', 'image_encoder.blocks.7.attn.lora_B_k.18.weight', 'image_encoder.blocks.11.attn.lora_A_k.18.weight', 'image_encoder.blocks.10.attn.lora_A_v.18.weight', 'classifier_pool.18.bias', 'image_encoder.blocks.1.attn.lora_B_v.18.weight', 'image_encoder.blocks.6.attn.lora_B_k.18.weight', 'image_encoder.blocks.6.attn.lora_B_v.18.weight', 'image_encoder.blocks.10.attn.lora_B_k.18.weight', 'image_encoder.blocks.3.attn.lora_A_v.18.weight', 'image_encoder.blocks.8.attn.lora_B_k.18.weight', 'image_encoder.blocks.8.attn.lora_A_k.18.weight', 'image_encoder.blocks.5.attn.lora_B_k.18.weight', 'image_encoder.blocks.5.attn.lora_A_v.18.weight', 'image_encoder.blocks.9.attn.lora_B_k.18.weight', 'image_encoder.blocks.0.attn.lora_B_v.18.weight', 'image_encoder.blocks.4.attn.lora_A_v.18.weight', 'classifier_pool.18.weight', 'image_encoder.blocks.8.attn.lora_B_v.18.weight', 'image_encoder.blocks.1.attn.lora_A_v.18.weight', 'image_encoder.blocks.1.attn.lora_A_k.18.weight', 'image_encoder.blocks.3.attn.lora_A_k.18.weight', 'image_encoder.blocks.9.attn.lora_A_k.18.weight', 'image_encoder.blocks.0.attn.lora_A_k.18.weight', 'image_encoder.blocks.0.attn.lora_B_k.18.weight', 'image_encoder.blocks.4.attn.lora_A_k.18.weight', 'image_encoder.blocks.5.attn.lora_B_v.18.weight', 'image_encoder.blocks.11.attn.lora_A_v.18.weight', 'image_encoder.blocks.2.attn.lora_A_k.18.weight', 'image_encoder.blocks.2.attn.lora_B_k.18.weight', 'image_encoder.blocks.0.attn.lora_A_v.18.weight', 'image_encoder.blocks.2.attn.lora_B_v.18.weight', 'image_encoder.blocks.11.attn.lora_B_k.18.weight', 'image_encoder.blocks.1.attn.lora_B_k.18.weight', 'image_encoder.blocks.5.attn.lora_A_k.18.weight', 'image_encoder.blocks.6.attn.lora_A_v.18.weight', 'image_encoder.blocks.8.attn.lora_A_v.18.weight', 'image_encoder.blocks.11.attn.lora_B_v.18.weight', 'image_encoder.blocks.6.attn.lora_A_k.18.weight'}
After trained on task 17 tensor(0.0463, device='cuda:0') tensor(0.0391, device='cuda:0')
After trained on task 17 tensor(0.0396, device='cuda:0') tensor(0.0445, device='cuda:0')
After trained on task 17 tensor(0.0550, device='cuda:0') tensor(0.0530, device='cuda:0')
After trained on task 17 tensor(0.0393, device='cuda:0') tensor(0.0498, device='cuda:0')
After trained on task 17 tensor(0.0473, device='cuda:0') tensor(0.0531, device='cuda:0')
After trained on task 17 tensor(0.0492, device='cuda:0') tensor(0.0752, device='cuda:0')
After trained on task 17 tensor(0.0484, device='cuda:0') tensor(0.0681, device='cuda:0')
After trained on task 17 tensor(0.0512, device='cuda:0') tensor(0.0704, device='cuda:0')
After trained on task 17 tensor(0.0609, device='cuda:0') tensor(0.0722, device='cuda:0')
After trained on task 17 tensor(0.0658, device='cuda:0') tensor(0.0828, device='cuda:0')
After trained on task 17 tensor(0.1342, device='cuda:0') tensor(0.1189, device='cuda:0')
After trained on task 17 tensor(0.3792, device='cuda:0') tensor(0.2106, device='cuda:0')
reserving basis 93/768; cond: 250469072896.0, ratio:0.9916940927505493
reserving basis 93/768; cond: 250469072896.0, ratio:0.9916940927505493
reserving basis 117/768; cond: 70767181824.0, ratio:0.9912185668945312
reserving basis 117/768; cond: 70767181824.0, ratio:0.9912185668945312
reserving basis 107/768; cond: 44627161088.0, ratio:0.99129718542099
reserving basis 107/768; cond: 44627161088.0, ratio:0.99129718542099
reserving basis 116/768; cond: 1086408949760.0, ratio:0.9917644262313843
reserving basis 116/768; cond: 1086408949760.0, ratio:0.9917644262313843
reserving basis 117/768; cond: 53698715648.0, ratio:0.9914413094520569
reserving basis 117/768; cond: 53698715648.0, ratio:0.9914413094520569
reserving basis 115/768; cond: 19016251392.0, ratio:0.9916238784790039
reserving basis 115/768; cond: 19016251392.0, ratio:0.9916238784790039
reserving basis 115/768; cond: 78316126208.0, ratio:0.99002605676651
reserving basis 115/768; cond: 78316126208.0, ratio:0.99002605676651
reserving basis 116/768; cond: 389848989696.0, ratio:0.9908051490783691
reserving basis 116/768; cond: 389848989696.0, ratio:0.9908051490783691
reserving basis 121/768; cond: 71388610560.0, ratio:0.9904144406318665
reserving basis 121/768; cond: 71388610560.0, ratio:0.9904144406318665
reserving basis 113/768; cond: 2496562987008.0, ratio:0.9906299710273743
reserving basis 113/768; cond: 2496562987008.0, ratio:0.9906299710273743
reserving basis 120/768; cond: 24355880960.0, ratio:0.9905998110771179
reserving basis 120/768; cond: 24355880960.0, ratio:0.9905998110771179
reserving basis 113/768; cond: 237915537408.0, ratio:0.9919344186782837
reserving basis 113/768; cond: 237915537408.0, ratio:0.9919344186782837
reserving basis 122/768; cond: 51439796224.0, ratio:0.9900783896446228
reserving basis 122/768; cond: 51439796224.0, ratio:0.9900783896446228
reserving basis 113/768; cond: 84152360960.0, ratio:0.990695595741272
reserving basis 113/768; cond: 84152360960.0, ratio:0.990695595741272
reserving basis 125/768; cond: 25050224640.0, ratio:0.9919081330299377
reserving basis 125/768; cond: 25050224640.0, ratio:0.9919081330299377
reserving basis 117/768; cond: 12863772672.0, ratio:0.9905316829681396
reserving basis 117/768; cond: 12863772672.0, ratio:0.9905316829681396
reserving basis 122/768; cond: 116924735488.0, ratio:0.9904258251190186
reserving basis 122/768; cond: 116924735488.0, ratio:0.9904258251190186
reserving basis 115/768; cond: 81909563392.0, ratio:0.9904066920280457
reserving basis 115/768; cond: 81909563392.0, ratio:0.9904066920280457
reserving basis 123/768; cond: 30114086912.0, ratio:0.9906458258628845
reserving basis 123/768; cond: 30114086912.0, ratio:0.9906458258628845
reserving basis 112/768; cond: 658062901248.0, ratio:0.991035521030426
reserving basis 112/768; cond: 658062901248.0, ratio:0.991035521030426
reserving basis 111/768; cond: 161894318080.0, ratio:0.9904253482818604
reserving basis 111/768; cond: 161894318080.0, ratio:0.9904253482818604
reserving basis 106/768; cond: 36520308736.0, ratio:0.9901941418647766
reserving basis 106/768; cond: 36520308736.0, ratio:0.9901941418647766
reserving basis 75/768; cond: 222498258944.0, ratio:0.9904268980026245
reserving basis 75/768; cond: 222498258944.0, ratio:0.9904268980026245
reserving basis 89/768; cond: 21506609152.0, ratio:0.9906936883926392
reserving basis 89/768; cond: 21506609152.0, ratio:0.9906936883926392
2026-04-26 23:47:14,495 [palora.py] => Task 18, Epoch 20/20 => Loss 0.383, Train_accy 98.44
2026-04-26 23:47:24,575 [trainer.py] => Time:333.88303899765015
9500 9500
2026-04-26 23:47:46,450 [trainer.py] => Time:21.874387502670288
2026-04-26 23:47:46,450 [trainer.py] => ACC: {'total': 90.93, '00-04': 91.4, '05-09': 95.6, '10-14': 81.8, '15-19': 94.6, '20-24': 93.8, '25-29': 90.6, '30-34': 88.2, '35-39': 90.6, '40-44': 90.4, '45-49': 86.8, '50-54': 90.8, '55-59': 87.4, '60-64': 87.6, '65-69': 92.2, '70-74': 87.0, '75-79': 98.0, '80-84': 92.4, '85-89': 94.8, '90-94': 93.6, 'old': 90.78, 'new': 93.6}
2026-04-26 23:47:46,450 [trainer.py] => ACC top1 curve: [99.6, 99.1, 97.0, 96.85, 96.64, 95.47, 95.09, 94.68, 94.07, 93.54, 92.69, 91.87, 91.37, 91.29, 90.47, 90.79, 90.75, 90.92, 90.93]
Average Accuracy: 93.84842105263158
2026-04-26 23:47:46,451 [trainer.py] => Average Accuracy: 93.84842105263158
2026-04-26 23:47:46,455 [trainer.py] => All params: 114881051
2026-04-26 23:47:46,459 [trainer.py] => Trainable params: 372485
2026-04-26 23:47:46,459 [palora.py] => Learning on 95-100
Parameters to be updated: {'image_encoder.blocks.6.attn.lora_A_v.19.weight', 'image_encoder.blocks.7.attn.lora_A_k.19.weight', 'image_encoder.blocks.4.attn.lora_B_v.19.weight', 'image_encoder.blocks.8.attn.lora_A_v.19.weight', 'image_encoder.blocks.4.attn.lora_A_k.19.weight', 'image_encoder.blocks.11.attn.lora_A_k.19.weight', 'image_encoder.blocks.9.attn.lora_B_k.19.weight', 'image_encoder.blocks.8.attn.lora_B_v.19.weight', 'image_encoder.blocks.9.attn.lora_A_k.19.weight', 'classifier_pool.19.weight', 'image_encoder.blocks.11.attn.lora_B_k.19.weight', 'image_encoder.blocks.5.attn.lora_A_v.19.weight', 'image_encoder.blocks.4.attn.lora_A_v.19.weight', 'image_encoder.blocks.3.attn.lora_A_k.19.weight', 'image_encoder.blocks.3.attn.lora_B_k.19.weight', 'image_encoder.blocks.9.attn.lora_B_v.19.weight', 'image_encoder.blocks.7.attn.lora_A_v.19.weight', 'image_encoder.blocks.3.attn.lora_A_v.19.weight', 'image_encoder.blocks.6.attn.lora_A_k.19.weight', 'image_encoder.blocks.10.attn.lora_B_k.19.weight', 'image_encoder.blocks.11.attn.lora_B_v.19.weight', 'classifier_pool.19.bias', 'image_encoder.blocks.1.attn.lora_A_v.19.weight', 'image_encoder.blocks.5.attn.lora_A_k.19.weight', 'image_encoder.blocks.3.attn.lora_B_v.19.weight', 'image_encoder.blocks.1.attn.lora_B_k.19.weight', 'image_encoder.blocks.0.attn.lora_A_k.19.weight', 'image_encoder.blocks.5.attn.lora_B_v.19.weight', 'image_encoder.blocks.8.attn.lora_A_k.19.weight', 'image_encoder.blocks.11.attn.lora_A_v.19.weight', 'image_encoder.blocks.10.attn.lora_A_v.19.weight', 'image_encoder.blocks.6.attn.lora_B_k.19.weight', 'image_encoder.blocks.9.attn.lora_A_v.19.weight', 'image_encoder.blocks.5.attn.lora_B_k.19.weight', 'image_encoder.blocks.1.attn.lora_B_v.19.weight', 'image_encoder.blocks.10.attn.lora_A_k.19.weight', 'image_encoder.blocks.1.attn.lora_A_k.19.weight', 'image_encoder.blocks.0.attn.lora_A_v.19.weight', 'image_encoder.blocks.7.attn.lora_B_k.19.weight', 'image_encoder.blocks.0.attn.lora_B_v.19.weight', 'image_encoder.blocks.10.attn.lora_B_v.19.weight', 'image_encoder.blocks.8.attn.lora_B_k.19.weight', 'image_encoder.blocks.4.attn.lora_B_k.19.weight', 'image_encoder.blocks.6.attn.lora_B_v.19.weight', 'image_encoder.blocks.2.attn.lora_A_k.19.weight', 'image_encoder.blocks.2.attn.lora_B_k.19.weight', 'image_encoder.blocks.7.attn.lora_B_v.19.weight', 'image_encoder.blocks.2.attn.lora_B_v.19.weight', 'image_encoder.blocks.2.attn.lora_A_v.19.weight', 'image_encoder.blocks.0.attn.lora_B_k.19.weight'}
After trained on task 18 tensor(0.0575, device='cuda:0') tensor(0.0409, device='cuda:0')
After trained on task 18 tensor(0.0494, device='cuda:0') tensor(0.0481, device='cuda:0')
After trained on task 18 tensor(0.0441, device='cuda:0') tensor(0.0519, device='cuda:0')
After trained on task 18 tensor(0.0516, device='cuda:0') tensor(0.0515, device='cuda:0')
After trained on task 18 tensor(0.0463, device='cuda:0') tensor(0.0593, device='cuda:0')
After trained on task 18 tensor(0.0511, device='cuda:0') tensor(0.0644, device='cuda:0')
After trained on task 18 tensor(0.0505, device='cuda:0') tensor(0.0621, device='cuda:0')
After trained on task 18 tensor(0.0470, device='cuda:0') tensor(0.0754, device='cuda:0')
After trained on task 18 tensor(0.0517, device='cuda:0') tensor(0.0793, device='cuda:0')
After trained on task 18 tensor(0.0528, device='cuda:0') tensor(0.1027, device='cuda:0')
After trained on task 18 tensor(0.0593, device='cuda:0') tensor(0.1053, device='cuda:0')
After trained on task 18 tensor(0.1464, device='cuda:0') tensor(0.1330, device='cuda:0')
reserving basis 96/768; cond: 333976043520.0, ratio:0.9916017055511475
reserving basis 96/768; cond: 333976043520.0, ratio:0.9916017055511475
reserving basis 121/768; cond: 81395171328.0, ratio:0.9906010031700134
reserving basis 121/768; cond: 81395171328.0, ratio:0.9906010031700134
reserving basis 110/768; cond: 835180494848.0, ratio:0.9914578199386597
reserving basis 110/768; cond: 835180494848.0, ratio:0.9914578199386597
reserving basis 120/768; cond: 176545742848.0, ratio:0.9907533526420593
reserving basis 120/768; cond: 176545742848.0, ratio:0.9907533526420593
reserving basis 121/768; cond: 153874513920.0, ratio:0.9917614459991455
reserving basis 121/768; cond: 153874513920.0, ratio:0.9917614459991455
reserving basis 119/768; cond: 40170500096.0, ratio:0.991653561592102
reserving basis 119/768; cond: 40170500096.0, ratio:0.991653561592102
reserving basis 119/768; cond: 30888570880.0, ratio:0.9916353225708008
reserving basis 119/768; cond: 30888570880.0, ratio:0.9916353225708008
reserving basis 120/768; cond: 14803740672.0, ratio:0.9917855858802795
reserving basis 120/768; cond: 14803740672.0, ratio:0.9917855858802795
reserving basis 125/768; cond: 614077104128.0, ratio:0.9917781949043274
reserving basis 125/768; cond: 614077104128.0, ratio:0.9917781949043274
reserving basis 116/768; cond: 33025728512.0, ratio:0.9900199770927429
reserving basis 116/768; cond: 33025728512.0, ratio:0.9900199770927429
reserving basis 124/768; cond: 116359168000.0, ratio:0.9910579919815063
reserving basis 124/768; cond: 116359168000.0, ratio:0.9910579919815063
reserving basis 116/768; cond: 751665020928.0, ratio:0.9901294708251953
reserving basis 116/768; cond: 751665020928.0, ratio:0.9901294708251953
reserving basis 126/768; cond: 301089423360.0, ratio:0.9908786416053772
reserving basis 126/768; cond: 301089423360.0, ratio:0.9908786416053772
reserving basis 117/768; cond: 73043632128.0, ratio:0.9913198351860046
reserving basis 117/768; cond: 73043632128.0, ratio:0.9913198351860046
reserving basis 129/768; cond: 68834664448.0, ratio:0.9905267357826233
reserving basis 129/768; cond: 68834664448.0, ratio:0.9905267357826233
reserving basis 120/768; cond: 95007506432.0, ratio:0.9905702471733093
reserving basis 120/768; cond: 95007506432.0, ratio:0.9905702471733093
reserving basis 126/768; cond: 55375138816.0, ratio:0.9908713102340698
reserving basis 126/768; cond: 55375138816.0, ratio:0.9908713102340698
reserving basis 119/768; cond: 12061855744.0, ratio:0.9917659163475037
reserving basis 119/768; cond: 12061855744.0, ratio:0.9917659163475037
reserving basis 127/768; cond: 33602576384.0, ratio:0.9912239909172058
reserving basis 127/768; cond: 33602576384.0, ratio:0.9912239909172058
reserving basis 115/768; cond: 18629400576.0, ratio:0.9907571077346802
reserving basis 115/768; cond: 18629400576.0, ratio:0.9907571077346802
reserving basis 115/768; cond: 116396392448.0, ratio:0.991664469242096
reserving basis 115/768; cond: 116396392448.0, ratio:0.991664469242096
reserving basis 110/768; cond: 84223008768.0, ratio:0.991743803024292
reserving basis 110/768; cond: 84223008768.0, ratio:0.991743803024292
reserving basis 77/768; cond: 562260344832.0, ratio:0.9913517832756042
reserving basis 77/768; cond: 562260344832.0, ratio:0.9913517832756042
reserving basis 92/768; cond: 58028122112.0, ratio:0.9905362129211426
reserving basis 92/768; cond: 58028122112.0, ratio:0.9905362129211426
2026-04-26 23:52:54,803 [palora.py] => Task 19, Epoch 20/20 => Loss 0.381, Train_accy 98.68
2026-04-26 23:53:04,484 [trainer.py] => Time:318.02547550201416
10000 10000
2026-04-26 23:53:27,154 [trainer.py] => Time:22.669950008392334
2026-04-26 23:53:27,155 [trainer.py] => ACC: {'total': 90.31, '00-04': 91.0, '05-09': 95.6, '10-14': 80.8, '15-19': 94.0, '20-24': 93.8, '25-29': 90.6, '30-34': 86.4, '35-39': 89.0, '40-44': 90.2, '45-49': 85.2, '50-54': 90.6, '55-59': 87.2, '60-64': 87.4, '65-69': 92.4, '70-74': 87.0, '75-79': 96.0, '80-84': 92.4, '85-89': 94.8, '90-94': 93.6, '95-99': 88.2, 'old': 90.42, 'new': 88.2}
2026-04-26 23:53:27,155 [trainer.py] => ACC top1 curve: [99.6, 99.1, 97.0, 96.85, 96.64, 95.47, 95.09, 94.68, 94.07, 93.54, 92.69, 91.87, 91.37, 91.29, 90.47, 90.79, 90.75, 90.92, 90.93, 90.31]
Average Accuracy: 93.6715
2026-04-26 23:53:27,155 [trainer.py] => Average Accuracy: 93.6715
