logs/cifar100/2_2_sip/palora/Adam/0
2026-04-27 01:57:40,526 [trainer.py] => config: configs/palora/c50_palora.json
2026-04-27 01:57:40,526 [trainer.py] => device: [device(type='cuda', index=0)]
2026-04-27 01:57:40,526 [trainer.py] => eval: False
2026-04-27 01:57:40,526 [trainer.py] => p: 0.5
2026-04-27 01:57:40,526 [trainer.py] => prefix: reproduce
2026-04-27 01:57:40,526 [trainer.py] => dataset: cifar100
2026-04-27 01:57:40,526 [trainer.py] => data_path: data/
2026-04-27 01:57:40,526 [trainer.py] => memory_size: 0
2026-04-27 01:57:40,526 [trainer.py] => memory_per_class: 0
2026-04-27 01:57:40,526 [trainer.py] => fixed_memory: True
2026-04-27 01:57:40,526 [trainer.py] => shuffle: False
2026-04-27 01:57:40,527 [trainer.py] => seed: 0
2026-04-27 01:57:40,527 [trainer.py] => init_cls: 2
2026-04-27 01:57:40,527 [trainer.py] => increment: 2
2026-04-27 01:57:40,527 [trainer.py] => total_sessions: 50
2026-04-27 01:57:40,527 [trainer.py] => model_name: palora
2026-04-27 01:57:40,527 [trainer.py] => net_type: sip
2026-04-27 01:57:40,527 [trainer.py] => embd_dim: 768
2026-04-27 01:57:40,527 [trainer.py] => num_heads: 12
2026-04-27 01:57:40,527 [trainer.py] => EPSILON: 1e-08
2026-04-27 01:57:40,527 [trainer.py] => init_epoch: 20
2026-04-27 01:57:40,527 [trainer.py] => optim: Adam
2026-04-27 01:57:40,527 [trainer.py] => init_lr: 0.0005
2026-04-27 01:57:40,527 [trainer.py] => init_lr_decay: 0.1
2026-04-27 01:57:40,527 [trainer.py] => init_weight_decay: 0.0
2026-04-27 01:57:40,527 [trainer.py] => epochs: 20
2026-04-27 01:57:40,527 [trainer.py] => fc_lrate: 0.002
2026-04-27 01:57:40,527 [trainer.py] => lrate: 0.0005
2026-04-27 01:57:40,527 [trainer.py] => lrate_decay: 0.1
2026-04-27 01:57:40,527 [trainer.py] => batch_size: 128
2026-04-27 01:57:40,527 [trainer.py] => weight_decay: 0.0
2026-04-27 01:57:40,527 [trainer.py] => rank: 10
2026-04-27 01:57:40,527 [trainer.py] => margin_inter: 2.0
2026-04-27 01:57:40,527 [trainer.py] => lambada: 0.5
2026-04-27 01:57:40,527 [trainer.py] => num_workers: 16
Files already downloaded and verified
Files already downloaded and verified
2026-04-27 01:57:42,211 [data_manager.py] => [0, 1, 2, 3, 4, 5, 6, 7, 8, 9, 10, 11, 12, 13, 14, 15, 16, 17, 18, 19, 20, 21, 22, 23, 24, 25, 26, 27, 28, 29, 30, 31, 32, 33, 34, 35, 36, 37, 38, 39, 40, 41, 42, 43, 44, 45, 46, 47, 48, 49, 50, 51, 52, 53, 54, 55, 56, 57, 58, 59, 60, 61, 62, 63, 64, 65, 66, 67, 68, 69, 70, 71, 72, 73, 74, 75, 76, 77, 78, 79, 80, 81, 82, 83, 84, 85, 86, 87, 88, 89, 90, 91, 92, 93, 94, 95, 96, 97, 98, 99]
2026-04-27 01:57:45,504 [trainer.py] => All params: 125940251
2026-04-27 01:57:45,512 [trainer.py] => Trainable params: 125940251
2026-04-27 01:57:45,512 [palora.py] => Learning on 0-2
Parameters to be updated: {'image_encoder.blocks.10.attn.lora_A_v.0.weight', 'image_encoder.blocks.8.attn.lora_A_k.0.weight', 'image_encoder.blocks.9.attn.lora_B_k.0.weight', 'image_encoder.blocks.11.attn.lora_B_k.0.weight', 'image_encoder.blocks.2.attn.lora_A_k.0.weight', 'image_encoder.blocks.5.attn.lora_B_k.0.weight', 'image_encoder.blocks.6.attn.lora_A_k.0.weight', 'image_encoder.blocks.11.attn.lora_A_k.0.weight', 'image_encoder.blocks.7.attn.lora_B_k.0.weight', 'image_encoder.blocks.4.attn.lora_B_v.0.weight', 'image_encoder.blocks.9.attn.lora_A_k.0.weight', 'image_encoder.blocks.10.attn.lora_A_k.0.weight', 'classifier_pool.0.bias', 'image_encoder.blocks.3.attn.lora_A_k.0.weight', 'image_encoder.blocks.0.attn.lora_A_k.0.weight', 'image_encoder.blocks.5.attn.lora_B_v.0.weight', 'image_encoder.blocks.9.attn.lora_A_v.0.weight', 'image_encoder.blocks.8.attn.lora_B_k.0.weight', 'image_encoder.blocks.1.attn.lora_B_k.0.weight', 'image_encoder.blocks.11.attn.lora_A_v.0.weight', 'image_encoder.blocks.2.attn.lora_B_v.0.weight', 'image_encoder.blocks.6.attn.lora_B_v.0.weight', 'image_encoder.blocks.5.attn.lora_A_v.0.weight', 'image_encoder.blocks.1.attn.lora_A_k.0.weight', 'image_encoder.blocks.7.attn.lora_B_v.0.weight', 'image_encoder.blocks.4.attn.lora_A_v.0.weight', 'image_encoder.blocks.9.attn.lora_B_v.0.weight', 'classifier_pool.0.weight', 'image_encoder.blocks.3.attn.lora_B_v.0.weight', 'image_encoder.blocks.6.attn.lora_B_k.0.weight', 'image_encoder.blocks.8.attn.lora_A_v.0.weight', 'image_encoder.blocks.0.attn.lora_B_k.0.weight', 'image_encoder.blocks.10.attn.lora_B_v.0.weight', 'image_encoder.blocks.10.attn.lora_B_k.0.weight', 'image_encoder.blocks.8.attn.lora_B_v.0.weight', 'image_encoder.blocks.1.attn.lora_B_v.0.weight', 'image_encoder.blocks.11.attn.lora_B_v.0.weight', 'image_encoder.blocks.2.attn.lora_A_v.0.weight', 'image_encoder.blocks.1.attn.lora_A_v.0.weight', 'image_encoder.blocks.0.attn.lora_B_v.0.weight', 'image_encoder.blocks.0.attn.lora_A_v.0.weight', 'image_encoder.blocks.6.attn.lora_A_v.0.weight', 'image_encoder.blocks.7.attn.lora_A_k.0.weight', 'image_encoder.blocks.4.attn.lora_A_k.0.weight', 'image_encoder.blocks.3.attn.lora_A_v.0.weight', 'image_encoder.blocks.5.attn.lora_A_k.0.weight', 'image_encoder.blocks.2.attn.lora_B_k.0.weight', 'image_encoder.blocks.4.attn.lora_B_k.0.weight', 'image_encoder.blocks.7.attn.lora_A_v.0.weight', 'image_encoder.blocks.3.attn.lora_B_k.0.weight'}
2026-04-27 02:00:35,988 [palora.py] => Task 0, Epoch 20/20 => Loss 0.217, Train_accy 99.80
2026-04-27 02:00:40,807 [trainer.py] => Time:175.2949812412262
200 200
2026-04-27 02:00:45,185 [trainer.py] => Time:4.378010988235474
2026-04-27 02:00:45,185 [trainer.py] => ACC: {'total': 100.0, '00-01': 100.0, 'old': 0, 'new': 100.0}
2026-04-27 02:00:45,185 [trainer.py] => ACC top1 curve: [100.0]
Average Accuracy: 100.0
2026-04-27 02:00:45,185 [trainer.py] => Average Accuracy: 100.0
2026-04-27 02:00:45,195 [trainer.py] => All params: 125940251
2026-04-27 02:00:45,204 [trainer.py] => Trainable params: 370178
2026-04-27 02:00:45,204 [palora.py] => Learning on 2-4
Parameters to be updated: {'image_encoder.blocks.7.attn.lora_B_v.1.weight', 'image_encoder.blocks.2.attn.lora_B_k.1.weight', 'image_encoder.blocks.11.attn.lora_B_k.1.weight', 'classifier_pool.1.weight', 'image_encoder.blocks.2.attn.lora_A_k.1.weight', 'image_encoder.blocks.11.attn.lora_B_v.1.weight', 'image_encoder.blocks.9.attn.lora_A_v.1.weight', 'image_encoder.blocks.1.attn.lora_A_v.1.weight', 'image_encoder.blocks.0.attn.lora_B_k.1.weight', 'image_encoder.blocks.3.attn.lora_B_v.1.weight', 'image_encoder.blocks.1.attn.lora_B_v.1.weight', 'image_encoder.blocks.5.attn.lora_A_k.1.weight', 'image_encoder.blocks.6.attn.lora_A_v.1.weight', 'image_encoder.blocks.9.attn.lora_A_k.1.weight', 'image_encoder.blocks.4.attn.lora_B_k.1.weight', 'image_encoder.blocks.11.attn.lora_A_v.1.weight', 'image_encoder.blocks.10.attn.lora_A_v.1.weight', 'image_encoder.blocks.3.attn.lora_B_k.1.weight', 'image_encoder.blocks.2.attn.lora_A_v.1.weight', 'image_encoder.blocks.4.attn.lora_A_k.1.weight', 'image_encoder.blocks.7.attn.lora_A_k.1.weight', 'image_encoder.blocks.8.attn.lora_B_k.1.weight', 'image_encoder.blocks.10.attn.lora_B_v.1.weight', 'image_encoder.blocks.5.attn.lora_A_v.1.weight', 'image_encoder.blocks.7.attn.lora_A_v.1.weight', 'image_encoder.blocks.1.attn.lora_B_k.1.weight', 'image_encoder.blocks.9.attn.lora_B_k.1.weight', 'image_encoder.blocks.11.attn.lora_A_k.1.weight', 'image_encoder.blocks.7.attn.lora_B_k.1.weight', 'image_encoder.blocks.3.attn.lora_A_k.1.weight', 'image_encoder.blocks.3.attn.lora_A_v.1.weight', 'image_encoder.blocks.5.attn.lora_B_v.1.weight', 'image_encoder.blocks.9.attn.lora_B_v.1.weight', 'image_encoder.blocks.4.attn.lora_A_v.1.weight', 'image_encoder.blocks.4.attn.lora_B_v.1.weight', 'image_encoder.blocks.6.attn.lora_A_k.1.weight', 'image_encoder.blocks.0.attn.lora_A_v.1.weight', 'image_encoder.blocks.6.attn.lora_B_k.1.weight', 'image_encoder.blocks.0.attn.lora_A_k.1.weight', 'image_encoder.blocks.8.attn.lora_A_k.1.weight', 'image_encoder.blocks.8.attn.lora_B_v.1.weight', 'image_encoder.blocks.10.attn.lora_A_k.1.weight', 'classifier_pool.1.bias', 'image_encoder.blocks.5.attn.lora_B_k.1.weight', 'image_encoder.blocks.2.attn.lora_B_v.1.weight', 'image_encoder.blocks.6.attn.lora_B_v.1.weight', 'image_encoder.blocks.10.attn.lora_B_k.1.weight', 'image_encoder.blocks.8.attn.lora_A_v.1.weight', 'image_encoder.blocks.0.attn.lora_B_v.1.weight', 'image_encoder.blocks.1.attn.lora_A_k.1.weight'}
After trained on task 0 tensor(0.1515, device='cuda:0') tensor(0.2114, device='cuda:0')
After trained on task 0 tensor(0.1989, device='cuda:0') tensor(0.1997, device='cuda:0')
After trained on task 0 tensor(0.3033, device='cuda:0') tensor(0.2426, device='cuda:0')
After trained on task 0 tensor(0.1920, device='cuda:0') tensor(0.2488, device='cuda:0')
After trained on task 0 tensor(0.1940, device='cuda:0') tensor(0.2342, device='cuda:0')
After trained on task 0 tensor(0.2480, device='cuda:0') tensor(0.2961, device='cuda:0')
After trained on task 0 tensor(0.2535, device='cuda:0') tensor(0.3183, device='cuda:0')
After trained on task 0 tensor(0.3136, device='cuda:0') tensor(0.3444, device='cuda:0')
After trained on task 0 tensor(0.2110, device='cuda:0') tensor(0.3291, device='cuda:0')
After trained on task 0 tensor(0.3244, device='cuda:0') tensor(0.4007, device='cuda:0')
After trained on task 0 tensor(0.5092, device='cuda:0') tensor(0.4880, device='cuda:0')
After trained on task 0 tensor(0.6696, device='cuda:0') tensor(0.7550, device='cuda:0')
reserving basis 10/768; cond: 2692941086720.0, ratio:0.9999989867210388
reserving basis 10/768; cond: 2692941086720.0, ratio:0.9999989867210388
reserving basis 10/768; cond: 2480529997824.0, ratio:0.9999992251396179
reserving basis 10/768; cond: 2480529997824.0, ratio:0.9999992251396179
reserving basis 10/768; cond: 2003284262912.0, ratio:0.9999993443489075
reserving basis 10/768; cond: 2003284262912.0, ratio:0.9999993443489075
reserving basis 10/768; cond: 1990855622656.0, ratio:0.9999991059303284
reserving basis 10/768; cond: 1990855622656.0, ratio:0.9999991059303284
reserving basis 10/768; cond: 6233403686912.0, ratio:0.9999991655349731
reserving basis 10/768; cond: 6233403686912.0, ratio:0.9999991655349731
reserving basis 10/768; cond: 32281968246784.0, ratio:0.9999991655349731
reserving basis 10/768; cond: 32281968246784.0, ratio:0.9999991655349731
reserving basis 10/768; cond: 1314224209920.0, ratio:0.9999991655349731
reserving basis 10/768; cond: 1314224209920.0, ratio:0.9999991655349731
reserving basis 10/768; cond: 907660427264.0, ratio:0.9999991655349731
reserving basis 10/768; cond: 907660427264.0, ratio:0.9999991655349731
reserving basis 10/768; cond: 159052906627072.0, ratio:0.9999992251396179
reserving basis 10/768; cond: 159052906627072.0, ratio:0.9999992251396179
reserving basis 10/768; cond: 2749782294528.0, ratio:0.9999990463256836
reserving basis 10/768; cond: 2749782294528.0, ratio:0.9999990463256836
reserving basis 10/768; cond: 43901960323072.0, ratio:0.9999990463256836
reserving basis 10/768; cond: 43901960323072.0, ratio:0.9999990463256836
reserving basis 10/768; cond: 3274974167040.0, ratio:0.9999990463256836
reserving basis 10/768; cond: 3274974167040.0, ratio:0.9999990463256836
reserving basis 10/768; cond: 10172381528064.0, ratio:0.9999990463256836
reserving basis 10/768; cond: 10172381528064.0, ratio:0.9999990463256836
reserving basis 10/768; cond: 154088410972160.0, ratio:0.9999992847442627
reserving basis 10/768; cond: 154088410972160.0, ratio:0.9999992847442627
reserving basis 10/768; cond: 36941173096448.0, ratio:0.9999991655349731
reserving basis 10/768; cond: 36941173096448.0, ratio:0.9999991655349731
reserving basis 10/768; cond: 1342138220544.0, ratio:0.9999993443489075
reserving basis 10/768; cond: 1342138220544.0, ratio:0.9999993443489075
reserving basis 10/768; cond: 15824219799552.0, ratio:0.9999991655349731
reserving basis 10/768; cond: 15824219799552.0, ratio:0.9999991655349731
reserving basis 10/768; cond: 3450987085824.0, ratio:0.9999991059303284
reserving basis 10/768; cond: 3450987085824.0, ratio:0.9999991059303284
reserving basis 10/768; cond: 3243697766400.0, ratio:0.9999990463256836
reserving basis 10/768; cond: 3243697766400.0, ratio:0.9999990463256836
reserving basis 10/768; cond: 5450887069696.0, ratio:0.9999990463256836
reserving basis 10/768; cond: 5450887069696.0, ratio:0.9999990463256836
reserving basis 10/768; cond: 2225939677184.0, ratio:0.9999991655349731
reserving basis 10/768; cond: 2225939677184.0, ratio:0.9999991655349731
reserving basis 10/768; cond: 4039037157376.0, ratio:0.9999992251396179
reserving basis 10/768; cond: 4039037157376.0, ratio:0.9999992251396179
reserving basis 9/768; cond: 1574622724096.0, ratio:0.993414044380188
reserving basis 9/768; cond: 1574622724096.0, ratio:0.993414044380188
reserving basis 9/768; cond: 5480006025216.0, ratio:0.9914916753768921
reserving basis 9/768; cond: 5480006025216.0, ratio:0.9914916753768921
2026-04-27 02:03:38,763 [palora.py] => Task 1, Epoch 20/20 => Loss 0.338, Train_accy 98.60
2026-04-27 02:03:43,568 [trainer.py] => Time:178.3638002872467
400 400
2026-04-27 02:03:48,199 [trainer.py] => Time:4.6302807331085205
2026-04-27 02:03:48,199 [trainer.py] => ACC: {'total': 99.5, '00-01': 100.0, '02-03': 99.0, 'old': 100.0, 'new': 99.0}
2026-04-27 02:03:48,199 [trainer.py] => ACC top1 curve: [100.0, 99.5]
Average Accuracy: 99.75
2026-04-27 02:03:48,199 [trainer.py] => Average Accuracy: 99.75
2026-04-27 02:03:48,210 [trainer.py] => All params: 125940251
2026-04-27 02:03:48,218 [trainer.py] => Trainable params: 370178
2026-04-27 02:03:48,218 [palora.py] => Learning on 4-6
Parameters to be updated: {'image_encoder.blocks.7.attn.lora_B_k.2.weight', 'image_encoder.blocks.4.attn.lora_A_k.2.weight', 'image_encoder.blocks.11.attn.lora_A_v.2.weight', 'classifier_pool.2.bias', 'image_encoder.blocks.0.attn.lora_A_k.2.weight', 'image_encoder.blocks.2.attn.lora_B_k.2.weight', 'image_encoder.blocks.8.attn.lora_A_k.2.weight', 'image_encoder.blocks.7.attn.lora_B_v.2.weight', 'image_encoder.blocks.9.attn.lora_B_v.2.weight', 'image_encoder.blocks.6.attn.lora_A_k.2.weight', 'image_encoder.blocks.10.attn.lora_B_k.2.weight', 'image_encoder.blocks.10.attn.lora_B_v.2.weight', 'image_encoder.blocks.7.attn.lora_A_k.2.weight', 'image_encoder.blocks.8.attn.lora_A_v.2.weight', 'image_encoder.blocks.4.attn.lora_B_k.2.weight', 'image_encoder.blocks.6.attn.lora_A_v.2.weight', 'image_encoder.blocks.1.attn.lora_A_k.2.weight', 'image_encoder.blocks.5.attn.lora_A_v.2.weight', 'image_encoder.blocks.6.attn.lora_B_v.2.weight', 'image_encoder.blocks.1.attn.lora_A_v.2.weight', 'image_encoder.blocks.9.attn.lora_B_k.2.weight', 'image_encoder.blocks.6.attn.lora_B_k.2.weight', 'image_encoder.blocks.11.attn.lora_A_k.2.weight', 'image_encoder.blocks.7.attn.lora_A_v.2.weight', 'image_encoder.blocks.4.attn.lora_A_v.2.weight', 'image_encoder.blocks.1.attn.lora_B_v.2.weight', 'image_encoder.blocks.11.attn.lora_B_k.2.weight', 'image_encoder.blocks.2.attn.lora_A_v.2.weight', 'image_encoder.blocks.0.attn.lora_A_v.2.weight', 'image_encoder.blocks.0.attn.lora_B_k.2.weight', 'image_encoder.blocks.10.attn.lora_A_k.2.weight', 'image_encoder.blocks.5.attn.lora_B_k.2.weight', 'image_encoder.blocks.8.attn.lora_B_k.2.weight', 'image_encoder.blocks.5.attn.lora_B_v.2.weight', 'image_encoder.blocks.2.attn.lora_A_k.2.weight', 'image_encoder.blocks.9.attn.lora_A_v.2.weight', 'image_encoder.blocks.11.attn.lora_B_v.2.weight', 'image_encoder.blocks.0.attn.lora_B_v.2.weight', 'image_encoder.blocks.2.attn.lora_B_v.2.weight', 'image_encoder.blocks.4.attn.lora_B_v.2.weight', 'image_encoder.blocks.10.attn.lora_A_v.2.weight', 'image_encoder.blocks.3.attn.lora_B_v.2.weight', 'image_encoder.blocks.3.attn.lora_B_k.2.weight', 'classifier_pool.2.weight', 'image_encoder.blocks.5.attn.lora_A_k.2.weight', 'image_encoder.blocks.1.attn.lora_B_k.2.weight', 'image_encoder.blocks.3.attn.lora_A_v.2.weight', 'image_encoder.blocks.8.attn.lora_B_v.2.weight', 'image_encoder.blocks.3.attn.lora_A_k.2.weight', 'image_encoder.blocks.9.attn.lora_A_k.2.weight'}
After trained on task 1 tensor(0.0984, device='cuda:0') tensor(0.0981, device='cuda:0')
After trained on task 1 tensor(0.1144, device='cuda:0') tensor(0.1084, device='cuda:0')
After trained on task 1 tensor(0.1247, device='cuda:0') tensor(0.1156, device='cuda:0')
After trained on task 1 tensor(0.1078, device='cuda:0') tensor(0.1365, device='cuda:0')
After trained on task 1 tensor(0.1130, device='cuda:0') tensor(0.2154, device='cuda:0')
After trained on task 1 tensor(0.1320, device='cuda:0') tensor(0.1844, device='cuda:0')
After trained on task 1 tensor(0.1479, device='cuda:0') tensor(0.2676, device='cuda:0')
After trained on task 1 tensor(0.1486, device='cuda:0') tensor(0.2396, device='cuda:0')
After trained on task 1 tensor(0.1366, device='cuda:0') tensor(0.2423, device='cuda:0')
After trained on task 1 tensor(0.1711, device='cuda:0') tensor(0.2999, device='cuda:0')
After trained on task 1 tensor(0.3462, device='cuda:0') tensor(0.3539, device='cuda:0')
After trained on task 1 tensor(0.4252, device='cuda:0') tensor(0.4897, device='cuda:0')
reserving basis 19/768; cond: 1350326157312.0, ratio:0.9922683835029602
reserving basis 19/768; cond: 1350326157312.0, ratio:0.9922683835029602
reserving basis 19/768; cond: 1083236941824.0, ratio:0.9907866716384888
reserving basis 19/768; cond: 1083236941824.0, ratio:0.9907866716384888
reserving basis 20/768; cond: 324792516608.0, ratio:0.9999987483024597
reserving basis 20/768; cond: 324792516608.0, ratio:0.9999987483024597
reserving basis 20/768; cond: 631625351168.0, ratio:0.9999987483024597
reserving basis 20/768; cond: 631625351168.0, ratio:0.9999987483024597
reserving basis 20/768; cond: 1099232116736.0, ratio:0.9999986290931702
reserving basis 20/768; cond: 1099232116736.0, ratio:0.9999986290931702
reserving basis 19/768; cond: 2637406142464.0, ratio:0.9905970692634583
reserving basis 19/768; cond: 2637406142464.0, ratio:0.9905970692634583
reserving basis 20/768; cond: 672904118272.0, ratio:0.9999987483024597
reserving basis 20/768; cond: 672904118272.0, ratio:0.9999987483024597
reserving basis 19/768; cond: 1083838431232.0, ratio:0.9911143779754639
reserving basis 19/768; cond: 1083838431232.0, ratio:0.9911143779754639
reserving basis 20/768; cond: 5145718423552.0, ratio:0.9999988079071045
reserving basis 20/768; cond: 5145718423552.0, ratio:0.9999988079071045
reserving basis 19/768; cond: 24747305861120.0, ratio:0.9929975271224976
reserving basis 19/768; cond: 24747305861120.0, ratio:0.9929975271224976
reserving basis 20/768; cond: 599722950656.0, ratio:0.9999986290931702
reserving basis 20/768; cond: 599722950656.0, ratio:0.9999986290931702
reserving basis 19/768; cond: 2114115862528.0, ratio:0.9906914234161377
reserving basis 19/768; cond: 2114115862528.0, ratio:0.9906914234161377
reserving basis 20/768; cond: 2536979038208.0, ratio:0.9999987483024597
reserving basis 20/768; cond: 2536979038208.0, ratio:0.9999987483024597
reserving basis 19/768; cond: 308326596608.0, ratio:0.9938834309577942
reserving basis 19/768; cond: 308326596608.0, ratio:0.9938834309577942
reserving basis 20/768; cond: 6265445023744.0, ratio:0.9999987483024597
reserving basis 20/768; cond: 6265445023744.0, ratio:0.9999987483024597
reserving basis 19/768; cond: 4328835776512.0, ratio:0.9928426146507263
reserving basis 19/768; cond: 4328835776512.0, ratio:0.9928426146507263
reserving basis 20/768; cond: 1564031320064.0, ratio:0.9999988675117493
reserving basis 20/768; cond: 1564031320064.0, ratio:0.9999988675117493
reserving basis 19/768; cond: 655229059072.0, ratio:0.9933394193649292
reserving basis 19/768; cond: 655229059072.0, ratio:0.9933394193649292
reserving basis 20/768; cond: 462773387264.0, ratio:0.9999987483024597
reserving basis 20/768; cond: 462773387264.0, ratio:0.9999987483024597
reserving basis 19/768; cond: 2011909193728.0, ratio:0.9942851066589355
reserving basis 19/768; cond: 2011909193728.0, ratio:0.9942851066589355
reserving basis 19/768; cond: 732107112448.0, ratio:0.9925761222839355
reserving basis 19/768; cond: 732107112448.0, ratio:0.9925761222839355
reserving basis 19/768; cond: 1507571662848.0, ratio:0.9927800893783569
reserving basis 19/768; cond: 1507571662848.0, ratio:0.9927800893783569
reserving basis 18/768; cond: 915433455616.0, ratio:0.9946684241294861
reserving basis 18/768; cond: 915433455616.0, ratio:0.9946684241294861
reserving basis 18/768; cond: 2783991562240.0, ratio:0.9952000975608826
reserving basis 18/768; cond: 2783991562240.0, ratio:0.9952000975608826
2026-04-27 02:06:45,120 [palora.py] => Task 2, Epoch 20/20 => Loss 0.333, Train_accy 99.20
2026-04-27 02:06:49,820 [trainer.py] => Time:181.6021704673767
600 600
2026-04-27 02:06:54,907 [trainer.py] => Time:5.086260557174683
2026-04-27 02:06:54,907 [trainer.py] => ACC: {'total': 99.0, '00-01': 100.0, '02-03': 97.0, '04-05': 100.0, 'old': 98.5, 'new': 100.0}
2026-04-27 02:06:54,907 [trainer.py] => ACC top1 curve: [100.0, 99.5, 99.0]
Average Accuracy: 99.5
2026-04-27 02:06:54,907 [trainer.py] => Average Accuracy: 99.5
2026-04-27 02:06:54,916 [trainer.py] => All params: 125940251
2026-04-27 02:06:54,924 [trainer.py] => Trainable params: 370178
2026-04-27 02:06:54,924 [palora.py] => Learning on 6-8
Parameters to be updated: {'image_encoder.blocks.4.attn.lora_B_v.3.weight', 'image_encoder.blocks.8.attn.lora_A_k.3.weight', 'image_encoder.blocks.9.attn.lora_A_k.3.weight', 'image_encoder.blocks.4.attn.lora_B_k.3.weight', 'image_encoder.blocks.2.attn.lora_B_v.3.weight', 'image_encoder.blocks.0.attn.lora_A_v.3.weight', 'image_encoder.blocks.10.attn.lora_B_v.3.weight', 'image_encoder.blocks.11.attn.lora_B_v.3.weight', 'image_encoder.blocks.2.attn.lora_B_k.3.weight', 'image_encoder.blocks.7.attn.lora_B_k.3.weight', 'image_encoder.blocks.2.attn.lora_A_k.3.weight', 'image_encoder.blocks.11.attn.lora_A_v.3.weight', 'image_encoder.blocks.2.attn.lora_A_v.3.weight', 'image_encoder.blocks.7.attn.lora_A_v.3.weight', 'image_encoder.blocks.3.attn.lora_A_v.3.weight', 'image_encoder.blocks.9.attn.lora_B_v.3.weight', 'image_encoder.blocks.5.attn.lora_B_v.3.weight', 'image_encoder.blocks.0.attn.lora_B_v.3.weight', 'image_encoder.blocks.10.attn.lora_B_k.3.weight', 'image_encoder.blocks.4.attn.lora_A_v.3.weight', 'classifier_pool.3.bias', 'image_encoder.blocks.5.attn.lora_A_v.3.weight', 'image_encoder.blocks.7.attn.lora_A_k.3.weight', 'image_encoder.blocks.1.attn.lora_A_v.3.weight', 'image_encoder.blocks.4.attn.lora_A_k.3.weight', 'image_encoder.blocks.10.attn.lora_A_v.3.weight', 'image_encoder.blocks.1.attn.lora_B_k.3.weight', 'image_encoder.blocks.3.attn.lora_A_k.3.weight', 'image_encoder.blocks.6.attn.lora_A_k.3.weight', 'image_encoder.blocks.8.attn.lora_A_v.3.weight', 'classifier_pool.3.weight', 'image_encoder.blocks.7.attn.lora_B_v.3.weight', 'image_encoder.blocks.10.attn.lora_A_k.3.weight', 'image_encoder.blocks.3.attn.lora_B_k.3.weight', 'image_encoder.blocks.8.attn.lora_B_k.3.weight', 'image_encoder.blocks.8.attn.lora_B_v.3.weight', 'image_encoder.blocks.6.attn.lora_A_v.3.weight', 'image_encoder.blocks.1.attn.lora_A_k.3.weight', 'image_encoder.blocks.0.attn.lora_B_k.3.weight', 'image_encoder.blocks.3.attn.lora_B_v.3.weight', 'image_encoder.blocks.0.attn.lora_A_k.3.weight', 'image_encoder.blocks.6.attn.lora_B_v.3.weight', 'image_encoder.blocks.1.attn.lora_B_v.3.weight', 'image_encoder.blocks.6.attn.lora_B_k.3.weight', 'image_encoder.blocks.5.attn.lora_B_k.3.weight', 'image_encoder.blocks.9.attn.lora_B_k.3.weight', 'image_encoder.blocks.11.attn.lora_B_k.3.weight', 'image_encoder.blocks.11.attn.lora_A_k.3.weight', 'image_encoder.blocks.9.attn.lora_A_v.3.weight', 'image_encoder.blocks.5.attn.lora_A_k.3.weight'}
After trained on task 2 tensor(0.0797, device='cuda:0') tensor(0.0808, device='cuda:0')
After trained on task 2 tensor(0.0812, device='cuda:0') tensor(0.0897, device='cuda:0')
After trained on task 2 tensor(0.0806, device='cuda:0') tensor(0.1055, device='cuda:0')
After trained on task 2 tensor(0.0793, device='cuda:0') tensor(0.1162, device='cuda:0')
After trained on task 2 tensor(0.0970, device='cuda:0') tensor(0.1413, device='cuda:0')
After trained on task 2 tensor(0.1020, device='cuda:0') tensor(0.1605, device='cuda:0')
After trained on task 2 tensor(0.1254, device='cuda:0') tensor(0.1445, device='cuda:0')
After trained on task 2 tensor(0.1041, device='cuda:0') tensor(0.1772, device='cuda:0')
After trained on task 2 tensor(0.1026, device='cuda:0') tensor(0.1984, device='cuda:0')
After trained on task 2 tensor(0.1074, device='cuda:0') tensor(0.2392, device='cuda:0')
After trained on task 2 tensor(0.1805, device='cuda:0') tensor(0.2769, device='cuda:0')
After trained on task 2 tensor(0.3639, device='cuda:0') tensor(0.3802, device='cuda:0')
reserving basis 28/768; cond: 496838705152.0, ratio:0.9953970313072205
reserving basis 28/768; cond: 496838705152.0, ratio:0.9953970313072205
reserving basis 28/768; cond: 939626790912.0, ratio:0.9933933019638062
reserving basis 28/768; cond: 939626790912.0, ratio:0.9933933019638062
reserving basis 29/768; cond: 3026260066304.0, ratio:0.9938284754753113
reserving basis 29/768; cond: 3026260066304.0, ratio:0.9938284754753113
reserving basis 29/768; cond: 1919393071104.0, ratio:0.9933430552482605
reserving basis 29/768; cond: 1919393071104.0, ratio:0.9933430552482605
reserving basis 29/768; cond: 721143398400.0, ratio:0.9931161999702454
reserving basis 29/768; cond: 721143398400.0, ratio:0.9931161999702454
reserving basis 28/768; cond: 11378086641664.0, ratio:0.9925549030303955
reserving basis 28/768; cond: 11378086641664.0, ratio:0.9925549030303955
reserving basis 29/768; cond: 283319959552.0, ratio:0.991482675075531
reserving basis 29/768; cond: 283319959552.0, ratio:0.991482675075531
reserving basis 28/768; cond: 387274833920.0, ratio:0.9945515990257263
reserving basis 28/768; cond: 387274833920.0, ratio:0.9945515990257263
reserving basis 29/768; cond: 169707208704.0, ratio:0.9901185631752014
reserving basis 29/768; cond: 169707208704.0, ratio:0.9901185631752014
reserving basis 28/768; cond: 869588336640.0, ratio:0.9954626560211182
reserving basis 28/768; cond: 869588336640.0, ratio:0.9954626560211182
reserving basis 29/768; cond: 947673235456.0, ratio:0.9932869672775269
reserving basis 29/768; cond: 947673235456.0, ratio:0.9932869672775269
reserving basis 28/768; cond: 684181553152.0, ratio:0.9947091937065125
reserving basis 28/768; cond: 684181553152.0, ratio:0.9947091937065125
reserving basis 29/768; cond: 10243527409664.0, ratio:0.9930900931358337
reserving basis 29/768; cond: 10243527409664.0, ratio:0.9930900931358337
reserving basis 28/768; cond: 1745809309696.0, ratio:0.9949983358383179
reserving basis 28/768; cond: 1745809309696.0, ratio:0.9949983358383179
reserving basis 29/768; cond: 1373008822272.0, ratio:0.992508590221405
reserving basis 29/768; cond: 1373008822272.0, ratio:0.992508590221405
reserving basis 27/768; cond: 396685836288.0, ratio:0.9910053014755249
reserving basis 27/768; cond: 396685836288.0, ratio:0.9910053014755249
reserving basis 29/768; cond: 282539360256.0, ratio:0.9907823204994202
reserving basis 29/768; cond: 282539360256.0, ratio:0.9907823204994202
reserving basis 28/768; cond: 234361585664.0, ratio:0.9943715929985046
reserving basis 28/768; cond: 234361585664.0, ratio:0.9943715929985046
reserving basis 29/768; cond: 67050735140864.0, ratio:0.9905646443367004
reserving basis 29/768; cond: 67050735140864.0, ratio:0.9905646443367004
reserving basis 28/768; cond: 881256759296.0, ratio:0.9951207041740417
reserving basis 28/768; cond: 881256759296.0, ratio:0.9951207041740417
reserving basis 28/768; cond: 1138459541504.0, ratio:0.9946281909942627
reserving basis 28/768; cond: 1138459541504.0, ratio:0.9946281909942627
reserving basis 27/768; cond: 1024048037888.0, ratio:0.9911222457885742
reserving basis 27/768; cond: 1024048037888.0, ratio:0.9911222457885742
reserving basis 26/768; cond: 435331661824.0, ratio:0.9933547377586365
reserving basis 26/768; cond: 435331661824.0, ratio:0.9933547377586365
reserving basis 25/768; cond: 1418873536512.0, ratio:0.9923000931739807
reserving basis 25/768; cond: 1418873536512.0, ratio:0.9923000931739807
2026-04-27 02:09:50,535 [palora.py] => Task 3, Epoch 20/20 => Loss 0.406, Train_accy 97.60
2026-04-27 02:09:55,094 [trainer.py] => Time:180.17002987861633
800 800
2026-04-27 02:10:00,433 [trainer.py] => Time:5.339109420776367
2026-04-27 02:10:00,434 [trainer.py] => ACC: {'total': 98.5, '00-01': 100.0, '02-03': 97.0, '04-05': 100.0, '06-07': 97.0, 'old': 99.0, 'new': 97.0}
2026-04-27 02:10:00,434 [trainer.py] => ACC top1 curve: [100.0, 99.5, 99.0, 98.5]
Average Accuracy: 99.25
2026-04-27 02:10:00,434 [trainer.py] => Average Accuracy: 99.25
2026-04-27 02:10:00,443 [trainer.py] => All params: 125940251
2026-04-27 02:10:00,452 [trainer.py] => Trainable params: 370178
2026-04-27 02:10:00,452 [palora.py] => Learning on 8-10
Parameters to be updated: {'image_encoder.blocks.8.attn.lora_B_v.4.weight', 'image_encoder.blocks.2.attn.lora_A_v.4.weight', 'image_encoder.blocks.0.attn.lora_B_k.4.weight', 'image_encoder.blocks.0.attn.lora_A_k.4.weight', 'image_encoder.blocks.6.attn.lora_A_v.4.weight', 'image_encoder.blocks.2.attn.lora_B_k.4.weight', 'image_encoder.blocks.7.attn.lora_B_v.4.weight', 'image_encoder.blocks.10.attn.lora_B_k.4.weight', 'image_encoder.blocks.9.attn.lora_A_v.4.weight', 'image_encoder.blocks.3.attn.lora_A_v.4.weight', 'image_encoder.blocks.2.attn.lora_B_v.4.weight', 'image_encoder.blocks.9.attn.lora_B_v.4.weight', 'image_encoder.blocks.3.attn.lora_B_v.4.weight', 'image_encoder.blocks.7.attn.lora_A_v.4.weight', 'image_encoder.blocks.6.attn.lora_A_k.4.weight', 'image_encoder.blocks.5.attn.lora_B_k.4.weight', 'classifier_pool.4.weight', 'image_encoder.blocks.3.attn.lora_A_k.4.weight', 'image_encoder.blocks.8.attn.lora_A_v.4.weight', 'image_encoder.blocks.8.attn.lora_B_k.4.weight', 'image_encoder.blocks.11.attn.lora_A_v.4.weight', 'image_encoder.blocks.1.attn.lora_A_v.4.weight', 'image_encoder.blocks.1.attn.lora_B_k.4.weight', 'image_encoder.blocks.7.attn.lora_B_k.4.weight', 'image_encoder.blocks.1.attn.lora_B_v.4.weight', 'image_encoder.blocks.10.attn.lora_B_v.4.weight', 'image_encoder.blocks.1.attn.lora_A_k.4.weight', 'image_encoder.blocks.11.attn.lora_A_k.4.weight', 'image_encoder.blocks.4.attn.lora_B_k.4.weight', 'image_encoder.blocks.9.attn.lora_B_k.4.weight', 'image_encoder.blocks.11.attn.lora_B_k.4.weight', 'image_encoder.blocks.0.attn.lora_A_v.4.weight', 'image_encoder.blocks.2.attn.lora_A_k.4.weight', 'image_encoder.blocks.11.attn.lora_B_v.4.weight', 'image_encoder.blocks.7.attn.lora_A_k.4.weight', 'image_encoder.blocks.10.attn.lora_A_v.4.weight', 'image_encoder.blocks.3.attn.lora_B_k.4.weight', 'image_encoder.blocks.4.attn.lora_B_v.4.weight', 'image_encoder.blocks.6.attn.lora_B_k.4.weight', 'image_encoder.blocks.10.attn.lora_A_k.4.weight', 'classifier_pool.4.bias', 'image_encoder.blocks.0.attn.lora_B_v.4.weight', 'image_encoder.blocks.5.attn.lora_A_k.4.weight', 'image_encoder.blocks.6.attn.lora_B_v.4.weight', 'image_encoder.blocks.5.attn.lora_B_v.4.weight', 'image_encoder.blocks.4.attn.lora_A_v.4.weight', 'image_encoder.blocks.4.attn.lora_A_k.4.weight', 'image_encoder.blocks.9.attn.lora_A_k.4.weight', 'image_encoder.blocks.8.attn.lora_A_k.4.weight', 'image_encoder.blocks.5.attn.lora_A_v.4.weight'}
After trained on task 3 tensor(0.0620, device='cuda:0') tensor(0.0689, device='cuda:0')
After trained on task 3 tensor(0.0829, device='cuda:0') tensor(0.1039, device='cuda:0')
After trained on task 3 tensor(0.0676, device='cuda:0') tensor(0.0994, device='cuda:0')
After trained on task 3 tensor(0.0917, device='cuda:0') tensor(0.1276, device='cuda:0')
After trained on task 3 tensor(0.1075, device='cuda:0') tensor(0.1039, device='cuda:0')
After trained on task 3 tensor(0.1382, device='cuda:0') tensor(0.1319, device='cuda:0')
After trained on task 3 tensor(0.1997, device='cuda:0') tensor(0.1915, device='cuda:0')
After trained on task 3 tensor(0.0972, device='cuda:0') tensor(0.1554, device='cuda:0')
After trained on task 3 tensor(0.1295, device='cuda:0') tensor(0.1302, device='cuda:0')
After trained on task 3 tensor(0.1609, device='cuda:0') tensor(0.1737, device='cuda:0')
After trained on task 3 tensor(0.1313, device='cuda:0') tensor(0.2521, device='cuda:0')
After trained on task 3 tensor(0.5078, device='cuda:0') tensor(0.3446, device='cuda:0')
reserving basis 36/768; cond: 1385725034496.0, ratio:0.9920775890350342
reserving basis 36/768; cond: 1385725034496.0, ratio:0.9920775890350342
reserving basis 37/768; cond: 289309261824.0, ratio:0.9949315786361694
reserving basis 37/768; cond: 289309261824.0, ratio:0.9949315786361694
reserving basis 37/768; cond: 3260918792192.0, ratio:0.9909443855285645
reserving basis 37/768; cond: 3260918792192.0, ratio:0.9909443855285645
reserving basis 37/768; cond: 7911958380544.0, ratio:0.9916730523109436
reserving basis 37/768; cond: 7911958380544.0, ratio:0.9916730523109436
reserving basis 38/768; cond: 1382973702144.0, ratio:0.9944517612457275
reserving basis 38/768; cond: 1382973702144.0, ratio:0.9944517612457275
reserving basis 37/768; cond: 1105129504768.0, ratio:0.9949772953987122
reserving basis 37/768; cond: 1105129504768.0, ratio:0.9949772953987122
reserving basis 37/768; cond: 128838361088.0, ratio:0.9907720685005188
reserving basis 37/768; cond: 128838361088.0, ratio:0.9907720685005188
reserving basis 36/768; cond: 2181428281344.0, ratio:0.991678774356842
reserving basis 36/768; cond: 2181428281344.0, ratio:0.991678774356842
reserving basis 38/768; cond: 12699047034880.0, ratio:0.9948148131370544
reserving basis 38/768; cond: 12699047034880.0, ratio:0.9948148131370544
reserving basis 36/768; cond: 626835587072.0, ratio:0.9909574389457703
reserving basis 36/768; cond: 626835587072.0, ratio:0.9909574389457703
reserving basis 38/768; cond: 2241776058368.0, ratio:0.9948155879974365
reserving basis 38/768; cond: 2241776058368.0, ratio:0.9948155879974365
reserving basis 36/768; cond: 448615350272.0, ratio:0.9916611909866333
reserving basis 36/768; cond: 448615350272.0, ratio:0.9916611909866333
reserving basis 37/768; cond: 4152974376960.0, ratio:0.9902651309967041
reserving basis 37/768; cond: 4152974376960.0, ratio:0.9902651309967041
reserving basis 36/768; cond: 18855214710784.0, ratio:0.9925729632377625
reserving basis 36/768; cond: 18855214710784.0, ratio:0.9925729632377625
reserving basis 38/768; cond: 22215072415744.0, ratio:0.9932473301887512
reserving basis 38/768; cond: 22215072415744.0, ratio:0.9932473301887512
reserving basis 35/768; cond: 532952907776.0, ratio:0.9910149574279785
reserving basis 35/768; cond: 532952907776.0, ratio:0.9910149574279785
reserving basis 38/768; cond: 172187811840.0, ratio:0.9936891794204712
reserving basis 38/768; cond: 172187811840.0, ratio:0.9936891794204712
reserving basis 36/768; cond: 77504856064.0, ratio:0.9901755452156067
reserving basis 36/768; cond: 77504856064.0, ratio:0.9901755452156067
reserving basis 38/768; cond: 271675162624.0, ratio:0.9951546788215637
reserving basis 38/768; cond: 271675162624.0, ratio:0.9951546788215637
reserving basis 36/768; cond: 256642973696.0, ratio:0.9940013885498047
reserving basis 36/768; cond: 256642973696.0, ratio:0.9940013885498047
reserving basis 36/768; cond: 618574381056.0, ratio:0.991166353225708
reserving basis 36/768; cond: 618574381056.0, ratio:0.991166353225708
reserving basis 34/768; cond: 4206899232768.0, ratio:0.9904318451881409
reserving basis 34/768; cond: 4206899232768.0, ratio:0.9904318451881409
reserving basis 30/768; cond: 686584496128.0, ratio:0.9903712272644043
reserving basis 30/768; cond: 686584496128.0, ratio:0.9903712272644043
reserving basis 32/768; cond: 413306126336.0, ratio:0.9927496314048767
reserving basis 32/768; cond: 413306126336.0, ratio:0.9927496314048767
2026-04-27 02:12:57,985 [palora.py] => Task 4, Epoch 20/20 => Loss 0.361, Train_accy 99.00
2026-04-27 02:13:02,702 [trainer.py] => Time:182.2505238056183
1000 1000
2026-04-27 02:13:08,423 [trainer.py] => Time:5.720116138458252
2026-04-27 02:13:08,423 [trainer.py] => ACC: {'total': 99.0, '00-01': 100.0, '02-03': 97.0, '04-05': 100.0, '06-07': 98.0, '08-09': 100.0, 'old': 98.75, 'new': 100.0}
2026-04-27 02:13:08,423 [trainer.py] => ACC top1 curve: [100.0, 99.5, 99.0, 98.5, 99.0]
Average Accuracy: 99.2
2026-04-27 02:13:08,423 [trainer.py] => Average Accuracy: 99.2
2026-04-27 02:13:08,432 [trainer.py] => All params: 125940251
2026-04-27 02:13:08,440 [trainer.py] => Trainable params: 370178
2026-04-27 02:13:08,440 [palora.py] => Learning on 10-12
Parameters to be updated: {'image_encoder.blocks.6.attn.lora_A_k.5.weight', 'image_encoder.blocks.3.attn.lora_A_k.5.weight', 'image_encoder.blocks.7.attn.lora_B_k.5.weight', 'image_encoder.blocks.2.attn.lora_A_v.5.weight', 'image_encoder.blocks.2.attn.lora_B_v.5.weight', 'image_encoder.blocks.3.attn.lora_B_k.5.weight', 'image_encoder.blocks.5.attn.lora_B_v.5.weight', 'image_encoder.blocks.7.attn.lora_A_v.5.weight', 'image_encoder.blocks.3.attn.lora_B_v.5.weight', 'image_encoder.blocks.9.attn.lora_A_k.5.weight', 'image_encoder.blocks.6.attn.lora_B_k.5.weight', 'image_encoder.blocks.4.attn.lora_A_k.5.weight', 'image_encoder.blocks.9.attn.lora_A_v.5.weight', 'image_encoder.blocks.10.attn.lora_B_k.5.weight', 'image_encoder.blocks.7.attn.lora_B_v.5.weight', 'image_encoder.blocks.0.attn.lora_A_v.5.weight', 'image_encoder.blocks.5.attn.lora_B_k.5.weight', 'image_encoder.blocks.2.attn.lora_A_k.5.weight', 'image_encoder.blocks.1.attn.lora_B_v.5.weight', 'image_encoder.blocks.1.attn.lora_A_k.5.weight', 'image_encoder.blocks.0.attn.lora_B_k.5.weight', 'image_encoder.blocks.11.attn.lora_B_k.5.weight', 'image_encoder.blocks.6.attn.lora_A_v.5.weight', 'image_encoder.blocks.10.attn.lora_A_k.5.weight', 'image_encoder.blocks.4.attn.lora_B_k.5.weight', 'image_encoder.blocks.4.attn.lora_A_v.5.weight', 'image_encoder.blocks.5.attn.lora_A_v.5.weight', 'image_encoder.blocks.4.attn.lora_B_v.5.weight', 'image_encoder.blocks.8.attn.lora_B_k.5.weight', 'image_encoder.blocks.6.attn.lora_B_v.5.weight', 'image_encoder.blocks.5.attn.lora_A_k.5.weight', 'classifier_pool.5.weight', 'image_encoder.blocks.9.attn.lora_B_v.5.weight', 'image_encoder.blocks.9.attn.lora_B_k.5.weight', 'image_encoder.blocks.10.attn.lora_A_v.5.weight', 'image_encoder.blocks.2.attn.lora_B_k.5.weight', 'image_encoder.blocks.0.attn.lora_B_v.5.weight', 'image_encoder.blocks.1.attn.lora_B_k.5.weight', 'image_encoder.blocks.7.attn.lora_A_k.5.weight', 'image_encoder.blocks.8.attn.lora_A_k.5.weight', 'classifier_pool.5.bias', 'image_encoder.blocks.0.attn.lora_A_k.5.weight', 'image_encoder.blocks.8.attn.lora_A_v.5.weight', 'image_encoder.blocks.8.attn.lora_B_v.5.weight', 'image_encoder.blocks.10.attn.lora_B_v.5.weight', 'image_encoder.blocks.11.attn.lora_B_v.5.weight', 'image_encoder.blocks.11.attn.lora_A_v.5.weight', 'image_encoder.blocks.1.attn.lora_A_v.5.weight', 'image_encoder.blocks.11.attn.lora_A_k.5.weight', 'image_encoder.blocks.3.attn.lora_A_v.5.weight'}
After trained on task 4 tensor(0.0556, device='cuda:0') tensor(0.0599, device='cuda:0')
After trained on task 4 tensor(0.0643, device='cuda:0') tensor(0.0663, device='cuda:0')
After trained on task 4 tensor(0.0546, device='cuda:0') tensor(0.0795, device='cuda:0')
After trained on task 4 tensor(0.0558, device='cuda:0') tensor(0.0885, device='cuda:0')
After trained on task 4 tensor(0.0621, device='cuda:0') tensor(0.0899, device='cuda:0')
After trained on task 4 tensor(0.1026, device='cuda:0') tensor(0.1128, device='cuda:0')
After trained on task 4 tensor(0.0860, device='cuda:0') tensor(0.1252, device='cuda:0')
After trained on task 4 tensor(0.1170, device='cuda:0') tensor(0.1718, device='cuda:0')
After trained on task 4 tensor(0.0961, device='cuda:0') tensor(0.1684, device='cuda:0')
After trained on task 4 tensor(0.1853, device='cuda:0') tensor(0.2362, device='cuda:0')
After trained on task 4 tensor(0.3086, device='cuda:0') tensor(0.2628, device='cuda:0')
After trained on task 4 tensor(0.4105, device='cuda:0') tensor(0.3342, device='cuda:0')
reserving basis 43/768; cond: 596061454336.0, ratio:0.9906431436538696
reserving basis 43/768; cond: 596061454336.0, ratio:0.9906431436538696
reserving basis 45/768; cond: 50087247872.0, ratio:0.9927339553833008
reserving basis 45/768; cond: 50087247872.0, ratio:0.9927339553833008
reserving basis 45/768; cond: 69496061952.0, ratio:0.9929726123809814
reserving basis 45/768; cond: 69496061952.0, ratio:0.9929726123809814
reserving basis 45/768; cond: 375033495552.0, ratio:0.9938701391220093
reserving basis 45/768; cond: 375033495552.0, ratio:0.9938701391220093
reserving basis 46/768; cond: 622930493440.0, ratio:0.9910707473754883
reserving basis 46/768; cond: 622930493440.0, ratio:0.9910707473754883
reserving basis 45/768; cond: 58113634304.0, ratio:0.9941979646682739
reserving basis 45/768; cond: 58113634304.0, ratio:0.9941979646682739
reserving basis 45/768; cond: 6432885309440.0, ratio:0.9907770156860352
reserving basis 45/768; cond: 6432885309440.0, ratio:0.9907770156860352
reserving basis 44/768; cond: 230949765120.0, ratio:0.9925438761711121
reserving basis 44/768; cond: 230949765120.0, ratio:0.9925438761711121
reserving basis 47/768; cond: 198908215296.0, ratio:0.9946926236152649
reserving basis 47/768; cond: 198908215296.0, ratio:0.9946926236152649
reserving basis 43/768; cond: 3392725319680.0, ratio:0.9904599189758301
reserving basis 43/768; cond: 3392725319680.0, ratio:0.9904599189758301
reserving basis 46/768; cond: 1068844253184.0, ratio:0.9918464422225952
reserving basis 46/768; cond: 1068844253184.0, ratio:0.9918464422225952
reserving basis 44/768; cond: 69735823704064.0, ratio:0.9930640459060669
reserving basis 44/768; cond: 69735823704064.0, ratio:0.9930640459060669
reserving basis 45/768; cond: 73613557760.0, ratio:0.9917203783988953
reserving basis 45/768; cond: 73613557760.0, ratio:0.9917203783988953
reserving basis 43/768; cond: 240792797184.0, ratio:0.9904387593269348
reserving basis 43/768; cond: 240792797184.0, ratio:0.9904387593269348
reserving basis 46/768; cond: 65398255616.0, ratio:0.9914674758911133
reserving basis 46/768; cond: 65398255616.0, ratio:0.9914674758911133
reserving basis 42/768; cond: 753651023872.0, ratio:0.9904285073280334
reserving basis 42/768; cond: 753651023872.0, ratio:0.9904285073280334
reserving basis 46/768; cond: 88249565184.0, ratio:0.9908592700958252
reserving basis 46/768; cond: 88249565184.0, ratio:0.9908592700958252
reserving basis 44/768; cond: 130667094016.0, ratio:0.9936416745185852
reserving basis 44/768; cond: 130667094016.0, ratio:0.9936416745185852
reserving basis 45/768; cond: 418698526720.0, ratio:0.9906688332557678
reserving basis 45/768; cond: 418698526720.0, ratio:0.9906688332557678
reserving basis 43/768; cond: 987454373888.0, ratio:0.9914133548736572
reserving basis 43/768; cond: 987454373888.0, ratio:0.9914133548736572
reserving basis 42/768; cond: 2228179959808.0, ratio:0.9901546835899353
reserving basis 42/768; cond: 2228179959808.0, ratio:0.9901546835899353
reserving basis 40/768; cond: 580816338944.0, ratio:0.9903210997581482
reserving basis 40/768; cond: 580816338944.0, ratio:0.9903210997581482
reserving basis 35/768; cond: 5125553782784.0, ratio:0.9918981790542603
reserving basis 35/768; cond: 5125553782784.0, ratio:0.9918981790542603
reserving basis 37/768; cond: 830290001920.0, ratio:0.9907835125923157
reserving basis 37/768; cond: 830290001920.0, ratio:0.9907835125923157
2026-04-27 02:16:05,296 [palora.py] => Task 5, Epoch 20/20 => Loss 0.377, Train_accy 98.20
2026-04-27 02:16:09,823 [trainer.py] => Time:181.3834993839264
1200 1200
2026-04-27 02:16:15,900 [trainer.py] => Time:6.075975656509399
2026-04-27 02:16:15,900 [trainer.py] => ACC: {'total': 96.0, '00-01': 100.0, '02-03': 89.5, '04-05': 99.5, '06-07': 96.5, '08-09': 100.0, '10-11': 90.5, 'old': 97.1, 'new': 90.5}
2026-04-27 02:16:15,900 [trainer.py] => ACC top1 curve: [100.0, 99.5, 99.0, 98.5, 99.0, 96.0]
Average Accuracy: 98.66666666666667
2026-04-27 02:16:15,900 [trainer.py] => Average Accuracy: 98.66666666666667
2026-04-27 02:16:15,909 [trainer.py] => All params: 125940251
2026-04-27 02:16:15,917 [trainer.py] => Trainable params: 370178
2026-04-27 02:16:15,917 [palora.py] => Learning on 12-14
Parameters to be updated: {'image_encoder.blocks.5.attn.lora_B_k.6.weight', 'image_encoder.blocks.3.attn.lora_A_v.6.weight', 'image_encoder.blocks.8.attn.lora_B_k.6.weight', 'image_encoder.blocks.6.attn.lora_A_k.6.weight', 'image_encoder.blocks.10.attn.lora_B_v.6.weight', 'image_encoder.blocks.10.attn.lora_B_k.6.weight', 'image_encoder.blocks.9.attn.lora_A_v.6.weight', 'classifier_pool.6.bias', 'image_encoder.blocks.3.attn.lora_B_k.6.weight', 'image_encoder.blocks.10.attn.lora_A_v.6.weight', 'image_encoder.blocks.8.attn.lora_A_k.6.weight', 'image_encoder.blocks.8.attn.lora_B_v.6.weight', 'image_encoder.blocks.9.attn.lora_A_k.6.weight', 'image_encoder.blocks.2.attn.lora_B_v.6.weight', 'image_encoder.blocks.1.attn.lora_B_k.6.weight', 'image_encoder.blocks.0.attn.lora_A_k.6.weight', 'image_encoder.blocks.11.attn.lora_B_k.6.weight', 'image_encoder.blocks.9.attn.lora_B_k.6.weight', 'image_encoder.blocks.7.attn.lora_B_k.6.weight', 'image_encoder.blocks.4.attn.lora_B_k.6.weight', 'image_encoder.blocks.11.attn.lora_A_v.6.weight', 'image_encoder.blocks.1.attn.lora_A_v.6.weight', 'image_encoder.blocks.11.attn.lora_B_v.6.weight', 'image_encoder.blocks.3.attn.lora_B_v.6.weight', 'classifier_pool.6.weight', 'image_encoder.blocks.1.attn.lora_B_v.6.weight', 'image_encoder.blocks.2.attn.lora_A_v.6.weight', 'image_encoder.blocks.9.attn.lora_B_v.6.weight', 'image_encoder.blocks.2.attn.lora_A_k.6.weight', 'image_encoder.blocks.2.attn.lora_B_k.6.weight', 'image_encoder.blocks.5.attn.lora_A_v.6.weight', 'image_encoder.blocks.3.attn.lora_A_k.6.weight', 'image_encoder.blocks.5.attn.lora_A_k.6.weight', 'image_encoder.blocks.11.attn.lora_A_k.6.weight', 'image_encoder.blocks.7.attn.lora_B_v.6.weight', 'image_encoder.blocks.0.attn.lora_B_v.6.weight', 'image_encoder.blocks.0.attn.lora_A_v.6.weight', 'image_encoder.blocks.4.attn.lora_B_v.6.weight', 'image_encoder.blocks.6.attn.lora_B_v.6.weight', 'image_encoder.blocks.0.attn.lora_B_k.6.weight', 'image_encoder.blocks.6.attn.lora_A_v.6.weight', 'image_encoder.blocks.7.attn.lora_A_k.6.weight', 'image_encoder.blocks.10.attn.lora_A_k.6.weight', 'image_encoder.blocks.1.attn.lora_A_k.6.weight', 'image_encoder.blocks.6.attn.lora_B_k.6.weight', 'image_encoder.blocks.4.attn.lora_A_k.6.weight', 'image_encoder.blocks.5.attn.lora_B_v.6.weight', 'image_encoder.blocks.4.attn.lora_A_v.6.weight', 'image_encoder.blocks.8.attn.lora_A_v.6.weight', 'image_encoder.blocks.7.attn.lora_A_v.6.weight'}
After trained on task 5 tensor(0.0410, device='cuda:0') tensor(0.0472, device='cuda:0')
After trained on task 5 tensor(0.0494, device='cuda:0') tensor(0.0603, device='cuda:0')
After trained on task 5 tensor(0.0533, device='cuda:0') tensor(0.0597, device='cuda:0')
After trained on task 5 tensor(0.0526, device='cuda:0') tensor(0.0582, device='cuda:0')
After trained on task 5 tensor(0.0490, device='cuda:0') tensor(0.0628, device='cuda:0')
After trained on task 5 tensor(0.0549, device='cuda:0') tensor(0.0749, device='cuda:0')
After trained on task 5 tensor(0.0590, device='cuda:0') tensor(0.0856, device='cuda:0')
After trained on task 5 tensor(0.0548, device='cuda:0') tensor(0.1089, device='cuda:0')
After trained on task 5 tensor(0.0551, device='cuda:0') tensor(0.1147, device='cuda:0')
After trained on task 5 tensor(0.0859, device='cuda:0') tensor(0.1549, device='cuda:0')
After trained on task 5 tensor(0.1053, device='cuda:0') tensor(0.1528, device='cuda:0')
After trained on task 5 tensor(0.1418, device='cuda:0') tensor(0.2087, device='cuda:0')
reserving basis 50/768; cond: 211275071488.0, ratio:0.9905848503112793
reserving basis 50/768; cond: 211275071488.0, ratio:0.9905848503112793
reserving basis 53/768; cond: 63976308736.0, ratio:0.9927712082862854
reserving basis 53/768; cond: 63976308736.0, ratio:0.9927712082862854
reserving basis 53/768; cond: 273818910720.0, ratio:0.9933893084526062
reserving basis 53/768; cond: 273818910720.0, ratio:0.9933893084526062
reserving basis 52/768; cond: 213457813504.0, ratio:0.990163266658783
reserving basis 52/768; cond: 213457813504.0, ratio:0.990163266658783
reserving basis 54/768; cond: 10458680524800.0, ratio:0.993196964263916
reserving basis 54/768; cond: 10458680524800.0, ratio:0.993196964263916
reserving basis 53/768; cond: 85782937600.0, ratio:0.9933009147644043
reserving basis 53/768; cond: 85782937600.0, ratio:0.9933009147644043
reserving basis 53/768; cond: 137040723968.0, ratio:0.9927207827568054
reserving basis 53/768; cond: 137040723968.0, ratio:0.9927207827568054
reserving basis 52/768; cond: 998128484352.0, ratio:0.9930623173713684
reserving basis 52/768; cond: 998128484352.0, ratio:0.9930623173713684
reserving basis 55/768; cond: 118626861056.0, ratio:0.9920316338539124
reserving basis 55/768; cond: 118626861056.0, ratio:0.9920316338539124
reserving basis 51/768; cond: 1712000991232.0, ratio:0.9926538467407227
reserving basis 51/768; cond: 1712000991232.0, ratio:0.9926538467407227
reserving basis 54/768; cond: 253471932416.0, ratio:0.9927418231964111
reserving basis 54/768; cond: 253471932416.0, ratio:0.9927418231964111
reserving basis 51/768; cond: 2903305093120.0, ratio:0.9903745055198669
reserving basis 51/768; cond: 2903305093120.0, ratio:0.9903745055198669
reserving basis 53/768; cond: 212940128256.0, ratio:0.9924818873405457
reserving basis 53/768; cond: 212940128256.0, ratio:0.9924818873405457
reserving basis 50/768; cond: 7740426027008.0, ratio:0.990196168422699
reserving basis 50/768; cond: 7740426027008.0, ratio:0.990196168422699
reserving basis 54/768; cond: 173734821888.0, ratio:0.9910929203033447
reserving basis 54/768; cond: 173734821888.0, ratio:0.9910929203033447
reserving basis 49/768; cond: 126905114624.0, ratio:0.990769624710083
reserving basis 49/768; cond: 126905114624.0, ratio:0.990769624710083
reserving basis 54/768; cond: 449205075968.0, ratio:0.9909543395042419
reserving basis 54/768; cond: 449205075968.0, ratio:0.9909543395042419
reserving basis 51/768; cond: 143613444096.0, ratio:0.9911285638809204
reserving basis 51/768; cond: 143613444096.0, ratio:0.9911285638809204
reserving basis 52/768; cond: 1857122205696.0, ratio:0.9902148842811584
reserving basis 52/768; cond: 1857122205696.0, ratio:0.9902148842811584
reserving basis 50/768; cond: 157179101184.0, ratio:0.9915388822555542
reserving basis 50/768; cond: 157179101184.0, ratio:0.9915388822555542
reserving basis 49/768; cond: 663199940608.0, ratio:0.9917153120040894
reserving basis 49/768; cond: 663199940608.0, ratio:0.9917153120040894
reserving basis 47/768; cond: 147953172480.0, ratio:0.9927802085876465
reserving basis 47/768; cond: 147953172480.0, ratio:0.9927802085876465
reserving basis 41/768; cond: 920571674624.0, ratio:0.9918885827064514
reserving basis 41/768; cond: 920571674624.0, ratio:0.9918885827064514
reserving basis 43/768; cond: 1333736243200.0, ratio:0.9923363924026489
reserving basis 43/768; cond: 1333736243200.0, ratio:0.9923363924026489
2026-04-27 02:19:11,994 [palora.py] => Task 6, Epoch 20/20 => Loss 0.389, Train_accy 98.20
2026-04-27 02:19:16,546 [trainer.py] => Time:180.6289143562317
1400 1400
2026-04-27 02:19:22,920 [trainer.py] => Time:6.37433385848999
2026-04-27 02:19:22,921 [trainer.py] => ACC: {'total': 95.79, '00-01': 100.0, '02-03': 89.0, '04-05': 99.5, '06-07': 97.0, '08-09': 100.0, '10-11': 88.0, '12-13': 97.0, 'old': 95.58, 'new': 97.0}
2026-04-27 02:19:22,921 [trainer.py] => ACC top1 curve: [100.0, 99.5, 99.0, 98.5, 99.0, 96.0, 95.79]
Average Accuracy: 98.25571428571428
2026-04-27 02:19:22,921 [trainer.py] => Average Accuracy: 98.25571428571428
2026-04-27 02:19:22,930 [trainer.py] => All params: 125940251
2026-04-27 02:19:22,938 [trainer.py] => Trainable params: 370178
2026-04-27 02:19:22,938 [palora.py] => Learning on 14-16
Parameters to be updated: {'image_encoder.blocks.9.attn.lora_A_v.7.weight', 'image_encoder.blocks.1.attn.lora_B_v.7.weight', 'image_encoder.blocks.7.attn.lora_A_v.7.weight', 'image_encoder.blocks.3.attn.lora_A_k.7.weight', 'image_encoder.blocks.8.attn.lora_A_k.7.weight', 'image_encoder.blocks.9.attn.lora_A_k.7.weight', 'image_encoder.blocks.11.attn.lora_B_k.7.weight', 'image_encoder.blocks.5.attn.lora_A_v.7.weight', 'image_encoder.blocks.9.attn.lora_B_v.7.weight', 'image_encoder.blocks.6.attn.lora_A_v.7.weight', 'image_encoder.blocks.10.attn.lora_A_k.7.weight', 'image_encoder.blocks.9.attn.lora_B_k.7.weight', 'image_encoder.blocks.1.attn.lora_B_k.7.weight', 'image_encoder.blocks.0.attn.lora_B_v.7.weight', 'image_encoder.blocks.2.attn.lora_A_k.7.weight', 'image_encoder.blocks.6.attn.lora_B_v.7.weight', 'image_encoder.blocks.3.attn.lora_B_v.7.weight', 'image_encoder.blocks.0.attn.lora_A_k.7.weight', 'image_encoder.blocks.0.attn.lora_B_k.7.weight', 'image_encoder.blocks.4.attn.lora_A_v.7.weight', 'image_encoder.blocks.7.attn.lora_A_k.7.weight', 'image_encoder.blocks.10.attn.lora_B_v.7.weight', 'image_encoder.blocks.10.attn.lora_B_k.7.weight', 'image_encoder.blocks.1.attn.lora_A_k.7.weight', 'image_encoder.blocks.7.attn.lora_B_v.7.weight', 'image_encoder.blocks.5.attn.lora_B_k.7.weight', 'classifier_pool.7.weight', 'image_encoder.blocks.8.attn.lora_A_v.7.weight', 'image_encoder.blocks.11.attn.lora_A_k.7.weight', 'image_encoder.blocks.4.attn.lora_B_v.7.weight', 'image_encoder.blocks.7.attn.lora_B_k.7.weight', 'image_encoder.blocks.0.attn.lora_A_v.7.weight', 'image_encoder.blocks.5.attn.lora_A_k.7.weight', 'image_encoder.blocks.6.attn.lora_A_k.7.weight', 'image_encoder.blocks.8.attn.lora_B_v.7.weight', 'image_encoder.blocks.3.attn.lora_B_k.7.weight', 'image_encoder.blocks.2.attn.lora_B_v.7.weight', 'image_encoder.blocks.11.attn.lora_B_v.7.weight', 'image_encoder.blocks.11.attn.lora_A_v.7.weight', 'image_encoder.blocks.10.attn.lora_A_v.7.weight', 'image_encoder.blocks.2.attn.lora_B_k.7.weight', 'image_encoder.blocks.4.attn.lora_A_k.7.weight', 'image_encoder.blocks.6.attn.lora_B_k.7.weight', 'classifier_pool.7.bias', 'image_encoder.blocks.5.attn.lora_B_v.7.weight', 'image_encoder.blocks.3.attn.lora_A_v.7.weight', 'image_encoder.blocks.2.attn.lora_A_v.7.weight', 'image_encoder.blocks.1.attn.lora_A_v.7.weight', 'image_encoder.blocks.8.attn.lora_B_k.7.weight', 'image_encoder.blocks.4.attn.lora_B_k.7.weight'}
After trained on task 6 tensor(0.0460, device='cuda:0') tensor(0.0467, device='cuda:0')
After trained on task 6 tensor(0.0539, device='cuda:0') tensor(0.0594, device='cuda:0')
After trained on task 6 tensor(0.0433, device='cuda:0') tensor(0.0650, device='cuda:0')
After trained on task 6 tensor(0.0594, device='cuda:0') tensor(0.0757, device='cuda:0')
After trained on task 6 tensor(0.0843, device='cuda:0') tensor(0.0831, device='cuda:0')
After trained on task 6 tensor(0.0647, device='cuda:0') tensor(0.0986, device='cuda:0')
After trained on task 6 tensor(0.0619, device='cuda:0') tensor(0.1190, device='cuda:0')
After trained on task 6 tensor(0.0660, device='cuda:0') tensor(0.1012, device='cuda:0')
After trained on task 6 tensor(0.0776, device='cuda:0') tensor(0.1316, device='cuda:0')
After trained on task 6 tensor(0.0719, device='cuda:0') tensor(0.1507, device='cuda:0')
After trained on task 6 tensor(0.1393, device='cuda:0') tensor(0.1809, device='cuda:0')
After trained on task 6 tensor(0.3724, device='cuda:0') tensor(0.2532, device='cuda:0')
reserving basis 56/768; cond: 285138944000.0, ratio:0.9902167916297913
reserving basis 56/768; cond: 285138944000.0, ratio:0.9902167916297913
reserving basis 60/768; cond: 182867050496.0, ratio:0.9915943145751953
reserving basis 60/768; cond: 182867050496.0, ratio:0.9915943145751953
reserving basis 60/768; cond: 556577128448.0, ratio:0.992545485496521
reserving basis 60/768; cond: 556577128448.0, ratio:0.992545485496521
reserving basis 59/768; cond: 280385191936.0, ratio:0.9903215765953064
reserving basis 59/768; cond: 280385191936.0, ratio:0.9903215765953064
reserving basis 61/768; cond: 10336758398976.0, ratio:0.9913131594657898
reserving basis 61/768; cond: 10336758398976.0, ratio:0.9913131594657898
reserving basis 60/768; cond: 369293197312.0, ratio:0.9913404583930969
reserving basis 60/768; cond: 369293197312.0, ratio:0.9913404583930969
reserving basis 60/768; cond: 820892991488.0, ratio:0.9912547469139099
reserving basis 60/768; cond: 820892991488.0, ratio:0.9912547469139099
reserving basis 59/768; cond: 34542125056.0, ratio:0.9914751052856445
reserving basis 59/768; cond: 34542125056.0, ratio:0.9914751052856445
reserving basis 63/768; cond: 259179200512.0, ratio:0.9936606287956238
reserving basis 63/768; cond: 259179200512.0, ratio:0.9936606287956238
reserving basis 58/768; cond: 108537053184.0, ratio:0.9914947152137756
reserving basis 58/768; cond: 108537053184.0, ratio:0.9914947152137756
reserving basis 61/768; cond: 90940366848.0, ratio:0.9901110529899597
reserving basis 61/768; cond: 90940366848.0, ratio:0.9901110529899597
reserving basis 58/768; cond: 60387495936.0, ratio:0.9917687773704529
reserving basis 58/768; cond: 60387495936.0, ratio:0.9917687773704529
reserving basis 60/768; cond: 73972465664.0, ratio:0.9903349280357361
reserving basis 60/768; cond: 73972465664.0, ratio:0.9903349280357361
reserving basis 56/768; cond: 1122850045952.0, ratio:0.990109920501709
reserving basis 56/768; cond: 1122850045952.0, ratio:0.990109920501709
reserving basis 62/768; cond: 84335222784.0, ratio:0.9936303496360779
reserving basis 62/768; cond: 84335222784.0, ratio:0.9936303496360779
reserving basis 56/768; cond: 184020828160.0, ratio:0.9922531247138977
reserving basis 56/768; cond: 184020828160.0, ratio:0.9922531247138977
reserving basis 62/768; cond: 2632064434176.0, ratio:0.992821991443634
reserving basis 62/768; cond: 2632064434176.0, ratio:0.992821991443634
reserving basis 57/768; cond: 213189656576.0, ratio:0.9903985857963562
reserving basis 57/768; cond: 213189656576.0, ratio:0.9903985857963562
reserving basis 60/768; cond: 430664515584.0, ratio:0.9932303428649902
reserving basis 60/768; cond: 430664515584.0, ratio:0.9932303428649902
reserving basis 56/768; cond: 60557676544.0, ratio:0.991074800491333
reserving basis 56/768; cond: 60557676544.0, ratio:0.991074800491333
reserving basis 55/768; cond: 3037595435008.0, ratio:0.9901819825172424
reserving basis 55/768; cond: 3037595435008.0, ratio:0.9901819825172424
reserving basis 53/768; cond: 109021585408.0, ratio:0.9918474555015564
reserving basis 53/768; cond: 109021585408.0, ratio:0.9918474555015564
reserving basis 44/768; cond: 226857762816.0, ratio:0.9907761812210083
reserving basis 44/768; cond: 226857762816.0, ratio:0.9907761812210083
reserving basis 48/768; cond: 100283334656.0, ratio:0.9922260046005249
reserving basis 48/768; cond: 100283334656.0, ratio:0.9922260046005249
2026-04-27 02:22:19,536 [palora.py] => Task 7, Epoch 20/20 => Loss 0.347, Train_accy 99.30
2026-04-27 02:22:24,227 [trainer.py] => Time:181.28873920440674
1600 1600
2026-04-27 02:22:31,228 [trainer.py] => Time:7.000965118408203
2026-04-27 02:22:31,228 [trainer.py] => ACC: {'total': 96.19, '00-01': 100.0, '02-03': 92.5, '04-05': 99.0, '06-07': 96.5, '08-09': 100.0, '10-11': 87.0, '12-13': 97.0, '14-15': 97.5, 'old': 96.0, 'new': 97.5}
2026-04-27 02:22:31,228 [trainer.py] => ACC top1 curve: [100.0, 99.5, 99.0, 98.5, 99.0, 96.0, 95.79, 96.19]
Average Accuracy: 97.9975
2026-04-27 02:22:31,229 [trainer.py] => Average Accuracy: 97.9975
2026-04-27 02:22:31,238 [trainer.py] => All params: 125940251
2026-04-27 02:22:31,247 [trainer.py] => Trainable params: 370178
2026-04-27 02:22:31,247 [palora.py] => Learning on 16-18
Parameters to be updated: {'image_encoder.blocks.9.attn.lora_B_k.8.weight', 'image_encoder.blocks.6.attn.lora_B_v.8.weight', 'image_encoder.blocks.1.attn.lora_B_v.8.weight', 'image_encoder.blocks.4.attn.lora_A_k.8.weight', 'image_encoder.blocks.5.attn.lora_A_k.8.weight', 'image_encoder.blocks.5.attn.lora_B_k.8.weight', 'image_encoder.blocks.7.attn.lora_A_k.8.weight', 'image_encoder.blocks.11.attn.lora_B_k.8.weight', 'image_encoder.blocks.1.attn.lora_B_k.8.weight', 'image_encoder.blocks.2.attn.lora_A_k.8.weight', 'image_encoder.blocks.4.attn.lora_A_v.8.weight', 'classifier_pool.8.bias', 'image_encoder.blocks.5.attn.lora_B_v.8.weight', 'image_encoder.blocks.11.attn.lora_B_v.8.weight', 'image_encoder.blocks.3.attn.lora_B_k.8.weight', 'image_encoder.blocks.6.attn.lora_A_v.8.weight', 'image_encoder.blocks.8.attn.lora_A_v.8.weight', 'image_encoder.blocks.11.attn.lora_A_k.8.weight', 'image_encoder.blocks.0.attn.lora_A_v.8.weight', 'image_encoder.blocks.1.attn.lora_A_k.8.weight', 'image_encoder.blocks.0.attn.lora_B_v.8.weight', 'image_encoder.blocks.3.attn.lora_B_v.8.weight', 'image_encoder.blocks.3.attn.lora_A_v.8.weight', 'image_encoder.blocks.8.attn.lora_A_k.8.weight', 'image_encoder.blocks.10.attn.lora_B_v.8.weight', 'image_encoder.blocks.4.attn.lora_B_k.8.weight', 'image_encoder.blocks.1.attn.lora_A_v.8.weight', 'image_encoder.blocks.10.attn.lora_B_k.8.weight', 'image_encoder.blocks.11.attn.lora_A_v.8.weight', 'image_encoder.blocks.8.attn.lora_B_v.8.weight', 'image_encoder.blocks.5.attn.lora_A_v.8.weight', 'image_encoder.blocks.8.attn.lora_B_k.8.weight', 'image_encoder.blocks.9.attn.lora_A_v.8.weight', 'image_encoder.blocks.2.attn.lora_B_k.8.weight', 'image_encoder.blocks.10.attn.lora_A_k.8.weight', 'image_encoder.blocks.7.attn.lora_B_k.8.weight', 'image_encoder.blocks.2.attn.lora_B_v.8.weight', 'classifier_pool.8.weight', 'image_encoder.blocks.0.attn.lora_B_k.8.weight', 'image_encoder.blocks.3.attn.lora_A_k.8.weight', 'image_encoder.blocks.6.attn.lora_B_k.8.weight', 'image_encoder.blocks.7.attn.lora_A_v.8.weight', 'image_encoder.blocks.9.attn.lora_B_v.8.weight', 'image_encoder.blocks.10.attn.lora_A_v.8.weight', 'image_encoder.blocks.2.attn.lora_A_v.8.weight', 'image_encoder.blocks.0.attn.lora_A_k.8.weight', 'image_encoder.blocks.9.attn.lora_A_k.8.weight', 'image_encoder.blocks.7.attn.lora_B_v.8.weight', 'image_encoder.blocks.4.attn.lora_B_v.8.weight', 'image_encoder.blocks.6.attn.lora_A_k.8.weight'}
After trained on task 7 tensor(0.0429, device='cuda:0') tensor(0.0428, device='cuda:0')
After trained on task 7 tensor(0.0449, device='cuda:0') tensor(0.0512, device='cuda:0')
After trained on task 7 tensor(0.0576, device='cuda:0') tensor(0.0555, device='cuda:0')
After trained on task 7 tensor(0.0518, device='cuda:0') tensor(0.0640, device='cuda:0')
After trained on task 7 tensor(0.0619, device='cuda:0') tensor(0.0640, device='cuda:0')
After trained on task 7 tensor(0.0582, device='cuda:0') tensor(0.0767, device='cuda:0')
After trained on task 7 tensor(0.0571, device='cuda:0') tensor(0.0773, device='cuda:0')
After trained on task 7 tensor(0.0698, device='cuda:0') tensor(0.1111, device='cuda:0')
After trained on task 7 tensor(0.0649, device='cuda:0') tensor(0.1210, device='cuda:0')
After trained on task 7 tensor(0.0877, device='cuda:0') tensor(0.1602, device='cuda:0')
After trained on task 7 tensor(0.0808, device='cuda:0') tensor(0.1728, device='cuda:0')
After trained on task 7 tensor(0.1972, device='cuda:0') tensor(0.2442, device='cuda:0')
reserving basis 62/768; cond: 167657177088.0, ratio:0.9913117289543152
reserving basis 62/768; cond: 167657177088.0, ratio:0.9913117289543152
reserving basis 67/768; cond: 619940675584.0, ratio:0.992119312286377
reserving basis 67/768; cond: 619940675584.0, ratio:0.992119312286377
reserving basis 66/768; cond: 2025850273792.0, ratio:0.9907933473587036
reserving basis 66/768; cond: 2025850273792.0, ratio:0.9907933473587036
reserving basis 66/768; cond: 145628823552.0, ratio:0.9925875067710876
reserving basis 66/768; cond: 145628823552.0, ratio:0.9925875067710876
reserving basis 68/768; cond: 105277079552.0, ratio:0.992212176322937
reserving basis 68/768; cond: 105277079552.0, ratio:0.992212176322937
reserving basis 67/768; cond: 30067963904.0, ratio:0.9924329519271851
reserving basis 67/768; cond: 30067963904.0, ratio:0.9924329519271851
reserving basis 67/768; cond: 334493089792.0, ratio:0.9915639162063599
reserving basis 67/768; cond: 334493089792.0, ratio:0.9915639162063599
reserving basis 66/768; cond: 72976982016.0, ratio:0.992804765701294
reserving basis 66/768; cond: 72976982016.0, ratio:0.992804765701294
reserving basis 70/768; cond: 1760758857728.0, ratio:0.9908738136291504
reserving basis 70/768; cond: 1760758857728.0, ratio:0.9908738136291504
reserving basis 65/768; cond: 2087711670272.0, ratio:0.9919799566268921
reserving basis 65/768; cond: 2087711670272.0, ratio:0.9919799566268921
reserving basis 68/768; cond: 145962696704.0, ratio:0.9917821884155273
reserving basis 68/768; cond: 145962696704.0, ratio:0.9917821884155273
reserving basis 65/768; cond: 160568033280.0, ratio:0.9922636151313782
reserving basis 65/768; cond: 160568033280.0, ratio:0.9922636151313782
reserving basis 67/768; cond: 555384700928.0, ratio:0.9915705323219299
reserving basis 67/768; cond: 555384700928.0, ratio:0.9915705323219299
reserving basis 63/768; cond: 135528177664.0, ratio:0.9920996427536011
reserving basis 63/768; cond: 135528177664.0, ratio:0.9920996427536011
reserving basis 69/768; cond: 182567895040.0, ratio:0.9907014966011047
reserving basis 69/768; cond: 182567895040.0, ratio:0.9907014966011047
reserving basis 62/768; cond: 352778911744.0, ratio:0.9900490641593933
reserving basis 62/768; cond: 352778911744.0, ratio:0.9900490641593933
reserving basis 69/768; cond: 1219422584832.0, ratio:0.9901350736618042
reserving basis 69/768; cond: 1219422584832.0, ratio:0.9901350736618042
reserving basis 63/768; cond: 63539355648.0, ratio:0.9919319748878479
reserving basis 63/768; cond: 63539355648.0, ratio:0.9919319748878479
reserving basis 67/768; cond: 70576922624.0, ratio:0.9917946457862854
reserving basis 67/768; cond: 70576922624.0, ratio:0.9917946457862854
reserving basis 62/768; cond: 387035037696.0, ratio:0.9921715259552002
reserving basis 62/768; cond: 387035037696.0, ratio:0.9921715259552002
reserving basis 61/768; cond: 1913677414400.0, ratio:0.9908087849617004
reserving basis 61/768; cond: 1913677414400.0, ratio:0.9908087849617004
reserving basis 58/768; cond: 291421290496.0, ratio:0.991421103477478
reserving basis 58/768; cond: 291421290496.0, ratio:0.991421103477478
reserving basis 48/768; cond: 625078697984.0, ratio:0.9907232522964478
reserving basis 48/768; cond: 625078697984.0, ratio:0.9907232522964478
reserving basis 52/768; cond: 154961526784.0, ratio:0.99120032787323
reserving basis 52/768; cond: 154961526784.0, ratio:0.99120032787323
2026-04-27 02:25:28,219 [palora.py] => Task 8, Epoch 20/20 => Loss 0.328, Train_accy 99.50
2026-04-27 02:25:32,825 [trainer.py] => Time:181.57785296440125
1800 1800
2026-04-27 02:25:39,867 [trainer.py] => Time:7.041479825973511
2026-04-27 02:25:39,867 [trainer.py] => ACC: {'total': 95.83, '00-01': 100.0, '02-03': 90.5, '04-05': 99.0, '06-07': 95.5, '08-09': 100.0, '10-11': 87.0, '12-13': 96.5, '14-15': 97.5, '16-17': 96.5, 'old': 95.75, 'new': 96.5}
2026-04-27 02:25:39,867 [trainer.py] => ACC top1 curve: [100.0, 99.5, 99.0, 98.5, 99.0, 96.0, 95.79, 96.19, 95.83]
Average Accuracy: 97.75666666666667
2026-04-27 02:25:39,867 [trainer.py] => Average Accuracy: 97.75666666666667
2026-04-27 02:25:39,876 [trainer.py] => All params: 125940251
2026-04-27 02:25:39,884 [trainer.py] => Trainable params: 370178
2026-04-27 02:25:39,884 [palora.py] => Learning on 18-20
Parameters to be updated: {'image_encoder.blocks.10.attn.lora_A_k.9.weight', 'image_encoder.blocks.6.attn.lora_A_k.9.weight', 'image_encoder.blocks.1.attn.lora_A_v.9.weight', 'image_encoder.blocks.11.attn.lora_B_v.9.weight', 'image_encoder.blocks.0.attn.lora_B_v.9.weight', 'image_encoder.blocks.8.attn.lora_B_k.9.weight', 'image_encoder.blocks.9.attn.lora_A_k.9.weight', 'image_encoder.blocks.0.attn.lora_A_k.9.weight', 'image_encoder.blocks.3.attn.lora_A_k.9.weight', 'image_encoder.blocks.2.attn.lora_A_v.9.weight', 'image_encoder.blocks.7.attn.lora_B_v.9.weight', 'image_encoder.blocks.6.attn.lora_B_k.9.weight', 'image_encoder.blocks.7.attn.lora_A_k.9.weight', 'image_encoder.blocks.5.attn.lora_B_v.9.weight', 'image_encoder.blocks.0.attn.lora_B_k.9.weight', 'image_encoder.blocks.8.attn.lora_A_v.9.weight', 'image_encoder.blocks.1.attn.lora_B_k.9.weight', 'image_encoder.blocks.6.attn.lora_A_v.9.weight', 'image_encoder.blocks.10.attn.lora_A_v.9.weight', 'image_encoder.blocks.5.attn.lora_A_v.9.weight', 'image_encoder.blocks.9.attn.lora_B_v.9.weight', 'image_encoder.blocks.4.attn.lora_A_v.9.weight', 'image_encoder.blocks.2.attn.lora_B_v.9.weight', 'image_encoder.blocks.4.attn.lora_B_v.9.weight', 'image_encoder.blocks.0.attn.lora_A_v.9.weight', 'image_encoder.blocks.3.attn.lora_A_v.9.weight', 'image_encoder.blocks.7.attn.lora_A_v.9.weight', 'classifier_pool.9.bias', 'image_encoder.blocks.3.attn.lora_B_k.9.weight', 'image_encoder.blocks.4.attn.lora_A_k.9.weight', 'image_encoder.blocks.5.attn.lora_A_k.9.weight', 'image_encoder.blocks.8.attn.lora_A_k.9.weight', 'image_encoder.blocks.11.attn.lora_A_k.9.weight', 'image_encoder.blocks.11.attn.lora_A_v.9.weight', 'image_encoder.blocks.3.attn.lora_B_v.9.weight', 'image_encoder.blocks.11.attn.lora_B_k.9.weight', 'image_encoder.blocks.10.attn.lora_B_v.9.weight', 'image_encoder.blocks.8.attn.lora_B_v.9.weight', 'image_encoder.blocks.4.attn.lora_B_k.9.weight', 'image_encoder.blocks.9.attn.lora_A_v.9.weight', 'image_encoder.blocks.10.attn.lora_B_k.9.weight', 'classifier_pool.9.weight', 'image_encoder.blocks.2.attn.lora_A_k.9.weight', 'image_encoder.blocks.7.attn.lora_B_k.9.weight', 'image_encoder.blocks.1.attn.lora_A_k.9.weight', 'image_encoder.blocks.5.attn.lora_B_k.9.weight', 'image_encoder.blocks.2.attn.lora_B_k.9.weight', 'image_encoder.blocks.9.attn.lora_B_k.9.weight', 'image_encoder.blocks.6.attn.lora_B_v.9.weight', 'image_encoder.blocks.1.attn.lora_B_v.9.weight'}
After trained on task 8 tensor(0.0613, device='cuda:0') tensor(0.0497, device='cuda:0')
After trained on task 8 tensor(0.0412, device='cuda:0') tensor(0.0476, device='cuda:0')
After trained on task 8 tensor(0.0497, device='cuda:0') tensor(0.0546, device='cuda:0')
After trained on task 8 tensor(0.0487, device='cuda:0') tensor(0.0646, device='cuda:0')
After trained on task 8 tensor(0.0499, device='cuda:0') tensor(0.0883, device='cuda:0')
After trained on task 8 tensor(0.0721, device='cuda:0') tensor(0.0753, device='cuda:0')
After trained on task 8 tensor(0.0595, device='cuda:0') tensor(0.0863, device='cuda:0')
After trained on task 8 tensor(0.0752, device='cuda:0') tensor(0.0827, device='cuda:0')
After trained on task 8 tensor(0.0605, device='cuda:0') tensor(0.0973, device='cuda:0')
After trained on task 8 tensor(0.0825, device='cuda:0') tensor(0.1646, device='cuda:0')
After trained on task 8 tensor(0.1181, device='cuda:0') tensor(0.1934, device='cuda:0')
After trained on task 8 tensor(0.2131, device='cuda:0') tensor(0.2268, device='cuda:0')
reserving basis 68/768; cond: 523205476352.0, ratio:0.9920446276664734
reserving basis 68/768; cond: 523205476352.0, ratio:0.9920446276664734
reserving basis 73/768; cond: 109767606272.0, ratio:0.9918673038482666
reserving basis 73/768; cond: 109767606272.0, ratio:0.9918673038482666
reserving basis 72/768; cond: 47457603584.0, ratio:0.9910327792167664
reserving basis 72/768; cond: 47457603584.0, ratio:0.9910327792167664
reserving basis 73/768; cond: 702018093056.0, ratio:0.9926902055740356
reserving basis 73/768; cond: 702018093056.0, ratio:0.9926902055740356
reserving basis 74/768; cond: 310183854080.0, ratio:0.9900200366973877
reserving basis 74/768; cond: 310183854080.0, ratio:0.9900200366973877
reserving basis 73/768; cond: 37946277888.0, ratio:0.9911950826644897
reserving basis 73/768; cond: 37946277888.0, ratio:0.9911950826644897
reserving basis 74/768; cond: 51878400000.0, ratio:0.9915655255317688
reserving basis 74/768; cond: 51878400000.0, ratio:0.9915655255317688
reserving basis 72/768; cond: 47069925376.0, ratio:0.9905499219894409
reserving basis 72/768; cond: 47069925376.0, ratio:0.9905499219894409
reserving basis 77/768; cond: 30368753664.0, ratio:0.9914628863334656
reserving basis 77/768; cond: 30368753664.0, ratio:0.9914628863334656
reserving basis 71/768; cond: 1516816695296.0, ratio:0.9921966791152954
reserving basis 71/768; cond: 1516816695296.0, ratio:0.9921966791152954
reserving basis 75/768; cond: 602281869312.0, ratio:0.9925246834754944
reserving basis 75/768; cond: 602281869312.0, ratio:0.9925246834754944
reserving basis 71/768; cond: 494011187200.0, ratio:0.9904187917709351
reserving basis 71/768; cond: 494011187200.0, ratio:0.9904187917709351
reserving basis 73/768; cond: 840423178240.0, ratio:0.990007758140564
reserving basis 73/768; cond: 840423178240.0, ratio:0.990007758140564
reserving basis 69/768; cond: 109399826432.0, ratio:0.9912007451057434
reserving basis 69/768; cond: 109399826432.0, ratio:0.9912007451057434
reserving basis 76/768; cond: 26666893312.0, ratio:0.9922357201576233
reserving basis 76/768; cond: 26666893312.0, ratio:0.9922357201576233
reserving basis 68/768; cond: 19228123136.0, ratio:0.9910613298416138
reserving basis 68/768; cond: 19228123136.0, ratio:0.9910613298416138
reserving basis 76/768; cond: 73478799360.0, ratio:0.9917534589767456
reserving basis 76/768; cond: 73478799360.0, ratio:0.9917534589767456
reserving basis 69/768; cond: 58480607232.0, ratio:0.9910635948181152
reserving basis 69/768; cond: 58480607232.0, ratio:0.9910635948181152
reserving basis 73/768; cond: 48537391104.0, ratio:0.9904060959815979
reserving basis 73/768; cond: 48537391104.0, ratio:0.9904060959815979
reserving basis 67/768; cond: 43154493440.0, ratio:0.9905504584312439
reserving basis 67/768; cond: 43154493440.0, ratio:0.9905504584312439
reserving basis 67/768; cond: 170503323648.0, ratio:0.9919704794883728
reserving basis 67/768; cond: 170503323648.0, ratio:0.9919704794883728
reserving basis 63/768; cond: 298906583040.0, ratio:0.9906013607978821
reserving basis 63/768; cond: 298906583040.0, ratio:0.9906013607978821
reserving basis 52/768; cond: 561055858688.0, ratio:0.9911764860153198
reserving basis 52/768; cond: 561055858688.0, ratio:0.9911764860153198
reserving basis 56/768; cond: 202365632512.0, ratio:0.9908419251441956
reserving basis 56/768; cond: 202365632512.0, ratio:0.9908419251441956
2026-04-27 02:28:35,975 [palora.py] => Task 9, Epoch 20/20 => Loss 0.336, Train_accy 99.10
2026-04-27 02:28:40,728 [trainer.py] => Time:180.84428191184998
2000 2000
2026-04-27 02:28:48,444 [trainer.py] => Time:7.715624094009399
2026-04-27 02:28:48,444 [trainer.py] => ACC: {'total': 95.75, '00-01': 100.0, '02-03': 92.0, '04-05': 99.5, '06-07': 95.0, '08-09': 100.0, '10-11': 85.5, '12-13': 96.5, '14-15': 96.5, '16-17': 96.0, '18-19': 96.5, 'old': 95.67, 'new': 96.5}
2026-04-27 02:28:48,444 [trainer.py] => ACC top1 curve: [100.0, 99.5, 99.0, 98.5, 99.0, 96.0, 95.79, 96.19, 95.83, 95.75]
Average Accuracy: 97.55600000000001
2026-04-27 02:28:48,445 [trainer.py] => Average Accuracy: 97.55600000000001
2026-04-27 02:28:48,454 [trainer.py] => All params: 125940251
2026-04-27 02:28:48,462 [trainer.py] => Trainable params: 370178
2026-04-27 02:28:48,462 [palora.py] => Learning on 20-22
Parameters to be updated: {'image_encoder.blocks.7.attn.lora_A_v.10.weight', 'classifier_pool.10.weight', 'image_encoder.blocks.1.attn.lora_A_v.10.weight', 'image_encoder.blocks.3.attn.lora_B_k.10.weight', 'classifier_pool.10.bias', 'image_encoder.blocks.8.attn.lora_B_k.10.weight', 'image_encoder.blocks.4.attn.lora_B_v.10.weight', 'image_encoder.blocks.4.attn.lora_A_v.10.weight', 'image_encoder.blocks.8.attn.lora_B_v.10.weight', 'image_encoder.blocks.2.attn.lora_A_v.10.weight', 'image_encoder.blocks.6.attn.lora_B_k.10.weight', 'image_encoder.blocks.3.attn.lora_B_v.10.weight', 'image_encoder.blocks.7.attn.lora_B_v.10.weight', 'image_encoder.blocks.11.attn.lora_B_k.10.weight', 'image_encoder.blocks.6.attn.lora_B_v.10.weight', 'image_encoder.blocks.2.attn.lora_A_k.10.weight', 'image_encoder.blocks.7.attn.lora_A_k.10.weight', 'image_encoder.blocks.5.attn.lora_B_v.10.weight', 'image_encoder.blocks.5.attn.lora_A_v.10.weight', 'image_encoder.blocks.3.attn.lora_A_k.10.weight', 'image_encoder.blocks.4.attn.lora_A_k.10.weight', 'image_encoder.blocks.7.attn.lora_B_k.10.weight', 'image_encoder.blocks.8.attn.lora_A_v.10.weight', 'image_encoder.blocks.9.attn.lora_A_k.10.weight', 'image_encoder.blocks.0.attn.lora_A_v.10.weight', 'image_encoder.blocks.8.attn.lora_A_k.10.weight', 'image_encoder.blocks.10.attn.lora_A_k.10.weight', 'image_encoder.blocks.10.attn.lora_A_v.10.weight', 'image_encoder.blocks.11.attn.lora_A_k.10.weight', 'image_encoder.blocks.5.attn.lora_B_k.10.weight', 'image_encoder.blocks.11.attn.lora_A_v.10.weight', 'image_encoder.blocks.4.attn.lora_B_k.10.weight', 'image_encoder.blocks.9.attn.lora_A_v.10.weight', 'image_encoder.blocks.0.attn.lora_B_k.10.weight', 'image_encoder.blocks.2.attn.lora_B_v.10.weight', 'image_encoder.blocks.0.attn.lora_B_v.10.weight', 'image_encoder.blocks.9.attn.lora_B_k.10.weight', 'image_encoder.blocks.11.attn.lora_B_v.10.weight', 'image_encoder.blocks.1.attn.lora_A_k.10.weight', 'image_encoder.blocks.1.attn.lora_B_v.10.weight', 'image_encoder.blocks.0.attn.lora_A_k.10.weight', 'image_encoder.blocks.3.attn.lora_A_v.10.weight', 'image_encoder.blocks.6.attn.lora_A_v.10.weight', 'image_encoder.blocks.10.attn.lora_B_v.10.weight', 'image_encoder.blocks.10.attn.lora_B_k.10.weight', 'image_encoder.blocks.9.attn.lora_B_v.10.weight', 'image_encoder.blocks.6.attn.lora_A_k.10.weight', 'image_encoder.blocks.2.attn.lora_B_k.10.weight', 'image_encoder.blocks.5.attn.lora_A_k.10.weight', 'image_encoder.blocks.1.attn.lora_B_k.10.weight'}
After trained on task 9 tensor(0.0520, device='cuda:0') tensor(0.0412, device='cuda:0')
After trained on task 9 tensor(0.0385, device='cuda:0') tensor(0.0420, device='cuda:0')
After trained on task 9 tensor(0.0493, device='cuda:0') tensor(0.0444, device='cuda:0')
After trained on task 9 tensor(0.0384, device='cuda:0') tensor(0.0489, device='cuda:0')
After trained on task 9 tensor(0.0417, device='cuda:0') tensor(0.0556, device='cuda:0')
After trained on task 9 tensor(0.0534, device='cuda:0') tensor(0.0565, device='cuda:0')
After trained on task 9 tensor(0.0467, device='cuda:0') tensor(0.0585, device='cuda:0')
After trained on task 9 tensor(0.0495, device='cuda:0') tensor(0.0659, device='cuda:0')
After trained on task 9 tensor(0.0468, device='cuda:0') tensor(0.0867, device='cuda:0')
After trained on task 9 tensor(0.0516, device='cuda:0') tensor(0.1258, device='cuda:0')
After trained on task 9 tensor(0.0623, device='cuda:0') tensor(0.1519, device='cuda:0')
After trained on task 9 tensor(0.2057, device='cuda:0') tensor(0.2146, device='cuda:0')
reserving basis 73/768; cond: 253863378944.0, ratio:0.9913946986198425
reserving basis 73/768; cond: 253863378944.0, ratio:0.9913946986198425
reserving basis 79/768; cond: 187806449664.0, ratio:0.9919120669364929
reserving basis 79/768; cond: 187806449664.0, ratio:0.9919120669364929
reserving basis 78/768; cond: 180093632512.0, ratio:0.9909613132476807
reserving basis 78/768; cond: 180093632512.0, ratio:0.9909613132476807
reserving basis 79/768; cond: 262198050816.0, ratio:0.9909717440605164
reserving basis 79/768; cond: 262198050816.0, ratio:0.9909717440605164
reserving basis 80/768; cond: 67554312192.0, ratio:0.990542471408844
reserving basis 80/768; cond: 67554312192.0, ratio:0.990542471408844
reserving basis 79/768; cond: 3136404586496.0, ratio:0.9918968081474304
reserving basis 79/768; cond: 3136404586496.0, ratio:0.9918968081474304
reserving basis 81/768; cond: 256992788480.0, ratio:0.9917402267456055
reserving basis 81/768; cond: 256992788480.0, ratio:0.9917402267456055
reserving basis 78/768; cond: 42936078336.0, ratio:0.9904645681381226
reserving basis 78/768; cond: 42936078336.0, ratio:0.9904645681381226
reserving basis 84/768; cond: 132712849408.0, ratio:0.9925628304481506
reserving basis 84/768; cond: 132712849408.0, ratio:0.9925628304481506
reserving basis 77/768; cond: 130372730880.0, ratio:0.9918771982192993
reserving basis 77/768; cond: 130372730880.0, ratio:0.9918771982192993
reserving basis 81/768; cond: 53104529408.0, ratio:0.9908462166786194
reserving basis 81/768; cond: 53104529408.0, ratio:0.9908462166786194
reserving basis 77/768; cond: 103625531392.0, ratio:0.9917011857032776
reserving basis 77/768; cond: 103625531392.0, ratio:0.9917011857032776
reserving basis 79/768; cond: 67370622976.0, ratio:0.9903188347816467
reserving basis 79/768; cond: 67370622976.0, ratio:0.9903188347816467
reserving basis 75/768; cond: 44444729344.0, ratio:0.9912852048873901
reserving basis 75/768; cond: 44444729344.0, ratio:0.9912852048873901
reserving basis 83/768; cond: 41651855360.0, ratio:0.9922957420349121
reserving basis 83/768; cond: 41651855360.0, ratio:0.9922957420349121
reserving basis 74/768; cond: 168860712960.0, ratio:0.9911715984344482
reserving basis 74/768; cond: 168860712960.0, ratio:0.9911715984344482
reserving basis 83/768; cond: 576262111232.0, ratio:0.9917222857475281
reserving basis 83/768; cond: 576262111232.0, ratio:0.9917222857475281
reserving basis 74/768; cond: 95903309824.0, ratio:0.9904935956001282
reserving basis 74/768; cond: 95903309824.0, ratio:0.9904935956001282
reserving basis 80/768; cond: 52898619392.0, ratio:0.9925936460494995
reserving basis 80/768; cond: 52898619392.0, ratio:0.9925936460494995
reserving basis 72/768; cond: 38024462336.0, ratio:0.9904588460922241
reserving basis 72/768; cond: 38024462336.0, ratio:0.9904588460922241
reserving basis 73/768; cond: 7675205648384.0, ratio:0.9920415282249451
reserving basis 73/768; cond: 7675205648384.0, ratio:0.9920415282249451
reserving basis 68/768; cond: 1184075743232.0, ratio:0.9917494058609009
reserving basis 68/768; cond: 1184075743232.0, ratio:0.9917494058609009
reserving basis 55/768; cond: 152713822208.0, ratio:0.9912065267562866
reserving basis 55/768; cond: 152713822208.0, ratio:0.9912065267562866
reserving basis 60/768; cond: 163269050368.0, ratio:0.9919261336326599
reserving basis 60/768; cond: 163269050368.0, ratio:0.9919261336326599
2026-04-27 02:31:44,679 [palora.py] => Task 10, Epoch 20/20 => Loss 0.295, Train_accy 99.60
2026-04-27 02:31:49,468 [trainer.py] => Time:181.00615692138672
2200 2200
2026-04-27 02:31:58,351 [trainer.py] => Time:8.882988929748535
2026-04-27 02:31:58,352 [trainer.py] => ACC: {'total': 95.86, '00-01': 100.0, '02-03': 90.0, '04-05': 98.5, '06-07': 95.0, '08-09': 100.0, '10-11': 86.0, '12-13': 96.5, '14-15': 96.5, '16-17': 96.0, '18-19': 96.5, '20-21': 99.5, 'old': 95.5, 'new': 99.5}
2026-04-27 02:31:58,352 [trainer.py] => ACC top1 curve: [100.0, 99.5, 99.0, 98.5, 99.0, 96.0, 95.79, 96.19, 95.83, 95.75, 95.86]
Average Accuracy: 97.40181818181819
2026-04-27 02:31:58,352 [trainer.py] => Average Accuracy: 97.40181818181819
2026-04-27 02:31:58,361 [trainer.py] => All params: 125940251
2026-04-27 02:31:58,368 [trainer.py] => Trainable params: 370178
2026-04-27 02:31:58,368 [palora.py] => Learning on 22-24
Parameters to be updated: {'image_encoder.blocks.1.attn.lora_A_v.11.weight', 'image_encoder.blocks.4.attn.lora_A_v.11.weight', 'image_encoder.blocks.7.attn.lora_A_k.11.weight', 'image_encoder.blocks.5.attn.lora_A_v.11.weight', 'image_encoder.blocks.10.attn.lora_B_v.11.weight', 'image_encoder.blocks.7.attn.lora_B_v.11.weight', 'image_encoder.blocks.4.attn.lora_B_v.11.weight', 'image_encoder.blocks.8.attn.lora_B_k.11.weight', 'image_encoder.blocks.9.attn.lora_A_v.11.weight', 'image_encoder.blocks.11.attn.lora_B_k.11.weight', 'image_encoder.blocks.1.attn.lora_A_k.11.weight', 'image_encoder.blocks.11.attn.lora_A_v.11.weight', 'image_encoder.blocks.9.attn.lora_B_k.11.weight', 'image_encoder.blocks.0.attn.lora_B_k.11.weight', 'image_encoder.blocks.3.attn.lora_A_k.11.weight', 'image_encoder.blocks.3.attn.lora_B_k.11.weight', 'image_encoder.blocks.7.attn.lora_B_k.11.weight', 'image_encoder.blocks.5.attn.lora_A_k.11.weight', 'image_encoder.blocks.1.attn.lora_B_v.11.weight', 'image_encoder.blocks.0.attn.lora_A_v.11.weight', 'image_encoder.blocks.10.attn.lora_A_v.11.weight', 'image_encoder.blocks.11.attn.lora_A_k.11.weight', 'image_encoder.blocks.3.attn.lora_A_v.11.weight', 'image_encoder.blocks.6.attn.lora_A_v.11.weight', 'image_encoder.blocks.5.attn.lora_B_k.11.weight', 'image_encoder.blocks.6.attn.lora_B_k.11.weight', 'image_encoder.blocks.11.attn.lora_B_v.11.weight', 'image_encoder.blocks.10.attn.lora_A_k.11.weight', 'image_encoder.blocks.2.attn.lora_A_v.11.weight', 'image_encoder.blocks.4.attn.lora_A_k.11.weight', 'image_encoder.blocks.2.attn.lora_A_k.11.weight', 'image_encoder.blocks.0.attn.lora_B_v.11.weight', 'image_encoder.blocks.4.attn.lora_B_k.11.weight', 'image_encoder.blocks.6.attn.lora_B_v.11.weight', 'image_encoder.blocks.9.attn.lora_B_v.11.weight', 'classifier_pool.11.weight', 'image_encoder.blocks.8.attn.lora_A_k.11.weight', 'image_encoder.blocks.2.attn.lora_B_k.11.weight', 'image_encoder.blocks.10.attn.lora_B_k.11.weight', 'image_encoder.blocks.7.attn.lora_A_v.11.weight', 'image_encoder.blocks.1.attn.lora_B_k.11.weight', 'image_encoder.blocks.2.attn.lora_B_v.11.weight', 'image_encoder.blocks.6.attn.lora_A_k.11.weight', 'image_encoder.blocks.8.attn.lora_A_v.11.weight', 'image_encoder.blocks.9.attn.lora_A_k.11.weight', 'classifier_pool.11.bias', 'image_encoder.blocks.0.attn.lora_A_k.11.weight', 'image_encoder.blocks.8.attn.lora_B_v.11.weight', 'image_encoder.blocks.5.attn.lora_B_v.11.weight', 'image_encoder.blocks.3.attn.lora_B_v.11.weight'}
After trained on task 10 tensor(0.0437, device='cuda:0') tensor(0.0446, device='cuda:0')
After trained on task 10 tensor(0.0506, device='cuda:0') tensor(0.0546, device='cuda:0')
After trained on task 10 tensor(0.0441, device='cuda:0') tensor(0.0544, device='cuda:0')
After trained on task 10 tensor(0.0504, device='cuda:0') tensor(0.0552, device='cuda:0')
After trained on task 10 tensor(0.0466, device='cuda:0') tensor(0.0618, device='cuda:0')
After trained on task 10 tensor(0.0569, device='cuda:0') tensor(0.0620, device='cuda:0')
After trained on task 10 tensor(0.0669, device='cuda:0') tensor(0.0721, device='cuda:0')
After trained on task 10 tensor(0.0539, device='cuda:0') tensor(0.0828, device='cuda:0')
After trained on task 10 tensor(0.0611, device='cuda:0') tensor(0.1007, device='cuda:0')
After trained on task 10 tensor(0.0604, device='cuda:0') tensor(0.1883, device='cuda:0')
After trained on task 10 tensor(0.1631, device='cuda:0') tensor(0.2106, device='cuda:0')
After trained on task 10 tensor(0.2668, device='cuda:0') tensor(0.3353, device='cuda:0')
reserving basis 78/768; cond: 1014618980352.0, ratio:0.991495668888092
reserving basis 78/768; cond: 1014618980352.0, ratio:0.991495668888092
reserving basis 85/768; cond: 95406497792.0, ratio:0.9922501444816589
reserving basis 85/768; cond: 95406497792.0, ratio:0.9922501444816589
reserving basis 83/768; cond: 69054095360.0, ratio:0.9908490180969238
reserving basis 83/768; cond: 69054095360.0, ratio:0.9908490180969238
reserving basis 85/768; cond: 19954292736.0, ratio:0.9914771318435669
reserving basis 85/768; cond: 19954292736.0, ratio:0.9914771318435669
reserving basis 86/768; cond: 120026406912.0, ratio:0.9908620715141296
reserving basis 86/768; cond: 120026406912.0, ratio:0.9908620715141296
reserving basis 85/768; cond: 29330966528.0, ratio:0.9910467863082886
reserving basis 85/768; cond: 29330966528.0, ratio:0.9910467863082886
reserving basis 87/768; cond: 154289405952.0, ratio:0.9908345341682434
reserving basis 87/768; cond: 154289405952.0, ratio:0.9908345341682434
reserving basis 84/768; cond: 102147514368.0, ratio:0.9919794797897339
reserving basis 84/768; cond: 102147514368.0, ratio:0.9919794797897339
reserving basis 90/768; cond: 105760006144.0, ratio:0.9905407428741455
reserving basis 90/768; cond: 105760006144.0, ratio:0.9905407428741455
reserving basis 83/768; cond: 17286535168.0, ratio:0.9922025799751282
reserving basis 83/768; cond: 17286535168.0, ratio:0.9922025799751282
reserving basis 87/768; cond: 110028611584.0, ratio:0.9914453029632568
reserving basis 87/768; cond: 110028611584.0, ratio:0.9914453029632568
reserving basis 83/768; cond: 53242982400.0, ratio:0.9915865063667297
reserving basis 83/768; cond: 53242982400.0, ratio:0.9915865063667297
reserving basis 85/768; cond: 3408703258624.0, ratio:0.99216628074646
reserving basis 85/768; cond: 3408703258624.0, ratio:0.99216628074646
reserving basis 81/768; cond: 145952047104.0, ratio:0.991753876209259
reserving basis 81/768; cond: 145952047104.0, ratio:0.991753876209259
reserving basis 89/768; cond: 58619662336.0, ratio:0.9910175204277039
reserving basis 89/768; cond: 58619662336.0, ratio:0.9910175204277039
reserving basis 80/768; cond: 281855033344.0, ratio:0.9920658469200134
reserving basis 80/768; cond: 281855033344.0, ratio:0.9920658469200134
reserving basis 89/768; cond: 30592276480.0, ratio:0.9914327263832092
reserving basis 89/768; cond: 30592276480.0, ratio:0.9914327263832092
reserving basis 79/768; cond: 329123266560.0, ratio:0.9913012981414795
reserving basis 79/768; cond: 329123266560.0, ratio:0.9913012981414795
reserving basis 85/768; cond: 134916489216.0, ratio:0.9900212287902832
reserving basis 85/768; cond: 134916489216.0, ratio:0.9900212287902832
reserving basis 77/768; cond: 169296019456.0, ratio:0.9917903542518616
reserving basis 77/768; cond: 169296019456.0, ratio:0.9917903542518616
reserving basis 77/768; cond: 55419064320.0, ratio:0.991645872592926
reserving basis 77/768; cond: 55419064320.0, ratio:0.991645872592926
reserving basis 72/768; cond: 101052932096.0, ratio:0.9909611940383911
reserving basis 72/768; cond: 101052932096.0, ratio:0.9909611940383911
reserving basis 57/768; cond: 61111353344.0, ratio:0.991619348526001
reserving basis 57/768; cond: 61111353344.0, ratio:0.991619348526001
reserving basis 63/768; cond: 181428256768.0, ratio:0.9911670088768005
reserving basis 63/768; cond: 181428256768.0, ratio:0.9911670088768005
2026-04-27 02:34:53,840 [palora.py] => Task 11, Epoch 20/20 => Loss 0.319, Train_accy 99.90
2026-04-27 02:34:58,539 [trainer.py] => Time:180.17040276527405
2400 2400
2026-04-27 02:35:07,178 [trainer.py] => Time:8.639029741287231
2026-04-27 02:35:07,178 [trainer.py] => ACC: {'total': 95.79, '00-01': 100.0, '02-03': 90.5, '04-05': 98.5, '06-07': 95.0, '08-09': 100.0, '10-11': 85.0, '12-13': 94.5, '14-15': 96.5, '16-17': 95.5, '18-19': 96.5, '20-21': 99.5, '22-23': 98.0, 'old': 95.59, 'new': 98.0}
2026-04-27 02:35:07,178 [trainer.py] => ACC top1 curve: [100.0, 99.5, 99.0, 98.5, 99.0, 96.0, 95.79, 96.19, 95.83, 95.75, 95.86, 95.79]
Average Accuracy: 97.2675
2026-04-27 02:35:07,179 [trainer.py] => Average Accuracy: 97.2675
2026-04-27 02:35:07,188 [trainer.py] => All params: 125940251
2026-04-27 02:35:07,195 [trainer.py] => Trainable params: 370178
2026-04-27 02:35:07,195 [palora.py] => Learning on 24-26
Parameters to be updated: {'image_encoder.blocks.2.attn.lora_A_k.12.weight', 'image_encoder.blocks.6.attn.lora_B_v.12.weight', 'image_encoder.blocks.9.attn.lora_B_k.12.weight', 'image_encoder.blocks.2.attn.lora_B_v.12.weight', 'image_encoder.blocks.7.attn.lora_B_k.12.weight', 'image_encoder.blocks.3.attn.lora_B_v.12.weight', 'image_encoder.blocks.8.attn.lora_B_k.12.weight', 'image_encoder.blocks.11.attn.lora_A_v.12.weight', 'image_encoder.blocks.5.attn.lora_A_k.12.weight', 'image_encoder.blocks.6.attn.lora_B_k.12.weight', 'image_encoder.blocks.2.attn.lora_A_v.12.weight', 'image_encoder.blocks.4.attn.lora_A_k.12.weight', 'image_encoder.blocks.0.attn.lora_A_v.12.weight', 'image_encoder.blocks.9.attn.lora_A_k.12.weight', 'classifier_pool.12.weight', 'image_encoder.blocks.5.attn.lora_A_v.12.weight', 'image_encoder.blocks.3.attn.lora_A_v.12.weight', 'image_encoder.blocks.5.attn.lora_B_k.12.weight', 'image_encoder.blocks.10.attn.lora_B_k.12.weight', 'image_encoder.blocks.11.attn.lora_B_k.12.weight', 'image_encoder.blocks.6.attn.lora_A_k.12.weight', 'image_encoder.blocks.4.attn.lora_B_v.12.weight', 'image_encoder.blocks.8.attn.lora_A_v.12.weight', 'classifier_pool.12.bias', 'image_encoder.blocks.10.attn.lora_A_v.12.weight', 'image_encoder.blocks.7.attn.lora_A_k.12.weight', 'image_encoder.blocks.4.attn.lora_B_k.12.weight', 'image_encoder.blocks.2.attn.lora_B_k.12.weight', 'image_encoder.blocks.10.attn.lora_B_v.12.weight', 'image_encoder.blocks.5.attn.lora_B_v.12.weight', 'image_encoder.blocks.8.attn.lora_A_k.12.weight', 'image_encoder.blocks.11.attn.lora_B_v.12.weight', 'image_encoder.blocks.1.attn.lora_A_k.12.weight', 'image_encoder.blocks.6.attn.lora_A_v.12.weight', 'image_encoder.blocks.1.attn.lora_B_k.12.weight', 'image_encoder.blocks.7.attn.lora_B_v.12.weight', 'image_encoder.blocks.1.attn.lora_B_v.12.weight', 'image_encoder.blocks.1.attn.lora_A_v.12.weight', 'image_encoder.blocks.9.attn.lora_A_v.12.weight', 'image_encoder.blocks.9.attn.lora_B_v.12.weight', 'image_encoder.blocks.8.attn.lora_B_v.12.weight', 'image_encoder.blocks.0.attn.lora_B_k.12.weight', 'image_encoder.blocks.0.attn.lora_A_k.12.weight', 'image_encoder.blocks.3.attn.lora_A_k.12.weight', 'image_encoder.blocks.0.attn.lora_B_v.12.weight', 'image_encoder.blocks.3.attn.lora_B_k.12.weight', 'image_encoder.blocks.7.attn.lora_A_v.12.weight', 'image_encoder.blocks.10.attn.lora_A_k.12.weight', 'image_encoder.blocks.11.attn.lora_A_k.12.weight', 'image_encoder.blocks.4.attn.lora_A_v.12.weight'}
After trained on task 11 tensor(0.0328, device='cuda:0') tensor(0.0382, device='cuda:0')
After trained on task 11 tensor(0.0429, device='cuda:0') tensor(0.0464, device='cuda:0')
After trained on task 11 tensor(0.0524, device='cuda:0') tensor(0.0530, device='cuda:0')
After trained on task 11 tensor(0.0433, device='cuda:0') tensor(0.0500, device='cuda:0')
After trained on task 11 tensor(0.0468, device='cuda:0') tensor(0.0610, device='cuda:0')
After trained on task 11 tensor(0.0529, device='cuda:0') tensor(0.0627, device='cuda:0')
After trained on task 11 tensor(0.0502, device='cuda:0') tensor(0.0753, device='cuda:0')
After trained on task 11 tensor(0.0548, device='cuda:0') tensor(0.1045, device='cuda:0')
After trained on task 11 tensor(0.0628, device='cuda:0') tensor(0.1161, device='cuda:0')
After trained on task 11 tensor(0.1023, device='cuda:0') tensor(0.1726, device='cuda:0')
After trained on task 11 tensor(0.1514, device='cuda:0') tensor(0.1743, device='cuda:0')
After trained on task 11 tensor(0.2936, device='cuda:0') tensor(0.2593, device='cuda:0')
reserving basis 83/768; cond: 251266170880.0, ratio:0.991602897644043
reserving basis 83/768; cond: 251266170880.0, ratio:0.991602897644043
reserving basis 91/768; cond: 81044267008.0, ratio:0.9920958280563354
reserving basis 91/768; cond: 81044267008.0, ratio:0.9920958280563354
reserving basis 88/768; cond: 749497745408.0, ratio:0.9912207722663879
reserving basis 88/768; cond: 749497745408.0, ratio:0.9912207722663879
reserving basis 90/768; cond: 119361069056.0, ratio:0.9905828237533569
reserving basis 90/768; cond: 119361069056.0, ratio:0.9905828237533569
reserving basis 92/768; cond: 8797417373696.0, ratio:0.9922012090682983
reserving basis 92/768; cond: 8797417373696.0, ratio:0.9922012090682983
reserving basis 90/768; cond: 817976442880.0, ratio:0.9900597333908081
reserving basis 90/768; cond: 817976442880.0, ratio:0.9900597333908081
reserving basis 93/768; cond: 704735412224.0, ratio:0.9918887615203857
reserving basis 93/768; cond: 704735412224.0, ratio:0.9918887615203857
reserving basis 90/768; cond: 162531704832.0, ratio:0.9914376139640808
reserving basis 90/768; cond: 162531704832.0, ratio:0.9914376139640808
reserving basis 96/768; cond: 30401097728.0, ratio:0.9917805790901184
reserving basis 96/768; cond: 30401097728.0, ratio:0.9917805790901184
reserving basis 88/768; cond: 72119541760.0, ratio:0.9902291297912598
reserving basis 88/768; cond: 72119541760.0, ratio:0.9902291297912598
reserving basis 93/768; cond: 273643257856.0, ratio:0.9919434189796448
reserving basis 93/768; cond: 273643257856.0, ratio:0.9919434189796448
reserving basis 88/768; cond: 18693070848.0, ratio:0.990435779094696
reserving basis 88/768; cond: 18693070848.0, ratio:0.990435779094696
reserving basis 91/768; cond: 69641199616.0, ratio:0.9914162158966064
reserving basis 91/768; cond: 69641199616.0, ratio:0.9914162158966064
reserving basis 86/768; cond: 198314426368.0, ratio:0.9906829595565796
reserving basis 86/768; cond: 198314426368.0, ratio:0.9906829595565796
reserving basis 95/768; cond: 373788016640.0, ratio:0.991122841835022
reserving basis 95/768; cond: 373788016640.0, ratio:0.991122841835022
reserving basis 85/768; cond: 47469072384.0, ratio:0.9906479716300964
reserving basis 85/768; cond: 47469072384.0, ratio:0.9906479716300964
reserving basis 95/768; cond: 160073007104.0, ratio:0.9921125769615173
reserving basis 95/768; cond: 160073007104.0, ratio:0.9921125769615173
reserving basis 83/768; cond: 89930932224.0, ratio:0.9902265071868896
reserving basis 83/768; cond: 89930932224.0, ratio:0.9902265071868896
reserving basis 90/768; cond: 75421114368.0, ratio:0.991101861000061
reserving basis 90/768; cond: 75421114368.0, ratio:0.991101861000061
reserving basis 81/768; cond: 61570805760.0, ratio:0.9908013343811035
reserving basis 81/768; cond: 61570805760.0, ratio:0.9908013343811035
reserving basis 81/768; cond: 1837273448448.0, ratio:0.991459846496582
reserving basis 81/768; cond: 1837273448448.0, ratio:0.991459846496582
reserving basis 76/768; cond: 318031921152.0, ratio:0.9911863803863525
reserving basis 76/768; cond: 318031921152.0, ratio:0.9911863803863525
reserving basis 59/768; cond: 69453430784.0, ratio:0.9912865161895752
reserving basis 59/768; cond: 69453430784.0, ratio:0.9912865161895752
reserving basis 66/768; cond: 146586943488.0, ratio:0.9915506839752197
reserving basis 66/768; cond: 146586943488.0, ratio:0.9915506839752197
2026-04-27 02:38:04,130 [palora.py] => Task 12, Epoch 20/20 => Loss 0.343, Train_accy 99.30
2026-04-27 02:38:08,850 [trainer.py] => Time:181.65439462661743
2600 2600
2026-04-27 02:38:17,340 [trainer.py] => Time:8.48964238166809
2026-04-27 02:38:17,340 [trainer.py] => ACC: {'total': 95.23, '00-01': 100.0, '02-03': 90.5, '04-05': 97.5, '06-07': 92.0, '08-09': 100.0, '10-11': 85.5, '12-13': 95.0, '14-15': 96.5, '16-17': 96.0, '18-19': 96.0, '20-21': 98.0, '22-23': 98.0, '24-25': 93.0, 'old': 95.42, 'new': 93.0}
2026-04-27 02:38:17,340 [trainer.py] => ACC top1 curve: [100.0, 99.5, 99.0, 98.5, 99.0, 96.0, 95.79, 96.19, 95.83, 95.75, 95.86, 95.79, 95.23]
Average Accuracy: 97.11076923076924
2026-04-27 02:38:17,340 [trainer.py] => Average Accuracy: 97.11076923076924
2026-04-27 02:38:17,349 [trainer.py] => All params: 125940251
2026-04-27 02:38:17,357 [trainer.py] => Trainable params: 370178
2026-04-27 02:38:17,357 [palora.py] => Learning on 26-28
Parameters to be updated: {'image_encoder.blocks.7.attn.lora_B_v.13.weight', 'image_encoder.blocks.6.attn.lora_B_v.13.weight', 'image_encoder.blocks.6.attn.lora_A_v.13.weight', 'image_encoder.blocks.5.attn.lora_A_k.13.weight', 'classifier_pool.13.weight', 'image_encoder.blocks.7.attn.lora_A_k.13.weight', 'classifier_pool.13.bias', 'image_encoder.blocks.5.attn.lora_A_v.13.weight', 'image_encoder.blocks.3.attn.lora_A_k.13.weight', 'image_encoder.blocks.1.attn.lora_B_k.13.weight', 'image_encoder.blocks.9.attn.lora_A_k.13.weight', 'image_encoder.blocks.2.attn.lora_A_v.13.weight', 'image_encoder.blocks.11.attn.lora_B_k.13.weight', 'image_encoder.blocks.3.attn.lora_A_v.13.weight', 'image_encoder.blocks.1.attn.lora_B_v.13.weight', 'image_encoder.blocks.9.attn.lora_A_v.13.weight', 'image_encoder.blocks.2.attn.lora_B_v.13.weight', 'image_encoder.blocks.2.attn.lora_A_k.13.weight', 'image_encoder.blocks.3.attn.lora_B_k.13.weight', 'image_encoder.blocks.4.attn.lora_B_v.13.weight', 'image_encoder.blocks.7.attn.lora_B_k.13.weight', 'image_encoder.blocks.5.attn.lora_B_k.13.weight', 'image_encoder.blocks.8.attn.lora_A_k.13.weight', 'image_encoder.blocks.0.attn.lora_B_v.13.weight', 'image_encoder.blocks.10.attn.lora_A_k.13.weight', 'image_encoder.blocks.10.attn.lora_B_v.13.weight', 'image_encoder.blocks.5.attn.lora_B_v.13.weight', 'image_encoder.blocks.3.attn.lora_B_v.13.weight', 'image_encoder.blocks.8.attn.lora_B_v.13.weight', 'image_encoder.blocks.1.attn.lora_A_k.13.weight', 'image_encoder.blocks.10.attn.lora_A_v.13.weight', 'image_encoder.blocks.0.attn.lora_A_k.13.weight', 'image_encoder.blocks.6.attn.lora_B_k.13.weight', 'image_encoder.blocks.11.attn.lora_A_v.13.weight', 'image_encoder.blocks.0.attn.lora_B_k.13.weight', 'image_encoder.blocks.4.attn.lora_B_k.13.weight', 'image_encoder.blocks.7.attn.lora_A_v.13.weight', 'image_encoder.blocks.9.attn.lora_B_v.13.weight', 'image_encoder.blocks.1.attn.lora_A_v.13.weight', 'image_encoder.blocks.8.attn.lora_A_v.13.weight', 'image_encoder.blocks.2.attn.lora_B_k.13.weight', 'image_encoder.blocks.8.attn.lora_B_k.13.weight', 'image_encoder.blocks.4.attn.lora_A_k.13.weight', 'image_encoder.blocks.6.attn.lora_A_k.13.weight', 'image_encoder.blocks.9.attn.lora_B_k.13.weight', 'image_encoder.blocks.10.attn.lora_B_k.13.weight', 'image_encoder.blocks.11.attn.lora_A_k.13.weight', 'image_encoder.blocks.4.attn.lora_A_v.13.weight', 'image_encoder.blocks.11.attn.lora_B_v.13.weight', 'image_encoder.blocks.0.attn.lora_A_v.13.weight'}
After trained on task 12 tensor(0.0466, device='cuda:0') tensor(0.0371, device='cuda:0')
After trained on task 12 tensor(0.0338, device='cuda:0') tensor(0.0419, device='cuda:0')
After trained on task 12 tensor(0.0378, device='cuda:0') tensor(0.0480, device='cuda:0')
After trained on task 12 tensor(0.0374, device='cuda:0') tensor(0.0496, device='cuda:0')
After trained on task 12 tensor(0.0412, device='cuda:0') tensor(0.0512, device='cuda:0')
After trained on task 12 tensor(0.0423, device='cuda:0') tensor(0.0549, device='cuda:0')
After trained on task 12 tensor(0.0450, device='cuda:0') tensor(0.0676, device='cuda:0')
After trained on task 12 tensor(0.0513, device='cuda:0') tensor(0.0809, device='cuda:0')
After trained on task 12 tensor(0.0493, device='cuda:0') tensor(0.1152, device='cuda:0')
After trained on task 12 tensor(0.0540, device='cuda:0') tensor(0.1653, device='cuda:0')
After trained on task 12 tensor(0.0785, device='cuda:0') tensor(0.1366, device='cuda:0')
After trained on task 12 tensor(0.1690, device='cuda:0') tensor(0.2768, device='cuda:0')
reserving basis 88/768; cond: 660564344832.0, ratio:0.9917665719985962
reserving basis 88/768; cond: 660564344832.0, ratio:0.9917665719985962
reserving basis 96/768; cond: 250655244288.0, ratio:0.9902637004852295
reserving basis 96/768; cond: 250655244288.0, ratio:0.9902637004852295
reserving basis 93/768; cond: 19011049472.0, ratio:0.9917735457420349
reserving basis 93/768; cond: 19011049472.0, ratio:0.9917735457420349
reserving basis 95/768; cond: 120423571456.0, ratio:0.9905974864959717
reserving basis 95/768; cond: 120423571456.0, ratio:0.9905974864959717
reserving basis 97/768; cond: 147706904576.0, ratio:0.9907570481300354
reserving basis 97/768; cond: 147706904576.0, ratio:0.9907570481300354
reserving basis 95/768; cond: 1380630396928.0, ratio:0.9906482100486755
reserving basis 95/768; cond: 1380630396928.0, ratio:0.9906482100486755
reserving basis 98/768; cond: 282740817920.0, ratio:0.9902613759040833
reserving basis 98/768; cond: 282740817920.0, ratio:0.9902613759040833
reserving basis 95/768; cond: 27745222656.0, ratio:0.9903268814086914
reserving basis 95/768; cond: 27745222656.0, ratio:0.9903268814086914
reserving basis 102/768; cond: 28064811008.0, ratio:0.9921703338623047
reserving basis 102/768; cond: 28064811008.0, ratio:0.9921703338623047
reserving basis 93/768; cond: 60273254400.0, ratio:0.9909847378730774
reserving basis 93/768; cond: 60273254400.0, ratio:0.9909847378730774
reserving basis 99/768; cond: 24158439424.0, ratio:0.9921245574951172
reserving basis 99/768; cond: 24158439424.0, ratio:0.9921245574951172
reserving basis 93/768; cond: 76349849600.0, ratio:0.9912765026092529
reserving basis 93/768; cond: 76349849600.0, ratio:0.9912765026092529
reserving basis 96/768; cond: 78989778944.0, ratio:0.990278422832489
reserving basis 96/768; cond: 78989778944.0, ratio:0.990278422832489
reserving basis 91/768; cond: 101912444928.0, ratio:0.990813136100769
reserving basis 91/768; cond: 101912444928.0, ratio:0.990813136100769
reserving basis 101/768; cond: 116358930432.0, ratio:0.9918320775032043
reserving basis 101/768; cond: 116358930432.0, ratio:0.9918320775032043
reserving basis 90/768; cond: 1607475789824.0, ratio:0.9912169575691223
reserving basis 90/768; cond: 1607475789824.0, ratio:0.9912169575691223
reserving basis 101/768; cond: 122161963008.0, ratio:0.9919686317443848
reserving basis 101/768; cond: 122161963008.0, ratio:0.9919686317443848
reserving basis 88/768; cond: 25836075008.0, ratio:0.9920390248298645
reserving basis 88/768; cond: 25836075008.0, ratio:0.9920390248298645
reserving basis 95/768; cond: 4886731685888.0, ratio:0.990622878074646
reserving basis 95/768; cond: 4886731685888.0, ratio:0.990622878074646
reserving basis 85/768; cond: 83526713344.0, ratio:0.9918787479400635
reserving basis 85/768; cond: 83526713344.0, ratio:0.9918787479400635
reserving basis 85/768; cond: 44606738432.0, ratio:0.991234302520752
reserving basis 85/768; cond: 44606738432.0, ratio:0.991234302520752
reserving basis 79/768; cond: 140575358976.0, ratio:0.9904152154922485
reserving basis 79/768; cond: 140575358976.0, ratio:0.9904152154922485
reserving basis 61/768; cond: 186857144320.0, ratio:0.9904979467391968
reserving basis 61/768; cond: 186857144320.0, ratio:0.9904979467391968
reserving basis 68/768; cond: 82201960448.0, ratio:0.9917322397232056
reserving basis 68/768; cond: 82201960448.0, ratio:0.9917322397232056
2026-04-27 02:41:14,438 [palora.py] => Task 13, Epoch 20/20 => Loss 0.411, Train_accy 97.80
2026-04-27 02:41:19,026 [trainer.py] => Time:181.6691656112671
2800 2800
2026-04-27 02:41:28,477 [trainer.py] => Time:9.451281309127808
2026-04-27 02:41:28,478 [trainer.py] => ACC: {'total': 95.11, '00-01': 100.0, '02-03': 91.0, '04-05': 97.0, '06-07': 92.0, '08-09': 100.0, '10-11': 85.5, '12-13': 94.5, '14-15': 96.5, '16-17': 95.0, '18-19': 96.5, '20-21': 97.0, '22-23': 97.5, '24-25': 93.5, '26-27': 95.5, 'old': 95.08, 'new': 95.5}
2026-04-27 02:41:28,478 [trainer.py] => ACC top1 curve: [100.0, 99.5, 99.0, 98.5, 99.0, 96.0, 95.79, 96.19, 95.83, 95.75, 95.86, 95.79, 95.23, 95.11]
Average Accuracy: 96.96785714285714
2026-04-27 02:41:28,478 [trainer.py] => Average Accuracy: 96.96785714285714
2026-04-27 02:41:28,487 [trainer.py] => All params: 125940251
2026-04-27 02:41:28,495 [trainer.py] => Trainable params: 370178
2026-04-27 02:41:28,495 [palora.py] => Learning on 28-30
Parameters to be updated: {'image_encoder.blocks.6.attn.lora_A_k.14.weight', 'image_encoder.blocks.9.attn.lora_A_v.14.weight', 'image_encoder.blocks.5.attn.lora_B_v.14.weight', 'image_encoder.blocks.7.attn.lora_B_k.14.weight', 'image_encoder.blocks.2.attn.lora_B_k.14.weight', 'image_encoder.blocks.9.attn.lora_A_k.14.weight', 'image_encoder.blocks.1.attn.lora_B_v.14.weight', 'image_encoder.blocks.5.attn.lora_A_v.14.weight', 'image_encoder.blocks.11.attn.lora_B_k.14.weight', 'image_encoder.blocks.4.attn.lora_A_v.14.weight', 'image_encoder.blocks.7.attn.lora_A_v.14.weight', 'image_encoder.blocks.8.attn.lora_A_v.14.weight', 'image_encoder.blocks.2.attn.lora_A_v.14.weight', 'image_encoder.blocks.8.attn.lora_B_k.14.weight', 'image_encoder.blocks.6.attn.lora_A_v.14.weight', 'image_encoder.blocks.7.attn.lora_A_k.14.weight', 'image_encoder.blocks.6.attn.lora_B_v.14.weight', 'image_encoder.blocks.3.attn.lora_B_v.14.weight', 'image_encoder.blocks.5.attn.lora_A_k.14.weight', 'image_encoder.blocks.4.attn.lora_B_v.14.weight', 'image_encoder.blocks.4.attn.lora_A_k.14.weight', 'image_encoder.blocks.7.attn.lora_B_v.14.weight', 'classifier_pool.14.weight', 'image_encoder.blocks.2.attn.lora_A_k.14.weight', 'classifier_pool.14.bias', 'image_encoder.blocks.9.attn.lora_B_k.14.weight', 'image_encoder.blocks.1.attn.lora_A_k.14.weight', 'image_encoder.blocks.0.attn.lora_B_v.14.weight', 'image_encoder.blocks.8.attn.lora_A_k.14.weight', 'image_encoder.blocks.11.attn.lora_A_k.14.weight', 'image_encoder.blocks.11.attn.lora_A_v.14.weight', 'image_encoder.blocks.1.attn.lora_B_k.14.weight', 'image_encoder.blocks.5.attn.lora_B_k.14.weight', 'image_encoder.blocks.0.attn.lora_A_v.14.weight', 'image_encoder.blocks.3.attn.lora_A_k.14.weight', 'image_encoder.blocks.10.attn.lora_A_k.14.weight', 'image_encoder.blocks.4.attn.lora_B_k.14.weight', 'image_encoder.blocks.11.attn.lora_B_v.14.weight', 'image_encoder.blocks.10.attn.lora_B_v.14.weight', 'image_encoder.blocks.10.attn.lora_A_v.14.weight', 'image_encoder.blocks.2.attn.lora_B_v.14.weight', 'image_encoder.blocks.3.attn.lora_A_v.14.weight', 'image_encoder.blocks.1.attn.lora_A_v.14.weight', 'image_encoder.blocks.3.attn.lora_B_k.14.weight', 'image_encoder.blocks.10.attn.lora_B_k.14.weight', 'image_encoder.blocks.0.attn.lora_A_k.14.weight', 'image_encoder.blocks.9.attn.lora_B_v.14.weight', 'image_encoder.blocks.6.attn.lora_B_k.14.weight', 'image_encoder.blocks.8.attn.lora_B_v.14.weight', 'image_encoder.blocks.0.attn.lora_B_k.14.weight'}
After trained on task 13 tensor(0.0424, device='cuda:0') tensor(0.0397, device='cuda:0')
After trained on task 13 tensor(0.0503, device='cuda:0') tensor(0.0422, device='cuda:0')
After trained on task 13 tensor(0.0380, device='cuda:0') tensor(0.0502, device='cuda:0')
After trained on task 13 tensor(0.0443, device='cuda:0') tensor(0.0605, device='cuda:0')
After trained on task 13 tensor(0.0483, device='cuda:0') tensor(0.0551, device='cuda:0')
After trained on task 13 tensor(0.0488, device='cuda:0') tensor(0.0598, device='cuda:0')
After trained on task 13 tensor(0.0509, device='cuda:0') tensor(0.0598, device='cuda:0')
After trained on task 13 tensor(0.0393, device='cuda:0') tensor(0.0685, device='cuda:0')
After trained on task 13 tensor(0.0499, device='cuda:0') tensor(0.0737, device='cuda:0')
After trained on task 13 tensor(0.0450, device='cuda:0') tensor(0.0977, device='cuda:0')
After trained on task 13 tensor(0.0647, device='cuda:0') tensor(0.1083, device='cuda:0')
After trained on task 13 tensor(0.2056, device='cuda:0') tensor(0.1647, device='cuda:0')
reserving basis 92/768; cond: 122426671104.0, ratio:0.9906845092773438
reserving basis 92/768; cond: 122426671104.0, ratio:0.9906845092773438
reserving basis 101/768; cond: 135645290496.0, ratio:0.9918665289878845
reserving basis 101/768; cond: 135645290496.0, ratio:0.9918665289878845
reserving basis 97/768; cond: 107165483008.0, ratio:0.9913919568061829
reserving basis 97/768; cond: 107165483008.0, ratio:0.9913919568061829
reserving basis 101/768; cond: 713431121920.0, ratio:0.9919865727424622
reserving basis 101/768; cond: 713431121920.0, ratio:0.9919865727424622
reserving basis 102/768; cond: 35073282048.0, ratio:0.9911134243011475
reserving basis 102/768; cond: 35073282048.0, ratio:0.9911134243011475
reserving basis 100/768; cond: 178365710336.0, ratio:0.9905997514724731
reserving basis 100/768; cond: 178365710336.0, ratio:0.9905997514724731
reserving basis 104/768; cond: 974453538816.0, ratio:0.9919394850730896
reserving basis 104/768; cond: 974453538816.0, ratio:0.9919394850730896
reserving basis 100/768; cond: 19767351296.0, ratio:0.9912079572677612
reserving basis 100/768; cond: 19767351296.0, ratio:0.9912079572677612
reserving basis 107/768; cond: 218174554112.0, ratio:0.9918226003646851
reserving basis 107/768; cond: 218174554112.0, ratio:0.9918226003646851
reserving basis 98/768; cond: 73464635392.0, ratio:0.9912926554679871
reserving basis 98/768; cond: 73464635392.0, ratio:0.9912926554679871
reserving basis 104/768; cond: 35779379200.0, ratio:0.9907932281494141
reserving basis 104/768; cond: 35779379200.0, ratio:0.9907932281494141
reserving basis 97/768; cond: 121053388800.0, ratio:0.9910367131233215
reserving basis 97/768; cond: 121053388800.0, ratio:0.9910367131233215
reserving basis 102/768; cond: 48139321344.0, ratio:0.9921072125434875
reserving basis 102/768; cond: 48139321344.0, ratio:0.9921072125434875
reserving basis 96/768; cond: 483686875136.0, ratio:0.9912649989128113
reserving basis 96/768; cond: 483686875136.0, ratio:0.9912649989128113
reserving basis 106/768; cond: 71072178176.0, ratio:0.9901415705680847
reserving basis 106/768; cond: 71072178176.0, ratio:0.9901415705680847
reserving basis 95/768; cond: 238198046720.0, ratio:0.9912086129188538
reserving basis 95/768; cond: 238198046720.0, ratio:0.9912086129188538
reserving basis 107/768; cond: 48996671488.0, ratio:0.9919494390487671
reserving basis 107/768; cond: 48996671488.0, ratio:0.9919494390487671
reserving basis 92/768; cond: 136116101120.0, ratio:0.990332305431366
reserving basis 92/768; cond: 136116101120.0, ratio:0.990332305431366
reserving basis 100/768; cond: 213392982016.0, ratio:0.9904036521911621
reserving basis 100/768; cond: 213392982016.0, ratio:0.9904036521911621
reserving basis 88/768; cond: 66028728320.0, ratio:0.9908519387245178
reserving basis 88/768; cond: 66028728320.0, ratio:0.9908519387245178
reserving basis 89/768; cond: 560573579264.0, ratio:0.9905803203582764
reserving basis 89/768; cond: 560573579264.0, ratio:0.9905803203582764
reserving basis 82/768; cond: 62099841024.0, ratio:0.9912311434745789
reserving basis 82/768; cond: 62099841024.0, ratio:0.9912311434745789
reserving basis 62/768; cond: 201651355648.0, ratio:0.9901289939880371
reserving basis 62/768; cond: 201651355648.0, ratio:0.9901289939880371
reserving basis 70/768; cond: 97090035712.0, ratio:0.990483820438385
reserving basis 70/768; cond: 97090035712.0, ratio:0.990483820438385
2026-04-27 02:44:25,098 [palora.py] => Task 14, Epoch 20/20 => Loss 0.351, Train_accy 99.30
2026-04-27 02:44:29,857 [trainer.py] => Time:181.3628089427948
3000 3000
2026-04-27 02:44:39,489 [trainer.py] => Time:9.631632328033447
2026-04-27 02:44:39,490 [trainer.py] => ACC: {'total': 94.4, '00-01': 100.0, '02-03': 90.5, '04-05': 97.0, '06-07': 91.0, '08-09': 100.0, '10-11': 81.5, '12-13': 94.5, '14-15': 96.5, '16-17': 94.5, '18-19': 96.5, '20-21': 97.0, '22-23': 98.5, '24-25': 93.5, '26-27': 94.0, '28-29': 91.0, 'old': 94.64, 'new': 91.0}
2026-04-27 02:44:39,490 [trainer.py] => ACC top1 curve: [100.0, 99.5, 99.0, 98.5, 99.0, 96.0, 95.79, 96.19, 95.83, 95.75, 95.86, 95.79, 95.23, 95.11, 94.4]
Average Accuracy: 96.79666666666667
2026-04-27 02:44:39,490 [trainer.py] => Average Accuracy: 96.79666666666667
2026-04-27 02:44:39,499 [trainer.py] => All params: 125940251
2026-04-27 02:44:39,506 [trainer.py] => Trainable params: 370178
2026-04-27 02:44:39,506 [palora.py] => Learning on 30-32
Parameters to be updated: {'image_encoder.blocks.7.attn.lora_A_k.15.weight', 'image_encoder.blocks.6.attn.lora_A_v.15.weight', 'image_encoder.blocks.1.attn.lora_A_v.15.weight', 'image_encoder.blocks.8.attn.lora_A_k.15.weight', 'image_encoder.blocks.8.attn.lora_B_v.15.weight', 'image_encoder.blocks.7.attn.lora_A_v.15.weight', 'image_encoder.blocks.0.attn.lora_A_v.15.weight', 'image_encoder.blocks.6.attn.lora_B_v.15.weight', 'image_encoder.blocks.4.attn.lora_A_k.15.weight', 'image_encoder.blocks.8.attn.lora_A_v.15.weight', 'image_encoder.blocks.10.attn.lora_A_k.15.weight', 'image_encoder.blocks.9.attn.lora_A_k.15.weight', 'image_encoder.blocks.3.attn.lora_B_k.15.weight', 'image_encoder.blocks.4.attn.lora_B_k.15.weight', 'image_encoder.blocks.11.attn.lora_B_v.15.weight', 'image_encoder.blocks.0.attn.lora_B_v.15.weight', 'image_encoder.blocks.9.attn.lora_A_v.15.weight', 'image_encoder.blocks.5.attn.lora_A_v.15.weight', 'image_encoder.blocks.5.attn.lora_B_v.15.weight', 'image_encoder.blocks.10.attn.lora_A_v.15.weight', 'image_encoder.blocks.11.attn.lora_B_k.15.weight', 'image_encoder.blocks.0.attn.lora_B_k.15.weight', 'image_encoder.blocks.5.attn.lora_A_k.15.weight', 'image_encoder.blocks.2.attn.lora_B_k.15.weight', 'image_encoder.blocks.6.attn.lora_B_k.15.weight', 'image_encoder.blocks.7.attn.lora_B_v.15.weight', 'image_encoder.blocks.9.attn.lora_B_v.15.weight', 'image_encoder.blocks.2.attn.lora_B_v.15.weight', 'image_encoder.blocks.0.attn.lora_A_k.15.weight', 'image_encoder.blocks.1.attn.lora_B_v.15.weight', 'image_encoder.blocks.5.attn.lora_B_k.15.weight', 'image_encoder.blocks.4.attn.lora_A_v.15.weight', 'image_encoder.blocks.6.attn.lora_A_k.15.weight', 'image_encoder.blocks.10.attn.lora_B_v.15.weight', 'image_encoder.blocks.2.attn.lora_A_v.15.weight', 'image_encoder.blocks.11.attn.lora_A_k.15.weight', 'image_encoder.blocks.11.attn.lora_A_v.15.weight', 'classifier_pool.15.bias', 'image_encoder.blocks.3.attn.lora_A_k.15.weight', 'image_encoder.blocks.3.attn.lora_A_v.15.weight', 'image_encoder.blocks.3.attn.lora_B_v.15.weight', 'image_encoder.blocks.8.attn.lora_B_k.15.weight', 'image_encoder.blocks.7.attn.lora_B_k.15.weight', 'image_encoder.blocks.1.attn.lora_A_k.15.weight', 'image_encoder.blocks.4.attn.lora_B_v.15.weight', 'image_encoder.blocks.1.attn.lora_B_k.15.weight', 'image_encoder.blocks.2.attn.lora_A_k.15.weight', 'image_encoder.blocks.10.attn.lora_B_k.15.weight', 'classifier_pool.15.weight', 'image_encoder.blocks.9.attn.lora_B_k.15.weight'}
After trained on task 14 tensor(0.0378, device='cuda:0') tensor(0.0321, device='cuda:0')
After trained on task 14 tensor(0.0341, device='cuda:0') tensor(0.0358, device='cuda:0')
After trained on task 14 tensor(0.0307, device='cuda:0') tensor(0.0346, device='cuda:0')
After trained on task 14 tensor(0.0423, device='cuda:0') tensor(0.0406, device='cuda:0')
After trained on task 14 tensor(0.0349, device='cuda:0') tensor(0.0424, device='cuda:0')
After trained on task 14 tensor(0.0364, device='cuda:0') tensor(0.0461, device='cuda:0')
After trained on task 14 tensor(0.0354, device='cuda:0') tensor(0.0612, device='cuda:0')
After trained on task 14 tensor(0.0361, device='cuda:0') tensor(0.0710, device='cuda:0')
After trained on task 14 tensor(0.0350, device='cuda:0') tensor(0.0885, device='cuda:0')
After trained on task 14 tensor(0.0415, device='cuda:0') tensor(0.1231, device='cuda:0')
After trained on task 14 tensor(0.0490, device='cuda:0') tensor(0.1341, device='cuda:0')
After trained on task 14 tensor(0.1111, device='cuda:0') tensor(0.1542, device='cuda:0')
reserving basis 96/768; cond: 127572901888.0, ratio:0.990250289440155
reserving basis 96/768; cond: 127572901888.0, ratio:0.990250289440155
reserving basis 105/768; cond: 17527164928.0, ratio:0.9903149008750916
reserving basis 105/768; cond: 17527164928.0, ratio:0.9903149008750916
reserving basis 102/768; cond: 85511028736.0, ratio:0.9912256598472595
reserving basis 102/768; cond: 85511028736.0, ratio:0.9912256598472595
reserving basis 106/768; cond: 160296108032.0, ratio:0.9919105172157288
reserving basis 106/768; cond: 160296108032.0, ratio:0.9919105172157288
reserving basis 107/768; cond: 205927399424.0, ratio:0.9915990233421326
reserving basis 107/768; cond: 205927399424.0, ratio:0.9915990233421326
reserving basis 104/768; cond: 33667461120.0, ratio:0.9902994632720947
reserving basis 104/768; cond: 33667461120.0, ratio:0.9902994632720947
reserving basis 109/768; cond: 39565979648.0, ratio:0.9907639622688293
reserving basis 109/768; cond: 39565979648.0, ratio:0.9907639622688293
reserving basis 105/768; cond: 12622489600.0, ratio:0.9913672208786011
reserving basis 105/768; cond: 12622489600.0, ratio:0.9913672208786011
reserving basis 112/768; cond: 112725925888.0, ratio:0.9911346435546875
reserving basis 112/768; cond: 112725925888.0, ratio:0.9911346435546875
reserving basis 103/768; cond: 96634257408.0, ratio:0.9918516278266907
reserving basis 103/768; cond: 96634257408.0, ratio:0.9918516278266907
reserving basis 109/768; cond: 189309272064.0, ratio:0.9908685684204102
reserving basis 109/768; cond: 189309272064.0, ratio:0.9908685684204102
reserving basis 101/768; cond: 82432491520.0, ratio:0.9902995824813843
reserving basis 101/768; cond: 82432491520.0, ratio:0.9902995824813843
reserving basis 107/768; cond: 12127682560.0, ratio:0.9907971620559692
reserving basis 107/768; cond: 12127682560.0, ratio:0.9907971620559692
reserving basis 101/768; cond: 83190923264.0, ratio:0.991571307182312
reserving basis 101/768; cond: 83190923264.0, ratio:0.991571307182312
reserving basis 111/768; cond: 20477128704.0, ratio:0.9908273220062256
reserving basis 111/768; cond: 20477128704.0, ratio:0.9908273220062256
reserving basis 99/768; cond: 1583244247040.0, ratio:0.9900438785552979
reserving basis 99/768; cond: 1583244247040.0, ratio:0.9900438785552979
reserving basis 112/768; cond: 11708727296.0, ratio:0.9914155602455139
reserving basis 112/768; cond: 11708727296.0, ratio:0.9914155602455139
reserving basis 96/768; cond: 11357258752.0, ratio:0.9912256598472595
reserving basis 96/768; cond: 11357258752.0, ratio:0.9912256598472595
reserving basis 105/768; cond: 50576797696.0, ratio:0.9909237623214722
reserving basis 105/768; cond: 50576797696.0, ratio:0.9909237623214722
reserving basis 91/768; cond: 34356574208.0, ratio:0.990813136100769
reserving basis 91/768; cond: 34356574208.0, ratio:0.990813136100769
reserving basis 93/768; cond: 79966273536.0, ratio:0.9909654259681702
reserving basis 93/768; cond: 79966273536.0, ratio:0.9909654259681702
reserving basis 84/768; cond: 47192821760.0, ratio:0.9903920888900757
reserving basis 84/768; cond: 47192821760.0, ratio:0.9903920888900757
reserving basis 64/768; cond: 105939722240.0, ratio:0.9900023341178894
reserving basis 64/768; cond: 105939722240.0, ratio:0.9900023341178894
reserving basis 72/768; cond: 29839400960.0, ratio:0.9916113018989563
reserving basis 72/768; cond: 29839400960.0, ratio:0.9916113018989563
2026-04-27 02:47:35,033 [palora.py] => Task 15, Epoch 20/20 => Loss 0.335, Train_accy 99.50
2026-04-27 02:47:39,669 [trainer.py] => Time:180.16249012947083
3200 3200
2026-04-27 02:47:49,698 [trainer.py] => Time:10.029073715209961
2026-04-27 02:47:49,699 [trainer.py] => ACC: {'total': 94.34, '00-01': 100.0, '02-03': 90.5, '04-05': 97.0, '06-07': 91.0, '08-09': 100.0, '10-11': 80.5, '12-13': 94.5, '14-15': 96.5, '16-17': 94.5, '18-19': 96.5, '20-21': 97.0, '22-23': 98.0, '24-25': 93.5, '26-27': 93.0, '28-29': 91.0, '30-31': 96.0, 'old': 94.23, 'new': 96.0}
2026-04-27 02:47:49,699 [trainer.py] => ACC top1 curve: [100.0, 99.5, 99.0, 98.5, 99.0, 96.0, 95.79, 96.19, 95.83, 95.75, 95.86, 95.79, 95.23, 95.11, 94.4, 94.34]
Average Accuracy: 96.643125
2026-04-27 02:47:49,699 [trainer.py] => Average Accuracy: 96.643125
2026-04-27 02:47:49,708 [trainer.py] => All params: 125940251
2026-04-27 02:47:49,715 [trainer.py] => Trainable params: 370178
2026-04-27 02:47:49,715 [palora.py] => Learning on 32-34
Parameters to be updated: {'image_encoder.blocks.1.attn.lora_A_v.16.weight', 'image_encoder.blocks.11.attn.lora_B_v.16.weight', 'image_encoder.blocks.11.attn.lora_A_v.16.weight', 'image_encoder.blocks.11.attn.lora_A_k.16.weight', 'image_encoder.blocks.9.attn.lora_A_k.16.weight', 'image_encoder.blocks.5.attn.lora_B_v.16.weight', 'image_encoder.blocks.0.attn.lora_A_v.16.weight', 'image_encoder.blocks.5.attn.lora_B_k.16.weight', 'image_encoder.blocks.8.attn.lora_B_k.16.weight', 'image_encoder.blocks.0.attn.lora_B_k.16.weight', 'image_encoder.blocks.6.attn.lora_B_k.16.weight', 'image_encoder.blocks.1.attn.lora_A_k.16.weight', 'image_encoder.blocks.2.attn.lora_B_v.16.weight', 'image_encoder.blocks.8.attn.lora_B_v.16.weight', 'image_encoder.blocks.6.attn.lora_A_k.16.weight', 'image_encoder.blocks.9.attn.lora_B_v.16.weight', 'image_encoder.blocks.2.attn.lora_A_k.16.weight', 'image_encoder.blocks.3.attn.lora_B_v.16.weight', 'image_encoder.blocks.6.attn.lora_B_v.16.weight', 'image_encoder.blocks.8.attn.lora_A_v.16.weight', 'image_encoder.blocks.0.attn.lora_B_v.16.weight', 'image_encoder.blocks.4.attn.lora_A_v.16.weight', 'image_encoder.blocks.5.attn.lora_A_k.16.weight', 'image_encoder.blocks.7.attn.lora_B_v.16.weight', 'image_encoder.blocks.9.attn.lora_A_v.16.weight', 'image_encoder.blocks.1.attn.lora_B_k.16.weight', 'image_encoder.blocks.7.attn.lora_A_v.16.weight', 'image_encoder.blocks.3.attn.lora_A_k.16.weight', 'image_encoder.blocks.10.attn.lora_B_v.16.weight', 'classifier_pool.16.weight', 'image_encoder.blocks.6.attn.lora_A_v.16.weight', 'image_encoder.blocks.10.attn.lora_A_k.16.weight', 'image_encoder.blocks.10.attn.lora_A_v.16.weight', 'image_encoder.blocks.4.attn.lora_B_v.16.weight', 'image_encoder.blocks.8.attn.lora_A_k.16.weight', 'image_encoder.blocks.4.attn.lora_B_k.16.weight', 'image_encoder.blocks.2.attn.lora_A_v.16.weight', 'image_encoder.blocks.9.attn.lora_B_k.16.weight', 'image_encoder.blocks.3.attn.lora_A_v.16.weight', 'image_encoder.blocks.3.attn.lora_B_k.16.weight', 'image_encoder.blocks.0.attn.lora_A_k.16.weight', 'image_encoder.blocks.4.attn.lora_A_k.16.weight', 'image_encoder.blocks.7.attn.lora_A_k.16.weight', 'image_encoder.blocks.5.attn.lora_A_v.16.weight', 'classifier_pool.16.bias', 'image_encoder.blocks.11.attn.lora_B_k.16.weight', 'image_encoder.blocks.10.attn.lora_B_k.16.weight', 'image_encoder.blocks.7.attn.lora_B_k.16.weight', 'image_encoder.blocks.2.attn.lora_B_k.16.weight', 'image_encoder.blocks.1.attn.lora_B_v.16.weight'}
After trained on task 15 tensor(0.0369, device='cuda:0') tensor(0.0362, device='cuda:0')
After trained on task 15 tensor(0.0387, device='cuda:0') tensor(0.0551, device='cuda:0')
After trained on task 15 tensor(0.0353, device='cuda:0') tensor(0.0431, device='cuda:0')
After trained on task 15 tensor(0.0350, device='cuda:0') tensor(0.0482, device='cuda:0')
After trained on task 15 tensor(0.0399, device='cuda:0') tensor(0.0504, device='cuda:0')
After trained on task 15 tensor(0.0402, device='cuda:0') tensor(0.0528, device='cuda:0')
After trained on task 15 tensor(0.0460, device='cuda:0') tensor(0.0641, device='cuda:0')
After trained on task 15 tensor(0.0408, device='cuda:0') tensor(0.0763, device='cuda:0')
After trained on task 15 tensor(0.0491, device='cuda:0') tensor(0.1228, device='cuda:0')
After trained on task 15 tensor(0.0799, device='cuda:0') tensor(0.1672, device='cuda:0')
After trained on task 15 tensor(0.1164, device='cuda:0') tensor(0.2202, device='cuda:0')
After trained on task 15 tensor(0.3397, device='cuda:0') tensor(0.2855, device='cuda:0')
reserving basis 100/768; cond: 970153525248.0, ratio:0.9914565682411194
reserving basis 100/768; cond: 970153525248.0, ratio:0.9914565682411194
reserving basis 109/768; cond: 363938938880.0, ratio:0.9900321960449219
reserving basis 109/768; cond: 363938938880.0, ratio:0.9900321960449219
reserving basis 106/768; cond: 159798001664.0, ratio:0.9913631677627563
reserving basis 106/768; cond: 159798001664.0, ratio:0.9913631677627563
reserving basis 110/768; cond: 56873750528.0, ratio:0.9905996918678284
reserving basis 110/768; cond: 56873750528.0, ratio:0.9905996918678284
reserving basis 111/768; cond: 171708022784.0, ratio:0.9901260137557983
reserving basis 111/768; cond: 171708022784.0, ratio:0.9901260137557983
reserving basis 108/768; cond: 126749155328.0, ratio:0.9904366731643677
reserving basis 108/768; cond: 126749155328.0, ratio:0.9904366731643677
reserving basis 114/768; cond: 123788337152.0, ratio:0.9915474057197571
reserving basis 114/768; cond: 123788337152.0, ratio:0.9915474057197571
reserving basis 110/768; cond: 123266777088.0, ratio:0.9916370511054993
reserving basis 110/768; cond: 123266777088.0, ratio:0.9916370511054993
reserving basis 117/768; cond: 87885209600.0, ratio:0.99186772108078
reserving basis 117/768; cond: 87885209600.0, ratio:0.99186772108078
reserving basis 107/768; cond: 172629655552.0, ratio:0.9903562664985657
reserving basis 107/768; cond: 172629655552.0, ratio:0.9903562664985657
reserving basis 114/768; cond: 24783896576.0, ratio:0.9917236566543579
reserving basis 114/768; cond: 24783896576.0, ratio:0.9917236566543579
reserving basis 105/768; cond: 123544100864.0, ratio:0.9900378584861755
reserving basis 105/768; cond: 123544100864.0, ratio:0.9900378584861755
reserving basis 112/768; cond: 144227057664.0, ratio:0.9915677309036255
reserving basis 112/768; cond: 144227057664.0, ratio:0.9915677309036255
reserving basis 105/768; cond: 92037529600.0, ratio:0.9911213517189026
reserving basis 105/768; cond: 92037529600.0, ratio:0.9911213517189026
reserving basis 116/768; cond: 319253872640.0, ratio:0.9901424646377563
reserving basis 116/768; cond: 319253872640.0, ratio:0.9901424646377563
reserving basis 103/768; cond: 41145929728.0, ratio:0.99107426404953
reserving basis 103/768; cond: 41145929728.0, ratio:0.99107426404953
reserving basis 117/768; cond: 8444077568.0, ratio:0.9915193915367126
reserving basis 117/768; cond: 8444077568.0, ratio:0.9915193915367126
reserving basis 100/768; cond: 32320843776.0, ratio:0.9916622638702393
reserving basis 100/768; cond: 32320843776.0, ratio:0.9916622638702393
reserving basis 109/768; cond: 496551657472.0, ratio:0.9911437630653381
reserving basis 109/768; cond: 496551657472.0, ratio:0.9911437630653381
reserving basis 94/768; cond: 30090448896.0, ratio:0.9905282855033875
reserving basis 94/768; cond: 30090448896.0, ratio:0.9905282855033875
reserving basis 96/768; cond: 79056822272.0, ratio:0.991730272769928
reserving basis 96/768; cond: 79056822272.0, ratio:0.991730272769928
reserving basis 85/768; cond: 76897820672.0, ratio:0.9900069236755371
reserving basis 85/768; cond: 76897820672.0, ratio:0.9900069236755371
reserving basis 64/768; cond: 64668741632.0, ratio:0.9905001521110535
reserving basis 64/768; cond: 64668741632.0, ratio:0.9905001521110535
reserving basis 73/768; cond: 417086832640.0, ratio:0.9900663495063782
reserving basis 73/768; cond: 417086832640.0, ratio:0.9900663495063782
2026-04-27 02:50:45,739 [palora.py] => Task 16, Epoch 20/20 => Loss 0.382, Train_accy 98.00
2026-04-27 02:50:50,219 [trainer.py] => Time:180.50410842895508
3400 3400
2026-04-27 02:51:00,612 [trainer.py] => Time:10.393157720565796
2026-04-27 02:51:00,613 [trainer.py] => ACC: {'total': 94.03, '00-01': 100.0, '02-03': 90.0, '04-05': 97.0, '06-07': 91.0, '08-09': 100.0, '10-11': 81.0, '12-13': 91.0, '14-15': 96.5, '16-17': 94.5, '18-19': 96.0, '20-21': 97.0, '22-23': 96.5, '24-25': 93.5, '26-27': 92.5, '28-29': 91.5, '30-31': 96.0, '32-33': 94.5, 'old': 94.0, 'new': 94.5}
2026-04-27 02:51:00,613 [trainer.py] => ACC top1 curve: [100.0, 99.5, 99.0, 98.5, 99.0, 96.0, 95.79, 96.19, 95.83, 95.75, 95.86, 95.79, 95.23, 95.11, 94.4, 94.34, 94.03]
Average Accuracy: 96.48941176470588
2026-04-27 02:51:00,613 [trainer.py] => Average Accuracy: 96.48941176470588
2026-04-27 02:51:00,622 [trainer.py] => All params: 125940251
2026-04-27 02:51:00,630 [trainer.py] => Trainable params: 370178
2026-04-27 02:51:00,630 [palora.py] => Learning on 34-36
Parameters to be updated: {'image_encoder.blocks.10.attn.lora_A_k.17.weight', 'image_encoder.blocks.3.attn.lora_A_v.17.weight', 'image_encoder.blocks.9.attn.lora_A_k.17.weight', 'image_encoder.blocks.1.attn.lora_B_v.17.weight', 'image_encoder.blocks.0.attn.lora_A_k.17.weight', 'image_encoder.blocks.3.attn.lora_A_k.17.weight', 'image_encoder.blocks.5.attn.lora_B_v.17.weight', 'image_encoder.blocks.0.attn.lora_B_k.17.weight', 'image_encoder.blocks.3.attn.lora_B_k.17.weight', 'image_encoder.blocks.1.attn.lora_A_k.17.weight', 'image_encoder.blocks.4.attn.lora_A_v.17.weight', 'image_encoder.blocks.1.attn.lora_A_v.17.weight', 'image_encoder.blocks.6.attn.lora_B_k.17.weight', 'classifier_pool.17.weight', 'image_encoder.blocks.8.attn.lora_A_v.17.weight', 'image_encoder.blocks.5.attn.lora_A_k.17.weight', 'image_encoder.blocks.1.attn.lora_B_k.17.weight', 'image_encoder.blocks.9.attn.lora_B_v.17.weight', 'classifier_pool.17.bias', 'image_encoder.blocks.3.attn.lora_B_v.17.weight', 'image_encoder.blocks.6.attn.lora_A_k.17.weight', 'image_encoder.blocks.0.attn.lora_B_v.17.weight', 'image_encoder.blocks.2.attn.lora_B_k.17.weight', 'image_encoder.blocks.4.attn.lora_B_v.17.weight', 'image_encoder.blocks.10.attn.lora_B_k.17.weight', 'image_encoder.blocks.11.attn.lora_B_v.17.weight', 'image_encoder.blocks.11.attn.lora_B_k.17.weight', 'image_encoder.blocks.2.attn.lora_A_k.17.weight', 'image_encoder.blocks.7.attn.lora_B_k.17.weight', 'image_encoder.blocks.6.attn.lora_B_v.17.weight', 'image_encoder.blocks.11.attn.lora_A_v.17.weight', 'image_encoder.blocks.4.attn.lora_A_k.17.weight', 'image_encoder.blocks.2.attn.lora_A_v.17.weight', 'image_encoder.blocks.5.attn.lora_A_v.17.weight', 'image_encoder.blocks.8.attn.lora_B_k.17.weight', 'image_encoder.blocks.8.attn.lora_B_v.17.weight', 'image_encoder.blocks.11.attn.lora_A_k.17.weight', 'image_encoder.blocks.10.attn.lora_B_v.17.weight', 'image_encoder.blocks.9.attn.lora_A_v.17.weight', 'image_encoder.blocks.5.attn.lora_B_k.17.weight', 'image_encoder.blocks.0.attn.lora_A_v.17.weight', 'image_encoder.blocks.10.attn.lora_A_v.17.weight', 'image_encoder.blocks.7.attn.lora_A_v.17.weight', 'image_encoder.blocks.7.attn.lora_A_k.17.weight', 'image_encoder.blocks.4.attn.lora_B_k.17.weight', 'image_encoder.blocks.7.attn.lora_B_v.17.weight', 'image_encoder.blocks.6.attn.lora_A_v.17.weight', 'image_encoder.blocks.8.attn.lora_A_k.17.weight', 'image_encoder.blocks.9.attn.lora_B_k.17.weight', 'image_encoder.blocks.2.attn.lora_B_v.17.weight'}
After trained on task 16 tensor(0.0354, device='cuda:0') tensor(0.0292, device='cuda:0')
After trained on task 16 tensor(0.0298, device='cuda:0') tensor(0.0342, device='cuda:0')
After trained on task 16 tensor(0.0335, device='cuda:0') tensor(0.0405, device='cuda:0')
After trained on task 16 tensor(0.0330, device='cuda:0') tensor(0.0429, device='cuda:0')
After trained on task 16 tensor(0.0376, device='cuda:0') tensor(0.0480, device='cuda:0')
After trained on task 16 tensor(0.0340, device='cuda:0') tensor(0.0431, device='cuda:0')
After trained on task 16 tensor(0.0390, device='cuda:0') tensor(0.0525, device='cuda:0')
After trained on task 16 tensor(0.0397, device='cuda:0') tensor(0.0616, device='cuda:0')
After trained on task 16 tensor(0.0377, device='cuda:0') tensor(0.0725, device='cuda:0')
After trained on task 16 tensor(0.0393, device='cuda:0') tensor(0.0816, device='cuda:0')
After trained on task 16 tensor(0.0445, device='cuda:0') tensor(0.0921, device='cuda:0')
After trained on task 16 tensor(0.1115, device='cuda:0') tensor(0.1459, device='cuda:0')
reserving basis 103/768; cond: 2101872427008.0, ratio:0.9901342988014221
reserving basis 103/768; cond: 2101872427008.0, ratio:0.9901342988014221
reserving basis 113/768; cond: 23348127744.0, ratio:0.9902055859565735
reserving basis 113/768; cond: 23348127744.0, ratio:0.9902055859565735
reserving basis 110/768; cond: 12309785600.0, ratio:0.9915156960487366
reserving basis 110/768; cond: 12309785600.0, ratio:0.9915156960487366
reserving basis 114/768; cond: 29545783296.0, ratio:0.9900493025779724
reserving basis 114/768; cond: 29545783296.0, ratio:0.9900493025779724
reserving basis 116/768; cond: 495319678976.0, ratio:0.9918627142906189
reserving basis 116/768; cond: 495319678976.0, ratio:0.9918627142906189
reserving basis 112/768; cond: 27986520064.0, ratio:0.9902114272117615
reserving basis 112/768; cond: 27986520064.0, ratio:0.9902114272117615
reserving basis 118/768; cond: 44802023424.0, ratio:0.9904528856277466
reserving basis 118/768; cond: 44802023424.0, ratio:0.9904528856277466
reserving basis 114/768; cond: 55917625344.0, ratio:0.9915576577186584
reserving basis 114/768; cond: 55917625344.0, ratio:0.9915576577186584
reserving basis 122/768; cond: 16237681664.0, ratio:0.9914112091064453
reserving basis 122/768; cond: 16237681664.0, ratio:0.9914112091064453
reserving basis 111/768; cond: 177514217472.0, ratio:0.9903581738471985
reserving basis 111/768; cond: 177514217472.0, ratio:0.9903581738471985
reserving basis 118/768; cond: 170811441152.0, ratio:0.9903538823127747
reserving basis 118/768; cond: 170811441152.0, ratio:0.9903538823127747
reserving basis 110/768; cond: 28569036800.0, ratio:0.9916335344314575
reserving basis 110/768; cond: 28569036800.0, ratio:0.9916335344314575
reserving basis 116/768; cond: 149805367296.0, ratio:0.9902791976928711
reserving basis 116/768; cond: 149805367296.0, ratio:0.9902791976928711
reserving basis 109/768; cond: 14070970368.0, ratio:0.9913289546966553
reserving basis 109/768; cond: 14070970368.0, ratio:0.9913289546966553
reserving basis 121/768; cond: 58095300608.0, ratio:0.991663932800293
reserving basis 121/768; cond: 58095300608.0, ratio:0.991663932800293
reserving basis 107/768; cond: 119199219712.0, ratio:0.9915450215339661
reserving basis 107/768; cond: 119199219712.0, ratio:0.9915450215339661
reserving basis 122/768; cond: 39510298624.0, ratio:0.9917301535606384
reserving basis 122/768; cond: 39510298624.0, ratio:0.9917301535606384
reserving basis 104/768; cond: 44228714496.0, ratio:0.9916461110115051
reserving basis 104/768; cond: 44228714496.0, ratio:0.9916461110115051
reserving basis 113/768; cond: 233805430784.0, ratio:0.9900940656661987
reserving basis 113/768; cond: 233805430784.0, ratio:0.9900940656661987
reserving basis 97/768; cond: 140063621120.0, ratio:0.99088054895401
reserving basis 97/768; cond: 140063621120.0, ratio:0.99088054895401
reserving basis 99/768; cond: 750127153152.0, ratio:0.990372896194458
reserving basis 99/768; cond: 750127153152.0, ratio:0.990372896194458
reserving basis 88/768; cond: 43303690240.0, ratio:0.9914262890815735
reserving basis 88/768; cond: 43303690240.0, ratio:0.9914262890815735
reserving basis 66/768; cond: 193053491200.0, ratio:0.9908227920532227
reserving basis 66/768; cond: 193053491200.0, ratio:0.9908227920532227
reserving basis 75/768; cond: 634833076224.0, ratio:0.9916876554489136
reserving basis 75/768; cond: 634833076224.0, ratio:0.9916876554489136
2026-04-27 02:53:57,145 [palora.py] => Task 17, Epoch 20/20 => Loss 0.334, Train_accy 99.00
2026-04-27 02:54:01,694 [trainer.py] => Time:181.06437039375305
3600 3600
2026-04-27 02:54:12,613 [trainer.py] => Time:10.918582439422607
2026-04-27 02:54:12,613 [trainer.py] => ACC: {'total': 93.22, '00-01': 100.0, '02-03': 92.0, '04-05': 96.5, '06-07': 91.0, '08-09': 100.0, '10-11': 73.5, '12-13': 91.0, '14-15': 96.5, '16-17': 94.5, '18-19': 96.0, '20-21': 97.0, '22-23': 96.0, '24-25': 93.0, '26-27': 92.0, '28-29': 91.5, '30-31': 96.0, '32-33': 93.5, '34-35': 88.0, 'old': 93.53, 'new': 88.0}
2026-04-27 02:54:12,613 [trainer.py] => ACC top1 curve: [100.0, 99.5, 99.0, 98.5, 99.0, 96.0, 95.79, 96.19, 95.83, 95.75, 95.86, 95.79, 95.23, 95.11, 94.4, 94.34, 94.03, 93.22]
Average Accuracy: 96.30777777777777
2026-04-27 02:54:12,613 [trainer.py] => Average Accuracy: 96.30777777777777
2026-04-27 02:54:12,622 [trainer.py] => All params: 125940251
2026-04-27 02:54:12,630 [trainer.py] => Trainable params: 370178
2026-04-27 02:54:12,630 [palora.py] => Learning on 36-38
Parameters to be updated: {'image_encoder.blocks.11.attn.lora_A_v.18.weight', 'image_encoder.blocks.11.attn.lora_B_k.18.weight', 'image_encoder.blocks.6.attn.lora_A_k.18.weight', 'image_encoder.blocks.4.attn.lora_A_k.18.weight', 'image_encoder.blocks.4.attn.lora_B_v.18.weight', 'image_encoder.blocks.7.attn.lora_B_k.18.weight', 'image_encoder.blocks.9.attn.lora_A_v.18.weight', 'image_encoder.blocks.1.attn.lora_B_v.18.weight', 'image_encoder.blocks.4.attn.lora_A_v.18.weight', 'image_encoder.blocks.8.attn.lora_A_k.18.weight', 'image_encoder.blocks.10.attn.lora_A_k.18.weight', 'image_encoder.blocks.0.attn.lora_A_v.18.weight', 'image_encoder.blocks.6.attn.lora_B_k.18.weight', 'image_encoder.blocks.11.attn.lora_B_v.18.weight', 'image_encoder.blocks.3.attn.lora_A_k.18.weight', 'image_encoder.blocks.5.attn.lora_B_v.18.weight', 'image_encoder.blocks.10.attn.lora_A_v.18.weight', 'image_encoder.blocks.8.attn.lora_A_v.18.weight', 'image_encoder.blocks.3.attn.lora_A_v.18.weight', 'image_encoder.blocks.2.attn.lora_B_v.18.weight', 'image_encoder.blocks.2.attn.lora_B_k.18.weight', 'image_encoder.blocks.11.attn.lora_A_k.18.weight', 'image_encoder.blocks.0.attn.lora_A_k.18.weight', 'image_encoder.blocks.0.attn.lora_B_k.18.weight', 'image_encoder.blocks.4.attn.lora_B_k.18.weight', 'image_encoder.blocks.2.attn.lora_A_v.18.weight', 'image_encoder.blocks.1.attn.lora_B_k.18.weight', 'image_encoder.blocks.5.attn.lora_A_v.18.weight', 'image_encoder.blocks.5.attn.lora_A_k.18.weight', 'image_encoder.blocks.0.attn.lora_B_v.18.weight', 'image_encoder.blocks.2.attn.lora_A_k.18.weight', 'image_encoder.blocks.6.attn.lora_A_v.18.weight', 'classifier_pool.18.weight', 'classifier_pool.18.bias', 'image_encoder.blocks.8.attn.lora_B_k.18.weight', 'image_encoder.blocks.3.attn.lora_B_k.18.weight', 'image_encoder.blocks.10.attn.lora_B_v.18.weight', 'image_encoder.blocks.8.attn.lora_B_v.18.weight', 'image_encoder.blocks.7.attn.lora_A_v.18.weight', 'image_encoder.blocks.1.attn.lora_A_k.18.weight', 'image_encoder.blocks.7.attn.lora_B_v.18.weight', 'image_encoder.blocks.5.attn.lora_B_k.18.weight', 'image_encoder.blocks.1.attn.lora_A_v.18.weight', 'image_encoder.blocks.6.attn.lora_B_v.18.weight', 'image_encoder.blocks.9.attn.lora_B_v.18.weight', 'image_encoder.blocks.10.attn.lora_B_k.18.weight', 'image_encoder.blocks.9.attn.lora_A_k.18.weight', 'image_encoder.blocks.3.attn.lora_B_v.18.weight', 'image_encoder.blocks.9.attn.lora_B_k.18.weight', 'image_encoder.blocks.7.attn.lora_A_k.18.weight'}
After trained on task 17 tensor(0.0390, device='cuda:0') tensor(0.0293, device='cuda:0')
After trained on task 17 tensor(0.0324, device='cuda:0') tensor(0.0314, device='cuda:0')
After trained on task 17 tensor(0.0301, device='cuda:0') tensor(0.0344, device='cuda:0')
After trained on task 17 tensor(0.0273, device='cuda:0') tensor(0.0400, device='cuda:0')
After trained on task 17 tensor(0.0325, device='cuda:0') tensor(0.0376, device='cuda:0')
After trained on task 17 tensor(0.0328, device='cuda:0') tensor(0.0368, device='cuda:0')
After trained on task 17 tensor(0.0352, device='cuda:0') tensor(0.0502, device='cuda:0')
After trained on task 17 tensor(0.0331, device='cuda:0') tensor(0.0525, device='cuda:0')
After trained on task 17 tensor(0.0348, device='cuda:0') tensor(0.0764, device='cuda:0')
After trained on task 17 tensor(0.0416, device='cuda:0') tensor(0.0961, device='cuda:0')
After trained on task 17 tensor(0.0421, device='cuda:0') tensor(0.1034, device='cuda:0')
After trained on task 17 tensor(0.2181, device='cuda:0') tensor(0.1409, device='cuda:0')
reserving basis 106/768; cond: 103488708608.0, ratio:0.9916223883628845
reserving basis 106/768; cond: 103488708608.0, ratio:0.9916223883628845
reserving basis 118/768; cond: 41031000064.0, ratio:0.9918912649154663
reserving basis 118/768; cond: 41031000064.0, ratio:0.9918912649154663
reserving basis 114/768; cond: 33275871232.0, ratio:0.9912301301956177
reserving basis 114/768; cond: 33275871232.0, ratio:0.9912301301956177
reserving basis 118/768; cond: 79085453312.0, ratio:0.9908116459846497
reserving basis 118/768; cond: 79085453312.0, ratio:0.9908116459846497
reserving basis 120/768; cond: 571953774592.0, ratio:0.9911355972290039
reserving basis 120/768; cond: 571953774592.0, ratio:0.9911355972290039
reserving basis 116/768; cond: 63743873024.0, ratio:0.9912174940109253
reserving basis 116/768; cond: 63743873024.0, ratio:0.9912174940109253
reserving basis 122/768; cond: 23943587840.0, ratio:0.9909914135932922
reserving basis 122/768; cond: 23943587840.0, ratio:0.9909914135932922
reserving basis 118/768; cond: 13105236992.0, ratio:0.9913740158081055
reserving basis 118/768; cond: 13105236992.0, ratio:0.9913740158081055
reserving basis 126/768; cond: 183449747456.0, ratio:0.9904900789260864
reserving basis 126/768; cond: 183449747456.0, ratio:0.9904900789260864
reserving basis 115/768; cond: 99737706496.0, ratio:0.9914958477020264
reserving basis 115/768; cond: 99737706496.0, ratio:0.9914958477020264
reserving basis 122/768; cond: 225196097536.0, ratio:0.9904811382293701
reserving basis 122/768; cond: 225196097536.0, ratio:0.9904811382293701
reserving basis 114/768; cond: 16572108800.0, ratio:0.9909619092941284
reserving basis 114/768; cond: 16572108800.0, ratio:0.9909619092941284
reserving basis 120/768; cond: 44548100096.0, ratio:0.9909495115280151
reserving basis 120/768; cond: 44548100096.0, ratio:0.9909495115280151
reserving basis 112/768; cond: 24887322624.0, ratio:0.9910500645637512
reserving basis 112/768; cond: 24887322624.0, ratio:0.9910500645637512
reserving basis 125/768; cond: 58732187648.0, ratio:0.9900293350219727
reserving basis 125/768; cond: 58732187648.0, ratio:0.9900293350219727
reserving basis 111/768; cond: 54164860928.0, ratio:0.9916021227836609
reserving basis 111/768; cond: 54164860928.0, ratio:0.9916021227836609
reserving basis 126/768; cond: 81358675968.0, ratio:0.9902150630950928
reserving basis 126/768; cond: 81358675968.0, ratio:0.9902150630950928
reserving basis 107/768; cond: 49683492864.0, ratio:0.9904775619506836
reserving basis 107/768; cond: 49683492864.0, ratio:0.9904775619506836
reserving basis 118/768; cond: 20385437696.0, ratio:0.991719126701355
reserving basis 118/768; cond: 20385437696.0, ratio:0.991719126701355
reserving basis 100/768; cond: 16932228096.0, ratio:0.9915134906768799
reserving basis 100/768; cond: 16932228096.0, ratio:0.9915134906768799
reserving basis 103/768; cond: 805564448768.0, ratio:0.9917105436325073
reserving basis 103/768; cond: 805564448768.0, ratio:0.9917105436325073
reserving basis 90/768; cond: 182064578560.0, ratio:0.9908630847930908
reserving basis 90/768; cond: 182064578560.0, ratio:0.9908630847930908
reserving basis 67/768; cond: 341888630784.0, ratio:0.9912903904914856
reserving basis 67/768; cond: 341888630784.0, ratio:0.9912903904914856
reserving basis 76/768; cond: 19268214784.0, ratio:0.9900972247123718
reserving basis 76/768; cond: 19268214784.0, ratio:0.9900972247123718
2026-04-27 02:57:08,310 [palora.py] => Task 18, Epoch 20/20 => Loss 0.315, Train_accy 99.60
2026-04-27 02:57:12,941 [trainer.py] => Time:180.3108308315277
3800 3800
2026-04-27 02:57:24,131 [trainer.py] => Time:11.189260721206665
2026-04-27 02:57:24,131 [trainer.py] => ACC: {'total': 93.21, '00-01': 100.0, '02-03': 91.0, '04-05': 97.5, '06-07': 91.0, '08-09': 100.0, '10-11': 72.0, '12-13': 90.5, '14-15': 96.5, '16-17': 92.0, '18-19': 96.0, '20-21': 97.5, '22-23': 96.5, '24-25': 93.5, '26-27': 92.0, '28-29': 91.5, '30-31': 95.5, '32-33': 93.5, '34-35': 88.5, '36-37': 96.0, 'old': 93.06, 'new': 96.0}
2026-04-27 02:57:24,131 [trainer.py] => ACC top1 curve: [100.0, 99.5, 99.0, 98.5, 99.0, 96.0, 95.79, 96.19, 95.83, 95.75, 95.86, 95.79, 95.23, 95.11, 94.4, 94.34, 94.03, 93.22, 93.21]
Average Accuracy: 96.14473684210526
2026-04-27 02:57:24,131 [trainer.py] => Average Accuracy: 96.14473684210526
2026-04-27 02:57:24,140 [trainer.py] => All params: 125940251
2026-04-27 02:57:24,147 [trainer.py] => Trainable params: 370178
2026-04-27 02:57:24,148 [palora.py] => Learning on 38-40
Parameters to be updated: {'image_encoder.blocks.7.attn.lora_B_k.19.weight', 'image_encoder.blocks.1.attn.lora_A_k.19.weight', 'image_encoder.blocks.9.attn.lora_A_k.19.weight', 'image_encoder.blocks.9.attn.lora_B_v.19.weight', 'image_encoder.blocks.2.attn.lora_A_k.19.weight', 'image_encoder.blocks.10.attn.lora_A_k.19.weight', 'image_encoder.blocks.0.attn.lora_B_v.19.weight', 'image_encoder.blocks.2.attn.lora_B_k.19.weight', 'image_encoder.blocks.7.attn.lora_B_v.19.weight', 'image_encoder.blocks.10.attn.lora_B_v.19.weight', 'image_encoder.blocks.5.attn.lora_B_v.19.weight', 'image_encoder.blocks.5.attn.lora_A_k.19.weight', 'image_encoder.blocks.6.attn.lora_A_v.19.weight', 'image_encoder.blocks.4.attn.lora_B_k.19.weight', 'image_encoder.blocks.4.attn.lora_B_v.19.weight', 'image_encoder.blocks.3.attn.lora_B_k.19.weight', 'image_encoder.blocks.0.attn.lora_B_k.19.weight', 'image_encoder.blocks.11.attn.lora_A_k.19.weight', 'classifier_pool.19.bias', 'image_encoder.blocks.0.attn.lora_A_v.19.weight', 'image_encoder.blocks.3.attn.lora_A_v.19.weight', 'image_encoder.blocks.6.attn.lora_B_v.19.weight', 'image_encoder.blocks.3.attn.lora_A_k.19.weight', 'image_encoder.blocks.10.attn.lora_B_k.19.weight', 'image_encoder.blocks.1.attn.lora_B_v.19.weight', 'image_encoder.blocks.3.attn.lora_B_v.19.weight', 'image_encoder.blocks.5.attn.lora_A_v.19.weight', 'image_encoder.blocks.10.attn.lora_A_v.19.weight', 'image_encoder.blocks.1.attn.lora_A_v.19.weight', 'image_encoder.blocks.8.attn.lora_B_k.19.weight', 'image_encoder.blocks.8.attn.lora_B_v.19.weight', 'image_encoder.blocks.11.attn.lora_A_v.19.weight', 'image_encoder.blocks.8.attn.lora_A_v.19.weight', 'image_encoder.blocks.8.attn.lora_A_k.19.weight', 'image_encoder.blocks.9.attn.lora_B_k.19.weight', 'image_encoder.blocks.1.attn.lora_B_k.19.weight', 'image_encoder.blocks.11.attn.lora_B_v.19.weight', 'image_encoder.blocks.4.attn.lora_A_k.19.weight', 'image_encoder.blocks.11.attn.lora_B_k.19.weight', 'image_encoder.blocks.9.attn.lora_A_v.19.weight', 'image_encoder.blocks.0.attn.lora_A_k.19.weight', 'classifier_pool.19.weight', 'image_encoder.blocks.7.attn.lora_A_k.19.weight', 'image_encoder.blocks.2.attn.lora_B_v.19.weight', 'image_encoder.blocks.6.attn.lora_B_k.19.weight', 'image_encoder.blocks.7.attn.lora_A_v.19.weight', 'image_encoder.blocks.4.attn.lora_A_v.19.weight', 'image_encoder.blocks.5.attn.lora_B_k.19.weight', 'image_encoder.blocks.2.attn.lora_A_v.19.weight', 'image_encoder.blocks.6.attn.lora_A_k.19.weight'}
After trained on task 18 tensor(0.0376, device='cuda:0') tensor(0.0318, device='cuda:0')
After trained on task 18 tensor(0.0388, device='cuda:0') tensor(0.0385, device='cuda:0')
After trained on task 18 tensor(0.0382, device='cuda:0') tensor(0.0451, device='cuda:0')
After trained on task 18 tensor(0.0412, device='cuda:0') tensor(0.0430, device='cuda:0')
After trained on task 18 tensor(0.0435, device='cuda:0') tensor(0.0457, device='cuda:0')
After trained on task 18 tensor(0.0431, device='cuda:0') tensor(0.0490, device='cuda:0')
After trained on task 18 tensor(0.0416, device='cuda:0') tensor(0.0560, device='cuda:0')
After trained on task 18 tensor(0.0448, device='cuda:0') tensor(0.0754, device='cuda:0')
After trained on task 18 tensor(0.0464, device='cuda:0') tensor(0.0883, device='cuda:0')
After trained on task 18 tensor(0.0435, device='cuda:0') tensor(0.1412, device='cuda:0')
After trained on task 18 tensor(0.0657, device='cuda:0') tensor(0.2205, device='cuda:0')
After trained on task 18 tensor(0.2240, device='cuda:0') tensor(0.2567, device='cuda:0')
reserving basis 110/768; cond: 115822731264.0, ratio:0.9916810393333435
reserving basis 110/768; cond: 115822731264.0, ratio:0.9916810393333435
reserving basis 122/768; cond: 43156656128.0, ratio:0.9903853535652161
reserving basis 122/768; cond: 43156656128.0, ratio:0.9903853535652161
reserving basis 117/768; cond: 127877562368.0, ratio:0.9916178584098816
reserving basis 117/768; cond: 127877562368.0, ratio:0.9916178584098816
reserving basis 122/768; cond: 80471179264.0, ratio:0.9918542504310608
reserving basis 122/768; cond: 80471179264.0, ratio:0.9918542504310608
reserving basis 123/768; cond: 131600834560.0, ratio:0.9905840158462524
reserving basis 123/768; cond: 131600834560.0, ratio:0.9905840158462524
reserving basis 120/768; cond: 57169129472.0, ratio:0.9905746579170227
reserving basis 120/768; cond: 57169129472.0, ratio:0.9905746579170227
reserving basis 126/768; cond: 16772734976.0, ratio:0.9908902049064636
reserving basis 126/768; cond: 16772734976.0, ratio:0.9908902049064636
reserving basis 122/768; cond: 28536588288.0, ratio:0.9912660121917725
reserving basis 122/768; cond: 28536588288.0, ratio:0.9912660121917725
reserving basis 130/768; cond: 22902169600.0, ratio:0.991123616695404
reserving basis 130/768; cond: 22902169600.0, ratio:0.991123616695404
reserving basis 119/768; cond: 12947328000.0, ratio:0.9905508756637573
reserving basis 119/768; cond: 12947328000.0, ratio:0.9905508756637573
reserving basis 126/768; cond: 78200766464.0, ratio:0.9910062551498413
reserving basis 126/768; cond: 78200766464.0, ratio:0.9910062551498413
reserving basis 117/768; cond: 15408518144.0, ratio:0.9901504516601562
reserving basis 117/768; cond: 15408518144.0, ratio:0.9901504516601562
reserving basis 124/768; cond: 935270219776.0, ratio:0.9912037253379822
reserving basis 124/768; cond: 935270219776.0, ratio:0.9912037253379822
reserving basis 116/768; cond: 18492243968.0, ratio:0.9908294677734375
reserving basis 116/768; cond: 18492243968.0, ratio:0.9908294677734375
reserving basis 129/768; cond: 22363674624.0, ratio:0.9907218813896179
reserving basis 129/768; cond: 22363674624.0, ratio:0.9907218813896179
reserving basis 114/768; cond: 22504581120.0, ratio:0.9902216196060181
reserving basis 114/768; cond: 22504581120.0, ratio:0.9902216196060181
reserving basis 130/768; cond: 12872221696.0, ratio:0.9905793070793152
reserving basis 130/768; cond: 12872221696.0, ratio:0.9905793070793152
reserving basis 110/768; cond: 32062242816.0, ratio:0.9910998940467834
reserving basis 110/768; cond: 32062242816.0, ratio:0.9910998940467834
reserving basis 122/768; cond: 9067200512.0, ratio:0.9909335970878601
reserving basis 122/768; cond: 9067200512.0, ratio:0.9909335970878601
reserving basis 102/768; cond: 95754223616.0, ratio:0.9901788234710693
reserving basis 102/768; cond: 95754223616.0, ratio:0.9901788234710693
reserving basis 106/768; cond: 936431058944.0, ratio:0.9913828372955322
reserving basis 106/768; cond: 936431058944.0, ratio:0.9913828372955322
reserving basis 92/768; cond: 610556116992.0, ratio:0.9907154440879822
reserving basis 92/768; cond: 610556116992.0, ratio:0.9907154440879822
reserving basis 68/768; cond: 201047752704.0, ratio:0.991478681564331
reserving basis 68/768; cond: 201047752704.0, ratio:0.991478681564331
reserving basis 77/768; cond: 1532301017088.0, ratio:0.991083562374115
reserving basis 77/768; cond: 1532301017088.0, ratio:0.991083562374115
2026-04-27 03:00:20,513 [palora.py] => Task 19, Epoch 20/20 => Loss 0.307, Train_accy 99.90
2026-04-27 03:00:25,102 [trainer.py] => Time:180.95403027534485
4000 4000
2026-04-27 03:00:36,695 [trainer.py] => Time:11.593097925186157
2026-04-27 03:00:36,695 [trainer.py] => ACC: {'total': 93.2, '00-01': 100.0, '02-03': 91.0, '04-05': 97.5, '06-07': 90.5, '08-09': 100.0, '10-11': 71.0, '12-13': 90.0, '14-15': 96.5, '16-17': 92.0, '18-19': 95.5, '20-21': 97.0, '22-23': 97.0, '24-25': 93.0, '26-27': 92.0, '28-29': 91.5, '30-31': 96.0, '32-33': 93.5, '34-35': 87.0, '36-37': 96.0, '38-39': 97.0, 'old': 93.0, 'new': 97.0}
2026-04-27 03:00:36,695 [trainer.py] => ACC top1 curve: [100.0, 99.5, 99.0, 98.5, 99.0, 96.0, 95.79, 96.19, 95.83, 95.75, 95.86, 95.79, 95.23, 95.11, 94.4, 94.34, 94.03, 93.22, 93.21, 93.2]
Average Accuracy: 95.9975
2026-04-27 03:00:36,695 [trainer.py] => Average Accuracy: 95.9975
2026-04-27 03:00:36,704 [trainer.py] => All params: 125940251
2026-04-27 03:00:36,712 [trainer.py] => Trainable params: 370178
2026-04-27 03:00:36,712 [palora.py] => Learning on 40-42
Parameters to be updated: {'image_encoder.blocks.9.attn.lora_B_k.20.weight', 'image_encoder.blocks.9.attn.lora_A_v.20.weight', 'image_encoder.blocks.8.attn.lora_B_k.20.weight', 'image_encoder.blocks.0.attn.lora_A_v.20.weight', 'image_encoder.blocks.5.attn.lora_B_v.20.weight', 'image_encoder.blocks.8.attn.lora_A_v.20.weight', 'image_encoder.blocks.1.attn.lora_B_k.20.weight', 'image_encoder.blocks.11.attn.lora_B_v.20.weight', 'image_encoder.blocks.5.attn.lora_A_k.20.weight', 'image_encoder.blocks.3.attn.lora_A_v.20.weight', 'image_encoder.blocks.7.attn.lora_A_v.20.weight', 'image_encoder.blocks.3.attn.lora_A_k.20.weight', 'image_encoder.blocks.9.attn.lora_A_k.20.weight', 'image_encoder.blocks.1.attn.lora_A_k.20.weight', 'image_encoder.blocks.6.attn.lora_A_k.20.weight', 'image_encoder.blocks.10.attn.lora_B_k.20.weight', 'image_encoder.blocks.11.attn.lora_A_v.20.weight', 'image_encoder.blocks.0.attn.lora_B_k.20.weight', 'image_encoder.blocks.10.attn.lora_A_v.20.weight', 'image_encoder.blocks.1.attn.lora_B_v.20.weight', 'image_encoder.blocks.8.attn.lora_B_v.20.weight', 'image_encoder.blocks.11.attn.lora_A_k.20.weight', 'image_encoder.blocks.3.attn.lora_B_k.20.weight', 'image_encoder.blocks.0.attn.lora_A_k.20.weight', 'image_encoder.blocks.8.attn.lora_A_k.20.weight', 'image_encoder.blocks.2.attn.lora_A_k.20.weight', 'image_encoder.blocks.2.attn.lora_B_k.20.weight', 'image_encoder.blocks.5.attn.lora_A_v.20.weight', 'image_encoder.blocks.2.attn.lora_B_v.20.weight', 'image_encoder.blocks.7.attn.lora_B_k.20.weight', 'image_encoder.blocks.6.attn.lora_B_k.20.weight', 'image_encoder.blocks.9.attn.lora_B_v.20.weight', 'image_encoder.blocks.2.attn.lora_A_v.20.weight', 'image_encoder.blocks.0.attn.lora_B_v.20.weight', 'classifier_pool.20.bias', 'image_encoder.blocks.5.attn.lora_B_k.20.weight', 'image_encoder.blocks.6.attn.lora_A_v.20.weight', 'image_encoder.blocks.10.attn.lora_B_v.20.weight', 'image_encoder.blocks.4.attn.lora_A_v.20.weight', 'image_encoder.blocks.4.attn.lora_B_v.20.weight', 'image_encoder.blocks.6.attn.lora_B_v.20.weight', 'image_encoder.blocks.10.attn.lora_A_k.20.weight', 'image_encoder.blocks.7.attn.lora_A_k.20.weight', 'image_encoder.blocks.3.attn.lora_B_v.20.weight', 'classifier_pool.20.weight', 'image_encoder.blocks.11.attn.lora_B_k.20.weight', 'image_encoder.blocks.1.attn.lora_A_v.20.weight', 'image_encoder.blocks.7.attn.lora_B_v.20.weight', 'image_encoder.blocks.4.attn.lora_B_k.20.weight', 'image_encoder.blocks.4.attn.lora_A_k.20.weight'}
After trained on task 19 tensor(0.0293, device='cuda:0') tensor(0.0297, device='cuda:0')
After trained on task 19 tensor(0.0251, device='cuda:0') tensor(0.0327, device='cuda:0')
After trained on task 19 tensor(0.0270, device='cuda:0') tensor(0.0375, device='cuda:0')
After trained on task 19 tensor(0.0394, device='cuda:0') tensor(0.0422, device='cuda:0')
After trained on task 19 tensor(0.0331, device='cuda:0') tensor(0.0389, device='cuda:0')
After trained on task 19 tensor(0.0363, device='cuda:0') tensor(0.0448, device='cuda:0')
After trained on task 19 tensor(0.0441, device='cuda:0') tensor(0.0470, device='cuda:0')
After trained on task 19 tensor(0.0325, device='cuda:0') tensor(0.0613, device='cuda:0')
After trained on task 19 tensor(0.0386, device='cuda:0') tensor(0.0665, device='cuda:0')
After trained on task 19 tensor(0.0392, device='cuda:0') tensor(0.0925, device='cuda:0')
After trained on task 19 tensor(0.0453, device='cuda:0') tensor(0.1186, device='cuda:0')
After trained on task 19 tensor(0.2338, device='cuda:0') tensor(0.1741, device='cuda:0')
reserving basis 113/768; cond: 387239378944.0, ratio:0.9901147484779358
reserving basis 113/768; cond: 387239378944.0, ratio:0.9901147484779358
reserving basis 126/768; cond: 22273437696.0, ratio:0.9913777112960815
reserving basis 126/768; cond: 22273437696.0, ratio:0.9913777112960815
reserving basis 119/768; cond: 62225731584.0, ratio:0.990469753742218
reserving basis 119/768; cond: 62225731584.0, ratio:0.990469753742218
reserving basis 125/768; cond: 283893006336.0, ratio:0.990273118019104
reserving basis 125/768; cond: 283893006336.0, ratio:0.990273118019104
reserving basis 126/768; cond: 19818975232.0, ratio:0.9908959269523621
reserving basis 126/768; cond: 19818975232.0, ratio:0.9908959269523621
reserving basis 124/768; cond: 108473368576.0, ratio:0.9903756976127625
reserving basis 124/768; cond: 108473368576.0, ratio:0.9903756976127625
reserving basis 130/768; cond: 34549403648.0, ratio:0.991722822189331
reserving basis 130/768; cond: 34549403648.0, ratio:0.991722822189331
reserving basis 126/768; cond: 104169201664.0, ratio:0.9914705753326416
reserving basis 126/768; cond: 104169201664.0, ratio:0.9914705753326416
reserving basis 134/768; cond: 89187753984.0, ratio:0.9917340874671936
reserving basis 134/768; cond: 89187753984.0, ratio:0.9917340874671936
reserving basis 123/768; cond: 23637762048.0, ratio:0.9917487502098083
reserving basis 123/768; cond: 23637762048.0, ratio:0.9917487502098083
reserving basis 129/768; cond: 22161309696.0, ratio:0.9901533722877502
reserving basis 129/768; cond: 22161309696.0, ratio:0.9901533722877502
reserving basis 121/768; cond: 73112403968.0, ratio:0.9915116429328918
reserving basis 121/768; cond: 73112403968.0, ratio:0.9915116429328918
reserving basis 127/768; cond: 193617346560.0, ratio:0.9901920557022095
reserving basis 127/768; cond: 193617346560.0, ratio:0.9901920557022095
reserving basis 119/768; cond: 47429406720.0, ratio:0.9901250004768372
reserving basis 119/768; cond: 47429406720.0, ratio:0.9901250004768372
reserving basis 133/768; cond: 16285291520.0, ratio:0.9912206530570984
reserving basis 133/768; cond: 16285291520.0, ratio:0.9912206530570984
reserving basis 117/768; cond: 20754540544.0, ratio:0.9902480840682983
reserving basis 117/768; cond: 20754540544.0, ratio:0.9902480840682983
reserving basis 134/768; cond: 181077082112.0, ratio:0.9910867810249329
reserving basis 134/768; cond: 181077082112.0, ratio:0.9910867810249329
reserving basis 113/768; cond: 108012724224.0, ratio:0.9902310371398926
reserving basis 113/768; cond: 108012724224.0, ratio:0.9902310371398926
reserving basis 125/768; cond: 132182278144.0, ratio:0.990196943283081
reserving basis 125/768; cond: 132182278144.0, ratio:0.990196943283081
reserving basis 104/768; cond: 24104507392.0, ratio:0.9902693629264832
reserving basis 104/768; cond: 24104507392.0, ratio:0.9902693629264832
reserving basis 108/768; cond: 55775277056.0, ratio:0.9904044270515442
reserving basis 108/768; cond: 55775277056.0, ratio:0.9904044270515442
reserving basis 94/768; cond: 143937323008.0, ratio:0.9903677105903625
reserving basis 94/768; cond: 143937323008.0, ratio:0.9903677105903625
reserving basis 68/768; cond: 103634272256.0, ratio:0.9905090928077698
reserving basis 68/768; cond: 103634272256.0, ratio:0.9905090928077698
reserving basis 78/768; cond: 28911364096.0, ratio:0.9905980229377747
reserving basis 78/768; cond: 28911364096.0, ratio:0.9905980229377747
2026-04-27 03:03:32,525 [palora.py] => Task 20, Epoch 20/20 => Loss 0.370, Train_accy 99.00
2026-04-27 03:03:37,497 [trainer.py] => Time:180.7847683429718
4200 4200
2026-04-27 03:03:49,435 [trainer.py] => Time:11.938478469848633
2026-04-27 03:03:49,436 [trainer.py] => ACC: {'total': 93.1, '00-01': 100.0, '02-03': 90.0, '04-05': 97.5, '06-07': 91.0, '08-09': 100.0, '10-11': 72.0, '12-13': 89.0, '14-15': 96.5, '16-17': 90.5, '18-19': 95.0, '20-21': 97.5, '22-23': 97.5, '24-25': 93.0, '26-27': 92.0, '28-29': 91.5, '30-31': 95.5, '32-33': 93.5, '34-35': 87.0, '36-37': 96.0, '38-39': 97.0, '40-41': 93.0, 'old': 93.1, 'new': 93.0}
2026-04-27 03:03:49,436 [trainer.py] => ACC top1 curve: [100.0, 99.5, 99.0, 98.5, 99.0, 96.0, 95.79, 96.19, 95.83, 95.75, 95.86, 95.79, 95.23, 95.11, 94.4, 94.34, 94.03, 93.22, 93.21, 93.2, 93.1]
Average Accuracy: 95.85952380952381
2026-04-27 03:03:49,436 [trainer.py] => Average Accuracy: 95.85952380952381
2026-04-27 03:03:49,445 [trainer.py] => All params: 125940251
2026-04-27 03:03:49,452 [trainer.py] => Trainable params: 370178
2026-04-27 03:03:49,452 [palora.py] => Learning on 42-44
Parameters to be updated: {'image_encoder.blocks.8.attn.lora_A_v.21.weight', 'image_encoder.blocks.9.attn.lora_A_v.21.weight', 'image_encoder.blocks.1.attn.lora_B_k.21.weight', 'image_encoder.blocks.0.attn.lora_A_k.21.weight', 'image_encoder.blocks.10.attn.lora_A_k.21.weight', 'image_encoder.blocks.2.attn.lora_A_k.21.weight', 'image_encoder.blocks.5.attn.lora_A_k.21.weight', 'image_encoder.blocks.9.attn.lora_B_v.21.weight', 'image_encoder.blocks.11.attn.lora_B_v.21.weight', 'image_encoder.blocks.5.attn.lora_A_v.21.weight', 'image_encoder.blocks.7.attn.lora_B_v.21.weight', 'classifier_pool.21.weight', 'image_encoder.blocks.2.attn.lora_B_v.21.weight', 'image_encoder.blocks.1.attn.lora_A_v.21.weight', 'image_encoder.blocks.1.attn.lora_B_v.21.weight', 'image_encoder.blocks.3.attn.lora_A_k.21.weight', 'image_encoder.blocks.6.attn.lora_B_v.21.weight', 'image_encoder.blocks.4.attn.lora_A_v.21.weight', 'image_encoder.blocks.4.attn.lora_B_k.21.weight', 'image_encoder.blocks.2.attn.lora_B_k.21.weight', 'image_encoder.blocks.0.attn.lora_B_v.21.weight', 'image_encoder.blocks.1.attn.lora_A_k.21.weight', 'image_encoder.blocks.10.attn.lora_B_k.21.weight', 'classifier_pool.21.bias', 'image_encoder.blocks.3.attn.lora_B_k.21.weight', 'image_encoder.blocks.11.attn.lora_A_k.21.weight', 'image_encoder.blocks.5.attn.lora_B_k.21.weight', 'image_encoder.blocks.11.attn.lora_B_k.21.weight', 'image_encoder.blocks.6.attn.lora_A_k.21.weight', 'image_encoder.blocks.6.attn.lora_B_k.21.weight', 'image_encoder.blocks.10.attn.lora_A_v.21.weight', 'image_encoder.blocks.11.attn.lora_A_v.21.weight', 'image_encoder.blocks.0.attn.lora_A_v.21.weight', 'image_encoder.blocks.6.attn.lora_A_v.21.weight', 'image_encoder.blocks.7.attn.lora_A_v.21.weight', 'image_encoder.blocks.4.attn.lora_B_v.21.weight', 'image_encoder.blocks.9.attn.lora_B_k.21.weight', 'image_encoder.blocks.7.attn.lora_B_k.21.weight', 'image_encoder.blocks.2.attn.lora_A_v.21.weight', 'image_encoder.blocks.7.attn.lora_A_k.21.weight', 'image_encoder.blocks.0.attn.lora_B_k.21.weight', 'image_encoder.blocks.5.attn.lora_B_v.21.weight', 'image_encoder.blocks.8.attn.lora_A_k.21.weight', 'image_encoder.blocks.10.attn.lora_B_v.21.weight', 'image_encoder.blocks.8.attn.lora_B_k.21.weight', 'image_encoder.blocks.3.attn.lora_B_v.21.weight', 'image_encoder.blocks.8.attn.lora_B_v.21.weight', 'image_encoder.blocks.3.attn.lora_A_v.21.weight', 'image_encoder.blocks.9.attn.lora_A_k.21.weight', 'image_encoder.blocks.4.attn.lora_A_k.21.weight'}
After trained on task 20 tensor(0.0288, device='cuda:0') tensor(0.0261, device='cuda:0')
After trained on task 20 tensor(0.0312, device='cuda:0') tensor(0.0326, device='cuda:0')
After trained on task 20 tensor(0.0322, device='cuda:0') tensor(0.0354, device='cuda:0')
After trained on task 20 tensor(0.0307, device='cuda:0') tensor(0.0335, device='cuda:0')
After trained on task 20 tensor(0.0297, device='cuda:0') tensor(0.0388, device='cuda:0')
After trained on task 20 tensor(0.0350, device='cuda:0') tensor(0.0432, device='cuda:0')
After trained on task 20 tensor(0.0394, device='cuda:0') tensor(0.0486, device='cuda:0')
After trained on task 20 tensor(0.0310, device='cuda:0') tensor(0.0503, device='cuda:0')
After trained on task 20 tensor(0.0340, device='cuda:0') tensor(0.0582, device='cuda:0')
After trained on task 20 tensor(0.0373, device='cuda:0') tensor(0.0921, device='cuda:0')
After trained on task 20 tensor(0.0493, device='cuda:0') tensor(0.1153, device='cuda:0')
After trained on task 20 tensor(0.2647, device='cuda:0') tensor(0.2019, device='cuda:0')
reserving basis 116/768; cond: 2739547930624.0, ratio:0.9916893839836121
reserving basis 116/768; cond: 2739547930624.0, ratio:0.9916893839836121
reserving basis 129/768; cond: 1274993573888.0, ratio:0.9912926554679871
reserving basis 129/768; cond: 1274993573888.0, ratio:0.9912926554679871
reserving basis 122/768; cond: 219444936704.0, ratio:0.9913116097450256
reserving basis 122/768; cond: 219444936704.0, ratio:0.9913116097450256
reserving basis 128/768; cond: 31276759040.0, ratio:0.9903106689453125
reserving basis 128/768; cond: 31276759040.0, ratio:0.9903106689453125
reserving basis 129/768; cond: 47712964608.0, ratio:0.9910301566123962
reserving basis 129/768; cond: 47712964608.0, ratio:0.9910301566123962
reserving basis 127/768; cond: 124506619904.0, ratio:0.9909469485282898
reserving basis 127/768; cond: 124506619904.0, ratio:0.9909469485282898
reserving basis 133/768; cond: 38455107584.0, ratio:0.9902942776679993
reserving basis 133/768; cond: 38455107584.0, ratio:0.9902942776679993
reserving basis 129/768; cond: 105036455936.0, ratio:0.9906187653541565
reserving basis 129/768; cond: 105036455936.0, ratio:0.9906187653541565
reserving basis 138/768; cond: 86063431680.0, ratio:0.991632342338562
reserving basis 138/768; cond: 86063431680.0, ratio:0.991632342338562
reserving basis 126/768; cond: 172859031552.0, ratio:0.9901060461997986
reserving basis 126/768; cond: 172859031552.0, ratio:0.9901060461997986
reserving basis 133/768; cond: 24270047232.0, ratio:0.9913233518600464
reserving basis 133/768; cond: 24270047232.0, ratio:0.9913233518600464
reserving basis 125/768; cond: 57778933760.0, ratio:0.9914377927780151
reserving basis 125/768; cond: 57778933760.0, ratio:0.9914377927780151
reserving basis 131/768; cond: 17619652608.0, ratio:0.9916040301322937
reserving basis 131/768; cond: 17619652608.0, ratio:0.9916040301322937
reserving basis 122/768; cond: 27578159104.0, ratio:0.9908499121665955
reserving basis 122/768; cond: 27578159104.0, ratio:0.9908499121665955
reserving basis 137/768; cond: 76537044992.0, ratio:0.9911713004112244
reserving basis 137/768; cond: 76537044992.0, ratio:0.9911713004112244
reserving basis 120/768; cond: 81668431872.0, ratio:0.9902769327163696
reserving basis 120/768; cond: 81668431872.0, ratio:0.9902769327163696
reserving basis 138/768; cond: 36309225472.0, ratio:0.9908977150917053
reserving basis 138/768; cond: 36309225472.0, ratio:0.9908977150917053
reserving basis 116/768; cond: 148547371008.0, ratio:0.9908329248428345
reserving basis 116/768; cond: 148547371008.0, ratio:0.9908329248428345
reserving basis 129/768; cond: 60493922304.0, ratio:0.9912548065185547
reserving basis 129/768; cond: 60493922304.0, ratio:0.9912548065185547
reserving basis 106/768; cond: 365619019776.0, ratio:0.990545392036438
reserving basis 106/768; cond: 365619019776.0, ratio:0.990545392036438
reserving basis 111/768; cond: 257968668672.0, ratio:0.9913800954818726
reserving basis 111/768; cond: 257968668672.0, ratio:0.9913800954818726
reserving basis 96/768; cond: 846962491392.0, ratio:0.9909394979476929
reserving basis 96/768; cond: 846962491392.0, ratio:0.9909394979476929
reserving basis 68/768; cond: 416615038976.0, ratio:0.9909203052520752
reserving basis 68/768; cond: 416615038976.0, ratio:0.9909203052520752
reserving basis 79/768; cond: 22643898368.0, ratio:0.9906696677207947
reserving basis 79/768; cond: 22643898368.0, ratio:0.9906696677207947
2026-04-27 03:06:45,234 [palora.py] => Task 21, Epoch 20/20 => Loss 0.487, Train_accy 96.80
2026-04-27 03:06:49,818 [trainer.py] => Time:180.36601376533508
4400 4400
2026-04-27 03:07:02,020 [trainer.py] => Time:12.20132327079773
2026-04-27 03:07:02,020 [trainer.py] => ACC: {'total': 92.7, '00-01': 100.0, '02-03': 90.5, '04-05': 95.5, '06-07': 91.0, '08-09': 100.0, '10-11': 72.0, '12-13': 89.0, '14-15': 96.5, '16-17': 90.5, '18-19': 95.5, '20-21': 97.5, '22-23': 96.5, '24-25': 93.5, '26-27': 92.0, '28-29': 91.5, '30-31': 95.5, '32-33': 93.0, '34-35': 85.5, '36-37': 96.0, '38-39': 96.0, '40-41': 93.5, '42-43': 88.5, 'old': 92.9, 'new': 88.5}
2026-04-27 03:07:02,020 [trainer.py] => ACC top1 curve: [100.0, 99.5, 99.0, 98.5, 99.0, 96.0, 95.79, 96.19, 95.83, 95.75, 95.86, 95.79, 95.23, 95.11, 94.4, 94.34, 94.03, 93.22, 93.21, 93.2, 93.1, 92.7]
Average Accuracy: 95.7159090909091
2026-04-27 03:07:02,020 [trainer.py] => Average Accuracy: 95.7159090909091
2026-04-27 03:07:02,029 [trainer.py] => All params: 125940251
2026-04-27 03:07:02,036 [trainer.py] => Trainable params: 370178
2026-04-27 03:07:02,036 [palora.py] => Learning on 44-46
Parameters to be updated: {'image_encoder.blocks.4.attn.lora_A_k.22.weight', 'image_encoder.blocks.0.attn.lora_A_k.22.weight', 'image_encoder.blocks.1.attn.lora_B_v.22.weight', 'image_encoder.blocks.5.attn.lora_B_v.22.weight', 'image_encoder.blocks.9.attn.lora_B_k.22.weight', 'image_encoder.blocks.3.attn.lora_B_k.22.weight', 'image_encoder.blocks.11.attn.lora_B_v.22.weight', 'image_encoder.blocks.5.attn.lora_B_k.22.weight', 'image_encoder.blocks.1.attn.lora_B_k.22.weight', 'image_encoder.blocks.6.attn.lora_B_v.22.weight', 'image_encoder.blocks.11.attn.lora_B_k.22.weight', 'image_encoder.blocks.0.attn.lora_A_v.22.weight', 'image_encoder.blocks.3.attn.lora_B_v.22.weight', 'image_encoder.blocks.0.attn.lora_B_v.22.weight', 'image_encoder.blocks.4.attn.lora_B_k.22.weight', 'image_encoder.blocks.8.attn.lora_A_k.22.weight', 'image_encoder.blocks.8.attn.lora_B_k.22.weight', 'image_encoder.blocks.10.attn.lora_A_v.22.weight', 'classifier_pool.22.bias', 'image_encoder.blocks.10.attn.lora_A_k.22.weight', 'image_encoder.blocks.7.attn.lora_A_v.22.weight', 'image_encoder.blocks.11.attn.lora_A_k.22.weight', 'image_encoder.blocks.11.attn.lora_A_v.22.weight', 'image_encoder.blocks.1.attn.lora_A_k.22.weight', 'image_encoder.blocks.2.attn.lora_A_k.22.weight', 'image_encoder.blocks.6.attn.lora_B_k.22.weight', 'image_encoder.blocks.5.attn.lora_A_k.22.weight', 'image_encoder.blocks.2.attn.lora_B_k.22.weight', 'image_encoder.blocks.5.attn.lora_A_v.22.weight', 'image_encoder.blocks.7.attn.lora_B_v.22.weight', 'image_encoder.blocks.10.attn.lora_B_k.22.weight', 'image_encoder.blocks.7.attn.lora_A_k.22.weight', 'image_encoder.blocks.6.attn.lora_A_k.22.weight', 'image_encoder.blocks.2.attn.lora_A_v.22.weight', 'classifier_pool.22.weight', 'image_encoder.blocks.4.attn.lora_B_v.22.weight', 'image_encoder.blocks.6.attn.lora_A_v.22.weight', 'image_encoder.blocks.9.attn.lora_A_k.22.weight', 'image_encoder.blocks.9.attn.lora_B_v.22.weight', 'image_encoder.blocks.2.attn.lora_B_v.22.weight', 'image_encoder.blocks.10.attn.lora_B_v.22.weight', 'image_encoder.blocks.0.attn.lora_B_k.22.weight', 'image_encoder.blocks.4.attn.lora_A_v.22.weight', 'image_encoder.blocks.7.attn.lora_B_k.22.weight', 'image_encoder.blocks.9.attn.lora_A_v.22.weight', 'image_encoder.blocks.8.attn.lora_B_v.22.weight', 'image_encoder.blocks.8.attn.lora_A_v.22.weight', 'image_encoder.blocks.3.attn.lora_A_k.22.weight', 'image_encoder.blocks.3.attn.lora_A_v.22.weight', 'image_encoder.blocks.1.attn.lora_A_v.22.weight'}
After trained on task 21 tensor(0.0329, device='cuda:0') tensor(0.0266, device='cuda:0')
After trained on task 21 tensor(0.0368, device='cuda:0') tensor(0.0333, device='cuda:0')
After trained on task 21 tensor(0.0340, device='cuda:0') tensor(0.0344, device='cuda:0')
After trained on task 21 tensor(0.0313, device='cuda:0') tensor(0.0354, device='cuda:0')
After trained on task 21 tensor(0.0338, device='cuda:0') tensor(0.0427, device='cuda:0')
After trained on task 21 tensor(0.0475, device='cuda:0') tensor(0.0506, device='cuda:0')
After trained on task 21 tensor(0.0453, device='cuda:0') tensor(0.0583, device='cuda:0')
After trained on task 21 tensor(0.0432, device='cuda:0') tensor(0.0731, device='cuda:0')
After trained on task 21 tensor(0.0635, device='cuda:0') tensor(0.1065, device='cuda:0')
After trained on task 21 tensor(0.0781, device='cuda:0') tensor(0.1360, device='cuda:0')
After trained on task 21 tensor(0.1320, device='cuda:0') tensor(0.1398, device='cuda:0')
After trained on task 21 tensor(0.3466, device='cuda:0') tensor(0.1665, device='cuda:0')
reserving basis 118/768; cond: 33412030464.0, ratio:0.9903903007507324
reserving basis 118/768; cond: 33412030464.0, ratio:0.9903903007507324
reserving basis 132/768; cond: 426550001664.0, ratio:0.9905538558959961
reserving basis 132/768; cond: 426550001664.0, ratio:0.9905538558959961
reserving basis 124/768; cond: 2761461858304.0, ratio:0.9901276230812073
reserving basis 124/768; cond: 2761461858304.0, ratio:0.9901276230812073
reserving basis 132/768; cond: 38634123264.0, ratio:0.9917224645614624
reserving basis 132/768; cond: 38634123264.0, ratio:0.9917224645614624
reserving basis 132/768; cond: 83502104576.0, ratio:0.9908965826034546
reserving basis 132/768; cond: 83502104576.0, ratio:0.9908965826034546
reserving basis 131/768; cond: 110237319168.0, ratio:0.991594135761261
reserving basis 131/768; cond: 110237319168.0, ratio:0.991594135761261
reserving basis 137/768; cond: 1764974657536.0, ratio:0.9910857081413269
reserving basis 137/768; cond: 1764974657536.0, ratio:0.9910857081413269
reserving basis 132/768; cond: 37013110784.0, ratio:0.9910473823547363
reserving basis 132/768; cond: 37013110784.0, ratio:0.9910473823547363
reserving basis 142/768; cond: 509033316352.0, ratio:0.99159175157547
reserving basis 142/768; cond: 509033316352.0, ratio:0.99159175157547
reserving basis 129/768; cond: 41008541696.0, ratio:0.9905962944030762
reserving basis 129/768; cond: 41008541696.0, ratio:0.9905962944030762
reserving basis 137/768; cond: 88821907456.0, ratio:0.9913957118988037
reserving basis 137/768; cond: 88821907456.0, ratio:0.9913957118988037
reserving basis 128/768; cond: 254761893888.0, ratio:0.9902219176292419
reserving basis 128/768; cond: 254761893888.0, ratio:0.9902219176292419
reserving basis 135/768; cond: 204279201792.0, ratio:0.990835964679718
reserving basis 135/768; cond: 204279201792.0, ratio:0.990835964679718
reserving basis 125/768; cond: 25803628544.0, ratio:0.9912838935852051
reserving basis 125/768; cond: 25803628544.0, ratio:0.9912838935852051
reserving basis 141/768; cond: 42403287040.0, ratio:0.9911493062973022
reserving basis 141/768; cond: 42403287040.0, ratio:0.9911493062973022
reserving basis 123/768; cond: 1493377744896.0, ratio:0.9909210205078125
reserving basis 123/768; cond: 1493377744896.0, ratio:0.9909210205078125
reserving basis 141/768; cond: 6153723392.0, ratio:0.9907941818237305
reserving basis 141/768; cond: 6153723392.0, ratio:0.9907941818237305
reserving basis 119/768; cond: 4363381248.0, ratio:0.9912497401237488
reserving basis 119/768; cond: 4363381248.0, ratio:0.9912497401237488
reserving basis 132/768; cond: 119852507136.0, ratio:0.9912118315696716
reserving basis 132/768; cond: 119852507136.0, ratio:0.9912118315696716
reserving basis 108/768; cond: 13923421184.0, ratio:0.9909753203392029
reserving basis 108/768; cond: 13923421184.0, ratio:0.9909753203392029
reserving basis 113/768; cond: 444297019392.0, ratio:0.9914767146110535
reserving basis 113/768; cond: 444297019392.0, ratio:0.9914767146110535
reserving basis 97/768; cond: 367500820480.0, ratio:0.9903016686439514
reserving basis 97/768; cond: 367500820480.0, ratio:0.9903016686439514
reserving basis 66/768; cond: 18629748736.0, ratio:0.9909152388572693
reserving basis 66/768; cond: 18629748736.0, ratio:0.9909152388572693
reserving basis 80/768; cond: 26274070528.0, ratio:0.9912666082382202
reserving basis 80/768; cond: 26274070528.0, ratio:0.9912666082382202
2026-04-27 03:09:58,722 [palora.py] => Task 22, Epoch 20/20 => Loss 0.427, Train_accy 97.70
2026-04-27 03:10:03,344 [trainer.py] => Time:181.30800414085388
4600 4600
2026-04-27 03:10:15,946 [trainer.py] => Time:12.601876258850098
2026-04-27 03:10:15,947 [trainer.py] => ACC: {'total': 92.35, '00-01': 99.5, '02-03': 89.5, '04-05': 95.0, '06-07': 91.5, '08-09': 100.0, '10-11': 72.5, '12-13': 89.5, '14-15': 96.5, '16-17': 89.5, '18-19': 95.5, '20-21': 97.5, '22-23': 96.5, '24-25': 93.5, '26-27': 88.5, '28-29': 91.0, '30-31': 95.5, '32-33': 93.0, '34-35': 86.0, '36-37': 96.0, '38-39': 96.0, '40-41': 93.5, '42-43': 88.5, '44-45': 89.5, 'old': 92.48, 'new': 89.5}
2026-04-27 03:10:15,947 [trainer.py] => ACC top1 curve: [100.0, 99.5, 99.0, 98.5, 99.0, 96.0, 95.79, 96.19, 95.83, 95.75, 95.86, 95.79, 95.23, 95.11, 94.4, 94.34, 94.03, 93.22, 93.21, 93.2, 93.1, 92.7, 92.35]
Average Accuracy: 95.5695652173913
2026-04-27 03:10:15,947 [trainer.py] => Average Accuracy: 95.5695652173913
2026-04-27 03:10:15,956 [trainer.py] => All params: 125940251
2026-04-27 03:10:15,963 [trainer.py] => Trainable params: 370178
2026-04-27 03:10:15,963 [palora.py] => Learning on 46-48
Parameters to be updated: {'image_encoder.blocks.0.attn.lora_A_v.23.weight', 'classifier_pool.23.bias', 'image_encoder.blocks.0.attn.lora_A_k.23.weight', 'image_encoder.blocks.2.attn.lora_A_k.23.weight', 'image_encoder.blocks.8.attn.lora_A_v.23.weight', 'image_encoder.blocks.5.attn.lora_A_k.23.weight', 'image_encoder.blocks.9.attn.lora_A_k.23.weight', 'image_encoder.blocks.11.attn.lora_B_k.23.weight', 'image_encoder.blocks.7.attn.lora_B_v.23.weight', 'image_encoder.blocks.5.attn.lora_B_v.23.weight', 'image_encoder.blocks.10.attn.lora_A_v.23.weight', 'image_encoder.blocks.6.attn.lora_A_v.23.weight', 'image_encoder.blocks.8.attn.lora_A_k.23.weight', 'image_encoder.blocks.1.attn.lora_B_v.23.weight', 'image_encoder.blocks.11.attn.lora_B_v.23.weight', 'image_encoder.blocks.3.attn.lora_A_v.23.weight', 'image_encoder.blocks.9.attn.lora_B_k.23.weight', 'image_encoder.blocks.8.attn.lora_B_v.23.weight', 'image_encoder.blocks.0.attn.lora_B_v.23.weight', 'image_encoder.blocks.10.attn.lora_B_v.23.weight', 'image_encoder.blocks.5.attn.lora_B_k.23.weight', 'image_encoder.blocks.7.attn.lora_B_k.23.weight', 'image_encoder.blocks.4.attn.lora_A_v.23.weight', 'image_encoder.blocks.10.attn.lora_B_k.23.weight', 'image_encoder.blocks.4.attn.lora_B_k.23.weight', 'image_encoder.blocks.6.attn.lora_A_k.23.weight', 'image_encoder.blocks.1.attn.lora_A_v.23.weight', 'image_encoder.blocks.2.attn.lora_B_v.23.weight', 'image_encoder.blocks.3.attn.lora_B_v.23.weight', 'image_encoder.blocks.2.attn.lora_A_v.23.weight', 'image_encoder.blocks.2.attn.lora_B_k.23.weight', 'image_encoder.blocks.7.attn.lora_A_v.23.weight', 'image_encoder.blocks.11.attn.lora_A_v.23.weight', 'image_encoder.blocks.7.attn.lora_A_k.23.weight', 'image_encoder.blocks.0.attn.lora_B_k.23.weight', 'image_encoder.blocks.3.attn.lora_B_k.23.weight', 'image_encoder.blocks.9.attn.lora_A_v.23.weight', 'image_encoder.blocks.5.attn.lora_A_v.23.weight', 'image_encoder.blocks.3.attn.lora_A_k.23.weight', 'image_encoder.blocks.6.attn.lora_B_k.23.weight', 'image_encoder.blocks.8.attn.lora_B_k.23.weight', 'image_encoder.blocks.11.attn.lora_A_k.23.weight', 'image_encoder.blocks.1.attn.lora_B_k.23.weight', 'image_encoder.blocks.1.attn.lora_A_k.23.weight', 'image_encoder.blocks.4.attn.lora_B_v.23.weight', 'image_encoder.blocks.6.attn.lora_B_v.23.weight', 'classifier_pool.23.weight', 'image_encoder.blocks.10.attn.lora_A_k.23.weight', 'image_encoder.blocks.9.attn.lora_B_v.23.weight', 'image_encoder.blocks.4.attn.lora_A_k.23.weight'}
After trained on task 22 tensor(0.0350, device='cuda:0') tensor(0.0270, device='cuda:0')
After trained on task 22 tensor(0.0268, device='cuda:0') tensor(0.0290, device='cuda:0')
After trained on task 22 tensor(0.0310, device='cuda:0') tensor(0.0300, device='cuda:0')
After trained on task 22 tensor(0.0306, device='cuda:0') tensor(0.0330, device='cuda:0')
After trained on task 22 tensor(0.0286, device='cuda:0') tensor(0.0336, device='cuda:0')
After trained on task 22 tensor(0.0307, device='cuda:0') tensor(0.0363, device='cuda:0')
After trained on task 22 tensor(0.0318, device='cuda:0') tensor(0.0406, device='cuda:0')
After trained on task 22 tensor(0.0338, device='cuda:0') tensor(0.0447, device='cuda:0')
After trained on task 22 tensor(0.0365, device='cuda:0') tensor(0.0545, device='cuda:0')
After trained on task 22 tensor(0.0360, device='cuda:0') tensor(0.0870, device='cuda:0')
After trained on task 22 tensor(0.0409, device='cuda:0') tensor(0.1043, device='cuda:0')
After trained on task 22 tensor(0.1008, device='cuda:0') tensor(0.1259, device='cuda:0')
reserving basis 120/768; cond: 50558308352.0, ratio:0.9903084635734558
reserving basis 120/768; cond: 50558308352.0, ratio:0.9903084635734558
reserving basis 136/768; cond: 56873869312.0, ratio:0.991584300994873
reserving basis 136/768; cond: 56873869312.0, ratio:0.991584300994873
reserving basis 127/768; cond: 24398573568.0, ratio:0.9909111857414246
reserving basis 127/768; cond: 24398573568.0, ratio:0.9909111857414246
reserving basis 135/768; cond: 43632250880.0, ratio:0.9905480742454529
reserving basis 135/768; cond: 43632250880.0, ratio:0.9905480742454529
reserving basis 135/768; cond: 23173742592.0, ratio:0.9910244345664978
reserving basis 135/768; cond: 23173742592.0, ratio:0.9910244345664978
reserving basis 134/768; cond: 19159789568.0, ratio:0.9908601641654968
reserving basis 134/768; cond: 19159789568.0, ratio:0.9908601641654968
reserving basis 140/768; cond: 106618896384.0, ratio:0.9907254576683044
reserving basis 140/768; cond: 106618896384.0, ratio:0.9907254576683044
reserving basis 135/768; cond: 835398991872.0, ratio:0.9912967681884766
reserving basis 135/768; cond: 835398991872.0, ratio:0.9912967681884766
reserving basis 145/768; cond: 21479323648.0, ratio:0.991246223449707
reserving basis 145/768; cond: 21479323648.0, ratio:0.991246223449707
reserving basis 132/768; cond: 27828602880.0, ratio:0.9908017516136169
reserving basis 132/768; cond: 27828602880.0, ratio:0.9908017516136169
reserving basis 140/768; cond: 79914360832.0, ratio:0.990472674369812
reserving basis 140/768; cond: 79914360832.0, ratio:0.990472674369812
reserving basis 131/768; cond: 10805448704.0, ratio:0.9911865592002869
reserving basis 131/768; cond: 10805448704.0, ratio:0.9911865592002869
reserving basis 139/768; cond: 98743214080.0, ratio:0.99171382188797
reserving basis 139/768; cond: 98743214080.0, ratio:0.99171382188797
reserving basis 128/768; cond: 42984370176.0, ratio:0.990114688873291
reserving basis 128/768; cond: 42984370176.0, ratio:0.990114688873291
reserving basis 145/768; cond: 179327320064.0, ratio:0.9911542534828186
reserving basis 145/768; cond: 179327320064.0, ratio:0.9911542534828186
reserving basis 126/768; cond: 37992935424.0, ratio:0.9916253685951233
reserving basis 126/768; cond: 37992935424.0, ratio:0.9916253685951233
reserving basis 145/768; cond: 256202407936.0, ratio:0.9914628863334656
reserving basis 145/768; cond: 256202407936.0, ratio:0.9914628863334656
reserving basis 122/768; cond: 31326629888.0, ratio:0.9913750886917114
reserving basis 122/768; cond: 31326629888.0, ratio:0.9913750886917114
reserving basis 135/768; cond: 25277712384.0, ratio:0.9904521107673645
reserving basis 135/768; cond: 25277712384.0, ratio:0.9904521107673645
reserving basis 109/768; cond: 23937673216.0, ratio:0.990006148815155
reserving basis 109/768; cond: 23937673216.0, ratio:0.990006148815155
reserving basis 116/768; cond: 993276919808.0, ratio:0.9908549189567566
reserving basis 116/768; cond: 993276919808.0, ratio:0.9908549189567566
reserving basis 98/768; cond: 74396672000.0, ratio:0.9902370572090149
reserving basis 98/768; cond: 74396672000.0, ratio:0.9902370572090149
reserving basis 67/768; cond: 485155700736.0, ratio:0.9906431436538696
reserving basis 67/768; cond: 485155700736.0, ratio:0.9906431436538696
reserving basis 80/768; cond: 225494056960.0, ratio:0.9901158213615417
reserving basis 80/768; cond: 225494056960.0, ratio:0.9901158213615417
2026-04-27 03:13:12,226 [palora.py] => Task 23, Epoch 20/20 => Loss 0.340, Train_accy 99.50
2026-04-27 03:13:16,810 [trainer.py] => Time:180.84671998023987
4800 4800
2026-04-27 03:13:30,032 [trainer.py] => Time:13.222292184829712
2026-04-27 03:13:30,032 [trainer.py] => ACC: {'total': 91.98, '00-01': 99.5, '02-03': 89.0, '04-05': 95.5, '06-07': 91.5, '08-09': 100.0, '10-11': 70.5, '12-13': 90.0, '14-15': 96.5, '16-17': 91.5, '18-19': 95.0, '20-21': 97.5, '22-23': 95.5, '24-25': 93.5, '26-27': 88.0, '28-29': 91.5, '30-31': 95.5, '32-33': 90.0, '34-35': 81.5, '36-37': 96.0, '38-39': 96.5, '40-41': 92.5, '42-43': 88.0, '44-45': 89.0, '46-47': 93.5, 'old': 91.91, 'new': 93.5}
2026-04-27 03:13:30,033 [trainer.py] => ACC top1 curve: [100.0, 99.5, 99.0, 98.5, 99.0, 96.0, 95.79, 96.19, 95.83, 95.75, 95.86, 95.79, 95.23, 95.11, 94.4, 94.34, 94.03, 93.22, 93.21, 93.2, 93.1, 92.7, 92.35, 91.98]
Average Accuracy: 95.42
2026-04-27 03:13:30,033 [trainer.py] => Average Accuracy: 95.42
2026-04-27 03:13:30,042 [trainer.py] => All params: 125940251
2026-04-27 03:13:30,049 [trainer.py] => Trainable params: 370178
2026-04-27 03:13:30,049 [palora.py] => Learning on 48-50
Parameters to be updated: {'image_encoder.blocks.10.attn.lora_B_v.24.weight', 'image_encoder.blocks.9.attn.lora_B_k.24.weight', 'image_encoder.blocks.4.attn.lora_A_v.24.weight', 'image_encoder.blocks.6.attn.lora_B_k.24.weight', 'image_encoder.blocks.6.attn.lora_B_v.24.weight', 'image_encoder.blocks.6.attn.lora_A_v.24.weight', 'image_encoder.blocks.8.attn.lora_A_v.24.weight', 'image_encoder.blocks.4.attn.lora_A_k.24.weight', 'image_encoder.blocks.9.attn.lora_A_k.24.weight', 'classifier_pool.24.weight', 'image_encoder.blocks.0.attn.lora_B_v.24.weight', 'image_encoder.blocks.3.attn.lora_B_k.24.weight', 'image_encoder.blocks.8.attn.lora_B_k.24.weight', 'image_encoder.blocks.10.attn.lora_A_k.24.weight', 'image_encoder.blocks.11.attn.lora_A_k.24.weight', 'image_encoder.blocks.10.attn.lora_A_v.24.weight', 'image_encoder.blocks.4.attn.lora_B_v.24.weight', 'image_encoder.blocks.3.attn.lora_A_v.24.weight', 'image_encoder.blocks.0.attn.lora_A_k.24.weight', 'image_encoder.blocks.0.attn.lora_A_v.24.weight', 'image_encoder.blocks.7.attn.lora_A_v.24.weight', 'image_encoder.blocks.7.attn.lora_B_k.24.weight', 'image_encoder.blocks.2.attn.lora_B_k.24.weight', 'image_encoder.blocks.5.attn.lora_B_v.24.weight', 'image_encoder.blocks.7.attn.lora_A_k.24.weight', 'image_encoder.blocks.8.attn.lora_B_v.24.weight', 'image_encoder.blocks.8.attn.lora_A_k.24.weight', 'image_encoder.blocks.2.attn.lora_B_v.24.weight', 'image_encoder.blocks.3.attn.lora_B_v.24.weight', 'image_encoder.blocks.2.attn.lora_A_v.24.weight', 'image_encoder.blocks.1.attn.lora_A_v.24.weight', 'image_encoder.blocks.1.attn.lora_B_k.24.weight', 'image_encoder.blocks.2.attn.lora_A_k.24.weight', 'image_encoder.blocks.4.attn.lora_B_k.24.weight', 'image_encoder.blocks.10.attn.lora_B_k.24.weight', 'image_encoder.blocks.11.attn.lora_B_k.24.weight', 'image_encoder.blocks.5.attn.lora_A_k.24.weight', 'image_encoder.blocks.1.attn.lora_A_k.24.weight', 'image_encoder.blocks.5.attn.lora_B_k.24.weight', 'image_encoder.blocks.5.attn.lora_A_v.24.weight', 'image_encoder.blocks.11.attn.lora_B_v.24.weight', 'classifier_pool.24.bias', 'image_encoder.blocks.1.attn.lora_B_v.24.weight', 'image_encoder.blocks.6.attn.lora_A_k.24.weight', 'image_encoder.blocks.3.attn.lora_A_k.24.weight', 'image_encoder.blocks.9.attn.lora_B_v.24.weight', 'image_encoder.blocks.9.attn.lora_A_v.24.weight', 'image_encoder.blocks.7.attn.lora_B_v.24.weight', 'image_encoder.blocks.0.attn.lora_B_k.24.weight', 'image_encoder.blocks.11.attn.lora_A_v.24.weight'}
After trained on task 23 tensor(0.0366, device='cuda:0') tensor(0.0281, device='cuda:0')
After trained on task 23 tensor(0.0330, device='cuda:0') tensor(0.0346, device='cuda:0')
After trained on task 23 tensor(0.0314, device='cuda:0') tensor(0.0352, device='cuda:0')
After trained on task 23 tensor(0.0289, device='cuda:0') tensor(0.0435, device='cuda:0')
After trained on task 23 tensor(0.0377, device='cuda:0') tensor(0.0461, device='cuda:0')
After trained on task 23 tensor(0.0453, device='cuda:0') tensor(0.0476, device='cuda:0')
After trained on task 23 tensor(0.0414, device='cuda:0') tensor(0.0587, device='cuda:0')
After trained on task 23 tensor(0.0455, device='cuda:0') tensor(0.0688, device='cuda:0')
After trained on task 23 tensor(0.0419, device='cuda:0') tensor(0.0885, device='cuda:0')
After trained on task 23 tensor(0.0819, device='cuda:0') tensor(0.1300, device='cuda:0')
After trained on task 23 tensor(0.0849, device='cuda:0') tensor(0.1624, device='cuda:0')
After trained on task 23 tensor(0.2602, device='cuda:0') tensor(0.2013, device='cuda:0')
reserving basis 122/768; cond: 488384724992.0, ratio:0.9905116558074951
reserving basis 122/768; cond: 488384724992.0, ratio:0.9905116558074951
reserving basis 139/768; cond: 451688005632.0, ratio:0.9910597205162048
reserving basis 139/768; cond: 451688005632.0, ratio:0.9910597205162048
reserving basis 129/768; cond: 5028129013760.0, ratio:0.9908949136734009
reserving basis 129/768; cond: 5028129013760.0, ratio:0.9908949136734009
reserving basis 138/768; cond: 31576418304.0, ratio:0.9906690120697021
reserving basis 138/768; cond: 31576418304.0, ratio:0.9906690120697021
reserving basis 138/768; cond: 25915318272.0, ratio:0.9908350110054016
reserving basis 138/768; cond: 25915318272.0, ratio:0.9908350110054016
reserving basis 138/768; cond: 20594087936.0, ratio:0.9916160106658936
reserving basis 138/768; cond: 20594087936.0, ratio:0.9916160106658936
reserving basis 143/768; cond: 128213590016.0, ratio:0.990432858467102
reserving basis 143/768; cond: 128213590016.0, ratio:0.990432858467102
reserving basis 138/768; cond: 37579649024.0, ratio:0.990691602230072
reserving basis 138/768; cond: 37579649024.0, ratio:0.990691602230072
reserving basis 148/768; cond: 26462711808.0, ratio:0.9900627136230469
reserving basis 148/768; cond: 26462711808.0, ratio:0.9900627136230469
reserving basis 135/768; cond: 17397450752.0, ratio:0.9907623529434204
reserving basis 135/768; cond: 17397450752.0, ratio:0.9907623529434204
reserving basis 143/768; cond: 29688285184.0, ratio:0.9909310340881348
reserving basis 143/768; cond: 29688285184.0, ratio:0.9909310340881348
reserving basis 134/768; cond: 23843727360.0, ratio:0.9911907315254211
reserving basis 134/768; cond: 23843727360.0, ratio:0.9911907315254211
reserving basis 142/768; cond: 45254041600.0, ratio:0.9912459850311279
reserving basis 142/768; cond: 45254041600.0, ratio:0.9912459850311279
reserving basis 131/768; cond: 17437454336.0, ratio:0.9908926486968994
reserving basis 131/768; cond: 17437454336.0, ratio:0.9908926486968994
reserving basis 148/768; cond: 69668446208.0, ratio:0.9907630085945129
reserving basis 148/768; cond: 69668446208.0, ratio:0.9907630085945129
reserving basis 129/768; cond: 72470306816.0, ratio:0.9907088279724121
reserving basis 129/768; cond: 72470306816.0, ratio:0.9907088279724121
reserving basis 149/768; cond: 24250382336.0, ratio:0.9914708733558655
reserving basis 149/768; cond: 24250382336.0, ratio:0.9914708733558655
reserving basis 125/768; cond: 98472337408.0, ratio:0.9912999272346497
reserving basis 125/768; cond: 98472337408.0, ratio:0.9912999272346497
reserving basis 138/768; cond: 82458763264.0, ratio:0.9915137887001038
reserving basis 138/768; cond: 82458763264.0, ratio:0.9915137887001038
reserving basis 111/768; cond: 23588714496.0, ratio:0.9909922480583191
reserving basis 111/768; cond: 23588714496.0, ratio:0.9909922480583191
reserving basis 118/768; cond: 98731966464.0, ratio:0.9910481572151184
reserving basis 118/768; cond: 98731966464.0, ratio:0.9910481572151184
reserving basis 99/768; cond: 22712322048.0, ratio:0.9900112748146057
reserving basis 99/768; cond: 22712322048.0, ratio:0.9900112748146057
reserving basis 68/768; cond: 38893936640.0, ratio:0.9915300011634827
reserving basis 68/768; cond: 38893936640.0, ratio:0.9915300011634827
reserving basis 81/768; cond: 10716428288.0, ratio:0.9906108975410461
reserving basis 81/768; cond: 10716428288.0, ratio:0.9906108975410461
2026-04-27 03:16:26,344 [palora.py] => Task 24, Epoch 20/20 => Loss 0.317, Train_accy 99.80
2026-04-27 03:16:30,926 [trainer.py] => Time:180.8773946762085
5000 5000
2026-04-27 03:16:44,396 [trainer.py] => Time:13.469049215316772
2026-04-27 03:16:44,396 [trainer.py] => ACC: {'total': 91.98, '00-01': 99.5, '02-03': 89.5, '04-05': 94.5, '06-07': 92.0, '08-09': 99.0, '10-11': 70.0, '12-13': 90.0, '14-15': 96.5, '16-17': 91.0, '18-19': 95.0, '20-21': 97.0, '22-23': 93.5, '24-25': 93.5, '26-27': 87.5, '28-29': 91.5, '30-31': 95.5, '32-33': 87.5, '34-35': 81.5, '36-37': 96.0, '38-39': 96.5, '40-41': 93.5, '42-43': 88.0, '44-45': 89.5, '46-47': 94.0, '48-49': 97.5, 'old': 91.75, 'new': 97.5}
2026-04-27 03:16:44,396 [trainer.py] => ACC top1 curve: [100.0, 99.5, 99.0, 98.5, 99.0, 96.0, 95.79, 96.19, 95.83, 95.75, 95.86, 95.79, 95.23, 95.11, 94.4, 94.34, 94.03, 93.22, 93.21, 93.2, 93.1, 92.7, 92.35, 91.98, 91.98]
Average Accuracy: 95.2824
2026-04-27 03:16:44,396 [trainer.py] => Average Accuracy: 95.2824
2026-04-27 03:16:44,410 [trainer.py] => All params: 125940251
2026-04-27 03:16:44,422 [trainer.py] => Trainable params: 370178
2026-04-27 03:16:44,423 [palora.py] => Learning on 50-52
Parameters to be updated: {'image_encoder.blocks.8.attn.lora_B_k.25.weight', 'image_encoder.blocks.8.attn.lora_A_v.25.weight', 'image_encoder.blocks.5.attn.lora_A_v.25.weight', 'image_encoder.blocks.7.attn.lora_B_v.25.weight', 'image_encoder.blocks.11.attn.lora_B_v.25.weight', 'image_encoder.blocks.3.attn.lora_A_k.25.weight', 'image_encoder.blocks.3.attn.lora_B_k.25.weight', 'image_encoder.blocks.6.attn.lora_A_k.25.weight', 'image_encoder.blocks.1.attn.lora_A_k.25.weight', 'image_encoder.blocks.10.attn.lora_A_k.25.weight', 'image_encoder.blocks.6.attn.lora_B_k.25.weight', 'image_encoder.blocks.9.attn.lora_A_v.25.weight', 'image_encoder.blocks.1.attn.lora_B_k.25.weight', 'image_encoder.blocks.6.attn.lora_B_v.25.weight', 'image_encoder.blocks.9.attn.lora_B_k.25.weight', 'image_encoder.blocks.2.attn.lora_B_v.25.weight', 'image_encoder.blocks.0.attn.lora_B_v.25.weight', 'image_encoder.blocks.5.attn.lora_B_v.25.weight', 'image_encoder.blocks.4.attn.lora_A_v.25.weight', 'classifier_pool.25.weight', 'image_encoder.blocks.4.attn.lora_A_k.25.weight', 'image_encoder.blocks.2.attn.lora_A_k.25.weight', 'image_encoder.blocks.0.attn.lora_B_k.25.weight', 'image_encoder.blocks.0.attn.lora_A_k.25.weight', 'image_encoder.blocks.10.attn.lora_B_k.25.weight', 'image_encoder.blocks.3.attn.lora_B_v.25.weight', 'image_encoder.blocks.5.attn.lora_A_k.25.weight', 'image_encoder.blocks.2.attn.lora_B_k.25.weight', 'image_encoder.blocks.11.attn.lora_B_k.25.weight', 'image_encoder.blocks.3.attn.lora_A_v.25.weight', 'image_encoder.blocks.5.attn.lora_B_k.25.weight', 'image_encoder.blocks.8.attn.lora_B_v.25.weight', 'image_encoder.blocks.7.attn.lora_A_k.25.weight', 'image_encoder.blocks.4.attn.lora_B_v.25.weight', 'image_encoder.blocks.9.attn.lora_B_v.25.weight', 'image_encoder.blocks.2.attn.lora_A_v.25.weight', 'image_encoder.blocks.11.attn.lora_A_v.25.weight', 'image_encoder.blocks.1.attn.lora_B_v.25.weight', 'image_encoder.blocks.1.attn.lora_A_v.25.weight', 'image_encoder.blocks.10.attn.lora_A_v.25.weight', 'image_encoder.blocks.8.attn.lora_A_k.25.weight', 'image_encoder.blocks.10.attn.lora_B_v.25.weight', 'image_encoder.blocks.7.attn.lora_B_k.25.weight', 'image_encoder.blocks.11.attn.lora_A_k.25.weight', 'classifier_pool.25.bias', 'image_encoder.blocks.7.attn.lora_A_v.25.weight', 'image_encoder.blocks.0.attn.lora_A_v.25.weight', 'image_encoder.blocks.4.attn.lora_B_k.25.weight', 'image_encoder.blocks.6.attn.lora_A_v.25.weight', 'image_encoder.blocks.9.attn.lora_A_k.25.weight'}
After trained on task 24 tensor(0.0349, device='cuda:0') tensor(0.0297, device='cuda:0')
After trained on task 24 tensor(0.0352, device='cuda:0') tensor(0.0395, device='cuda:0')
After trained on task 24 tensor(0.0334, device='cuda:0') tensor(0.0362, device='cuda:0')
After trained on task 24 tensor(0.0353, device='cuda:0') tensor(0.0382, device='cuda:0')
After trained on task 24 tensor(0.0305, device='cuda:0') tensor(0.0414, device='cuda:0')
After trained on task 24 tensor(0.0387, device='cuda:0') tensor(0.0435, device='cuda:0')
After trained on task 24 tensor(0.0342, device='cuda:0') tensor(0.0527, device='cuda:0')
After trained on task 24 tensor(0.0358, device='cuda:0') tensor(0.0594, device='cuda:0')
After trained on task 24 tensor(0.0365, device='cuda:0') tensor(0.0661, device='cuda:0')
After trained on task 24 tensor(0.0655, device='cuda:0') tensor(0.1308, device='cuda:0')
After trained on task 24 tensor(0.0660, device='cuda:0') tensor(0.1340, device='cuda:0')
After trained on task 24 tensor(0.2479, device='cuda:0') tensor(0.2176, device='cuda:0')
reserving basis 125/768; cond: 52062289920.0, ratio:0.9913711547851562
reserving basis 125/768; cond: 52062289920.0, ratio:0.9913711547851562
reserving basis 142/768; cond: 28679923712.0, ratio:0.9914018511772156
reserving basis 142/768; cond: 28679923712.0, ratio:0.9914018511772156
reserving basis 132/768; cond: 30468177920.0, ratio:0.9910368323326111
reserving basis 132/768; cond: 30468177920.0, ratio:0.9910368323326111
reserving basis 141/768; cond: 40985681920.0, ratio:0.9908917546272278
reserving basis 141/768; cond: 40985681920.0, ratio:0.9908917546272278
reserving basis 141/768; cond: 43426131968.0, ratio:0.9911080598831177
reserving basis 141/768; cond: 43426131968.0, ratio:0.9911080598831177
reserving basis 141/768; cond: 15984251904.0, ratio:0.9904517531394958
reserving basis 141/768; cond: 15984251904.0, ratio:0.9904517531394958
reserving basis 145/768; cond: 198228033536.0, ratio:0.9906691312789917
reserving basis 145/768; cond: 198228033536.0, ratio:0.9906691312789917
reserving basis 140/768; cond: 11676569600.0, ratio:0.9900076985359192
reserving basis 140/768; cond: 11676569600.0, ratio:0.9900076985359192
reserving basis 151/768; cond: 280079433728.0, ratio:0.9907269477844238
reserving basis 151/768; cond: 280079433728.0, ratio:0.9907269477844238
reserving basis 138/768; cond: 47684702208.0, ratio:0.9911077618598938
reserving basis 138/768; cond: 47684702208.0, ratio:0.9911077618598938
reserving basis 146/768; cond: 87524696064.0, ratio:0.9910376667976379
reserving basis 146/768; cond: 87524696064.0, ratio:0.9910376667976379
reserving basis 137/768; cond: 19738750976.0, ratio:0.9912739992141724
reserving basis 137/768; cond: 19738750976.0, ratio:0.9912739992141724
reserving basis 145/768; cond: 17719074816.0, ratio:0.991026759147644
reserving basis 145/768; cond: 17719074816.0, ratio:0.991026759147644
reserving basis 134/768; cond: 27931777024.0, ratio:0.9916456937789917
reserving basis 134/768; cond: 27931777024.0, ratio:0.9916456937789917
reserving basis 151/768; cond: 54240579584.0, ratio:0.9909687638282776
reserving basis 151/768; cond: 54240579584.0, ratio:0.9909687638282776
reserving basis 131/768; cond: 312973459456.0, ratio:0.9910757541656494
reserving basis 131/768; cond: 312973459456.0, ratio:0.9910757541656494
reserving basis 152/768; cond: 40367513600.0, ratio:0.9909132122993469
reserving basis 152/768; cond: 40367513600.0, ratio:0.9909132122993469
reserving basis 127/768; cond: 36107583488.0, ratio:0.9903439283370972
reserving basis 127/768; cond: 36107583488.0, ratio:0.9903439283370972
reserving basis 140/768; cond: 25404483584.0, ratio:0.9909343719482422
reserving basis 140/768; cond: 25404483584.0, ratio:0.9909343719482422
reserving basis 112/768; cond: 24592625664.0, ratio:0.9915525913238525
reserving basis 112/768; cond: 24592625664.0, ratio:0.9915525913238525
reserving basis 120/768; cond: 300795592704.0, ratio:0.9909307360649109
reserving basis 120/768; cond: 300795592704.0, ratio:0.9909307360649109
reserving basis 100/768; cond: 24515723264.0, ratio:0.9904480576515198
reserving basis 100/768; cond: 24515723264.0, ratio:0.9904480576515198
reserving basis 68/768; cond: 26864439296.0, ratio:0.9906701445579529
reserving basis 68/768; cond: 26864439296.0, ratio:0.9906701445579529
reserving basis 82/768; cond: 57994862592.0, ratio:0.9917342662811279
reserving basis 82/768; cond: 57994862592.0, ratio:0.9917342662811279
2026-04-27 03:19:41,773 [palora.py] => Task 25, Epoch 20/20 => Loss 0.406, Train_accy 97.60
2026-04-27 03:19:46,510 [trainer.py] => Time:182.08709287643433
5200 5200
2026-04-27 03:20:00,652 [trainer.py] => Time:14.142267227172852
2026-04-27 03:20:00,653 [trainer.py] => ACC: {'total': 91.88, '00-01': 99.5, '02-03': 90.0, '04-05': 93.5, '06-07': 92.0, '08-09': 99.0, '10-11': 70.0, '12-13': 90.0, '14-15': 96.5, '16-17': 91.0, '18-19': 95.5, '20-21': 97.0, '22-23': 93.0, '24-25': 93.5, '26-27': 87.5, '28-29': 92.0, '30-31': 95.5, '32-33': 87.5, '34-35': 81.5, '36-37': 94.5, '38-39': 96.5, '40-41': 92.5, '42-43': 88.0, '44-45': 89.5, '46-47': 94.0, '48-49': 97.5, '50-51': 92.0, 'old': 91.88, 'new': 92.0}
2026-04-27 03:20:00,653 [trainer.py] => ACC top1 curve: [100.0, 99.5, 99.0, 98.5, 99.0, 96.0, 95.79, 96.19, 95.83, 95.75, 95.86, 95.79, 95.23, 95.11, 94.4, 94.34, 94.03, 93.22, 93.21, 93.2, 93.1, 92.7, 92.35, 91.98, 91.98, 91.88]
Average Accuracy: 95.15153846153846
2026-04-27 03:20:00,653 [trainer.py] => Average Accuracy: 95.15153846153846
2026-04-27 03:20:00,666 [trainer.py] => All params: 125940251
2026-04-27 03:20:00,677 [trainer.py] => Trainable params: 370178
2026-04-27 03:20:00,677 [palora.py] => Learning on 52-54
Parameters to be updated: {'image_encoder.blocks.5.attn.lora_B_k.26.weight', 'image_encoder.blocks.9.attn.lora_A_k.26.weight', 'image_encoder.blocks.2.attn.lora_B_k.26.weight', 'image_encoder.blocks.1.attn.lora_A_v.26.weight', 'classifier_pool.26.bias', 'image_encoder.blocks.0.attn.lora_A_k.26.weight', 'image_encoder.blocks.3.attn.lora_B_v.26.weight', 'image_encoder.blocks.5.attn.lora_A_v.26.weight', 'image_encoder.blocks.11.attn.lora_B_v.26.weight', 'image_encoder.blocks.10.attn.lora_A_v.26.weight', 'image_encoder.blocks.10.attn.lora_B_k.26.weight', 'image_encoder.blocks.0.attn.lora_A_v.26.weight', 'image_encoder.blocks.5.attn.lora_A_k.26.weight', 'image_encoder.blocks.7.attn.lora_B_v.26.weight', 'image_encoder.blocks.8.attn.lora_B_k.26.weight', 'image_encoder.blocks.8.attn.lora_A_k.26.weight', 'image_encoder.blocks.10.attn.lora_A_k.26.weight', 'image_encoder.blocks.11.attn.lora_B_k.26.weight', 'image_encoder.blocks.8.attn.lora_A_v.26.weight', 'image_encoder.blocks.9.attn.lora_A_v.26.weight', 'image_encoder.blocks.9.attn.lora_B_v.26.weight', 'image_encoder.blocks.4.attn.lora_B_k.26.weight', 'image_encoder.blocks.4.attn.lora_A_k.26.weight', 'image_encoder.blocks.5.attn.lora_B_v.26.weight', 'image_encoder.blocks.10.attn.lora_B_v.26.weight', 'image_encoder.blocks.6.attn.lora_B_k.26.weight', 'image_encoder.blocks.11.attn.lora_A_v.26.weight', 'classifier_pool.26.weight', 'image_encoder.blocks.6.attn.lora_A_k.26.weight', 'image_encoder.blocks.4.attn.lora_B_v.26.weight', 'image_encoder.blocks.8.attn.lora_B_v.26.weight', 'image_encoder.blocks.1.attn.lora_A_k.26.weight', 'image_encoder.blocks.6.attn.lora_A_v.26.weight', 'image_encoder.blocks.0.attn.lora_B_v.26.weight', 'image_encoder.blocks.7.attn.lora_B_k.26.weight', 'image_encoder.blocks.1.attn.lora_B_k.26.weight', 'image_encoder.blocks.7.attn.lora_A_k.26.weight', 'image_encoder.blocks.7.attn.lora_A_v.26.weight', 'image_encoder.blocks.0.attn.lora_B_k.26.weight', 'image_encoder.blocks.2.attn.lora_B_v.26.weight', 'image_encoder.blocks.3.attn.lora_A_v.26.weight', 'image_encoder.blocks.9.attn.lora_B_k.26.weight', 'image_encoder.blocks.3.attn.lora_A_k.26.weight', 'image_encoder.blocks.2.attn.lora_A_k.26.weight', 'image_encoder.blocks.6.attn.lora_B_v.26.weight', 'image_encoder.blocks.11.attn.lora_A_k.26.weight', 'image_encoder.blocks.1.attn.lora_B_v.26.weight', 'image_encoder.blocks.2.attn.lora_A_v.26.weight', 'image_encoder.blocks.3.attn.lora_B_k.26.weight', 'image_encoder.blocks.4.attn.lora_A_v.26.weight'}
After trained on task 25 tensor(0.0317, device='cuda:0') tensor(0.0280, device='cuda:0')
After trained on task 25 tensor(0.0340, device='cuda:0') tensor(0.0304, device='cuda:0')
After trained on task 25 tensor(0.0269, device='cuda:0') tensor(0.0295, device='cuda:0')
After trained on task 25 tensor(0.0277, device='cuda:0') tensor(0.0330, device='cuda:0')
After trained on task 25 tensor(0.0287, device='cuda:0') tensor(0.0340, device='cuda:0')
After trained on task 25 tensor(0.0293, device='cuda:0') tensor(0.0324, device='cuda:0')
After trained on task 25 tensor(0.0285, device='cuda:0') tensor(0.0393, device='cuda:0')
After trained on task 25 tensor(0.0290, device='cuda:0') tensor(0.0397, device='cuda:0')
After trained on task 25 tensor(0.0290, device='cuda:0') tensor(0.0389, device='cuda:0')
After trained on task 25 tensor(0.0326, device='cuda:0') tensor(0.0715, device='cuda:0')
After trained on task 25 tensor(0.0446, device='cuda:0') tensor(0.0788, device='cuda:0')
After trained on task 25 tensor(0.1596, device='cuda:0') tensor(0.1487, device='cuda:0')
reserving basis 126/768; cond: 29862780928.0, ratio:0.9906291961669922
reserving basis 126/768; cond: 29862780928.0, ratio:0.9906291961669922
reserving basis 145/768; cond: 57266548736.0, ratio:0.9914997220039368
reserving basis 145/768; cond: 57266548736.0, ratio:0.9914997220039368
reserving basis 135/768; cond: 218940309504.0, ratio:0.9913352131843567
reserving basis 135/768; cond: 218940309504.0, ratio:0.9913352131843567
reserving basis 143/768; cond: 97501462528.0, ratio:0.991329550743103
reserving basis 143/768; cond: 97501462528.0, ratio:0.991329550743103
reserving basis 144/768; cond: 298419781632.0, ratio:0.9911839365959167
reserving basis 144/768; cond: 298419781632.0, ratio:0.9911839365959167
reserving basis 144/768; cond: 230235783168.0, ratio:0.9913668036460876
reserving basis 144/768; cond: 230235783168.0, ratio:0.9913668036460876
reserving basis 148/768; cond: 12407973888.0, ratio:0.9904792308807373
reserving basis 148/768; cond: 12407973888.0, ratio:0.9904792308807373
reserving basis 142/768; cond: 51533500416.0, ratio:0.991165816783905
reserving basis 142/768; cond: 51533500416.0, ratio:0.991165816783905
reserving basis 154/768; cond: 174667071488.0, ratio:0.9909552931785583
reserving basis 154/768; cond: 174667071488.0, ratio:0.9909552931785583
reserving basis 139/768; cond: 177960075264.0, ratio:0.9902752637863159
reserving basis 139/768; cond: 177960075264.0, ratio:0.9902752637863159
reserving basis 149/768; cond: 326320947200.0, ratio:0.9914190769195557
reserving basis 149/768; cond: 326320947200.0, ratio:0.9914190769195557
reserving basis 139/768; cond: 101872533504.0, ratio:0.9910745620727539
reserving basis 139/768; cond: 101872533504.0, ratio:0.9910745620727539
reserving basis 148/768; cond: 1512919138304.0, ratio:0.9907203316688538
reserving basis 148/768; cond: 1512919138304.0, ratio:0.9907203316688538
reserving basis 136/768; cond: 65455734784.0, ratio:0.9905284643173218
reserving basis 136/768; cond: 65455734784.0, ratio:0.9905284643173218
reserving basis 154/768; cond: 70220759040.0, ratio:0.9909864068031311
reserving basis 154/768; cond: 70220759040.0, ratio:0.9909864068031311
reserving basis 133/768; cond: 17907140608.0, ratio:0.990658164024353
reserving basis 133/768; cond: 17907140608.0, ratio:0.990658164024353
reserving basis 155/768; cond: 34909278208.0, ratio:0.9905703067779541
reserving basis 155/768; cond: 34909278208.0, ratio:0.9905703067779541
reserving basis 129/768; cond: 95861833728.0, ratio:0.9905887246131897
reserving basis 129/768; cond: 95861833728.0, ratio:0.9905887246131897
reserving basis 143/768; cond: 62140084224.0, ratio:0.9908297061920166
reserving basis 143/768; cond: 62140084224.0, ratio:0.9908297061920166
reserving basis 114/768; cond: 741049892864.0, ratio:0.9909971952438354
reserving basis 114/768; cond: 741049892864.0, ratio:0.9909971952438354
reserving basis 122/768; cond: 74712227840.0, ratio:0.9907024502754211
reserving basis 122/768; cond: 74712227840.0, ratio:0.9907024502754211
reserving basis 101/768; cond: 44816322560.0, ratio:0.990813672542572
reserving basis 101/768; cond: 44816322560.0, ratio:0.990813672542572
reserving basis 68/768; cond: 19416780800.0, ratio:0.9905514717102051
reserving basis 68/768; cond: 19416780800.0, ratio:0.9905514717102051
reserving basis 83/768; cond: 26488991744.0, ratio:0.9918141961097717
reserving basis 83/768; cond: 26488991744.0, ratio:0.9918141961097717
2026-04-27 03:22:57,128 [palora.py] => Task 26, Epoch 20/20 => Loss 0.265, Train_accy 100.00
2026-04-27 03:23:01,719 [trainer.py] => Time:181.0419578552246
5400 5400
2026-04-27 03:23:16,029 [trainer.py] => Time:14.309930086135864
2026-04-27 03:23:16,029 [trainer.py] => ACC: {'total': 91.0, '00-01': 99.5, '02-03': 89.0, '04-05': 93.0, '06-07': 92.0, '08-09': 99.0, '10-11': 70.5, '12-13': 89.5, '14-15': 96.5, '16-17': 92.0, '18-19': 95.5, '20-21': 97.0, '22-23': 94.0, '24-25': 93.0, '26-27': 86.5, '28-29': 92.5, '30-31': 95.0, '32-33': 86.5, '34-35': 80.5, '36-37': 94.5, '38-39': 96.0, '40-41': 93.0, '42-43': 88.0, '44-45': 88.0, '46-47': 71.0, '48-49': 97.5, '50-51': 92.0, '52-53': 95.5, 'old': 90.83, 'new': 95.5}
2026-04-27 03:23:16,029 [trainer.py] => ACC top1 curve: [100.0, 99.5, 99.0, 98.5, 99.0, 96.0, 95.79, 96.19, 95.83, 95.75, 95.86, 95.79, 95.23, 95.11, 94.4, 94.34, 94.03, 93.22, 93.21, 93.2, 93.1, 92.7, 92.35, 91.98, 91.98, 91.88, 91.0]
Average Accuracy: 94.99777777777778
2026-04-27 03:23:16,029 [trainer.py] => Average Accuracy: 94.99777777777778
2026-04-27 03:23:16,038 [trainer.py] => All params: 125940251
2026-04-27 03:23:16,045 [trainer.py] => Trainable params: 370178
2026-04-27 03:23:16,046 [palora.py] => Learning on 54-56
Parameters to be updated: {'image_encoder.blocks.2.attn.lora_B_v.27.weight', 'image_encoder.blocks.8.attn.lora_A_v.27.weight', 'image_encoder.blocks.6.attn.lora_B_k.27.weight', 'image_encoder.blocks.4.attn.lora_A_v.27.weight', 'image_encoder.blocks.6.attn.lora_A_v.27.weight', 'image_encoder.blocks.5.attn.lora_A_v.27.weight', 'image_encoder.blocks.5.attn.lora_B_k.27.weight', 'image_encoder.blocks.0.attn.lora_B_k.27.weight', 'image_encoder.blocks.1.attn.lora_B_v.27.weight', 'image_encoder.blocks.11.attn.lora_A_k.27.weight', 'image_encoder.blocks.9.attn.lora_A_k.27.weight', 'image_encoder.blocks.9.attn.lora_B_k.27.weight', 'image_encoder.blocks.0.attn.lora_A_k.27.weight', 'image_encoder.blocks.6.attn.lora_B_v.27.weight', 'image_encoder.blocks.3.attn.lora_B_k.27.weight', 'image_encoder.blocks.8.attn.lora_B_k.27.weight', 'image_encoder.blocks.2.attn.lora_B_k.27.weight', 'image_encoder.blocks.5.attn.lora_A_k.27.weight', 'image_encoder.blocks.10.attn.lora_A_k.27.weight', 'image_encoder.blocks.11.attn.lora_B_k.27.weight', 'image_encoder.blocks.7.attn.lora_A_v.27.weight', 'image_encoder.blocks.0.attn.lora_A_v.27.weight', 'classifier_pool.27.weight', 'image_encoder.blocks.1.attn.lora_A_k.27.weight', 'image_encoder.blocks.6.attn.lora_A_k.27.weight', 'image_encoder.blocks.2.attn.lora_A_k.27.weight', 'image_encoder.blocks.3.attn.lora_A_k.27.weight', 'image_encoder.blocks.1.attn.lora_B_k.27.weight', 'image_encoder.blocks.10.attn.lora_B_v.27.weight', 'image_encoder.blocks.9.attn.lora_A_v.27.weight', 'image_encoder.blocks.3.attn.lora_B_v.27.weight', 'image_encoder.blocks.4.attn.lora_B_v.27.weight', 'image_encoder.blocks.8.attn.lora_A_k.27.weight', 'image_encoder.blocks.7.attn.lora_A_k.27.weight', 'image_encoder.blocks.2.attn.lora_A_v.27.weight', 'image_encoder.blocks.3.attn.lora_A_v.27.weight', 'image_encoder.blocks.4.attn.lora_B_k.27.weight', 'image_encoder.blocks.1.attn.lora_A_v.27.weight', 'image_encoder.blocks.8.attn.lora_B_v.27.weight', 'image_encoder.blocks.11.attn.lora_B_v.27.weight', 'image_encoder.blocks.11.attn.lora_A_v.27.weight', 'image_encoder.blocks.7.attn.lora_B_v.27.weight', 'image_encoder.blocks.9.attn.lora_B_v.27.weight', 'image_encoder.blocks.10.attn.lora_B_k.27.weight', 'classifier_pool.27.bias', 'image_encoder.blocks.0.attn.lora_B_v.27.weight', 'image_encoder.blocks.4.attn.lora_A_k.27.weight', 'image_encoder.blocks.5.attn.lora_B_v.27.weight', 'image_encoder.blocks.7.attn.lora_B_k.27.weight', 'image_encoder.blocks.10.attn.lora_A_v.27.weight'}
After trained on task 26 tensor(0.0333, device='cuda:0') tensor(0.0326, device='cuda:0')
After trained on task 26 tensor(0.0363, device='cuda:0') tensor(0.0404, device='cuda:0')
After trained on task 26 tensor(0.0358, device='cuda:0') tensor(0.0534, device='cuda:0')
After trained on task 26 tensor(0.0532, device='cuda:0') tensor(0.0515, device='cuda:0')
After trained on task 26 tensor(0.0488, device='cuda:0') tensor(0.0602, device='cuda:0')
After trained on task 26 tensor(0.0546, device='cuda:0') tensor(0.0754, device='cuda:0')
After trained on task 26 tensor(0.0510, device='cuda:0') tensor(0.0848, device='cuda:0')
After trained on task 26 tensor(0.0680, device='cuda:0') tensor(0.1474, device='cuda:0')
After trained on task 26 tensor(0.0860, device='cuda:0') tensor(0.1670, device='cuda:0')
After trained on task 26 tensor(0.0866, device='cuda:0') tensor(0.2024, device='cuda:0')
After trained on task 26 tensor(0.1689, device='cuda:0') tensor(0.2261, device='cuda:0')
After trained on task 26 tensor(0.3623, device='cuda:0') tensor(0.3540, device='cuda:0')
reserving basis 128/768; cond: 1037448052736.0, ratio:0.9903245568275452
reserving basis 128/768; cond: 1037448052736.0, ratio:0.9903245568275452
reserving basis 148/768; cond: 92359819264.0, ratio:0.9907408952713013
reserving basis 148/768; cond: 92359819264.0, ratio:0.9907408952713013
reserving basis 137/768; cond: 46213447680.0, ratio:0.9900714755058289
reserving basis 137/768; cond: 46213447680.0, ratio:0.9900714755058289
reserving basis 146/768; cond: 22105585664.0, ratio:0.9912768602371216
reserving basis 146/768; cond: 22105585664.0, ratio:0.9912768602371216
reserving basis 146/768; cond: 69424119808.0, ratio:0.9900550246238708
reserving basis 146/768; cond: 69424119808.0, ratio:0.9900550246238708
reserving basis 147/768; cond: 123615600640.0, ratio:0.9907857775688171
reserving basis 147/768; cond: 123615600640.0, ratio:0.9907857775688171
reserving basis 151/768; cond: 237297631232.0, ratio:0.9914950132369995
reserving basis 151/768; cond: 237297631232.0, ratio:0.9914950132369995
reserving basis 145/768; cond: 90229014528.0, ratio:0.9913157224655151
reserving basis 145/768; cond: 90229014528.0, ratio:0.9913157224655151
reserving basis 157/768; cond: 175552528384.0, ratio:0.9904976487159729
reserving basis 157/768; cond: 175552528384.0, ratio:0.9904976487159729
reserving basis 142/768; cond: 22430662656.0, ratio:0.9903128743171692
reserving basis 142/768; cond: 22430662656.0, ratio:0.9903128743171692
reserving basis 152/768; cond: 25029410816.0, ratio:0.9907875657081604
reserving basis 152/768; cond: 25029410816.0, ratio:0.9907875657081604
reserving basis 142/768; cond: 24634968064.0, ratio:0.9908953309059143
reserving basis 142/768; cond: 24634968064.0, ratio:0.9908953309059143
reserving basis 151/768; cond: 131703373824.0, ratio:0.9909613132476807
reserving basis 151/768; cond: 131703373824.0, ratio:0.9909613132476807
reserving basis 138/768; cond: 43607896064.0, ratio:0.9900190234184265
reserving basis 138/768; cond: 43607896064.0, ratio:0.9900190234184265
reserving basis 157/768; cond: 102515335168.0, ratio:0.991314709186554
reserving basis 157/768; cond: 102515335168.0, ratio:0.991314709186554
reserving basis 136/768; cond: 43930927104.0, ratio:0.9913678765296936
reserving basis 136/768; cond: 43930927104.0, ratio:0.9913678765296936
reserving basis 158/768; cond: 317268164608.0, ratio:0.991084098815918
reserving basis 158/768; cond: 317268164608.0, ratio:0.991084098815918
reserving basis 131/768; cond: 625441112064.0, ratio:0.9909855723381042
reserving basis 131/768; cond: 625441112064.0, ratio:0.9909855723381042
reserving basis 145/768; cond: 287852003328.0, ratio:0.9904906153678894
reserving basis 145/768; cond: 287852003328.0, ratio:0.9904906153678894
reserving basis 115/768; cond: 75494162432.0, ratio:0.9903828501701355
reserving basis 115/768; cond: 75494162432.0, ratio:0.9903828501701355
reserving basis 123/768; cond: 98865525030912.0, ratio:0.99132239818573
reserving basis 123/768; cond: 98865525030912.0, ratio:0.99132239818573
reserving basis 102/768; cond: 24220153856.0, ratio:0.990023136138916
reserving basis 102/768; cond: 24220153856.0, ratio:0.990023136138916
reserving basis 68/768; cond: 112129998848.0, ratio:0.9911961555480957
reserving basis 68/768; cond: 112129998848.0, ratio:0.9911961555480957
reserving basis 84/768; cond: 30909462528.0, ratio:0.991619348526001
reserving basis 84/768; cond: 30909462528.0, ratio:0.991619348526001
2026-04-27 03:26:12,111 [palora.py] => Task 27, Epoch 20/20 => Loss 0.352, Train_accy 99.30
2026-04-27 03:26:16,884 [trainer.py] => Time:180.838636636734
5600 5600
2026-04-27 03:26:31,623 [trainer.py] => Time:14.738561868667603
2026-04-27 03:26:31,623 [trainer.py] => ACC: {'total': 90.89, '00-01': 99.5, '02-03': 89.0, '04-05': 88.0, '06-07': 91.0, '08-09': 99.0, '10-11': 70.5, '12-13': 89.5, '14-15': 96.5, '16-17': 91.5, '18-19': 95.5, '20-21': 97.0, '22-23': 94.5, '24-25': 94.0, '26-27': 87.0, '28-29': 92.5, '30-31': 95.0, '32-33': 86.5, '34-35': 81.0, '36-37': 94.5, '38-39': 96.0, '40-41': 93.0, '42-43': 88.0, '44-45': 87.5, '46-47': 71.5, '48-49': 97.5, '50-51': 91.0, '52-53': 95.0, '54-55': 93.5, 'old': 90.8, 'new': 93.5}
2026-04-27 03:26:31,623 [trainer.py] => ACC top1 curve: [100.0, 99.5, 99.0, 98.5, 99.0, 96.0, 95.79, 96.19, 95.83, 95.75, 95.86, 95.79, 95.23, 95.11, 94.4, 94.34, 94.03, 93.22, 93.21, 93.2, 93.1, 92.7, 92.35, 91.98, 91.98, 91.88, 91.0, 90.89]
Average Accuracy: 94.85107142857143
2026-04-27 03:26:31,623 [trainer.py] => Average Accuracy: 94.85107142857143
2026-04-27 03:26:31,632 [trainer.py] => All params: 125940251
2026-04-27 03:26:31,640 [trainer.py] => Trainable params: 370178
2026-04-27 03:26:31,640 [palora.py] => Learning on 56-58
Parameters to be updated: {'image_encoder.blocks.3.attn.lora_B_k.28.weight', 'image_encoder.blocks.5.attn.lora_A_k.28.weight', 'image_encoder.blocks.4.attn.lora_B_v.28.weight', 'image_encoder.blocks.10.attn.lora_B_v.28.weight', 'image_encoder.blocks.6.attn.lora_B_k.28.weight', 'image_encoder.blocks.5.attn.lora_B_v.28.weight', 'image_encoder.blocks.7.attn.lora_A_k.28.weight', 'image_encoder.blocks.3.attn.lora_A_v.28.weight', 'image_encoder.blocks.10.attn.lora_A_k.28.weight', 'image_encoder.blocks.9.attn.lora_A_v.28.weight', 'image_encoder.blocks.11.attn.lora_B_k.28.weight', 'image_encoder.blocks.8.attn.lora_B_v.28.weight', 'image_encoder.blocks.11.attn.lora_B_v.28.weight', 'image_encoder.blocks.11.attn.lora_A_k.28.weight', 'image_encoder.blocks.8.attn.lora_A_k.28.weight', 'image_encoder.blocks.1.attn.lora_B_v.28.weight', 'image_encoder.blocks.2.attn.lora_A_v.28.weight', 'image_encoder.blocks.10.attn.lora_B_k.28.weight', 'image_encoder.blocks.8.attn.lora_B_k.28.weight', 'image_encoder.blocks.3.attn.lora_B_v.28.weight', 'image_encoder.blocks.5.attn.lora_B_k.28.weight', 'image_encoder.blocks.10.attn.lora_A_v.28.weight', 'image_encoder.blocks.9.attn.lora_A_k.28.weight', 'image_encoder.blocks.6.attn.lora_B_v.28.weight', 'image_encoder.blocks.0.attn.lora_B_k.28.weight', 'classifier_pool.28.bias', 'image_encoder.blocks.2.attn.lora_B_v.28.weight', 'image_encoder.blocks.1.attn.lora_A_k.28.weight', 'image_encoder.blocks.5.attn.lora_A_v.28.weight', 'image_encoder.blocks.0.attn.lora_B_v.28.weight', 'image_encoder.blocks.9.attn.lora_B_k.28.weight', 'image_encoder.blocks.7.attn.lora_A_v.28.weight', 'image_encoder.blocks.4.attn.lora_A_v.28.weight', 'image_encoder.blocks.4.attn.lora_A_k.28.weight', 'image_encoder.blocks.6.attn.lora_A_v.28.weight', 'image_encoder.blocks.2.attn.lora_A_k.28.weight', 'image_encoder.blocks.6.attn.lora_A_k.28.weight', 'image_encoder.blocks.1.attn.lora_B_k.28.weight', 'image_encoder.blocks.7.attn.lora_B_k.28.weight', 'image_encoder.blocks.9.attn.lora_B_v.28.weight', 'image_encoder.blocks.1.attn.lora_A_v.28.weight', 'image_encoder.blocks.2.attn.lora_B_k.28.weight', 'image_encoder.blocks.3.attn.lora_A_k.28.weight', 'image_encoder.blocks.11.attn.lora_A_v.28.weight', 'classifier_pool.28.weight', 'image_encoder.blocks.7.attn.lora_B_v.28.weight', 'image_encoder.blocks.4.attn.lora_B_k.28.weight', 'image_encoder.blocks.8.attn.lora_A_v.28.weight', 'image_encoder.blocks.0.attn.lora_A_k.28.weight', 'image_encoder.blocks.0.attn.lora_A_v.28.weight'}
After trained on task 27 tensor(0.0272, device='cuda:0') tensor(0.0249, device='cuda:0')
After trained on task 27 tensor(0.0271, device='cuda:0') tensor(0.0265, device='cuda:0')
After trained on task 27 tensor(0.0258, device='cuda:0') tensor(0.0299, device='cuda:0')
After trained on task 27 tensor(0.0262, device='cuda:0') tensor(0.0334, device='cuda:0')
After trained on task 27 tensor(0.0289, device='cuda:0') tensor(0.0372, device='cuda:0')
After trained on task 27 tensor(0.0323, device='cuda:0') tensor(0.0353, device='cuda:0')
After trained on task 27 tensor(0.0325, device='cuda:0') tensor(0.0456, device='cuda:0')
After trained on task 27 tensor(0.0292, device='cuda:0') tensor(0.0507, device='cuda:0')
After trained on task 27 tensor(0.0336, device='cuda:0') tensor(0.0634, device='cuda:0')
After trained on task 27 tensor(0.0352, device='cuda:0') tensor(0.0931, device='cuda:0')
After trained on task 27 tensor(0.0430, device='cuda:0') tensor(0.1257, device='cuda:0')
After trained on task 27 tensor(0.0972, device='cuda:0') tensor(0.1701, device='cuda:0')
reserving basis 129/768; cond: 109819248640.0, ratio:0.9900808930397034
reserving basis 129/768; cond: 109819248640.0, ratio:0.9900808930397034
reserving basis 150/768; cond: 45689409536.0, ratio:0.9912582039833069
reserving basis 150/768; cond: 45689409536.0, ratio:0.9912582039833069
reserving basis 139/768; cond: 40872853504.0, ratio:0.9900525212287903
reserving basis 139/768; cond: 40872853504.0, ratio:0.9900525212287903
reserving basis 148/768; cond: 43931312128.0, ratio:0.9901124238967896
reserving basis 148/768; cond: 43931312128.0, ratio:0.9901124238967896
reserving basis 148/768; cond: 2020769005568.0, ratio:0.9905833601951599
reserving basis 148/768; cond: 2020769005568.0, ratio:0.9905833601951599
reserving basis 149/768; cond: 80712065024.0, ratio:0.9907008409500122
reserving basis 149/768; cond: 80712065024.0, ratio:0.9907008409500122
reserving basis 154/768; cond: 73537560576.0, ratio:0.9908753037452698
reserving basis 154/768; cond: 73537560576.0, ratio:0.9908753037452698
reserving basis 148/768; cond: 64985268224.0, ratio:0.991611897945404
reserving basis 148/768; cond: 64985268224.0, ratio:0.991611897945404
reserving basis 159/768; cond: 128995098624.0, ratio:0.9915211200714111
reserving basis 159/768; cond: 128995098624.0, ratio:0.9915211200714111
reserving basis 144/768; cond: 30446487552.0, ratio:0.9907216429710388
reserving basis 144/768; cond: 30446487552.0, ratio:0.9907216429710388
reserving basis 154/768; cond: 80897875968.0, ratio:0.9904302358627319
reserving basis 154/768; cond: 80897875968.0, ratio:0.9904302358627319
reserving basis 144/768; cond: 13725189120.0, ratio:0.9906927347183228
reserving basis 144/768; cond: 13725189120.0, ratio:0.9906927347183228
reserving basis 153/768; cond: 139119804416.0, ratio:0.9907365441322327
reserving basis 153/768; cond: 139119804416.0, ratio:0.9907365441322327
reserving basis 140/768; cond: 100643594240.0, ratio:0.9905984401702881
reserving basis 140/768; cond: 100643594240.0, ratio:0.9905984401702881
reserving basis 159/768; cond: 483916054528.0, ratio:0.9903783798217773
reserving basis 159/768; cond: 483916054528.0, ratio:0.9903783798217773
reserving basis 139/768; cond: 1568575455232.0, ratio:0.991563081741333
reserving basis 139/768; cond: 1568575455232.0, ratio:0.991563081741333
reserving basis 160/768; cond: 1004026331136.0, ratio:0.9900913834571838
reserving basis 160/768; cond: 1004026331136.0, ratio:0.9900913834571838
reserving basis 133/768; cond: 29190160384.0, ratio:0.9914053082466125
reserving basis 133/768; cond: 29190160384.0, ratio:0.9914053082466125
reserving basis 147/768; cond: 35756470272.0, ratio:0.9909325242042542
reserving basis 147/768; cond: 35756470272.0, ratio:0.9909325242042542
reserving basis 116/768; cond: 31360434176.0, ratio:0.9908687472343445
reserving basis 116/768; cond: 31360434176.0, ratio:0.9908687472343445
reserving basis 125/768; cond: 72013037568.0, ratio:0.9914618730545044
reserving basis 125/768; cond: 72013037568.0, ratio:0.9914618730545044
reserving basis 103/768; cond: 14259064832.0, ratio:0.9906913042068481
reserving basis 103/768; cond: 14259064832.0, ratio:0.9906913042068481
reserving basis 69/768; cond: 80188416000.0, ratio:0.9910776615142822
reserving basis 69/768; cond: 80188416000.0, ratio:0.9910776615142822
reserving basis 85/768; cond: 16595772416.0, ratio:0.9908412098884583
reserving basis 85/768; cond: 16595772416.0, ratio:0.9908412098884583
2026-04-27 03:29:27,065 [palora.py] => Task 28, Epoch 20/20 => Loss 0.321, Train_accy 99.30
2026-04-27 03:29:31,814 [trainer.py] => Time:180.17379665374756
5800 5800
2026-04-27 03:29:46,910 [trainer.py] => Time:15.09568166732788
2026-04-27 03:29:46,911 [trainer.py] => ACC: {'total': 90.86, '00-01': 99.5, '02-03': 89.0, '04-05': 87.5, '06-07': 91.0, '08-09': 99.0, '10-11': 71.0, '12-13': 89.5, '14-15': 96.5, '16-17': 92.0, '18-19': 95.5, '20-21': 98.0, '22-23': 94.0, '24-25': 93.5, '26-27': 87.0, '28-29': 92.5, '30-31': 95.0, '32-33': 85.5, '34-35': 80.0, '36-37': 94.0, '38-39': 96.5, '40-41': 93.0, '42-43': 89.0, '44-45': 87.5, '46-47': 70.5, '48-49': 97.5, '50-51': 91.0, '52-53': 95.0, '54-55': 93.5, '56-57': 91.5, 'old': 90.84, 'new': 91.5}
2026-04-27 03:29:46,911 [trainer.py] => ACC top1 curve: [100.0, 99.5, 99.0, 98.5, 99.0, 96.0, 95.79, 96.19, 95.83, 95.75, 95.86, 95.79, 95.23, 95.11, 94.4, 94.34, 94.03, 93.22, 93.21, 93.2, 93.1, 92.7, 92.35, 91.98, 91.98, 91.88, 91.0, 90.89, 90.86]
Average Accuracy: 94.71344827586208
2026-04-27 03:29:46,911 [trainer.py] => Average Accuracy: 94.71344827586208
2026-04-27 03:29:46,920 [trainer.py] => All params: 125940251
2026-04-27 03:29:46,926 [trainer.py] => Trainable params: 370178
2026-04-27 03:29:46,927 [palora.py] => Learning on 58-60
Parameters to be updated: {'image_encoder.blocks.8.attn.lora_B_k.29.weight', 'image_encoder.blocks.10.attn.lora_A_k.29.weight', 'image_encoder.blocks.2.attn.lora_B_k.29.weight', 'image_encoder.blocks.9.attn.lora_A_v.29.weight', 'image_encoder.blocks.1.attn.lora_B_k.29.weight', 'image_encoder.blocks.3.attn.lora_A_k.29.weight', 'image_encoder.blocks.7.attn.lora_B_v.29.weight', 'image_encoder.blocks.10.attn.lora_A_v.29.weight', 'image_encoder.blocks.0.attn.lora_A_v.29.weight', 'image_encoder.blocks.8.attn.lora_B_v.29.weight', 'image_encoder.blocks.5.attn.lora_B_v.29.weight', 'image_encoder.blocks.11.attn.lora_A_k.29.weight', 'image_encoder.blocks.0.attn.lora_B_v.29.weight', 'image_encoder.blocks.6.attn.lora_A_k.29.weight', 'image_encoder.blocks.0.attn.lora_A_k.29.weight', 'image_encoder.blocks.10.attn.lora_B_k.29.weight', 'image_encoder.blocks.11.attn.lora_A_v.29.weight', 'image_encoder.blocks.6.attn.lora_A_v.29.weight', 'image_encoder.blocks.1.attn.lora_A_k.29.weight', 'image_encoder.blocks.4.attn.lora_B_k.29.weight', 'image_encoder.blocks.11.attn.lora_B_v.29.weight', 'image_encoder.blocks.4.attn.lora_A_k.29.weight', 'image_encoder.blocks.5.attn.lora_A_k.29.weight', 'image_encoder.blocks.11.attn.lora_B_k.29.weight', 'image_encoder.blocks.9.attn.lora_A_k.29.weight', 'image_encoder.blocks.1.attn.lora_B_v.29.weight', 'image_encoder.blocks.4.attn.lora_B_v.29.weight', 'classifier_pool.29.weight', 'image_encoder.blocks.9.attn.lora_B_k.29.weight', 'image_encoder.blocks.2.attn.lora_B_v.29.weight', 'image_encoder.blocks.4.attn.lora_A_v.29.weight', 'image_encoder.blocks.8.attn.lora_A_v.29.weight', 'image_encoder.blocks.2.attn.lora_A_k.29.weight', 'image_encoder.blocks.10.attn.lora_B_v.29.weight', 'image_encoder.blocks.8.attn.lora_A_k.29.weight', 'image_encoder.blocks.7.attn.lora_B_k.29.weight', 'image_encoder.blocks.1.attn.lora_A_v.29.weight', 'image_encoder.blocks.2.attn.lora_A_v.29.weight', 'image_encoder.blocks.5.attn.lora_B_k.29.weight', 'image_encoder.blocks.3.attn.lora_A_v.29.weight', 'image_encoder.blocks.5.attn.lora_A_v.29.weight', 'image_encoder.blocks.7.attn.lora_A_v.29.weight', 'image_encoder.blocks.0.attn.lora_B_k.29.weight', 'classifier_pool.29.bias', 'image_encoder.blocks.9.attn.lora_B_v.29.weight', 'image_encoder.blocks.6.attn.lora_B_v.29.weight', 'image_encoder.blocks.6.attn.lora_B_k.29.weight', 'image_encoder.blocks.3.attn.lora_B_v.29.weight', 'image_encoder.blocks.3.attn.lora_B_k.29.weight', 'image_encoder.blocks.7.attn.lora_A_k.29.weight'}
After trained on task 28 tensor(0.0328, device='cuda:0') tensor(0.0283, device='cuda:0')
After trained on task 28 tensor(0.0263, device='cuda:0') tensor(0.0302, device='cuda:0')
After trained on task 28 tensor(0.0307, device='cuda:0') tensor(0.0346, device='cuda:0')
After trained on task 28 tensor(0.0288, device='cuda:0') tensor(0.0357, device='cuda:0')
After trained on task 28 tensor(0.0335, device='cuda:0') tensor(0.0383, device='cuda:0')
After trained on task 28 tensor(0.0328, device='cuda:0') tensor(0.0386, device='cuda:0')
After trained on task 28 tensor(0.0328, device='cuda:0') tensor(0.0489, device='cuda:0')
After trained on task 28 tensor(0.0325, device='cuda:0') tensor(0.0679, device='cuda:0')
After trained on task 28 tensor(0.0370, device='cuda:0') tensor(0.0749, device='cuda:0')
After trained on task 28 tensor(0.0460, device='cuda:0') tensor(0.1382, device='cuda:0')
After trained on task 28 tensor(0.1029, device='cuda:0') tensor(0.1854, device='cuda:0')
After trained on task 28 tensor(0.1520, device='cuda:0') tensor(0.2242, device='cuda:0')
reserving basis 132/768; cond: 56195862528.0, ratio:0.9910023212432861
reserving basis 132/768; cond: 56195862528.0, ratio:0.9910023212432861
reserving basis 151/768; cond: 19526883328.0, ratio:0.990193784236908
reserving basis 151/768; cond: 19526883328.0, ratio:0.990193784236908
reserving basis 141/768; cond: 12255888384.0, ratio:0.9911268353462219
reserving basis 141/768; cond: 12255888384.0, ratio:0.9911268353462219
reserving basis 150/768; cond: 17572796416.0, ratio:0.9904917478561401
reserving basis 150/768; cond: 17572796416.0, ratio:0.9904917478561401
reserving basis 150/768; cond: 19843270656.0, ratio:0.9903595447540283
reserving basis 150/768; cond: 19843270656.0, ratio:0.9903595447540283
reserving basis 151/768; cond: 55300042752.0, ratio:0.9905570149421692
reserving basis 151/768; cond: 55300042752.0, ratio:0.9905570149421692
reserving basis 156/768; cond: 26112962560.0, ratio:0.9902244210243225
reserving basis 156/768; cond: 26112962560.0, ratio:0.9902244210243225
reserving basis 150/768; cond: 32947005440.0, ratio:0.9905591607093811
reserving basis 150/768; cond: 32947005440.0, ratio:0.9905591607093811
reserving basis 162/768; cond: 24804999168.0, ratio:0.9909763336181641
reserving basis 162/768; cond: 24804999168.0, ratio:0.9909763336181641
reserving basis 146/768; cond: 12512553984.0, ratio:0.9903774261474609
reserving basis 146/768; cond: 12512553984.0, ratio:0.9903774261474609
reserving basis 157/768; cond: 94040662016.0, ratio:0.9915062189102173
reserving basis 157/768; cond: 94040662016.0, ratio:0.9915062189102173
reserving basis 146/768; cond: 90243440640.0, ratio:0.9900830984115601
reserving basis 146/768; cond: 90243440640.0, ratio:0.9900830984115601
reserving basis 156/768; cond: 37344563200.0, ratio:0.9913210868835449
reserving basis 156/768; cond: 37344563200.0, ratio:0.9913210868835449
reserving basis 142/768; cond: 691003588608.0, ratio:0.9913032650947571
reserving basis 142/768; cond: 691003588608.0, ratio:0.9913032650947571
reserving basis 161/768; cond: 15474508800.0, ratio:0.990118145942688
reserving basis 161/768; cond: 15474508800.0, ratio:0.990118145942688
reserving basis 141/768; cond: 43696054272.0, ratio:0.9914780855178833
reserving basis 141/768; cond: 43696054272.0, ratio:0.9914780855178833
reserving basis 163/768; cond: 4617460224.0, ratio:0.9912443161010742
reserving basis 163/768; cond: 4617460224.0, ratio:0.9912443161010742
reserving basis 135/768; cond: 420411768832.0, ratio:0.9912054538726807
reserving basis 135/768; cond: 420411768832.0, ratio:0.9912054538726807
reserving basis 149/768; cond: 21436620800.0, ratio:0.990404486656189
reserving basis 149/768; cond: 21436620800.0, ratio:0.990404486656189
reserving basis 116/768; cond: 327774044160.0, ratio:0.9900665879249573
reserving basis 116/768; cond: 327774044160.0, ratio:0.9900665879249573
reserving basis 125/768; cond: 49855873024.0, ratio:0.9906464219093323
reserving basis 125/768; cond: 49855873024.0, ratio:0.9906464219093323
reserving basis 103/768; cond: 60010508288.0, ratio:0.9902397394180298
reserving basis 103/768; cond: 60010508288.0, ratio:0.9902397394180298
reserving basis 69/768; cond: 24701169664.0, ratio:0.9908496141433716
reserving basis 69/768; cond: 24701169664.0, ratio:0.9908496141433716
reserving basis 85/768; cond: 57811111936.0, ratio:0.9912896156311035
reserving basis 85/768; cond: 57811111936.0, ratio:0.9912896156311035
2026-04-27 03:32:42,029 [palora.py] => Task 29, Epoch 20/20 => Loss 0.347, Train_accy 99.20
2026-04-27 03:32:46,599 [trainer.py] => Time:179.67218112945557
6000 6000
2026-04-27 03:33:02,057 [trainer.py] => Time:15.458288431167603
2026-04-27 03:33:02,058 [trainer.py] => ACC: {'total': 90.3, '00-01': 99.5, '02-03': 89.0, '04-05': 87.5, '06-07': 91.0, '08-09': 99.0, '10-11': 68.5, '12-13': 86.5, '14-15': 96.5, '16-17': 92.5, '18-19': 95.5, '20-21': 98.0, '22-23': 93.0, '24-25': 93.0, '26-27': 87.0, '28-29': 92.0, '30-31': 95.0, '32-33': 82.0, '34-35': 80.0, '36-37': 93.0, '38-39': 96.5, '40-41': 93.0, '42-43': 88.0, '44-45': 87.5, '46-47': 71.0, '48-49': 97.5, '50-51': 91.0, '52-53': 92.0, '54-55': 93.5, '56-57': 91.5, '58-59': 89.0, 'old': 90.34, 'new': 89.0}
2026-04-27 03:33:02,058 [trainer.py] => ACC top1 curve: [100.0, 99.5, 99.0, 98.5, 99.0, 96.0, 95.79, 96.19, 95.83, 95.75, 95.86, 95.79, 95.23, 95.11, 94.4, 94.34, 94.03, 93.22, 93.21, 93.2, 93.1, 92.7, 92.35, 91.98, 91.98, 91.88, 91.0, 90.89, 90.86, 90.3]
Average Accuracy: 94.56633333333335
2026-04-27 03:33:02,058 [trainer.py] => Average Accuracy: 94.56633333333335
2026-04-27 03:33:02,067 [trainer.py] => All params: 125940251
2026-04-27 03:33:02,074 [trainer.py] => Trainable params: 370178
2026-04-27 03:33:02,074 [palora.py] => Learning on 60-62
Parameters to be updated: {'image_encoder.blocks.0.attn.lora_A_v.30.weight', 'image_encoder.blocks.6.attn.lora_B_k.30.weight', 'image_encoder.blocks.0.attn.lora_B_k.30.weight', 'image_encoder.blocks.0.attn.lora_B_v.30.weight', 'image_encoder.blocks.3.attn.lora_A_k.30.weight', 'image_encoder.blocks.10.attn.lora_B_k.30.weight', 'classifier_pool.30.bias', 'image_encoder.blocks.10.attn.lora_A_k.30.weight', 'image_encoder.blocks.5.attn.lora_A_v.30.weight', 'image_encoder.blocks.3.attn.lora_B_k.30.weight', 'image_encoder.blocks.1.attn.lora_A_v.30.weight', 'image_encoder.blocks.9.attn.lora_A_k.30.weight', 'image_encoder.blocks.5.attn.lora_A_k.30.weight', 'image_encoder.blocks.11.attn.lora_A_k.30.weight', 'image_encoder.blocks.0.attn.lora_A_k.30.weight', 'image_encoder.blocks.10.attn.lora_A_v.30.weight', 'image_encoder.blocks.7.attn.lora_B_v.30.weight', 'image_encoder.blocks.7.attn.lora_B_k.30.weight', 'image_encoder.blocks.4.attn.lora_A_v.30.weight', 'image_encoder.blocks.8.attn.lora_A_k.30.weight', 'image_encoder.blocks.11.attn.lora_B_k.30.weight', 'image_encoder.blocks.6.attn.lora_B_v.30.weight', 'image_encoder.blocks.4.attn.lora_B_k.30.weight', 'image_encoder.blocks.2.attn.lora_B_k.30.weight', 'image_encoder.blocks.1.attn.lora_B_v.30.weight', 'image_encoder.blocks.2.attn.lora_A_v.30.weight', 'image_encoder.blocks.6.attn.lora_A_v.30.weight', 'image_encoder.blocks.9.attn.lora_A_v.30.weight', 'image_encoder.blocks.5.attn.lora_B_v.30.weight', 'image_encoder.blocks.7.attn.lora_A_k.30.weight', 'image_encoder.blocks.10.attn.lora_B_v.30.weight', 'image_encoder.blocks.8.attn.lora_A_v.30.weight', 'image_encoder.blocks.9.attn.lora_B_k.30.weight', 'image_encoder.blocks.2.attn.lora_A_k.30.weight', 'image_encoder.blocks.1.attn.lora_B_k.30.weight', 'image_encoder.blocks.5.attn.lora_B_k.30.weight', 'image_encoder.blocks.2.attn.lora_B_v.30.weight', 'image_encoder.blocks.6.attn.lora_A_k.30.weight', 'image_encoder.blocks.8.attn.lora_B_k.30.weight', 'image_encoder.blocks.9.attn.lora_B_v.30.weight', 'image_encoder.blocks.3.attn.lora_A_v.30.weight', 'image_encoder.blocks.11.attn.lora_B_v.30.weight', 'classifier_pool.30.weight', 'image_encoder.blocks.3.attn.lora_B_v.30.weight', 'image_encoder.blocks.1.attn.lora_A_k.30.weight', 'image_encoder.blocks.8.attn.lora_B_v.30.weight', 'image_encoder.blocks.11.attn.lora_A_v.30.weight', 'image_encoder.blocks.7.attn.lora_A_v.30.weight', 'image_encoder.blocks.4.attn.lora_B_v.30.weight', 'image_encoder.blocks.4.attn.lora_A_k.30.weight'}
After trained on task 29 tensor(0.0294, device='cuda:0') tensor(0.0267, device='cuda:0')
After trained on task 29 tensor(0.0345, device='cuda:0') tensor(0.0316, device='cuda:0')
After trained on task 29 tensor(0.0258, device='cuda:0') tensor(0.0316, device='cuda:0')
After trained on task 29 tensor(0.0319, device='cuda:0') tensor(0.0349, device='cuda:0')
After trained on task 29 tensor(0.0309, device='cuda:0') tensor(0.0376, device='cuda:0')
After trained on task 29 tensor(0.0342, device='cuda:0') tensor(0.0399, device='cuda:0')
After trained on task 29 tensor(0.0340, device='cuda:0') tensor(0.0457, device='cuda:0')
After trained on task 29 tensor(0.0344, device='cuda:0') tensor(0.0513, device='cuda:0')
After trained on task 29 tensor(0.0380, device='cuda:0') tensor(0.0669, device='cuda:0')
After trained on task 29 tensor(0.0565, device='cuda:0') tensor(0.1321, device='cuda:0')
After trained on task 29 tensor(0.0723, device='cuda:0') tensor(0.1201, device='cuda:0')
After trained on task 29 tensor(0.2897, device='cuda:0') tensor(0.2172, device='cuda:0')
reserving basis 134/768; cond: 24685426688.0, ratio:0.9904521703720093
reserving basis 134/768; cond: 24685426688.0, ratio:0.9904521703720093
reserving basis 153/768; cond: 137741025280.0, ratio:0.9916068315505981
reserving basis 153/768; cond: 137741025280.0, ratio:0.9916068315505981
reserving basis 143/768; cond: 57201426432.0, ratio:0.9913069605827332
reserving basis 143/768; cond: 57201426432.0, ratio:0.9913069605827332
reserving basis 153/768; cond: 14118793216.0, ratio:0.9911757111549377
reserving basis 153/768; cond: 14118793216.0, ratio:0.9911757111549377
reserving basis 152/768; cond: 452906942464.0, ratio:0.9910735487937927
reserving basis 152/768; cond: 452906942464.0, ratio:0.9910735487937927
reserving basis 153/768; cond: 26717652992.0, ratio:0.9906325936317444
reserving basis 153/768; cond: 26717652992.0, ratio:0.9906325936317444
reserving basis 159/768; cond: 50502148096.0, ratio:0.991366446018219
reserving basis 159/768; cond: 50502148096.0, ratio:0.991366446018219
reserving basis 152/768; cond: 77756678144.0, ratio:0.9902516007423401
reserving basis 152/768; cond: 77756678144.0, ratio:0.9902516007423401
reserving basis 164/768; cond: 20596387840.0, ratio:0.9909151196479797
reserving basis 164/768; cond: 20596387840.0, ratio:0.9909151196479797
reserving basis 148/768; cond: 42137907200.0, ratio:0.9906273484230042
reserving basis 148/768; cond: 42137907200.0, ratio:0.9906273484230042
reserving basis 159/768; cond: 77454417920.0, ratio:0.9909125566482544
reserving basis 159/768; cond: 77454417920.0, ratio:0.9909125566482544
reserving basis 148/768; cond: 72687386624.0, ratio:0.9907186627388
reserving basis 148/768; cond: 72687386624.0, ratio:0.9907186627388
reserving basis 158/768; cond: 61289066496.0, ratio:0.9912490844726562
reserving basis 158/768; cond: 61289066496.0, ratio:0.9912490844726562
reserving basis 144/768; cond: 25418104832.0, ratio:0.9909791350364685
reserving basis 144/768; cond: 25418104832.0, ratio:0.9909791350364685
reserving basis 163/768; cond: 48586862592.0, ratio:0.9902761578559875
reserving basis 163/768; cond: 48586862592.0, ratio:0.9902761578559875
reserving basis 143/768; cond: 75936776192.0, ratio:0.9908396005630493
reserving basis 143/768; cond: 75936776192.0, ratio:0.9908396005630493
reserving basis 165/768; cond: 16457412608.0, ratio:0.9907938241958618
reserving basis 165/768; cond: 16457412608.0, ratio:0.9907938241958618
reserving basis 136/768; cond: 177266343936.0, ratio:0.9901940226554871
reserving basis 136/768; cond: 177266343936.0, ratio:0.9901940226554871
reserving basis 150/768; cond: 42027307008.0, ratio:0.990379273891449
reserving basis 150/768; cond: 42027307008.0, ratio:0.990379273891449
reserving basis 117/768; cond: 163099361280.0, ratio:0.9907931089401245
reserving basis 117/768; cond: 163099361280.0, ratio:0.9907931089401245
reserving basis 126/768; cond: 45021696000.0, ratio:0.990669846534729
reserving basis 126/768; cond: 45021696000.0, ratio:0.990669846534729
reserving basis 105/768; cond: 15216077824.0, ratio:0.9912840127944946
reserving basis 105/768; cond: 15216077824.0, ratio:0.9912840127944946
reserving basis 69/768; cond: 131274866688.0, ratio:0.9917790293693542
reserving basis 69/768; cond: 131274866688.0, ratio:0.9917790293693542
reserving basis 86/768; cond: 52281483264.0, ratio:0.9911773204803467
reserving basis 86/768; cond: 52281483264.0, ratio:0.9911773204803467
2026-04-27 03:35:57,265 [palora.py] => Task 30, Epoch 20/20 => Loss 0.320, Train_accy 99.60
2026-04-27 03:36:01,950 [trainer.py] => Time:179.87672328948975
6200 6200
2026-04-27 03:36:17,949 [trainer.py] => Time:15.998070240020752
2026-04-27 03:36:17,949 [trainer.py] => ACC: {'total': 89.95, '00-01': 99.5, '02-03': 89.0, '04-05': 88.0, '06-07': 91.0, '08-09': 99.0, '10-11': 62.5, '12-13': 84.5, '14-15': 96.5, '16-17': 92.0, '18-19': 95.5, '20-21': 98.5, '22-23': 88.5, '24-25': 93.0, '26-27': 87.0, '28-29': 92.0, '30-31': 94.5, '32-33': 83.0, '34-35': 79.0, '36-37': 93.0, '38-39': 96.5, '40-41': 92.5, '42-43': 87.5, '44-45': 87.5, '46-47': 71.0, '48-49': 97.0, '50-51': 90.5, '52-53': 92.5, '54-55': 93.0, '56-57': 91.5, '58-59': 88.5, '60-61': 94.5, 'old': 89.8, 'new': 94.5}
2026-04-27 03:36:17,949 [trainer.py] => ACC top1 curve: [100.0, 99.5, 99.0, 98.5, 99.0, 96.0, 95.79, 96.19, 95.83, 95.75, 95.86, 95.79, 95.23, 95.11, 94.4, 94.34, 94.03, 93.22, 93.21, 93.2, 93.1, 92.7, 92.35, 91.98, 91.98, 91.88, 91.0, 90.89, 90.86, 90.3, 89.95]
Average Accuracy: 94.41741935483871
2026-04-27 03:36:17,949 [trainer.py] => Average Accuracy: 94.41741935483871
2026-04-27 03:36:17,958 [trainer.py] => All params: 125940251
2026-04-27 03:36:17,965 [trainer.py] => Trainable params: 370178
2026-04-27 03:36:17,965 [palora.py] => Learning on 62-64
Parameters to be updated: {'image_encoder.blocks.11.attn.lora_A_v.31.weight', 'image_encoder.blocks.1.attn.lora_B_v.31.weight', 'image_encoder.blocks.5.attn.lora_B_v.31.weight', 'image_encoder.blocks.8.attn.lora_B_v.31.weight', 'image_encoder.blocks.0.attn.lora_A_k.31.weight', 'image_encoder.blocks.10.attn.lora_A_v.31.weight', 'image_encoder.blocks.0.attn.lora_A_v.31.weight', 'image_encoder.blocks.6.attn.lora_A_v.31.weight', 'image_encoder.blocks.2.attn.lora_A_k.31.weight', 'image_encoder.blocks.2.attn.lora_B_k.31.weight', 'image_encoder.blocks.1.attn.lora_A_k.31.weight', 'image_encoder.blocks.1.attn.lora_A_v.31.weight', 'image_encoder.blocks.2.attn.lora_A_v.31.weight', 'image_encoder.blocks.9.attn.lora_B_k.31.weight', 'image_encoder.blocks.6.attn.lora_A_k.31.weight', 'image_encoder.blocks.9.attn.lora_A_k.31.weight', 'image_encoder.blocks.4.attn.lora_B_k.31.weight', 'image_encoder.blocks.6.attn.lora_B_v.31.weight', 'image_encoder.blocks.4.attn.lora_A_v.31.weight', 'image_encoder.blocks.10.attn.lora_B_k.31.weight', 'image_encoder.blocks.3.attn.lora_B_v.31.weight', 'image_encoder.blocks.10.attn.lora_A_k.31.weight', 'image_encoder.blocks.11.attn.lora_B_k.31.weight', 'image_encoder.blocks.0.attn.lora_B_k.31.weight', 'image_encoder.blocks.0.attn.lora_B_v.31.weight', 'image_encoder.blocks.9.attn.lora_B_v.31.weight', 'image_encoder.blocks.4.attn.lora_B_v.31.weight', 'image_encoder.blocks.8.attn.lora_A_k.31.weight', 'image_encoder.blocks.3.attn.lora_A_k.31.weight', 'image_encoder.blocks.7.attn.lora_A_k.31.weight', 'image_encoder.blocks.3.attn.lora_B_k.31.weight', 'image_encoder.blocks.4.attn.lora_A_k.31.weight', 'image_encoder.blocks.5.attn.lora_B_k.31.weight', 'classifier_pool.31.weight', 'image_encoder.blocks.2.attn.lora_B_v.31.weight', 'image_encoder.blocks.10.attn.lora_B_v.31.weight', 'image_encoder.blocks.7.attn.lora_B_k.31.weight', 'image_encoder.blocks.5.attn.lora_A_v.31.weight', 'image_encoder.blocks.5.attn.lora_A_k.31.weight', 'image_encoder.blocks.7.attn.lora_B_v.31.weight', 'image_encoder.blocks.8.attn.lora_B_k.31.weight', 'image_encoder.blocks.7.attn.lora_A_v.31.weight', 'image_encoder.blocks.11.attn.lora_A_k.31.weight', 'image_encoder.blocks.11.attn.lora_B_v.31.weight', 'image_encoder.blocks.3.attn.lora_A_v.31.weight', 'image_encoder.blocks.8.attn.lora_A_v.31.weight', 'image_encoder.blocks.1.attn.lora_B_k.31.weight', 'image_encoder.blocks.9.attn.lora_A_v.31.weight', 'image_encoder.blocks.6.attn.lora_B_k.31.weight', 'classifier_pool.31.bias'}
After trained on task 30 tensor(0.0411, device='cuda:0') tensor(0.0302, device='cuda:0')
After trained on task 30 tensor(0.0311, device='cuda:0') tensor(0.0319, device='cuda:0')
After trained on task 30 tensor(0.0347, device='cuda:0') tensor(0.0399, device='cuda:0')
After trained on task 30 tensor(0.0316, device='cuda:0') tensor(0.0356, device='cuda:0')
After trained on task 30 tensor(0.0305, device='cuda:0') tensor(0.0427, device='cuda:0')
After trained on task 30 tensor(0.0300, device='cuda:0') tensor(0.0419, device='cuda:0')
After trained on task 30 tensor(0.0359, device='cuda:0') tensor(0.0529, device='cuda:0')
After trained on task 30 tensor(0.0322, device='cuda:0') tensor(0.0558, device='cuda:0')
After trained on task 30 tensor(0.0451, device='cuda:0') tensor(0.0748, device='cuda:0')
After trained on task 30 tensor(0.0433, device='cuda:0') tensor(0.1031, device='cuda:0')
After trained on task 30 tensor(0.0556, device='cuda:0') tensor(0.0965, device='cuda:0')
After trained on task 30 tensor(0.2467, device='cuda:0') tensor(0.1839, device='cuda:0')
reserving basis 136/768; cond: 48082620416.0, ratio:0.9909712076187134
reserving basis 136/768; cond: 48082620416.0, ratio:0.9909712076187134
reserving basis 155/768; cond: 69232148480.0, ratio:0.9910759925842285
reserving basis 155/768; cond: 69232148480.0, ratio:0.9910759925842285
reserving basis 145/768; cond: 953336791040.0, ratio:0.9910863637924194
reserving basis 145/768; cond: 953336791040.0, ratio:0.9910863637924194
reserving basis 154/768; cond: 53088698368.0, ratio:0.990378201007843
reserving basis 154/768; cond: 53088698368.0, ratio:0.990378201007843
reserving basis 154/768; cond: 495945154560.0, ratio:0.9909495711326599
reserving basis 154/768; cond: 495945154560.0, ratio:0.9909495711326599
reserving basis 155/768; cond: 126215970816.0, ratio:0.9913692474365234
reserving basis 155/768; cond: 126215970816.0, ratio:0.9913692474365234
reserving basis 161/768; cond: 17973641216.0, ratio:0.9913281202316284
reserving basis 161/768; cond: 17973641216.0, ratio:0.9913281202316284
reserving basis 154/768; cond: 102656450560.0, ratio:0.9910988211631775
reserving basis 154/768; cond: 102656450560.0, ratio:0.9910988211631775
reserving basis 166/768; cond: 107585413120.0, ratio:0.9910654425621033
reserving basis 166/768; cond: 107585413120.0, ratio:0.9910654425621033
reserving basis 149/768; cond: 129795981312.0, ratio:0.9900876879692078
reserving basis 149/768; cond: 129795981312.0, ratio:0.9900876879692078
reserving basis 161/768; cond: 51200102400.0, ratio:0.9913678169250488
reserving basis 161/768; cond: 51200102400.0, ratio:0.9913678169250488
reserving basis 149/768; cond: 107121524736.0, ratio:0.9901377558708191
reserving basis 149/768; cond: 107121524736.0, ratio:0.9901377558708191
reserving basis 160/768; cond: 107641323520.0, ratio:0.9904676675796509
reserving basis 160/768; cond: 107641323520.0, ratio:0.9904676675796509
reserving basis 146/768; cond: 64990597120.0, ratio:0.9916549921035767
reserving basis 146/768; cond: 64990597120.0, ratio:0.9916549921035767
reserving basis 164/768; cond: 26339905536.0, ratio:0.9904329776763916
reserving basis 164/768; cond: 26339905536.0, ratio:0.9904329776763916
reserving basis 144/768; cond: 67767709696.0, ratio:0.9905317425727844
reserving basis 144/768; cond: 67767709696.0, ratio:0.9905317425727844
reserving basis 167/768; cond: 6226517504.0, ratio:0.9912415146827698
reserving basis 167/768; cond: 6226517504.0, ratio:0.9912415146827698
reserving basis 137/768; cond: 9103850496.0, ratio:0.9909724593162537
reserving basis 137/768; cond: 9103850496.0, ratio:0.9909724593162537
reserving basis 152/768; cond: 33272686592.0, ratio:0.9913864731788635
reserving basis 152/768; cond: 33272686592.0, ratio:0.9913864731788635
reserving basis 118/768; cond: 172226428928.0, ratio:0.9907506108283997
reserving basis 118/768; cond: 172226428928.0, ratio:0.9907506108283997
reserving basis 126/768; cond: 121544654848.0, ratio:0.9904813766479492
reserving basis 126/768; cond: 121544654848.0, ratio:0.9904813766479492
reserving basis 106/768; cond: 13965229056.0, ratio:0.9908105134963989
reserving basis 106/768; cond: 13965229056.0, ratio:0.9908105134963989
reserving basis 69/768; cond: 39683944448.0, ratio:0.9913116693496704
reserving basis 69/768; cond: 39683944448.0, ratio:0.9913116693496704
reserving basis 87/768; cond: 89874669568.0, ratio:0.9910961985588074
reserving basis 87/768; cond: 89874669568.0, ratio:0.9910961985588074
2026-04-27 03:39:14,105 [palora.py] => Task 31, Epoch 20/20 => Loss 0.301, Train_accy 100.00
2026-04-27 03:39:18,736 [trainer.py] => Time:180.7710678577423
6400 6400
2026-04-27 03:39:34,911 [trainer.py] => Time:16.174299955368042
2026-04-27 03:39:34,911 [trainer.py] => ACC: {'total': 89.75, '00-01': 99.5, '02-03': 89.0, '04-05': 87.0, '06-07': 90.0, '08-09': 99.0, '10-11': 60.5, '12-13': 83.0, '14-15': 95.5, '16-17': 93.0, '18-19': 95.5, '20-21': 98.5, '22-23': 88.5, '24-25': 93.0, '26-27': 87.5, '28-29': 91.5, '30-31': 94.5, '32-33': 83.0, '34-35': 79.5, '36-37': 93.0, '38-39': 96.5, '40-41': 92.0, '42-43': 86.0, '44-45': 87.0, '46-47': 71.0, '48-49': 97.0, '50-51': 89.5, '52-53': 92.0, '54-55': 91.5, '56-57': 91.5, '58-59': 88.5, '60-61': 94.5, '62-63': 94.0, 'old': 89.61, 'new': 94.0}
2026-04-27 03:39:34,911 [trainer.py] => ACC top1 curve: [100.0, 99.5, 99.0, 98.5, 99.0, 96.0, 95.79, 96.19, 95.83, 95.75, 95.86, 95.79, 95.23, 95.11, 94.4, 94.34, 94.03, 93.22, 93.21, 93.2, 93.1, 92.7, 92.35, 91.98, 91.98, 91.88, 91.0, 90.89, 90.86, 90.3, 89.95, 89.75]
Average Accuracy: 94.2715625
2026-04-27 03:39:34,911 [trainer.py] => Average Accuracy: 94.2715625
2026-04-27 03:39:34,920 [trainer.py] => All params: 125940251
2026-04-27 03:39:34,927 [trainer.py] => Trainable params: 370178
2026-04-27 03:39:34,927 [palora.py] => Learning on 64-66
Parameters to be updated: {'image_encoder.blocks.6.attn.lora_A_v.32.weight', 'image_encoder.blocks.2.attn.lora_A_v.32.weight', 'image_encoder.blocks.1.attn.lora_A_v.32.weight', 'image_encoder.blocks.7.attn.lora_A_k.32.weight', 'image_encoder.blocks.10.attn.lora_A_k.32.weight', 'image_encoder.blocks.5.attn.lora_B_v.32.weight', 'image_encoder.blocks.1.attn.lora_A_k.32.weight', 'image_encoder.blocks.0.attn.lora_A_k.32.weight', 'image_encoder.blocks.9.attn.lora_B_k.32.weight', 'image_encoder.blocks.10.attn.lora_B_v.32.weight', 'image_encoder.blocks.7.attn.lora_A_v.32.weight', 'image_encoder.blocks.8.attn.lora_B_v.32.weight', 'image_encoder.blocks.9.attn.lora_A_k.32.weight', 'image_encoder.blocks.5.attn.lora_A_k.32.weight', 'image_encoder.blocks.8.attn.lora_A_k.32.weight', 'image_encoder.blocks.6.attn.lora_B_k.32.weight', 'image_encoder.blocks.3.attn.lora_A_v.32.weight', 'image_encoder.blocks.8.attn.lora_A_v.32.weight', 'image_encoder.blocks.0.attn.lora_A_v.32.weight', 'image_encoder.blocks.9.attn.lora_B_v.32.weight', 'image_encoder.blocks.11.attn.lora_A_v.32.weight', 'image_encoder.blocks.4.attn.lora_A_k.32.weight', 'image_encoder.blocks.2.attn.lora_B_v.32.weight', 'image_encoder.blocks.3.attn.lora_B_k.32.weight', 'classifier_pool.32.bias', 'image_encoder.blocks.6.attn.lora_B_v.32.weight', 'image_encoder.blocks.11.attn.lora_A_k.32.weight', 'image_encoder.blocks.7.attn.lora_B_v.32.weight', 'image_encoder.blocks.8.attn.lora_B_k.32.weight', 'image_encoder.blocks.6.attn.lora_A_k.32.weight', 'image_encoder.blocks.10.attn.lora_B_k.32.weight', 'image_encoder.blocks.11.attn.lora_B_k.32.weight', 'image_encoder.blocks.4.attn.lora_B_k.32.weight', 'image_encoder.blocks.10.attn.lora_A_v.32.weight', 'image_encoder.blocks.4.attn.lora_A_v.32.weight', 'image_encoder.blocks.0.attn.lora_B_v.32.weight', 'image_encoder.blocks.11.attn.lora_B_v.32.weight', 'image_encoder.blocks.1.attn.lora_B_v.32.weight', 'image_encoder.blocks.0.attn.lora_B_k.32.weight', 'image_encoder.blocks.4.attn.lora_B_v.32.weight', 'image_encoder.blocks.9.attn.lora_A_v.32.weight', 'image_encoder.blocks.2.attn.lora_A_k.32.weight', 'image_encoder.blocks.1.attn.lora_B_k.32.weight', 'image_encoder.blocks.3.attn.lora_B_v.32.weight', 'image_encoder.blocks.2.attn.lora_B_k.32.weight', 'image_encoder.blocks.3.attn.lora_A_k.32.weight', 'classifier_pool.32.weight', 'image_encoder.blocks.5.attn.lora_A_v.32.weight', 'image_encoder.blocks.7.attn.lora_B_k.32.weight', 'image_encoder.blocks.5.attn.lora_B_k.32.weight'}
After trained on task 31 tensor(0.0337, device='cuda:0') tensor(0.0283, device='cuda:0')
After trained on task 31 tensor(0.0372, device='cuda:0') tensor(0.0348, device='cuda:0')
After trained on task 31 tensor(0.0290, device='cuda:0') tensor(0.0375, device='cuda:0')
After trained on task 31 tensor(0.0322, device='cuda:0') tensor(0.0381, device='cuda:0')
After trained on task 31 tensor(0.0320, device='cuda:0') tensor(0.0481, device='cuda:0')
After trained on task 31 tensor(0.0399, device='cuda:0') tensor(0.0440, device='cuda:0')
After trained on task 31 tensor(0.0371, device='cuda:0') tensor(0.0587, device='cuda:0')
After trained on task 31 tensor(0.0394, device='cuda:0') tensor(0.0743, device='cuda:0')
After trained on task 31 tensor(0.0419, device='cuda:0') tensor(0.1004, device='cuda:0')
After trained on task 31 tensor(0.0478, device='cuda:0') tensor(0.1503, device='cuda:0')
After trained on task 31 tensor(0.0861, device='cuda:0') tensor(0.1803, device='cuda:0')
After trained on task 31 tensor(0.2110, device='cuda:0') tensor(0.3377, device='cuda:0')
reserving basis 137/768; cond: 23559540736.0, ratio:0.9904320240020752
reserving basis 137/768; cond: 23559540736.0, ratio:0.9904320240020752
reserving basis 157/768; cond: 20635232256.0, ratio:0.9909045100212097
reserving basis 157/768; cond: 20635232256.0, ratio:0.9909045100212097
reserving basis 147/768; cond: 55342190592.0, ratio:0.9912762641906738
reserving basis 147/768; cond: 55342190592.0, ratio:0.9912762641906738
reserving basis 155/768; cond: 13763614720.0, ratio:0.9902476668357849
reserving basis 155/768; cond: 13763614720.0, ratio:0.9902476668357849
reserving basis 156/768; cond: 281414926336.0, ratio:0.991150975227356
reserving basis 156/768; cond: 281414926336.0, ratio:0.991150975227356
reserving basis 157/768; cond: 38031007744.0, ratio:0.9914354085922241
reserving basis 157/768; cond: 38031007744.0, ratio:0.9914354085922241
reserving basis 163/768; cond: 59861803008.0, ratio:0.9906197190284729
reserving basis 163/768; cond: 59861803008.0, ratio:0.9906197190284729
reserving basis 156/768; cond: 30291697664.0, ratio:0.9908028244972229
reserving basis 156/768; cond: 30291697664.0, ratio:0.9908028244972229
reserving basis 168/768; cond: 16433315840.0, ratio:0.9909062385559082
reserving basis 168/768; cond: 16433315840.0, ratio:0.9909062385559082
reserving basis 151/768; cond: 179365462016.0, ratio:0.990569531917572
reserving basis 151/768; cond: 179365462016.0, ratio:0.990569531917572
reserving basis 163/768; cond: 136268267520.0, ratio:0.990300178527832
reserving basis 163/768; cond: 136268267520.0, ratio:0.990300178527832
reserving basis 151/768; cond: 6567245119488.0, ratio:0.9908905029296875
reserving basis 151/768; cond: 6567245119488.0, ratio:0.9908905029296875
reserving basis 162/768; cond: 129469030400.0, ratio:0.9910919666290283
reserving basis 162/768; cond: 129469030400.0, ratio:0.9910919666290283
reserving basis 148/768; cond: 11697012736.0, ratio:0.9905630350112915
reserving basis 148/768; cond: 11697012736.0, ratio:0.9905630350112915
reserving basis 167/768; cond: 22158020608.0, ratio:0.9913836717605591
reserving basis 167/768; cond: 22158020608.0, ratio:0.9913836717605591
reserving basis 146/768; cond: 74194034688.0, ratio:0.9911341071128845
reserving basis 146/768; cond: 74194034688.0, ratio:0.9911341071128845
reserving basis 169/768; cond: 20156002304.0, ratio:0.991071879863739
reserving basis 169/768; cond: 20156002304.0, ratio:0.991071879863739
reserving basis 139/768; cond: 244523024384.0, ratio:0.9914752244949341
reserving basis 139/768; cond: 244523024384.0, ratio:0.9914752244949341
reserving basis 154/768; cond: 30497986560.0, ratio:0.9902282953262329
reserving basis 154/768; cond: 30497986560.0, ratio:0.9902282953262329
reserving basis 119/768; cond: 16593813504.0, ratio:0.9913002848625183
reserving basis 119/768; cond: 16593813504.0, ratio:0.9913002848625183
reserving basis 127/768; cond: 100131708928.0, ratio:0.9902810454368591
reserving basis 127/768; cond: 100131708928.0, ratio:0.9902810454368591
reserving basis 107/768; cond: 32826560512.0, ratio:0.9904845356941223
reserving basis 107/768; cond: 32826560512.0, ratio:0.9904845356941223
reserving basis 69/768; cond: 31906504704.0, ratio:0.9904280304908752
reserving basis 69/768; cond: 31906504704.0, ratio:0.9904280304908752
reserving basis 87/768; cond: 192672038912.0, ratio:0.9907407164573669
reserving basis 87/768; cond: 192672038912.0, ratio:0.9907407164573669
2026-04-27 03:42:30,630 [palora.py] => Task 32, Epoch 20/20 => Loss 0.467, Train_accy 96.20
2026-04-27 03:42:35,223 [trainer.py] => Time:180.2965612411499
6600 6600
2026-04-27 03:42:51,590 [trainer.py] => Time:16.366170406341553
2026-04-27 03:42:51,590 [trainer.py] => ACC: {'total': 89.68, '00-01': 99.5, '02-03': 89.5, '04-05': 84.0, '06-07': 90.0, '08-09': 99.0, '10-11': 61.5, '12-13': 84.0, '14-15': 95.5, '16-17': 91.5, '18-19': 95.5, '20-21': 98.0, '22-23': 89.0, '24-25': 93.0, '26-27': 87.5, '28-29': 91.5, '30-31': 95.0, '32-33': 83.0, '34-35': 79.5, '36-37': 92.0, '38-39': 96.0, '40-41': 92.5, '42-43': 89.5, '44-45': 88.5, '46-47': 70.0, '48-49': 97.0, '50-51': 90.5, '52-53': 92.0, '54-55': 92.5, '56-57': 91.0, '58-59': 88.5, '60-61': 94.0, '62-63': 93.5, '64-65': 85.5, 'old': 89.81, 'new': 85.5}
2026-04-27 03:42:51,590 [trainer.py] => ACC top1 curve: [100.0, 99.5, 99.0, 98.5, 99.0, 96.0, 95.79, 96.19, 95.83, 95.75, 95.86, 95.79, 95.23, 95.11, 94.4, 94.34, 94.03, 93.22, 93.21, 93.2, 93.1, 92.7, 92.35, 91.98, 91.98, 91.88, 91.0, 90.89, 90.86, 90.3, 89.95, 89.75, 89.68]
Average Accuracy: 94.13242424242424
2026-04-27 03:42:51,590 [trainer.py] => Average Accuracy: 94.13242424242424
2026-04-27 03:42:51,599 [trainer.py] => All params: 125940251
2026-04-27 03:42:51,606 [trainer.py] => Trainable params: 370178
2026-04-27 03:42:51,606 [palora.py] => Learning on 66-68
Parameters to be updated: {'image_encoder.blocks.6.attn.lora_B_k.33.weight', 'image_encoder.blocks.4.attn.lora_A_k.33.weight', 'image_encoder.blocks.6.attn.lora_B_v.33.weight', 'image_encoder.blocks.6.attn.lora_A_k.33.weight', 'image_encoder.blocks.2.attn.lora_B_k.33.weight', 'image_encoder.blocks.7.attn.lora_A_v.33.weight', 'image_encoder.blocks.5.attn.lora_A_v.33.weight', 'image_encoder.blocks.2.attn.lora_A_v.33.weight', 'image_encoder.blocks.9.attn.lora_B_k.33.weight', 'image_encoder.blocks.11.attn.lora_B_v.33.weight', 'image_encoder.blocks.1.attn.lora_A_k.33.weight', 'image_encoder.blocks.0.attn.lora_A_k.33.weight', 'classifier_pool.33.bias', 'image_encoder.blocks.4.attn.lora_B_v.33.weight', 'image_encoder.blocks.5.attn.lora_B_k.33.weight', 'image_encoder.blocks.9.attn.lora_B_v.33.weight', 'image_encoder.blocks.4.attn.lora_B_k.33.weight', 'image_encoder.blocks.3.attn.lora_B_v.33.weight', 'image_encoder.blocks.7.attn.lora_B_k.33.weight', 'image_encoder.blocks.10.attn.lora_A_k.33.weight', 'image_encoder.blocks.5.attn.lora_B_v.33.weight', 'image_encoder.blocks.7.attn.lora_B_v.33.weight', 'image_encoder.blocks.8.attn.lora_A_k.33.weight', 'image_encoder.blocks.9.attn.lora_A_v.33.weight', 'image_encoder.blocks.10.attn.lora_B_k.33.weight', 'image_encoder.blocks.9.attn.lora_A_k.33.weight', 'image_encoder.blocks.10.attn.lora_B_v.33.weight', 'image_encoder.blocks.2.attn.lora_A_k.33.weight', 'image_encoder.blocks.7.attn.lora_A_k.33.weight', 'image_encoder.blocks.11.attn.lora_A_v.33.weight', 'image_encoder.blocks.8.attn.lora_B_v.33.weight', 'image_encoder.blocks.3.attn.lora_B_k.33.weight', 'image_encoder.blocks.0.attn.lora_A_v.33.weight', 'classifier_pool.33.weight', 'image_encoder.blocks.1.attn.lora_B_k.33.weight', 'image_encoder.blocks.2.attn.lora_B_v.33.weight', 'image_encoder.blocks.10.attn.lora_A_v.33.weight', 'image_encoder.blocks.11.attn.lora_A_k.33.weight', 'image_encoder.blocks.3.attn.lora_A_k.33.weight', 'image_encoder.blocks.5.attn.lora_A_k.33.weight', 'image_encoder.blocks.3.attn.lora_A_v.33.weight', 'image_encoder.blocks.8.attn.lora_B_k.33.weight', 'image_encoder.blocks.0.attn.lora_B_v.33.weight', 'image_encoder.blocks.6.attn.lora_A_v.33.weight', 'image_encoder.blocks.1.attn.lora_A_v.33.weight', 'image_encoder.blocks.11.attn.lora_B_k.33.weight', 'image_encoder.blocks.4.attn.lora_A_v.33.weight', 'image_encoder.blocks.8.attn.lora_A_v.33.weight', 'image_encoder.blocks.0.attn.lora_B_k.33.weight', 'image_encoder.blocks.1.attn.lora_B_v.33.weight'}
After trained on task 32 tensor(0.0302, device='cuda:0') tensor(0.0246, device='cuda:0')
After trained on task 32 tensor(0.0300, device='cuda:0') tensor(0.0301, device='cuda:0')
After trained on task 32 tensor(0.0290, device='cuda:0') tensor(0.0310, device='cuda:0')
After trained on task 32 tensor(0.0293, device='cuda:0') tensor(0.0316, device='cuda:0')
After trained on task 32 tensor(0.0308, device='cuda:0') tensor(0.0368, device='cuda:0')
After trained on task 32 tensor(0.0379, device='cuda:0') tensor(0.0413, device='cuda:0')
After trained on task 32 tensor(0.0399, device='cuda:0') tensor(0.0467, device='cuda:0')
After trained on task 32 tensor(0.0357, device='cuda:0') tensor(0.0523, device='cuda:0')
After trained on task 32 tensor(0.0390, device='cuda:0') tensor(0.0577, device='cuda:0')
After trained on task 32 tensor(0.0469, device='cuda:0') tensor(0.0774, device='cuda:0')
After trained on task 32 tensor(0.0532, device='cuda:0') tensor(0.0862, device='cuda:0')
After trained on task 32 tensor(0.3135, device='cuda:0') tensor(0.2164, device='cuda:0')
reserving basis 139/768; cond: 42535878656.0, ratio:0.9906225800514221
reserving basis 139/768; cond: 42535878656.0, ratio:0.9906225800514221
reserving basis 158/768; cond: 40277708800.0, ratio:0.9902129769325256
reserving basis 158/768; cond: 40277708800.0, ratio:0.9902129769325256
reserving basis 148/768; cond: 38684475392.0, ratio:0.9905654191970825
reserving basis 148/768; cond: 38684475392.0, ratio:0.9905654191970825
reserving basis 157/768; cond: 29984477184.0, ratio:0.9911628365516663
reserving basis 157/768; cond: 29984477184.0, ratio:0.9911628365516663
reserving basis 157/768; cond: 150503112704.0, ratio:0.9903318881988525
reserving basis 157/768; cond: 150503112704.0, ratio:0.9903318881988525
reserving basis 159/768; cond: 159447646208.0, ratio:0.9906052350997925
reserving basis 159/768; cond: 159447646208.0, ratio:0.9906052350997925
reserving basis 165/768; cond: 14036272128.0, ratio:0.9906047582626343
reserving basis 165/768; cond: 14036272128.0, ratio:0.9906047582626343
reserving basis 157/768; cond: 16347148288.0, ratio:0.9900034070014954
reserving basis 157/768; cond: 16347148288.0, ratio:0.9900034070014954
reserving basis 170/768; cond: 11101595648.0, ratio:0.9904369115829468
reserving basis 170/768; cond: 11101595648.0, ratio:0.9904369115829468
reserving basis 153/768; cond: 51237765120.0, ratio:0.9902844429016113
reserving basis 153/768; cond: 51237765120.0, ratio:0.9902844429016113
reserving basis 165/768; cond: 598810951680.0, ratio:0.9906433820724487
reserving basis 165/768; cond: 598810951680.0, ratio:0.9906433820724487
reserving basis 153/768; cond: 128727367680.0, ratio:0.9910243153572083
reserving basis 153/768; cond: 128727367680.0, ratio:0.9910243153572083
reserving basis 163/768; cond: 91476729856.0, ratio:0.9900100231170654
reserving basis 163/768; cond: 91476729856.0, ratio:0.9900100231170654
reserving basis 150/768; cond: 14771400704.0, ratio:0.9910587072372437
reserving basis 150/768; cond: 14771400704.0, ratio:0.9910587072372437
reserving basis 169/768; cond: 68828561408.0, ratio:0.990249752998352
reserving basis 169/768; cond: 68828561408.0, ratio:0.990249752998352
reserving basis 147/768; cond: 11137433600.0, ratio:0.9907621145248413
reserving basis 147/768; cond: 11137433600.0, ratio:0.9907621145248413
reserving basis 171/768; cond: 50387832832.0, ratio:0.990888237953186
reserving basis 171/768; cond: 50387832832.0, ratio:0.990888237953186
reserving basis 141/768; cond: 144798367744.0, ratio:0.9913646578788757
reserving basis 141/768; cond: 144798367744.0, ratio:0.9913646578788757
reserving basis 156/768; cond: 27254446080.0, ratio:0.9904731512069702
reserving basis 156/768; cond: 27254446080.0, ratio:0.9904731512069702
reserving basis 120/768; cond: 64456384512.0, ratio:0.9906570911407471
reserving basis 120/768; cond: 64456384512.0, ratio:0.9906570911407471
reserving basis 129/768; cond: 1722884554752.0, ratio:0.9907621145248413
reserving basis 129/768; cond: 1722884554752.0, ratio:0.9907621145248413
reserving basis 108/768; cond: 10173983744.0, ratio:0.9905132055282593
reserving basis 108/768; cond: 10173983744.0, ratio:0.9905132055282593
reserving basis 69/768; cond: 1524904755200.0, ratio:0.9918861389160156
reserving basis 69/768; cond: 1524904755200.0, ratio:0.9918861389160156
reserving basis 87/768; cond: 13947355136.0, ratio:0.9911285042762756
reserving basis 87/768; cond: 13947355136.0, ratio:0.9911285042762756
2026-04-27 03:45:47,933 [palora.py] => Task 33, Epoch 20/20 => Loss 0.352, Train_accy 99.10
2026-04-27 03:45:52,519 [trainer.py] => Time:180.9130539894104
6800 6800
2026-04-27 03:46:09,477 [trainer.py] => Time:16.957656621932983
2026-04-27 03:46:09,478 [trainer.py] => ACC: {'total': 89.6, '00-01': 99.5, '02-03': 89.0, '04-05': 84.5, '06-07': 90.0, '08-09': 99.0, '10-11': 62.0, '12-13': 84.5, '14-15': 95.5, '16-17': 91.0, '18-19': 95.5, '20-21': 98.0, '22-23': 89.0, '24-25': 93.0, '26-27': 87.0, '28-29': 91.0, '30-31': 94.5, '32-33': 82.5, '34-35': 79.5, '36-37': 92.0, '38-39': 96.5, '40-41': 93.0, '42-43': 89.0, '44-45': 89.5, '46-47': 70.0, '48-49': 96.5, '50-51': 91.0, '52-53': 92.0, '54-55': 92.0, '56-57': 91.0, '58-59': 88.5, '60-61': 94.0, '62-63': 92.0, '64-65': 84.5, '66-67': 90.0, 'old': 89.59, 'new': 90.0}
2026-04-27 03:46:09,478 [trainer.py] => ACC top1 curve: [100.0, 99.5, 99.0, 98.5, 99.0, 96.0, 95.79, 96.19, 95.83, 95.75, 95.86, 95.79, 95.23, 95.11, 94.4, 94.34, 94.03, 93.22, 93.21, 93.2, 93.1, 92.7, 92.35, 91.98, 91.98, 91.88, 91.0, 90.89, 90.86, 90.3, 89.95, 89.75, 89.68, 89.6]
Average Accuracy: 93.99911764705882
2026-04-27 03:46:09,478 [trainer.py] => Average Accuracy: 93.99911764705882
2026-04-27 03:46:09,487 [trainer.py] => All params: 125940251
2026-04-27 03:46:09,494 [trainer.py] => Trainable params: 370178
2026-04-27 03:46:09,494 [palora.py] => Learning on 68-70
Parameters to be updated: {'image_encoder.blocks.3.attn.lora_B_v.34.weight', 'image_encoder.blocks.5.attn.lora_B_v.34.weight', 'image_encoder.blocks.6.attn.lora_B_v.34.weight', 'image_encoder.blocks.7.attn.lora_B_v.34.weight', 'classifier_pool.34.bias', 'image_encoder.blocks.0.attn.lora_A_v.34.weight', 'image_encoder.blocks.2.attn.lora_A_v.34.weight', 'image_encoder.blocks.5.attn.lora_A_v.34.weight', 'image_encoder.blocks.11.attn.lora_B_k.34.weight', 'image_encoder.blocks.10.attn.lora_A_k.34.weight', 'image_encoder.blocks.0.attn.lora_A_k.34.weight', 'image_encoder.blocks.10.attn.lora_A_v.34.weight', 'image_encoder.blocks.4.attn.lora_A_k.34.weight', 'image_encoder.blocks.2.attn.lora_B_k.34.weight', 'image_encoder.blocks.7.attn.lora_A_k.34.weight', 'image_encoder.blocks.8.attn.lora_B_k.34.weight', 'image_encoder.blocks.6.attn.lora_B_k.34.weight', 'image_encoder.blocks.6.attn.lora_A_v.34.weight', 'image_encoder.blocks.10.attn.lora_B_v.34.weight', 'image_encoder.blocks.11.attn.lora_A_k.34.weight', 'image_encoder.blocks.7.attn.lora_B_k.34.weight', 'image_encoder.blocks.4.attn.lora_A_v.34.weight', 'image_encoder.blocks.9.attn.lora_A_k.34.weight', 'image_encoder.blocks.1.attn.lora_A_k.34.weight', 'image_encoder.blocks.9.attn.lora_A_v.34.weight', 'image_encoder.blocks.8.attn.lora_B_v.34.weight', 'image_encoder.blocks.2.attn.lora_A_k.34.weight', 'image_encoder.blocks.3.attn.lora_B_k.34.weight', 'image_encoder.blocks.1.attn.lora_B_k.34.weight', 'image_encoder.blocks.4.attn.lora_B_v.34.weight', 'image_encoder.blocks.11.attn.lora_B_v.34.weight', 'image_encoder.blocks.7.attn.lora_A_v.34.weight', 'image_encoder.blocks.9.attn.lora_B_v.34.weight', 'image_encoder.blocks.1.attn.lora_B_v.34.weight', 'image_encoder.blocks.1.attn.lora_A_v.34.weight', 'image_encoder.blocks.3.attn.lora_A_v.34.weight', 'classifier_pool.34.weight', 'image_encoder.blocks.0.attn.lora_B_k.34.weight', 'image_encoder.blocks.5.attn.lora_A_k.34.weight', 'image_encoder.blocks.11.attn.lora_A_v.34.weight', 'image_encoder.blocks.5.attn.lora_B_k.34.weight', 'image_encoder.blocks.3.attn.lora_A_k.34.weight', 'image_encoder.blocks.6.attn.lora_A_k.34.weight', 'image_encoder.blocks.10.attn.lora_B_k.34.weight', 'image_encoder.blocks.0.attn.lora_B_v.34.weight', 'image_encoder.blocks.4.attn.lora_B_k.34.weight', 'image_encoder.blocks.2.attn.lora_B_v.34.weight', 'image_encoder.blocks.8.attn.lora_A_v.34.weight', 'image_encoder.blocks.8.attn.lora_A_k.34.weight', 'image_encoder.blocks.9.attn.lora_B_k.34.weight'}
After trained on task 33 tensor(0.0223, device='cuda:0') tensor(0.0212, device='cuda:0')
After trained on task 33 tensor(0.0278, device='cuda:0') tensor(0.0233, device='cuda:0')
After trained on task 33 tensor(0.0208, device='cuda:0') tensor(0.0250, device='cuda:0')
After trained on task 33 tensor(0.0249, device='cuda:0') tensor(0.0261, device='cuda:0')
After trained on task 33 tensor(0.0244, device='cuda:0') tensor(0.0287, device='cuda:0')
After trained on task 33 tensor(0.0265, device='cuda:0') tensor(0.0321, device='cuda:0')
After trained on task 33 tensor(0.0273, device='cuda:0') tensor(0.0335, device='cuda:0')
After trained on task 33 tensor(0.0286, device='cuda:0') tensor(0.0367, device='cuda:0')
After trained on task 33 tensor(0.0272, device='cuda:0') tensor(0.0468, device='cuda:0')
After trained on task 33 tensor(0.0305, device='cuda:0') tensor(0.0697, device='cuda:0')
After trained on task 33 tensor(0.0376, device='cuda:0') tensor(0.0855, device='cuda:0')
After trained on task 33 tensor(0.0588, device='cuda:0') tensor(0.1150, device='cuda:0')
reserving basis 140/768; cond: 123676983296.0, ratio:0.9903607964515686
reserving basis 140/768; cond: 123676983296.0, ratio:0.9903607964515686
reserving basis 160/768; cond: 176129966080.0, ratio:0.9911007881164551
reserving basis 160/768; cond: 176129966080.0, ratio:0.9911007881164551
reserving basis 150/768; cond: 193814478848.0, ratio:0.990678071975708
reserving basis 150/768; cond: 193814478848.0, ratio:0.990678071975708
reserving basis 158/768; cond: 189339713536.0, ratio:0.9901036024093628
reserving basis 158/768; cond: 189339713536.0, ratio:0.9901036024093628
reserving basis 158/768; cond: 300983222272.0, ratio:0.9909939169883728
reserving basis 158/768; cond: 300983222272.0, ratio:0.9909939169883728
reserving basis 160/768; cond: 150296461312.0, ratio:0.9905567169189453
reserving basis 160/768; cond: 150296461312.0, ratio:0.9905567169189453
reserving basis 167/768; cond: 310747103232.0, ratio:0.9914308786392212
reserving basis 167/768; cond: 310747103232.0, ratio:0.9914308786392212
reserving basis 158/768; cond: 32908574720.0, ratio:0.9906216859817505
reserving basis 158/768; cond: 32908574720.0, ratio:0.9906216859817505
reserving basis 172/768; cond: 26413654016.0, ratio:0.9914024472236633
reserving basis 172/768; cond: 26413654016.0, ratio:0.9914024472236633
reserving basis 154/768; cond: 36013473792.0, ratio:0.9907656311988831
reserving basis 154/768; cond: 36013473792.0, ratio:0.9907656311988831
reserving basis 167/768; cond: 24903159808.0, ratio:0.9913976192474365
reserving basis 167/768; cond: 24903159808.0, ratio:0.9913976192474365
reserving basis 154/768; cond: 115824599040.0, ratio:0.9901126027107239
reserving basis 154/768; cond: 115824599040.0, ratio:0.9901126027107239
reserving basis 164/768; cond: 45050896384.0, ratio:0.9900197386741638
reserving basis 164/768; cond: 45050896384.0, ratio:0.9900197386741638
reserving basis 151/768; cond: 252698361856.0, ratio:0.9904334545135498
reserving basis 151/768; cond: 252698361856.0, ratio:0.9904334545135498
reserving basis 171/768; cond: 45488672768.0, ratio:0.9911285638809204
reserving basis 171/768; cond: 45488672768.0, ratio:0.9911285638809204
reserving basis 148/768; cond: 33331271680.0, ratio:0.9906682968139648
reserving basis 148/768; cond: 33331271680.0, ratio:0.9906682968139648
reserving basis 172/768; cond: 108926173184.0, ratio:0.9900569319725037
reserving basis 172/768; cond: 108926173184.0, ratio:0.9900569319725037
reserving basis 142/768; cond: 86294855680.0, ratio:0.990592896938324
reserving basis 142/768; cond: 86294855680.0, ratio:0.990592896938324
reserving basis 157/768; cond: 31866290176.0, ratio:0.9901661276817322
reserving basis 157/768; cond: 31866290176.0, ratio:0.9901661276817322
reserving basis 120/768; cond: 236484280320.0, ratio:0.9900014996528625
reserving basis 120/768; cond: 236484280320.0, ratio:0.9900014996528625
reserving basis 130/768; cond: 9216240648192.0, ratio:0.9907686710357666
reserving basis 130/768; cond: 9216240648192.0, ratio:0.9907686710357666
reserving basis 109/768; cond: 114826551296.0, ratio:0.9918023943901062
reserving basis 109/768; cond: 114826551296.0, ratio:0.9918023943901062
reserving basis 70/768; cond: 79771828224.0, ratio:0.9918728470802307
reserving basis 70/768; cond: 79771828224.0, ratio:0.9918728470802307
reserving basis 87/768; cond: 367131066368.0, ratio:0.9901082515716553
reserving basis 87/768; cond: 367131066368.0, ratio:0.9901082515716553
2026-04-27 03:49:05,073 [palora.py] => Task 34, Epoch 20/20 => Loss 0.368, Train_accy 98.90
2026-04-27 03:49:09,638 [trainer.py] => Time:180.14431500434875
7000 7000
2026-04-27 03:49:26,720 [trainer.py] => Time:17.081965446472168
2026-04-27 03:49:26,721 [trainer.py] => ACC: {'total': 89.69, '00-01': 99.5, '02-03': 89.0, '04-05': 84.5, '06-07': 90.0, '08-09': 99.0, '10-11': 62.5, '12-13': 84.5, '14-15': 95.5, '16-17': 91.0, '18-19': 95.5, '20-21': 98.5, '22-23': 88.5, '24-25': 93.0, '26-27': 87.0, '28-29': 91.0, '30-31': 94.5, '32-33': 82.0, '34-35': 80.0, '36-37': 91.0, '38-39': 96.5, '40-41': 92.5, '42-43': 89.0, '44-45': 89.5, '46-47': 70.5, '48-49': 96.5, '50-51': 91.0, '52-53': 92.0, '54-55': 91.5, '56-57': 91.5, '58-59': 89.0, '60-61': 92.5, '62-63': 91.5, '64-65': 83.5, '66-67': 89.5, '68-69': 96.0, 'old': 89.5, 'new': 96.0}
2026-04-27 03:49:26,721 [trainer.py] => ACC top1 curve: [100.0, 99.5, 99.0, 98.5, 99.0, 96.0, 95.79, 96.19, 95.83, 95.75, 95.86, 95.79, 95.23, 95.11, 94.4, 94.34, 94.03, 93.22, 93.21, 93.2, 93.1, 92.7, 92.35, 91.98, 91.98, 91.88, 91.0, 90.89, 90.86, 90.3, 89.95, 89.75, 89.68, 89.6, 89.69]
Average Accuracy: 93.87599999999999
2026-04-27 03:49:26,721 [trainer.py] => Average Accuracy: 93.87599999999999
2026-04-27 03:49:26,730 [trainer.py] => All params: 125940251
2026-04-27 03:49:26,737 [trainer.py] => Trainable params: 370178
2026-04-27 03:49:26,737 [palora.py] => Learning on 70-72
Parameters to be updated: {'image_encoder.blocks.1.attn.lora_B_v.35.weight', 'image_encoder.blocks.9.attn.lora_A_v.35.weight', 'image_encoder.blocks.5.attn.lora_B_k.35.weight', 'image_encoder.blocks.4.attn.lora_B_k.35.weight', 'image_encoder.blocks.5.attn.lora_A_v.35.weight', 'image_encoder.blocks.0.attn.lora_A_k.35.weight', 'image_encoder.blocks.4.attn.lora_A_k.35.weight', 'image_encoder.blocks.10.attn.lora_A_v.35.weight', 'image_encoder.blocks.4.attn.lora_B_v.35.weight', 'image_encoder.blocks.3.attn.lora_B_v.35.weight', 'image_encoder.blocks.0.attn.lora_B_k.35.weight', 'image_encoder.blocks.9.attn.lora_B_v.35.weight', 'image_encoder.blocks.6.attn.lora_A_k.35.weight', 'image_encoder.blocks.6.attn.lora_B_k.35.weight', 'image_encoder.blocks.10.attn.lora_B_k.35.weight', 'classifier_pool.35.weight', 'image_encoder.blocks.2.attn.lora_A_k.35.weight', 'image_encoder.blocks.8.attn.lora_A_k.35.weight', 'image_encoder.blocks.10.attn.lora_B_v.35.weight', 'classifier_pool.35.bias', 'image_encoder.blocks.8.attn.lora_B_v.35.weight', 'image_encoder.blocks.2.attn.lora_B_k.35.weight', 'image_encoder.blocks.2.attn.lora_A_v.35.weight', 'image_encoder.blocks.1.attn.lora_B_k.35.weight', 'image_encoder.blocks.3.attn.lora_A_v.35.weight', 'image_encoder.blocks.9.attn.lora_A_k.35.weight', 'image_encoder.blocks.10.attn.lora_A_k.35.weight', 'image_encoder.blocks.3.attn.lora_B_k.35.weight', 'image_encoder.blocks.7.attn.lora_A_v.35.weight', 'image_encoder.blocks.4.attn.lora_A_v.35.weight', 'image_encoder.blocks.8.attn.lora_A_v.35.weight', 'image_encoder.blocks.0.attn.lora_A_v.35.weight', 'image_encoder.blocks.11.attn.lora_A_k.35.weight', 'image_encoder.blocks.7.attn.lora_A_k.35.weight', 'image_encoder.blocks.9.attn.lora_B_k.35.weight', 'image_encoder.blocks.11.attn.lora_B_k.35.weight', 'image_encoder.blocks.1.attn.lora_A_k.35.weight', 'image_encoder.blocks.5.attn.lora_A_k.35.weight', 'image_encoder.blocks.11.attn.lora_B_v.35.weight', 'image_encoder.blocks.8.attn.lora_B_k.35.weight', 'image_encoder.blocks.7.attn.lora_B_v.35.weight', 'image_encoder.blocks.5.attn.lora_B_v.35.weight', 'image_encoder.blocks.3.attn.lora_A_k.35.weight', 'image_encoder.blocks.7.attn.lora_B_k.35.weight', 'image_encoder.blocks.0.attn.lora_B_v.35.weight', 'image_encoder.blocks.11.attn.lora_A_v.35.weight', 'image_encoder.blocks.2.attn.lora_B_v.35.weight', 'image_encoder.blocks.6.attn.lora_B_v.35.weight', 'image_encoder.blocks.1.attn.lora_A_v.35.weight', 'image_encoder.blocks.6.attn.lora_A_v.35.weight'}
After trained on task 34 tensor(0.0269, device='cuda:0') tensor(0.0269, device='cuda:0')
After trained on task 34 tensor(0.0301, device='cuda:0') tensor(0.0325, device='cuda:0')
After trained on task 34 tensor(0.0310, device='cuda:0') tensor(0.0318, device='cuda:0')
After trained on task 34 tensor(0.0283, device='cuda:0') tensor(0.0372, device='cuda:0')
After trained on task 34 tensor(0.0289, device='cuda:0') tensor(0.0381, device='cuda:0')
After trained on task 34 tensor(0.0329, device='cuda:0') tensor(0.0404, device='cuda:0')
After trained on task 34 tensor(0.0358, device='cuda:0') tensor(0.0511, device='cuda:0')
After trained on task 34 tensor(0.0402, device='cuda:0') tensor(0.0656, device='cuda:0')
After trained on task 34 tensor(0.0392, device='cuda:0') tensor(0.0713, device='cuda:0')
After trained on task 34 tensor(0.1268, device='cuda:0') tensor(0.0941, device='cuda:0')
After trained on task 34 tensor(0.1397, device='cuda:0') tensor(0.1342, device='cuda:0')
After trained on task 34 tensor(0.2502, device='cuda:0') tensor(0.1930, device='cuda:0')
reserving basis 142/768; cond: 45760266240.0, ratio:0.9909087419509888
reserving basis 142/768; cond: 45760266240.0, ratio:0.9909087419509888
reserving basis 162/768; cond: 29686065152.0, ratio:0.9910544753074646
reserving basis 162/768; cond: 29686065152.0, ratio:0.9910544753074646
reserving basis 151/768; cond: 238277050368.0, ratio:0.9906936883926392
reserving basis 151/768; cond: 238277050368.0, ratio:0.9906936883926392
reserving basis 159/768; cond: 40714539008.0, ratio:0.990971565246582
reserving basis 159/768; cond: 40714539008.0, ratio:0.990971565246582
reserving basis 159/768; cond: 22584272896.0, ratio:0.990636944770813
reserving basis 159/768; cond: 22584272896.0, ratio:0.990636944770813
reserving basis 161/768; cond: 10153464832.0, ratio:0.9900311827659607
reserving basis 161/768; cond: 10153464832.0, ratio:0.9900311827659607
reserving basis 168/768; cond: 144130686976.0, ratio:0.9904894828796387
reserving basis 168/768; cond: 144130686976.0, ratio:0.9904894828796387
reserving basis 159/768; cond: 57607905280.0, ratio:0.9905993342399597
reserving basis 159/768; cond: 57607905280.0, ratio:0.9905993342399597
reserving basis 174/768; cond: 22240825344.0, ratio:0.990889310836792
reserving basis 174/768; cond: 22240825344.0, ratio:0.990889310836792
reserving basis 156/768; cond: 18000257024.0, ratio:0.9910963773727417
reserving basis 156/768; cond: 18000257024.0, ratio:0.9910963773727417
reserving basis 168/768; cond: 67918544896.0, ratio:0.9905118346214294
reserving basis 168/768; cond: 67918544896.0, ratio:0.9905118346214294
reserving basis 155/768; cond: 326351585280.0, ratio:0.9902662038803101
reserving basis 155/768; cond: 326351585280.0, ratio:0.9902662038803101
reserving basis 166/768; cond: 450040168448.0, ratio:0.9910991191864014
reserving basis 166/768; cond: 450040168448.0, ratio:0.9910991191864014
reserving basis 152/768; cond: 29954308096.0, ratio:0.9908813238143921
reserving basis 152/768; cond: 29954308096.0, ratio:0.9908813238143921
reserving basis 173/768; cond: 154689650688.0, ratio:0.9911301136016846
reserving basis 173/768; cond: 154689650688.0, ratio:0.9911301136016846
reserving basis 149/768; cond: 1062687473664.0, ratio:0.9903254508972168
reserving basis 149/768; cond: 1062687473664.0, ratio:0.9903254508972168
reserving basis 174/768; cond: 837747343360.0, ratio:0.9914879202842712
reserving basis 174/768; cond: 837747343360.0, ratio:0.9914879202842712
reserving basis 143/768; cond: 121197699072.0, ratio:0.9911022186279297
reserving basis 143/768; cond: 121197699072.0, ratio:0.9911022186279297
reserving basis 157/768; cond: 444108603392.0, ratio:0.9914788603782654
reserving basis 157/768; cond: 444108603392.0, ratio:0.9914788603782654
reserving basis 121/768; cond: 231723335680.0, ratio:0.991730272769928
reserving basis 121/768; cond: 231723335680.0, ratio:0.991730272769928
reserving basis 129/768; cond: 242583470080.0, ratio:0.9904806017875671
reserving basis 129/768; cond: 242583470080.0, ratio:0.9904806017875671
reserving basis 110/768; cond: 10007092224.0, ratio:0.9917718768119812
reserving basis 110/768; cond: 10007092224.0, ratio:0.9917718768119812
reserving basis 70/768; cond: 121459998720.0, ratio:0.9906131625175476
reserving basis 70/768; cond: 121459998720.0, ratio:0.9906131625175476
reserving basis 87/768; cond: 62103347200.0, ratio:0.9902869462966919
reserving basis 87/768; cond: 62103347200.0, ratio:0.9902869462966919
2026-04-27 03:52:21,924 [palora.py] => Task 35, Epoch 20/20 => Loss 0.306, Train_accy 99.70
2026-04-27 03:52:26,520 [trainer.py] => Time:179.7828323841095
7200 7200
2026-04-27 03:52:44,084 [trainer.py] => Time:17.56378173828125
2026-04-27 03:52:44,084 [trainer.py] => ACC: {'total': 89.54, '00-01': 99.5, '02-03': 89.0, '04-05': 85.0, '06-07': 90.0, '08-09': 99.0, '10-11': 62.5, '12-13': 83.0, '14-15': 94.5, '16-17': 92.5, '18-19': 95.5, '20-21': 98.5, '22-23': 84.0, '24-25': 93.0, '26-27': 87.0, '28-29': 91.0, '30-31': 95.0, '32-33': 82.0, '34-35': 80.0, '36-37': 91.5, '38-39': 96.5, '40-41': 92.0, '42-43': 89.0, '44-45': 89.5, '46-47': 70.5, '48-49': 95.5, '50-51': 90.5, '52-53': 92.0, '54-55': 91.5, '56-57': 91.5, '58-59': 88.0, '60-61': 92.5, '62-63': 90.0, '64-65': 83.5, '66-67': 89.0, '68-69': 95.5, '70-71': 94.0, 'old': 89.41, 'new': 94.0}
2026-04-27 03:52:44,084 [trainer.py] => ACC top1 curve: [100.0, 99.5, 99.0, 98.5, 99.0, 96.0, 95.79, 96.19, 95.83, 95.75, 95.86, 95.79, 95.23, 95.11, 94.4, 94.34, 94.03, 93.22, 93.21, 93.2, 93.1, 92.7, 92.35, 91.98, 91.98, 91.88, 91.0, 90.89, 90.86, 90.3, 89.95, 89.75, 89.68, 89.6, 89.69, 89.54]
Average Accuracy: 93.75555555555555
2026-04-27 03:52:44,084 [trainer.py] => Average Accuracy: 93.75555555555555
2026-04-27 03:52:44,093 [trainer.py] => All params: 125940251
2026-04-27 03:52:44,100 [trainer.py] => Trainable params: 370178
2026-04-27 03:52:44,100 [palora.py] => Learning on 72-74
Parameters to be updated: {'image_encoder.blocks.8.attn.lora_B_k.36.weight', 'image_encoder.blocks.9.attn.lora_B_k.36.weight', 'image_encoder.blocks.0.attn.lora_B_k.36.weight', 'image_encoder.blocks.3.attn.lora_B_k.36.weight', 'image_encoder.blocks.6.attn.lora_A_v.36.weight', 'image_encoder.blocks.11.attn.lora_B_k.36.weight', 'image_encoder.blocks.11.attn.lora_A_k.36.weight', 'image_encoder.blocks.5.attn.lora_A_v.36.weight', 'image_encoder.blocks.4.attn.lora_B_v.36.weight', 'image_encoder.blocks.10.attn.lora_B_v.36.weight', 'image_encoder.blocks.4.attn.lora_A_v.36.weight', 'image_encoder.blocks.1.attn.lora_B_k.36.weight', 'image_encoder.blocks.0.attn.lora_B_v.36.weight', 'image_encoder.blocks.2.attn.lora_B_k.36.weight', 'image_encoder.blocks.1.attn.lora_B_v.36.weight', 'image_encoder.blocks.4.attn.lora_A_k.36.weight', 'image_encoder.blocks.11.attn.lora_A_v.36.weight', 'image_encoder.blocks.2.attn.lora_A_v.36.weight', 'image_encoder.blocks.4.attn.lora_B_k.36.weight', 'image_encoder.blocks.7.attn.lora_A_v.36.weight', 'image_encoder.blocks.7.attn.lora_B_k.36.weight', 'image_encoder.blocks.8.attn.lora_B_v.36.weight', 'image_encoder.blocks.3.attn.lora_B_v.36.weight', 'image_encoder.blocks.6.attn.lora_A_k.36.weight', 'image_encoder.blocks.0.attn.lora_A_v.36.weight', 'image_encoder.blocks.9.attn.lora_B_v.36.weight', 'image_encoder.blocks.3.attn.lora_A_k.36.weight', 'image_encoder.blocks.10.attn.lora_B_k.36.weight', 'image_encoder.blocks.10.attn.lora_A_v.36.weight', 'image_encoder.blocks.10.attn.lora_A_k.36.weight', 'image_encoder.blocks.9.attn.lora_A_k.36.weight', 'image_encoder.blocks.1.attn.lora_A_v.36.weight', 'image_encoder.blocks.6.attn.lora_B_v.36.weight', 'image_encoder.blocks.5.attn.lora_B_v.36.weight', 'image_encoder.blocks.3.attn.lora_A_v.36.weight', 'image_encoder.blocks.9.attn.lora_A_v.36.weight', 'image_encoder.blocks.8.attn.lora_A_v.36.weight', 'image_encoder.blocks.8.attn.lora_A_k.36.weight', 'classifier_pool.36.bias', 'image_encoder.blocks.2.attn.lora_A_k.36.weight', 'image_encoder.blocks.2.attn.lora_B_v.36.weight', 'image_encoder.blocks.7.attn.lora_A_k.36.weight', 'classifier_pool.36.weight', 'image_encoder.blocks.0.attn.lora_A_k.36.weight', 'image_encoder.blocks.5.attn.lora_B_k.36.weight', 'image_encoder.blocks.5.attn.lora_A_k.36.weight', 'image_encoder.blocks.11.attn.lora_B_v.36.weight', 'image_encoder.blocks.1.attn.lora_A_k.36.weight', 'image_encoder.blocks.6.attn.lora_B_k.36.weight', 'image_encoder.blocks.7.attn.lora_B_v.36.weight'}
After trained on task 35 tensor(0.0302, device='cuda:0') tensor(0.0279, device='cuda:0')
After trained on task 35 tensor(0.0288, device='cuda:0') tensor(0.0285, device='cuda:0')
After trained on task 35 tensor(0.0232, device='cuda:0') tensor(0.0326, device='cuda:0')
After trained on task 35 tensor(0.0288, device='cuda:0') tensor(0.0379, device='cuda:0')
After trained on task 35 tensor(0.0279, device='cuda:0') tensor(0.0362, device='cuda:0')
After trained on task 35 tensor(0.0365, device='cuda:0') tensor(0.0371, device='cuda:0')
After trained on task 35 tensor(0.0360, device='cuda:0') tensor(0.0444, device='cuda:0')
After trained on task 35 tensor(0.0349, device='cuda:0') tensor(0.0560, device='cuda:0')
After trained on task 35 tensor(0.0356, device='cuda:0') tensor(0.0744, device='cuda:0')
After trained on task 35 tensor(0.0499, device='cuda:0') tensor(0.1539, device='cuda:0')
After trained on task 35 tensor(0.1203, device='cuda:0') tensor(0.1683, device='cuda:0')
After trained on task 35 tensor(0.3290, device='cuda:0') tensor(0.2900, device='cuda:0')
reserving basis 144/768; cond: 207667380224.0, ratio:0.9902428388595581
reserving basis 144/768; cond: 207667380224.0, ratio:0.9902428388595581
reserving basis 164/768; cond: 98616074240.0, ratio:0.9911843538284302
reserving basis 164/768; cond: 98616074240.0, ratio:0.9911843538284302
reserving basis 153/768; cond: 228875370496.0, ratio:0.9911768436431885
reserving basis 153/768; cond: 228875370496.0, ratio:0.9911768436431885
reserving basis 160/768; cond: 9613184000.0, ratio:0.9903489351272583
reserving basis 160/768; cond: 9613184000.0, ratio:0.9903489351272583
reserving basis 160/768; cond: 70218268672.0, ratio:0.9909007549285889
reserving basis 160/768; cond: 70218268672.0, ratio:0.9909007549285889
reserving basis 163/768; cond: 161621164032.0, ratio:0.9909349083900452
reserving basis 163/768; cond: 161621164032.0, ratio:0.9909349083900452
reserving basis 169/768; cond: 37512990720.0, ratio:0.9906200170516968
reserving basis 169/768; cond: 37512990720.0, ratio:0.9906200170516968
reserving basis 161/768; cond: 41774489600.0, ratio:0.990959882736206
reserving basis 161/768; cond: 41774489600.0, ratio:0.990959882736206
reserving basis 175/768; cond: 287294652416.0, ratio:0.9900680184364319
reserving basis 175/768; cond: 287294652416.0, ratio:0.9900680184364319
reserving basis 158/768; cond: 51142201344.0, ratio:0.9913309812545776
reserving basis 158/768; cond: 51142201344.0, ratio:0.9913309812545776
reserving basis 170/768; cond: 307935674368.0, ratio:0.9912329316139221
reserving basis 170/768; cond: 307935674368.0, ratio:0.9912329316139221
reserving basis 157/768; cond: 122999603200.0, ratio:0.991493284702301
reserving basis 157/768; cond: 122999603200.0, ratio:0.991493284702301
reserving basis 167/768; cond: 2779580727296.0, ratio:0.9912316203117371
reserving basis 167/768; cond: 2779580727296.0, ratio:0.9912316203117371
reserving basis 153/768; cond: 48415076352.0, ratio:0.9904628396034241
reserving basis 153/768; cond: 48415076352.0, ratio:0.9904628396034241
reserving basis 174/768; cond: 16013992960.0, ratio:0.9900251626968384
reserving basis 174/768; cond: 16013992960.0, ratio:0.9900251626968384
reserving basis 150/768; cond: 76669452288.0, ratio:0.9903744459152222
reserving basis 150/768; cond: 76669452288.0, ratio:0.9903744459152222
reserving basis 176/768; cond: 12114118656.0, ratio:0.9911425113677979
reserving basis 176/768; cond: 12114118656.0, ratio:0.9911425113677979
reserving basis 144/768; cond: 17837121536.0, ratio:0.9911180734634399
reserving basis 144/768; cond: 17837121536.0, ratio:0.9911180734634399
reserving basis 158/768; cond: 35174006784.0, ratio:0.9902650713920593
reserving basis 158/768; cond: 35174006784.0, ratio:0.9902650713920593
reserving basis 121/768; cond: 39506927616.0, ratio:0.990211546421051
reserving basis 121/768; cond: 39506927616.0, ratio:0.990211546421051
reserving basis 129/768; cond: 70410108928.0, ratio:0.9904289245605469
reserving basis 129/768; cond: 70410108928.0, ratio:0.9904289245605469
reserving basis 111/768; cond: 47580508160.0, ratio:0.9914896488189697
reserving basis 111/768; cond: 47580508160.0, ratio:0.9914896488189697
reserving basis 70/768; cond: 67349549056.0, ratio:0.9914757013320923
reserving basis 70/768; cond: 67349549056.0, ratio:0.9914757013320923
reserving basis 87/768; cond: 51487739904.0, ratio:0.9904879927635193
reserving basis 87/768; cond: 51487739904.0, ratio:0.9904879927635193
2026-04-27 03:55:39,901 [palora.py] => Task 36, Epoch 20/20 => Loss 0.438, Train_accy 97.40
2026-04-27 03:55:44,546 [trainer.py] => Time:180.44550609588623
7400 7400
2026-04-27 03:56:02,496 [trainer.py] => Time:17.949976921081543
2026-04-27 03:56:02,496 [trainer.py] => ACC: {'total': 89.34, '00-01': 99.5, '02-03': 88.5, '04-05': 84.5, '06-07': 90.0, '08-09': 99.0, '10-11': 63.0, '12-13': 83.0, '14-15': 94.5, '16-17': 91.5, '18-19': 95.5, '20-21': 98.0, '22-23': 85.0, '24-25': 93.0, '26-27': 87.5, '28-29': 91.5, '30-31': 94.5, '32-33': 81.0, '34-35': 80.0, '36-37': 91.5, '38-39': 96.5, '40-41': 92.5, '42-43': 88.0, '44-45': 89.5, '46-47': 70.0, '48-49': 95.5, '50-51': 90.5, '52-53': 92.0, '54-55': 89.0, '56-57': 91.5, '58-59': 88.0, '60-61': 92.5, '62-63': 90.5, '64-65': 83.5, '66-67': 90.0, '68-69': 95.0, '70-71': 94.0, '72-73': 86.0, 'old': 89.43, 'new': 86.0}
2026-04-27 03:56:02,497 [trainer.py] => ACC top1 curve: [100.0, 99.5, 99.0, 98.5, 99.0, 96.0, 95.79, 96.19, 95.83, 95.75, 95.86, 95.79, 95.23, 95.11, 94.4, 94.34, 94.03, 93.22, 93.21, 93.2, 93.1, 92.7, 92.35, 91.98, 91.98, 91.88, 91.0, 90.89, 90.86, 90.3, 89.95, 89.75, 89.68, 89.6, 89.69, 89.54, 89.34]
Average Accuracy: 93.63621621621621
2026-04-27 03:56:02,497 [trainer.py] => Average Accuracy: 93.63621621621621
2026-04-27 03:56:02,506 [trainer.py] => All params: 125940251
2026-04-27 03:56:02,513 [trainer.py] => Trainable params: 370178
2026-04-27 03:56:02,513 [palora.py] => Learning on 74-76
Parameters to be updated: {'image_encoder.blocks.7.attn.lora_A_v.37.weight', 'image_encoder.blocks.11.attn.lora_A_k.37.weight', 'image_encoder.blocks.8.attn.lora_B_k.37.weight', 'image_encoder.blocks.7.attn.lora_A_k.37.weight', 'image_encoder.blocks.1.attn.lora_B_k.37.weight', 'image_encoder.blocks.8.attn.lora_A_v.37.weight', 'image_encoder.blocks.4.attn.lora_B_k.37.weight', 'image_encoder.blocks.11.attn.lora_B_k.37.weight', 'image_encoder.blocks.4.attn.lora_A_k.37.weight', 'image_encoder.blocks.0.attn.lora_B_v.37.weight', 'image_encoder.blocks.5.attn.lora_B_v.37.weight', 'image_encoder.blocks.1.attn.lora_B_v.37.weight', 'image_encoder.blocks.9.attn.lora_A_v.37.weight', 'image_encoder.blocks.9.attn.lora_B_v.37.weight', 'image_encoder.blocks.3.attn.lora_B_v.37.weight', 'image_encoder.blocks.8.attn.lora_A_k.37.weight', 'image_encoder.blocks.1.attn.lora_A_k.37.weight', 'image_encoder.blocks.5.attn.lora_A_v.37.weight', 'image_encoder.blocks.9.attn.lora_B_k.37.weight', 'image_encoder.blocks.5.attn.lora_B_k.37.weight', 'classifier_pool.37.bias', 'image_encoder.blocks.6.attn.lora_B_k.37.weight', 'image_encoder.blocks.4.attn.lora_A_v.37.weight', 'image_encoder.blocks.10.attn.lora_A_k.37.weight', 'image_encoder.blocks.3.attn.lora_A_v.37.weight', 'image_encoder.blocks.11.attn.lora_B_v.37.weight', 'image_encoder.blocks.10.attn.lora_B_k.37.weight', 'image_encoder.blocks.6.attn.lora_A_v.37.weight', 'image_encoder.blocks.2.attn.lora_B_v.37.weight', 'image_encoder.blocks.6.attn.lora_B_v.37.weight', 'image_encoder.blocks.3.attn.lora_B_k.37.weight', 'image_encoder.blocks.0.attn.lora_A_v.37.weight', 'image_encoder.blocks.0.attn.lora_A_k.37.weight', 'image_encoder.blocks.2.attn.lora_A_v.37.weight', 'image_encoder.blocks.7.attn.lora_B_k.37.weight', 'image_encoder.blocks.11.attn.lora_A_v.37.weight', 'image_encoder.blocks.5.attn.lora_A_k.37.weight', 'image_encoder.blocks.2.attn.lora_B_k.37.weight', 'image_encoder.blocks.6.attn.lora_A_k.37.weight', 'image_encoder.blocks.4.attn.lora_B_v.37.weight', 'image_encoder.blocks.10.attn.lora_B_v.37.weight', 'classifier_pool.37.weight', 'image_encoder.blocks.9.attn.lora_A_k.37.weight', 'image_encoder.blocks.8.attn.lora_B_v.37.weight', 'image_encoder.blocks.0.attn.lora_B_k.37.weight', 'image_encoder.blocks.1.attn.lora_A_v.37.weight', 'image_encoder.blocks.7.attn.lora_B_v.37.weight', 'image_encoder.blocks.2.attn.lora_A_k.37.weight', 'image_encoder.blocks.3.attn.lora_A_k.37.weight', 'image_encoder.blocks.10.attn.lora_A_v.37.weight'}
After trained on task 36 tensor(0.0319, device='cuda:0') tensor(0.0248, device='cuda:0')
After trained on task 36 tensor(0.0266, device='cuda:0') tensor(0.0245, device='cuda:0')
After trained on task 36 tensor(0.0245, device='cuda:0') tensor(0.0272, device='cuda:0')
After trained on task 36 tensor(0.0237, device='cuda:0') tensor(0.0280, device='cuda:0')
After trained on task 36 tensor(0.0274, device='cuda:0') tensor(0.0317, device='cuda:0')
After trained on task 36 tensor(0.0322, device='cuda:0') tensor(0.0347, device='cuda:0')
After trained on task 36 tensor(0.0324, device='cuda:0') tensor(0.0389, device='cuda:0')
After trained on task 36 tensor(0.0318, device='cuda:0') tensor(0.0390, device='cuda:0')
After trained on task 36 tensor(0.0297, device='cuda:0') tensor(0.0449, device='cuda:0')
After trained on task 36 tensor(0.0438, device='cuda:0') tensor(0.0591, device='cuda:0')
After trained on task 36 tensor(0.0490, device='cuda:0') tensor(0.0701, device='cuda:0')
After trained on task 36 tensor(0.2728, device='cuda:0') tensor(0.1409, device='cuda:0')
reserving basis 146/768; cond: 61875367936.0, ratio:0.9912624359130859
reserving basis 146/768; cond: 61875367936.0, ratio:0.9912624359130859
reserving basis 165/768; cond: 28501673984.0, ratio:0.9903801679611206
reserving basis 165/768; cond: 28501673984.0, ratio:0.9903801679611206
reserving basis 154/768; cond: 69786566656.0, ratio:0.9902763962745667
reserving basis 154/768; cond: 69786566656.0, ratio:0.9902763962745667
reserving basis 161/768; cond: 14986859520.0, ratio:0.9906690120697021
reserving basis 161/768; cond: 14986859520.0, ratio:0.9906690120697021
reserving basis 161/768; cond: 105607823360.0, ratio:0.9908552169799805
reserving basis 161/768; cond: 105607823360.0, ratio:0.9908552169799805
reserving basis 163/768; cond: 90491060224.0, ratio:0.9900658130645752
reserving basis 163/768; cond: 90491060224.0, ratio:0.9900658130645752
reserving basis 170/768; cond: 119105871872.0, ratio:0.9911994338035583
reserving basis 170/768; cond: 119105871872.0, ratio:0.9911994338035583
reserving basis 163/768; cond: 131309649920.0, ratio:0.9914221167564392
reserving basis 163/768; cond: 131309649920.0, ratio:0.9914221167564392
reserving basis 176/768; cond: 72796438528.0, ratio:0.9900332093238831
reserving basis 176/768; cond: 72796438528.0, ratio:0.9900332093238831
reserving basis 159/768; cond: 81773920256.0, ratio:0.9907448291778564
reserving basis 159/768; cond: 81773920256.0, ratio:0.9907448291778564
reserving basis 172/768; cond: 52150136832.0, ratio:0.9905297756195068
reserving basis 172/768; cond: 52150136832.0, ratio:0.9905297756195068
reserving basis 158/768; cond: 110108368896.0, ratio:0.9910960793495178
reserving basis 158/768; cond: 110108368896.0, ratio:0.9910960793495178
reserving basis 169/768; cond: 32509669376.0, ratio:0.991258978843689
reserving basis 169/768; cond: 32509669376.0, ratio:0.991258978843689
reserving basis 154/768; cond: 125930774528.0, ratio:0.9906699657440186
reserving basis 154/768; cond: 125930774528.0, ratio:0.9906699657440186
reserving basis 176/768; cond: 11928977408.0, ratio:0.9908063411712646
reserving basis 176/768; cond: 11928977408.0, ratio:0.9908063411712646
reserving basis 151/768; cond: 18914820096.0, ratio:0.9900320768356323
reserving basis 151/768; cond: 18914820096.0, ratio:0.9900320768356323
reserving basis 177/768; cond: 26537666560.0, ratio:0.9900017976760864
reserving basis 177/768; cond: 26537666560.0, ratio:0.9900017976760864
reserving basis 145/768; cond: 13204457472.0, ratio:0.9913776516914368
reserving basis 145/768; cond: 13204457472.0, ratio:0.9913776516914368
reserving basis 160/768; cond: 135028154368.0, ratio:0.991090714931488
reserving basis 160/768; cond: 135028154368.0, ratio:0.991090714931488
reserving basis 122/768; cond: 38702632960.0, ratio:0.9911074042320251
reserving basis 122/768; cond: 38702632960.0, ratio:0.9911074042320251
reserving basis 130/768; cond: 26681812992.0, ratio:0.9905319809913635
reserving basis 130/768; cond: 26681812992.0, ratio:0.9905319809913635
reserving basis 111/768; cond: 28874522624.0, ratio:0.9904165267944336
reserving basis 111/768; cond: 28874522624.0, ratio:0.9904165267944336
reserving basis 69/768; cond: 86115074048.0, ratio:0.990436851978302
reserving basis 69/768; cond: 86115074048.0, ratio:0.990436851978302
reserving basis 87/768; cond: 60956459008.0, ratio:0.9900577664375305
reserving basis 87/768; cond: 60956459008.0, ratio:0.9900577664375305
2026-04-27 03:58:58,449 [palora.py] => Task 37, Epoch 20/20 => Loss 0.411, Train_accy 97.70
2026-04-27 03:59:03,029 [trainer.py] => Time:180.5157835483551
7600 7600
2026-04-27 03:59:21,460 [trainer.py] => Time:18.430891513824463
2026-04-27 03:59:21,460 [trainer.py] => ACC: {'total': 89.13, '00-01': 99.5, '02-03': 88.5, '04-05': 83.5, '06-07': 90.0, '08-09': 99.0, '10-11': 63.5, '12-13': 83.5, '14-15': 95.0, '16-17': 92.0, '18-19': 95.5, '20-21': 98.5, '22-23': 84.5, '24-25': 93.0, '26-27': 87.5, '28-29': 91.5, '30-31': 94.0, '32-33': 81.0, '34-35': 79.5, '36-37': 91.5, '38-39': 96.5, '40-41': 91.5, '42-43': 88.5, '44-45': 90.0, '46-47': 70.0, '48-49': 95.5, '50-51': 89.0, '52-53': 92.0, '54-55': 89.0, '56-57': 91.5, '58-59': 88.0, '60-61': 92.5, '62-63': 88.5, '64-65': 84.5, '66-67': 90.5, '68-69': 94.0, '70-71': 93.5, '72-73': 86.5, '74-75': 84.5, 'old': 89.26, 'new': 84.5}
2026-04-27 03:59:21,460 [trainer.py] => ACC top1 curve: [100.0, 99.5, 99.0, 98.5, 99.0, 96.0, 95.79, 96.19, 95.83, 95.75, 95.86, 95.79, 95.23, 95.11, 94.4, 94.34, 94.03, 93.22, 93.21, 93.2, 93.1, 92.7, 92.35, 91.98, 91.98, 91.88, 91.0, 90.89, 90.86, 90.3, 89.95, 89.75, 89.68, 89.6, 89.69, 89.54, 89.34, 89.13]
Average Accuracy: 93.51763157894737
2026-04-27 03:59:21,460 [trainer.py] => Average Accuracy: 93.51763157894737
2026-04-27 03:59:21,469 [trainer.py] => All params: 125940251
2026-04-27 03:59:21,476 [trainer.py] => Trainable params: 370178
2026-04-27 03:59:21,476 [palora.py] => Learning on 76-78
Parameters to be updated: {'image_encoder.blocks.6.attn.lora_B_k.38.weight', 'image_encoder.blocks.7.attn.lora_B_k.38.weight', 'image_encoder.blocks.1.attn.lora_B_v.38.weight', 'image_encoder.blocks.8.attn.lora_A_v.38.weight', 'image_encoder.blocks.6.attn.lora_B_v.38.weight', 'image_encoder.blocks.3.attn.lora_B_v.38.weight', 'image_encoder.blocks.9.attn.lora_A_k.38.weight', 'image_encoder.blocks.8.attn.lora_A_k.38.weight', 'image_encoder.blocks.7.attn.lora_B_v.38.weight', 'image_encoder.blocks.9.attn.lora_B_v.38.weight', 'image_encoder.blocks.6.attn.lora_A_k.38.weight', 'image_encoder.blocks.11.attn.lora_B_v.38.weight', 'image_encoder.blocks.0.attn.lora_A_v.38.weight', 'image_encoder.blocks.3.attn.lora_B_k.38.weight', 'image_encoder.blocks.4.attn.lora_A_v.38.weight', 'image_encoder.blocks.10.attn.lora_B_v.38.weight', 'classifier_pool.38.bias', 'image_encoder.blocks.5.attn.lora_A_k.38.weight', 'image_encoder.blocks.10.attn.lora_A_v.38.weight', 'image_encoder.blocks.1.attn.lora_A_v.38.weight', 'image_encoder.blocks.1.attn.lora_A_k.38.weight', 'image_encoder.blocks.5.attn.lora_B_k.38.weight', 'image_encoder.blocks.10.attn.lora_B_k.38.weight', 'image_encoder.blocks.11.attn.lora_A_v.38.weight', 'image_encoder.blocks.8.attn.lora_B_k.38.weight', 'image_encoder.blocks.2.attn.lora_B_v.38.weight', 'image_encoder.blocks.3.attn.lora_A_v.38.weight', 'image_encoder.blocks.6.attn.lora_A_v.38.weight', 'image_encoder.blocks.7.attn.lora_A_k.38.weight', 'image_encoder.blocks.0.attn.lora_B_k.38.weight', 'image_encoder.blocks.4.attn.lora_A_k.38.weight', 'classifier_pool.38.weight', 'image_encoder.blocks.8.attn.lora_B_v.38.weight', 'image_encoder.blocks.2.attn.lora_A_v.38.weight', 'image_encoder.blocks.11.attn.lora_A_k.38.weight', 'image_encoder.blocks.3.attn.lora_A_k.38.weight', 'image_encoder.blocks.1.attn.lora_B_k.38.weight', 'image_encoder.blocks.4.attn.lora_B_v.38.weight', 'image_encoder.blocks.5.attn.lora_A_v.38.weight', 'image_encoder.blocks.11.attn.lora_B_k.38.weight', 'image_encoder.blocks.0.attn.lora_A_k.38.weight', 'image_encoder.blocks.0.attn.lora_B_v.38.weight', 'image_encoder.blocks.9.attn.lora_B_k.38.weight', 'image_encoder.blocks.9.attn.lora_A_v.38.weight', 'image_encoder.blocks.10.attn.lora_A_k.38.weight', 'image_encoder.blocks.5.attn.lora_B_v.38.weight', 'image_encoder.blocks.2.attn.lora_A_k.38.weight', 'image_encoder.blocks.4.attn.lora_B_k.38.weight', 'image_encoder.blocks.7.attn.lora_A_v.38.weight', 'image_encoder.blocks.2.attn.lora_B_k.38.weight'}
After trained on task 37 tensor(0.0272, device='cuda:0') tensor(0.0265, device='cuda:0')
After trained on task 37 tensor(0.0278, device='cuda:0') tensor(0.0275, device='cuda:0')
After trained on task 37 tensor(0.0261, device='cuda:0') tensor(0.0285, device='cuda:0')
After trained on task 37 tensor(0.0227, device='cuda:0') tensor(0.0287, device='cuda:0')
After trained on task 37 tensor(0.0261, device='cuda:0') tensor(0.0344, device='cuda:0')
After trained on task 37 tensor(0.0303, device='cuda:0') tensor(0.0357, device='cuda:0')
After trained on task 37 tensor(0.0292, device='cuda:0') tensor(0.0395, device='cuda:0')
After trained on task 37 tensor(0.0335, device='cuda:0') tensor(0.0509, device='cuda:0')
After trained on task 37 tensor(0.0366, device='cuda:0') tensor(0.0622, device='cuda:0')
After trained on task 37 tensor(0.0483, device='cuda:0') tensor(0.0759, device='cuda:0')
After trained on task 37 tensor(0.0579, device='cuda:0') tensor(0.0900, device='cuda:0')
After trained on task 37 tensor(0.2830, device='cuda:0') tensor(0.1250, device='cuda:0')
reserving basis 148/768; cond: 55569833984.0, ratio:0.9911986589431763
reserving basis 148/768; cond: 55569833984.0, ratio:0.9911986589431763
reserving basis 166/768; cond: 18288285696.0, ratio:0.9906365275382996
reserving basis 166/768; cond: 18288285696.0, ratio:0.9906365275382996
reserving basis 154/768; cond: 48197115904.0, ratio:0.9900285005569458
reserving basis 154/768; cond: 48197115904.0, ratio:0.9900285005569458
reserving basis 163/768; cond: 25867204608.0, ratio:0.991191565990448
reserving basis 163/768; cond: 25867204608.0, ratio:0.991191565990448
reserving basis 162/768; cond: 50411134976.0, ratio:0.9912669062614441
reserving basis 162/768; cond: 50411134976.0, ratio:0.9912669062614441
reserving basis 165/768; cond: 145514872832.0, ratio:0.9909079670906067
reserving basis 165/768; cond: 145514872832.0, ratio:0.9909079670906067
reserving basis 172/768; cond: 105318105088.0, ratio:0.991348922252655
reserving basis 172/768; cond: 105318105088.0, ratio:0.991348922252655
reserving basis 164/768; cond: 290293383168.0, ratio:0.9902347326278687
reserving basis 164/768; cond: 290293383168.0, ratio:0.9902347326278687
reserving basis 178/768; cond: 46146158592.0, ratio:0.9912804961204529
reserving basis 178/768; cond: 46146158592.0, ratio:0.9912804961204529
reserving basis 161/768; cond: 138368155648.0, ratio:0.9911441802978516
reserving basis 161/768; cond: 138368155648.0, ratio:0.9911441802978516
reserving basis 174/768; cond: 41824342016.0, ratio:0.9904679656028748
reserving basis 174/768; cond: 41824342016.0, ratio:0.9904679656028748
reserving basis 159/768; cond: 21389596672.0, ratio:0.9908894896507263
reserving basis 159/768; cond: 21389596672.0, ratio:0.9908894896507263
reserving basis 171/768; cond: 70098264064.0, ratio:0.991346001625061
reserving basis 171/768; cond: 70098264064.0, ratio:0.991346001625061
reserving basis 155/768; cond: 32960120832.0, ratio:0.9901551008224487
reserving basis 155/768; cond: 32960120832.0, ratio:0.9901551008224487
reserving basis 177/768; cond: 9725158400.0, ratio:0.9900097250938416
reserving basis 177/768; cond: 9725158400.0, ratio:0.9900097250938416
reserving basis 153/768; cond: 61454405632.0, ratio:0.991578996181488
reserving basis 153/768; cond: 61454405632.0, ratio:0.991578996181488
reserving basis 178/768; cond: 126619336704.0, ratio:0.9904077053070068
reserving basis 178/768; cond: 126619336704.0, ratio:0.9904077053070068
reserving basis 145/768; cond: 14969698304.0, ratio:0.9903287887573242
reserving basis 145/768; cond: 14969698304.0, ratio:0.9903287887573242
reserving basis 161/768; cond: 13212844032.0, ratio:0.9906574487686157
reserving basis 161/768; cond: 13212844032.0, ratio:0.9906574487686157
reserving basis 123/768; cond: 16643602432.0, ratio:0.9908513426780701
reserving basis 123/768; cond: 16643602432.0, ratio:0.9908513426780701
reserving basis 131/768; cond: 301852065792.0, ratio:0.9906972050666809
reserving basis 131/768; cond: 301852065792.0, ratio:0.9906972050666809
reserving basis 112/768; cond: 53997858816.0, ratio:0.9911850094795227
reserving basis 112/768; cond: 53997858816.0, ratio:0.9911850094795227
reserving basis 68/768; cond: 14885117952.0, ratio:0.9907055497169495
reserving basis 68/768; cond: 14885117952.0, ratio:0.9907055497169495
reserving basis 88/768; cond: 53661945856.0, ratio:0.9923394322395325
reserving basis 88/768; cond: 53661945856.0, ratio:0.9923394322395325
2026-04-27 04:02:16,326 [palora.py] => Task 38, Epoch 20/20 => Loss 0.326, Train_accy 99.90
2026-04-27 04:02:20,901 [trainer.py] => Time:179.4246768951416
7800 7800
2026-04-27 04:02:39,730 [trainer.py] => Time:18.82904887199402
2026-04-27 04:02:39,730 [trainer.py] => ACC: {'total': 89.29, '00-01': 99.5, '02-03': 88.0, '04-05': 85.5, '06-07': 91.0, '08-09': 99.0, '10-11': 64.0, '12-13': 83.0, '14-15': 94.5, '16-17': 91.5, '18-19': 95.5, '20-21': 98.5, '22-23': 84.5, '24-25': 93.0, '26-27': 87.5, '28-29': 91.5, '30-31': 94.0, '32-33': 80.5, '34-35': 79.5, '36-37': 92.0, '38-39': 96.5, '40-41': 92.0, '42-43': 88.0, '44-45': 89.5, '46-47': 69.5, '48-49': 95.5, '50-51': 88.0, '52-53': 92.5, '54-55': 89.0, '56-57': 91.5, '58-59': 88.0, '60-61': 93.0, '62-63': 88.5, '64-65': 84.5, '66-67': 89.5, '68-69': 95.0, '70-71': 93.5, '72-73': 85.0, '74-75': 85.0, '76-77': 96.0, 'old': 89.12, 'new': 96.0}
2026-04-27 04:02:39,730 [trainer.py] => ACC top1 curve: [100.0, 99.5, 99.0, 98.5, 99.0, 96.0, 95.79, 96.19, 95.83, 95.75, 95.86, 95.79, 95.23, 95.11, 94.4, 94.34, 94.03, 93.22, 93.21, 93.2, 93.1, 92.7, 92.35, 91.98, 91.98, 91.88, 91.0, 90.89, 90.86, 90.3, 89.95, 89.75, 89.68, 89.6, 89.69, 89.54, 89.34, 89.13, 89.29]
Average Accuracy: 93.40923076923077
2026-04-27 04:02:39,730 [trainer.py] => Average Accuracy: 93.40923076923077
2026-04-27 04:02:39,739 [trainer.py] => All params: 125940251
2026-04-27 04:02:39,746 [trainer.py] => Trainable params: 370178
2026-04-27 04:02:39,746 [palora.py] => Learning on 78-80
Parameters to be updated: {'image_encoder.blocks.6.attn.lora_B_v.39.weight', 'image_encoder.blocks.7.attn.lora_B_v.39.weight', 'image_encoder.blocks.9.attn.lora_A_v.39.weight', 'image_encoder.blocks.9.attn.lora_A_k.39.weight', 'image_encoder.blocks.1.attn.lora_A_k.39.weight', 'image_encoder.blocks.0.attn.lora_B_k.39.weight', 'image_encoder.blocks.8.attn.lora_A_v.39.weight', 'image_encoder.blocks.7.attn.lora_A_v.39.weight', 'image_encoder.blocks.11.attn.lora_A_k.39.weight', 'image_encoder.blocks.8.attn.lora_A_k.39.weight', 'image_encoder.blocks.10.attn.lora_A_k.39.weight', 'image_encoder.blocks.6.attn.lora_A_k.39.weight', 'image_encoder.blocks.3.attn.lora_A_v.39.weight', 'image_encoder.blocks.2.attn.lora_B_k.39.weight', 'image_encoder.blocks.7.attn.lora_A_k.39.weight', 'image_encoder.blocks.8.attn.lora_B_v.39.weight', 'image_encoder.blocks.4.attn.lora_A_v.39.weight', 'image_encoder.blocks.9.attn.lora_B_k.39.weight', 'image_encoder.blocks.2.attn.lora_A_v.39.weight', 'image_encoder.blocks.4.attn.lora_B_k.39.weight', 'image_encoder.blocks.5.attn.lora_A_v.39.weight', 'image_encoder.blocks.6.attn.lora_A_v.39.weight', 'classifier_pool.39.weight', 'image_encoder.blocks.6.attn.lora_B_k.39.weight', 'image_encoder.blocks.1.attn.lora_B_k.39.weight', 'image_encoder.blocks.0.attn.lora_A_v.39.weight', 'image_encoder.blocks.10.attn.lora_B_k.39.weight', 'image_encoder.blocks.3.attn.lora_A_k.39.weight', 'image_encoder.blocks.8.attn.lora_B_k.39.weight', 'image_encoder.blocks.0.attn.lora_B_v.39.weight', 'image_encoder.blocks.3.attn.lora_B_k.39.weight', 'image_encoder.blocks.10.attn.lora_A_v.39.weight', 'image_encoder.blocks.11.attn.lora_B_v.39.weight', 'classifier_pool.39.bias', 'image_encoder.blocks.0.attn.lora_A_k.39.weight', 'image_encoder.blocks.5.attn.lora_B_v.39.weight', 'image_encoder.blocks.2.attn.lora_B_v.39.weight', 'image_encoder.blocks.3.attn.lora_B_v.39.weight', 'image_encoder.blocks.4.attn.lora_A_k.39.weight', 'image_encoder.blocks.11.attn.lora_B_k.39.weight', 'image_encoder.blocks.11.attn.lora_A_v.39.weight', 'image_encoder.blocks.4.attn.lora_B_v.39.weight', 'image_encoder.blocks.9.attn.lora_B_v.39.weight', 'image_encoder.blocks.7.attn.lora_B_k.39.weight', 'image_encoder.blocks.2.attn.lora_A_k.39.weight', 'image_encoder.blocks.1.attn.lora_A_v.39.weight', 'image_encoder.blocks.5.attn.lora_B_k.39.weight', 'image_encoder.blocks.1.attn.lora_B_v.39.weight', 'image_encoder.blocks.10.attn.lora_B_v.39.weight', 'image_encoder.blocks.5.attn.lora_A_k.39.weight'}
After trained on task 38 tensor(0.0280, device='cuda:0') tensor(0.0222, device='cuda:0')
After trained on task 38 tensor(0.0246, device='cuda:0') tensor(0.0267, device='cuda:0')
After trained on task 38 tensor(0.0273, device='cuda:0') tensor(0.0276, device='cuda:0')
After trained on task 38 tensor(0.0235, device='cuda:0') tensor(0.0336, device='cuda:0')
After trained on task 38 tensor(0.0248, device='cuda:0') tensor(0.0312, device='cuda:0')
After trained on task 38 tensor(0.0294, device='cuda:0') tensor(0.0329, device='cuda:0')
After trained on task 38 tensor(0.0299, device='cuda:0') tensor(0.0404, device='cuda:0')
After trained on task 38 tensor(0.0312, device='cuda:0') tensor(0.0506, device='cuda:0')
After trained on task 38 tensor(0.0319, device='cuda:0') tensor(0.0872, device='cuda:0')
After trained on task 38 tensor(0.0360, device='cuda:0') tensor(0.1061, device='cuda:0')
After trained on task 38 tensor(0.0516, device='cuda:0') tensor(0.1174, device='cuda:0')
After trained on task 38 tensor(0.3104, device='cuda:0') tensor(0.1790, device='cuda:0')
reserving basis 149/768; cond: 217833160704.0, ratio:0.9908652901649475
reserving basis 149/768; cond: 217833160704.0, ratio:0.9908652901649475
reserving basis 166/768; cond: 39259893760.0, ratio:0.9900398254394531
reserving basis 166/768; cond: 39259893760.0, ratio:0.9900398254394531
reserving basis 154/768; cond: 55038722048.0, ratio:0.9900638461112976
reserving basis 154/768; cond: 55038722048.0, ratio:0.9900638461112976
reserving basis 164/768; cond: 39664865280.0, ratio:0.9908671379089355
reserving basis 164/768; cond: 39664865280.0, ratio:0.9908671379089355
reserving basis 164/768; cond: 44819890176.0, ratio:0.9912636280059814
reserving basis 164/768; cond: 44819890176.0, ratio:0.9912636280059814
reserving basis 166/768; cond: 20012394496.0, ratio:0.9901926517486572
reserving basis 166/768; cond: 20012394496.0, ratio:0.9901926517486572
reserving basis 172/768; cond: 285581737984.0, ratio:0.9904676079750061
reserving basis 172/768; cond: 285581737984.0, ratio:0.9904676079750061
reserving basis 166/768; cond: 40844951552.0, ratio:0.9906468391418457
reserving basis 166/768; cond: 40844951552.0, ratio:0.9906468391418457
reserving basis 179/768; cond: 33449555968.0, ratio:0.9910650253295898
reserving basis 179/768; cond: 33449555968.0, ratio:0.9910650253295898
reserving basis 162/768; cond: 5327436288.0, ratio:0.9907902479171753
reserving basis 162/768; cond: 5327436288.0, ratio:0.9907902479171753
reserving basis 175/768; cond: 63338377216.0, ratio:0.9911961555480957
reserving basis 175/768; cond: 63338377216.0, ratio:0.9911961555480957
reserving basis 160/768; cond: 146181308416.0, ratio:0.9901041388511658
reserving basis 160/768; cond: 146181308416.0, ratio:0.9901041388511658
reserving basis 172/768; cond: 53669195776.0, ratio:0.9906327128410339
reserving basis 172/768; cond: 53669195776.0, ratio:0.9906327128410339
reserving basis 156/768; cond: 12471267328.0, ratio:0.990738034248352
reserving basis 156/768; cond: 12471267328.0, ratio:0.990738034248352
reserving basis 178/768; cond: 30981371904.0, ratio:0.9906294345855713
reserving basis 178/768; cond: 30981371904.0, ratio:0.9906294345855713
reserving basis 154/768; cond: 32161191936.0, ratio:0.9906558990478516
reserving basis 154/768; cond: 32161191936.0, ratio:0.9906558990478516
reserving basis 179/768; cond: 23235753984.0, ratio:0.9905891418457031
reserving basis 179/768; cond: 23235753984.0, ratio:0.9905891418457031
reserving basis 145/768; cond: 20474310656.0, ratio:0.9901984333992004
reserving basis 145/768; cond: 20474310656.0, ratio:0.9901984333992004
reserving basis 162/768; cond: 48320999424.0, ratio:0.9909161925315857
reserving basis 162/768; cond: 48320999424.0, ratio:0.9909161925315857
reserving basis 124/768; cond: 1563848605696.0, ratio:0.9910578727722168
reserving basis 124/768; cond: 1563848605696.0, ratio:0.9910578727722168
reserving basis 131/768; cond: 1186548940800.0, ratio:0.9906090497970581
reserving basis 131/768; cond: 1186548940800.0, ratio:0.9906090497970581
reserving basis 112/768; cond: 41242521600.0, ratio:0.9901704788208008
reserving basis 112/768; cond: 41242521600.0, ratio:0.9901704788208008
reserving basis 67/768; cond: 64379400192.0, ratio:0.9902610182762146
reserving basis 67/768; cond: 64379400192.0, ratio:0.9902610182762146
reserving basis 89/768; cond: 44411518976.0, ratio:0.992094874382019
reserving basis 89/768; cond: 44411518976.0, ratio:0.992094874382019
2026-04-27 04:05:35,632 [palora.py] => Task 39, Epoch 20/20 => Loss 0.368, Train_accy 99.10
2026-04-27 04:05:40,266 [trainer.py] => Time:180.5200412273407
8000 8000
2026-04-27 04:05:59,346 [trainer.py] => Time:19.07915711402893
2026-04-27 04:05:59,346 [trainer.py] => ACC: {'total': 89.42, '00-01': 99.5, '02-03': 88.0, '04-05': 85.5, '06-07': 90.5, '08-09': 99.0, '10-11': 63.5, '12-13': 83.0, '14-15': 94.5, '16-17': 91.5, '18-19': 95.5, '20-21': 98.0, '22-23': 84.5, '24-25': 93.0, '26-27': 86.5, '28-29': 91.5, '30-31': 94.0, '32-33': 81.0, '34-35': 80.0, '36-37': 92.0, '38-39': 96.5, '40-41': 91.5, '42-43': 88.5, '44-45': 89.0, '46-47': 69.5, '48-49': 95.5, '50-51': 88.5, '52-53': 92.5, '54-55': 89.0, '56-57': 91.5, '58-59': 88.0, '60-61': 92.5, '62-63': 88.5, '64-65': 83.5, '66-67': 89.5, '68-69': 94.0, '70-71': 93.5, '72-73': 85.5, '74-75': 85.5, '76-77': 96.0, '78-79': 97.5, 'old': 89.22, 'new': 97.5}
2026-04-27 04:05:59,346 [trainer.py] => ACC top1 curve: [100.0, 99.5, 99.0, 98.5, 99.0, 96.0, 95.79, 96.19, 95.83, 95.75, 95.86, 95.79, 95.23, 95.11, 94.4, 94.34, 94.03, 93.22, 93.21, 93.2, 93.1, 92.7, 92.35, 91.98, 91.98, 91.88, 91.0, 90.89, 90.86, 90.3, 89.95, 89.75, 89.68, 89.6, 89.69, 89.54, 89.34, 89.13, 89.29, 89.42]
Average Accuracy: 93.3095
2026-04-27 04:05:59,346 [trainer.py] => Average Accuracy: 93.3095
2026-04-27 04:05:59,355 [trainer.py] => All params: 125940251
2026-04-27 04:05:59,362 [trainer.py] => Trainable params: 370178
2026-04-27 04:05:59,362 [palora.py] => Learning on 80-82
Parameters to be updated: {'image_encoder.blocks.3.attn.lora_A_k.40.weight', 'image_encoder.blocks.9.attn.lora_B_k.40.weight', 'image_encoder.blocks.0.attn.lora_B_v.40.weight', 'image_encoder.blocks.2.attn.lora_B_v.40.weight', 'image_encoder.blocks.0.attn.lora_A_k.40.weight', 'image_encoder.blocks.10.attn.lora_A_k.40.weight', 'image_encoder.blocks.7.attn.lora_B_k.40.weight', 'image_encoder.blocks.2.attn.lora_A_v.40.weight', 'image_encoder.blocks.10.attn.lora_B_v.40.weight', 'image_encoder.blocks.1.attn.lora_A_k.40.weight', 'image_encoder.blocks.4.attn.lora_A_k.40.weight', 'image_encoder.blocks.0.attn.lora_A_v.40.weight', 'image_encoder.blocks.4.attn.lora_B_v.40.weight', 'image_encoder.blocks.11.attn.lora_B_v.40.weight', 'classifier_pool.40.bias', 'image_encoder.blocks.7.attn.lora_A_v.40.weight', 'image_encoder.blocks.6.attn.lora_B_k.40.weight', 'image_encoder.blocks.5.attn.lora_B_k.40.weight', 'image_encoder.blocks.6.attn.lora_A_v.40.weight', 'image_encoder.blocks.7.attn.lora_B_v.40.weight', 'image_encoder.blocks.10.attn.lora_A_v.40.weight', 'image_encoder.blocks.2.attn.lora_B_k.40.weight', 'image_encoder.blocks.11.attn.lora_A_v.40.weight', 'image_encoder.blocks.3.attn.lora_B_v.40.weight', 'image_encoder.blocks.4.attn.lora_B_k.40.weight', 'image_encoder.blocks.10.attn.lora_B_k.40.weight', 'image_encoder.blocks.4.attn.lora_A_v.40.weight', 'image_encoder.blocks.5.attn.lora_B_v.40.weight', 'image_encoder.blocks.8.attn.lora_B_v.40.weight', 'image_encoder.blocks.1.attn.lora_A_v.40.weight', 'image_encoder.blocks.11.attn.lora_B_k.40.weight', 'image_encoder.blocks.9.attn.lora_B_v.40.weight', 'image_encoder.blocks.11.attn.lora_A_k.40.weight', 'image_encoder.blocks.1.attn.lora_B_v.40.weight', 'image_encoder.blocks.5.attn.lora_A_k.40.weight', 'image_encoder.blocks.1.attn.lora_B_k.40.weight', 'image_encoder.blocks.6.attn.lora_A_k.40.weight', 'image_encoder.blocks.7.attn.lora_A_k.40.weight', 'image_encoder.blocks.5.attn.lora_A_v.40.weight', 'image_encoder.blocks.8.attn.lora_A_v.40.weight', 'image_encoder.blocks.6.attn.lora_B_v.40.weight', 'image_encoder.blocks.9.attn.lora_A_k.40.weight', 'image_encoder.blocks.3.attn.lora_A_v.40.weight', 'image_encoder.blocks.3.attn.lora_B_k.40.weight', 'image_encoder.blocks.8.attn.lora_A_k.40.weight', 'image_encoder.blocks.9.attn.lora_A_v.40.weight', 'image_encoder.blocks.0.attn.lora_B_k.40.weight', 'classifier_pool.40.weight', 'image_encoder.blocks.2.attn.lora_A_k.40.weight', 'image_encoder.blocks.8.attn.lora_B_k.40.weight'}
After trained on task 39 tensor(0.0237, device='cuda:0') tensor(0.0220, device='cuda:0')
After trained on task 39 tensor(0.0242, device='cuda:0') tensor(0.0252, device='cuda:0')
After trained on task 39 tensor(0.0232, device='cuda:0') tensor(0.0268, device='cuda:0')
After trained on task 39 tensor(0.0250, device='cuda:0') tensor(0.0281, device='cuda:0')
After trained on task 39 tensor(0.0264, device='cuda:0') tensor(0.0334, device='cuda:0')
After trained on task 39 tensor(0.0272, device='cuda:0') tensor(0.0315, device='cuda:0')
After trained on task 39 tensor(0.0281, device='cuda:0') tensor(0.0361, device='cuda:0')
After trained on task 39 tensor(0.0272, device='cuda:0') tensor(0.0434, device='cuda:0')
After trained on task 39 tensor(0.0306, device='cuda:0') tensor(0.0641, device='cuda:0')
After trained on task 39 tensor(0.0330, device='cuda:0') tensor(0.0972, device='cuda:0')
After trained on task 39 tensor(0.0466, device='cuda:0') tensor(0.1116, device='cuda:0')
After trained on task 39 tensor(0.1054, device='cuda:0') tensor(0.1750, device='cuda:0')
reserving basis 150/768; cond: 25327187968.0, ratio:0.9903624653816223
reserving basis 150/768; cond: 25327187968.0, ratio:0.9903624653816223
reserving basis 167/768; cond: 50360209408.0, ratio:0.9909034967422485
reserving basis 167/768; cond: 50360209408.0, ratio:0.9909034967422485
reserving basis 155/768; cond: 57648377856.0, ratio:0.9905470609664917
reserving basis 155/768; cond: 57648377856.0, ratio:0.9905470609664917
reserving basis 166/768; cond: 75275862016.0, ratio:0.9907723665237427
reserving basis 166/768; cond: 75275862016.0, ratio:0.9907723665237427
reserving basis 165/768; cond: 195887988736.0, ratio:0.990820586681366
reserving basis 165/768; cond: 195887988736.0, ratio:0.990820586681366
reserving basis 167/768; cond: 88874631168.0, ratio:0.9908955097198486
reserving basis 167/768; cond: 88874631168.0, ratio:0.9908955097198486
reserving basis 173/768; cond: 57257836544.0, ratio:0.9901710748672485
reserving basis 173/768; cond: 57257836544.0, ratio:0.9901710748672485
reserving basis 167/768; cond: 112269221888.0, ratio:0.9908388257026672
reserving basis 167/768; cond: 112269221888.0, ratio:0.9908388257026672
reserving basis 180/768; cond: 52676911104.0, ratio:0.9900575280189514
reserving basis 180/768; cond: 52676911104.0, ratio:0.9900575280189514
reserving basis 163/768; cond: 564734001152.0, ratio:0.9910090565681458
reserving basis 163/768; cond: 564734001152.0, ratio:0.9910090565681458
reserving basis 176/768; cond: 84203487232.0, ratio:0.9907615780830383
reserving basis 176/768; cond: 84203487232.0, ratio:0.9907615780830383
reserving basis 161/768; cond: 139046797312.0, ratio:0.9900367259979248
reserving basis 161/768; cond: 139046797312.0, ratio:0.9900367259979248
reserving basis 173/768; cond: 201392275456.0, ratio:0.9909545183181763
reserving basis 173/768; cond: 201392275456.0, ratio:0.9909545183181763
reserving basis 157/768; cond: 25890433024.0, ratio:0.991165280342102
reserving basis 157/768; cond: 25890433024.0, ratio:0.991165280342102
reserving basis 179/768; cond: 163433693184.0, ratio:0.9901562929153442
reserving basis 179/768; cond: 163433693184.0, ratio:0.9901562929153442
reserving basis 155/768; cond: 92887711744.0, ratio:0.9904306530952454
reserving basis 155/768; cond: 92887711744.0, ratio:0.9904306530952454
reserving basis 180/768; cond: 8898702336.0, ratio:0.9904554486274719
reserving basis 180/768; cond: 8898702336.0, ratio:0.9904554486274719
reserving basis 146/768; cond: 269761429504.0, ratio:0.9913262128829956
reserving basis 146/768; cond: 269761429504.0, ratio:0.9913262128829956
reserving basis 163/768; cond: 69114281984.0, ratio:0.9906195402145386
reserving basis 163/768; cond: 69114281984.0, ratio:0.9906195402145386
reserving basis 124/768; cond: 270913142784.0, ratio:0.9901503920555115
reserving basis 124/768; cond: 270913142784.0, ratio:0.9901503920555115
reserving basis 131/768; cond: 38319742976.0, ratio:0.9905807971954346
reserving basis 131/768; cond: 38319742976.0, ratio:0.9905807971954346
reserving basis 112/768; cond: 22995703808.0, ratio:0.9907834529876709
reserving basis 112/768; cond: 22995703808.0, ratio:0.9907834529876709
reserving basis 67/768; cond: 130708832256.0, ratio:0.9900298118591309
reserving basis 67/768; cond: 130708832256.0, ratio:0.9900298118591309
reserving basis 90/768; cond: 207838265344.0, ratio:0.9919420480728149
reserving basis 90/768; cond: 207838265344.0, ratio:0.9919420480728149
2026-04-27 04:08:56,701 [palora.py] => Task 40, Epoch 20/20 => Loss 0.333, Train_accy 99.40
2026-04-27 04:09:01,217 [trainer.py] => Time:181.85483121871948
8200 8200
2026-04-27 04:09:21,237 [trainer.py] => Time:20.020073175430298
2026-04-27 04:09:21,237 [trainer.py] => ACC: {'total': 89.32, '00-01': 99.5, '02-03': 88.0, '04-05': 85.5, '06-07': 90.5, '08-09': 99.0, '10-11': 63.5, '12-13': 80.5, '14-15': 94.5, '16-17': 91.0, '18-19': 95.5, '20-21': 98.0, '22-23': 84.5, '24-25': 93.0, '26-27': 86.5, '28-29': 91.5, '30-31': 94.0, '32-33': 81.0, '34-35': 80.5, '36-37': 91.5, '38-39': 96.5, '40-41': 91.5, '42-43': 88.5, '44-45': 89.0, '46-47': 69.5, '48-49': 95.0, '50-51': 88.5, '52-53': 92.5, '54-55': 89.0, '56-57': 91.5, '58-59': 88.0, '60-61': 92.5, '62-63': 88.0, '64-65': 83.5, '66-67': 89.5, '68-69': 93.5, '70-71': 94.5, '72-73': 85.0, '74-75': 85.5, '76-77': 96.0, '78-79': 97.5, '80-81': 89.0, 'old': 89.32, 'new': 89.0}
2026-04-27 04:09:21,237 [trainer.py] => ACC top1 curve: [100.0, 99.5, 99.0, 98.5, 99.0, 96.0, 95.79, 96.19, 95.83, 95.75, 95.86, 95.79, 95.23, 95.11, 94.4, 94.34, 94.03, 93.22, 93.21, 93.2, 93.1, 92.7, 92.35, 91.98, 91.98, 91.88, 91.0, 90.89, 90.86, 90.3, 89.95, 89.75, 89.68, 89.6, 89.69, 89.54, 89.34, 89.13, 89.29, 89.42, 89.32]
Average Accuracy: 93.21219512195123
2026-04-27 04:09:21,237 [trainer.py] => Average Accuracy: 93.21219512195123
2026-04-27 04:09:21,246 [trainer.py] => All params: 125940251
2026-04-27 04:09:21,254 [trainer.py] => Trainable params: 370178
2026-04-27 04:09:21,254 [palora.py] => Learning on 82-84
Parameters to be updated: {'image_encoder.blocks.6.attn.lora_B_k.41.weight', 'image_encoder.blocks.7.attn.lora_A_k.41.weight', 'image_encoder.blocks.1.attn.lora_A_k.41.weight', 'image_encoder.blocks.3.attn.lora_A_v.41.weight', 'image_encoder.blocks.7.attn.lora_A_v.41.weight', 'image_encoder.blocks.9.attn.lora_A_v.41.weight', 'image_encoder.blocks.4.attn.lora_B_v.41.weight', 'image_encoder.blocks.0.attn.lora_A_v.41.weight', 'image_encoder.blocks.2.attn.lora_B_k.41.weight', 'image_encoder.blocks.4.attn.lora_A_k.41.weight', 'image_encoder.blocks.11.attn.lora_A_v.41.weight', 'image_encoder.blocks.0.attn.lora_A_k.41.weight', 'image_encoder.blocks.2.attn.lora_B_v.41.weight', 'image_encoder.blocks.6.attn.lora_B_v.41.weight', 'image_encoder.blocks.10.attn.lora_A_v.41.weight', 'classifier_pool.41.bias', 'image_encoder.blocks.10.attn.lora_A_k.41.weight', 'image_encoder.blocks.8.attn.lora_A_k.41.weight', 'image_encoder.blocks.7.attn.lora_B_v.41.weight', 'image_encoder.blocks.1.attn.lora_B_k.41.weight', 'image_encoder.blocks.5.attn.lora_B_k.41.weight', 'image_encoder.blocks.9.attn.lora_A_k.41.weight', 'image_encoder.blocks.4.attn.lora_A_v.41.weight', 'image_encoder.blocks.10.attn.lora_B_v.41.weight', 'image_encoder.blocks.8.attn.lora_B_v.41.weight', 'image_encoder.blocks.3.attn.lora_A_k.41.weight', 'image_encoder.blocks.11.attn.lora_A_k.41.weight', 'image_encoder.blocks.3.attn.lora_B_k.41.weight', 'image_encoder.blocks.11.attn.lora_B_v.41.weight', 'image_encoder.blocks.2.attn.lora_A_v.41.weight', 'image_encoder.blocks.2.attn.lora_A_k.41.weight', 'image_encoder.blocks.6.attn.lora_A_v.41.weight', 'image_encoder.blocks.7.attn.lora_B_k.41.weight', 'image_encoder.blocks.10.attn.lora_B_k.41.weight', 'image_encoder.blocks.0.attn.lora_B_k.41.weight', 'image_encoder.blocks.9.attn.lora_B_v.41.weight', 'image_encoder.blocks.4.attn.lora_B_k.41.weight', 'image_encoder.blocks.0.attn.lora_B_v.41.weight', 'image_encoder.blocks.5.attn.lora_A_k.41.weight', 'image_encoder.blocks.5.attn.lora_A_v.41.weight', 'classifier_pool.41.weight', 'image_encoder.blocks.5.attn.lora_B_v.41.weight', 'image_encoder.blocks.1.attn.lora_B_v.41.weight', 'image_encoder.blocks.3.attn.lora_B_v.41.weight', 'image_encoder.blocks.8.attn.lora_A_v.41.weight', 'image_encoder.blocks.9.attn.lora_B_k.41.weight', 'image_encoder.blocks.11.attn.lora_B_k.41.weight', 'image_encoder.blocks.6.attn.lora_A_k.41.weight', 'image_encoder.blocks.1.attn.lora_A_v.41.weight', 'image_encoder.blocks.8.attn.lora_B_k.41.weight'}
After trained on task 40 tensor(0.0244, device='cuda:0') tensor(0.0241, device='cuda:0')
After trained on task 40 tensor(0.0253, device='cuda:0') tensor(0.0272, device='cuda:0')
After trained on task 40 tensor(0.0255, device='cuda:0') tensor(0.0314, device='cuda:0')
After trained on task 40 tensor(0.0275, device='cuda:0') tensor(0.0316, device='cuda:0')
After trained on task 40 tensor(0.0286, device='cuda:0') tensor(0.0376, device='cuda:0')
After trained on task 40 tensor(0.0291, device='cuda:0') tensor(0.0375, device='cuda:0')
After trained on task 40 tensor(0.0256, device='cuda:0') tensor(0.0387, device='cuda:0')
After trained on task 40 tensor(0.0265, device='cuda:0') tensor(0.0501, device='cuda:0')
After trained on task 40 tensor(0.0291, device='cuda:0') tensor(0.0568, device='cuda:0')
After trained on task 40 tensor(0.0340, device='cuda:0') tensor(0.0897, device='cuda:0')
After trained on task 40 tensor(0.0407, device='cuda:0') tensor(0.1288, device='cuda:0')
After trained on task 40 tensor(0.1671, device='cuda:0') tensor(0.1790, device='cuda:0')
reserving basis 150/768; cond: 150381854720.0, ratio:0.9903861880302429
reserving basis 150/768; cond: 150381854720.0, ratio:0.9903861880302429
reserving basis 168/768; cond: 88688410624.0, ratio:0.9905756115913391
reserving basis 168/768; cond: 88688410624.0, ratio:0.9905756115913391
reserving basis 156/768; cond: 51718148096.0, ratio:0.9915621876716614
reserving basis 156/768; cond: 51718148096.0, ratio:0.9915621876716614
reserving basis 168/768; cond: 16886705152.0, ratio:0.9911045432090759
reserving basis 168/768; cond: 16886705152.0, ratio:0.9911045432090759
reserving basis 166/768; cond: 76419686400.0, ratio:0.9908525347709656
reserving basis 166/768; cond: 76419686400.0, ratio:0.9908525347709656
reserving basis 168/768; cond: 16797647872.0, ratio:0.9908032417297363
reserving basis 168/768; cond: 16797647872.0, ratio:0.9908032417297363
reserving basis 175/768; cond: 40178647040.0, ratio:0.9913814067840576
reserving basis 175/768; cond: 40178647040.0, ratio:0.9913814067840576
reserving basis 168/768; cond: 20941346816.0, ratio:0.9906288981437683
reserving basis 168/768; cond: 20941346816.0, ratio:0.9906288981437683
reserving basis 181/768; cond: 24632348672.0, ratio:0.9906197190284729
reserving basis 181/768; cond: 24632348672.0, ratio:0.9906197190284729
reserving basis 164/768; cond: 20427118592.0, ratio:0.9913803935050964
reserving basis 164/768; cond: 20427118592.0, ratio:0.9913803935050964
reserving basis 177/768; cond: 22800787456.0, ratio:0.9909760355949402
reserving basis 177/768; cond: 22800787456.0, ratio:0.9909760355949402
reserving basis 162/768; cond: 56730238976.0, ratio:0.9913305044174194
reserving basis 162/768; cond: 56730238976.0, ratio:0.9913305044174194
reserving basis 174/768; cond: 9394172928.0, ratio:0.9906598329544067
reserving basis 174/768; cond: 9394172928.0, ratio:0.9906598329544067
reserving basis 158/768; cond: 61425500160.0, ratio:0.9905887842178345
reserving basis 158/768; cond: 61425500160.0, ratio:0.9905887842178345
reserving basis 180/768; cond: 138679894016.0, ratio:0.9910666942596436
reserving basis 180/768; cond: 138679894016.0, ratio:0.9910666942596436
reserving basis 156/768; cond: 15370114048.0, ratio:0.9906423687934875
reserving basis 156/768; cond: 15370114048.0, ratio:0.9906423687934875
reserving basis 181/768; cond: 5834656768.0, ratio:0.990831732749939
reserving basis 181/768; cond: 5834656768.0, ratio:0.990831732749939
reserving basis 147/768; cond: 80972398592.0, ratio:0.9913383722305298
reserving basis 147/768; cond: 80972398592.0, ratio:0.9913383722305298
reserving basis 164/768; cond: 362245128192.0, ratio:0.9908741116523743
reserving basis 164/768; cond: 362245128192.0, ratio:0.9908741116523743
reserving basis 125/768; cond: 23896723456.0, ratio:0.9916373491287231
reserving basis 125/768; cond: 23896723456.0, ratio:0.9916373491287231
reserving basis 132/768; cond: 164115447808.0, ratio:0.9913944602012634
reserving basis 132/768; cond: 164115447808.0, ratio:0.9913944602012634
reserving basis 113/768; cond: 20372953088.0, ratio:0.9917685985565186
reserving basis 113/768; cond: 20372953088.0, ratio:0.9917685985565186
reserving basis 68/768; cond: 69867929600.0, ratio:0.992220401763916
reserving basis 68/768; cond: 69867929600.0, ratio:0.992220401763916
reserving basis 91/768; cond: 141542260736.0, ratio:0.991891622543335
reserving basis 91/768; cond: 141542260736.0, ratio:0.991891622543335
2026-04-27 04:12:16,906 [palora.py] => Task 41, Epoch 20/20 => Loss 0.336, Train_accy 99.40
2026-04-27 04:12:21,340 [trainer.py] => Time:180.0859715938568
8400 8400
2026-04-27 04:12:41,320 [trainer.py] => Time:19.980252981185913
2026-04-27 04:12:41,321 [trainer.py] => ACC: {'total': 89.49, '00-01': 99.5, '02-03': 88.5, '04-05': 85.5, '06-07': 90.5, '08-09': 99.0, '10-11': 64.0, '12-13': 81.0, '14-15': 94.5, '16-17': 91.5, '18-19': 95.5, '20-21': 98.5, '22-23': 84.5, '24-25': 93.0, '26-27': 86.0, '28-29': 91.5, '30-31': 94.0, '32-33': 81.0, '34-35': 79.5, '36-37': 91.5, '38-39': 96.0, '40-41': 92.0, '42-43': 88.5, '44-45': 89.0, '46-47': 69.0, '48-49': 95.0, '50-51': 88.5, '52-53': 92.5, '54-55': 89.5, '56-57': 91.5, '58-59': 88.5, '60-61': 92.5, '62-63': 89.0, '64-65': 84.0, '66-67': 89.0, '68-69': 94.0, '70-71': 93.5, '72-73': 85.0, '74-75': 85.5, '76-77': 96.0, '78-79': 97.0, '80-81': 89.5, '82-83': 94.5, 'old': 89.37, 'new': 94.5}
2026-04-27 04:12:41,321 [trainer.py] => ACC top1 curve: [100.0, 99.5, 99.0, 98.5, 99.0, 96.0, 95.79, 96.19, 95.83, 95.75, 95.86, 95.79, 95.23, 95.11, 94.4, 94.34, 94.03, 93.22, 93.21, 93.2, 93.1, 92.7, 92.35, 91.98, 91.98, 91.88, 91.0, 90.89, 90.86, 90.3, 89.95, 89.75, 89.68, 89.6, 89.69, 89.54, 89.34, 89.13, 89.29, 89.42, 89.32, 89.49]
Average Accuracy: 93.12357142857142
2026-04-27 04:12:41,321 [trainer.py] => Average Accuracy: 93.12357142857142
2026-04-27 04:12:41,330 [trainer.py] => All params: 125940251
2026-04-27 04:12:41,337 [trainer.py] => Trainable params: 370178
2026-04-27 04:12:41,337 [palora.py] => Learning on 84-86
Parameters to be updated: {'classifier_pool.42.bias', 'image_encoder.blocks.11.attn.lora_B_k.42.weight', 'image_encoder.blocks.6.attn.lora_A_k.42.weight', 'image_encoder.blocks.7.attn.lora_A_k.42.weight', 'image_encoder.blocks.5.attn.lora_B_k.42.weight', 'image_encoder.blocks.3.attn.lora_B_k.42.weight', 'image_encoder.blocks.0.attn.lora_B_k.42.weight', 'image_encoder.blocks.4.attn.lora_A_v.42.weight', 'image_encoder.blocks.8.attn.lora_A_v.42.weight', 'image_encoder.blocks.2.attn.lora_A_k.42.weight', 'image_encoder.blocks.9.attn.lora_B_v.42.weight', 'image_encoder.blocks.1.attn.lora_B_v.42.weight', 'image_encoder.blocks.9.attn.lora_A_k.42.weight', 'image_encoder.blocks.0.attn.lora_A_k.42.weight', 'classifier_pool.42.weight', 'image_encoder.blocks.6.attn.lora_B_k.42.weight', 'image_encoder.blocks.6.attn.lora_B_v.42.weight', 'image_encoder.blocks.9.attn.lora_B_k.42.weight', 'image_encoder.blocks.4.attn.lora_B_k.42.weight', 'image_encoder.blocks.11.attn.lora_B_v.42.weight', 'image_encoder.blocks.8.attn.lora_B_v.42.weight', 'image_encoder.blocks.1.attn.lora_A_v.42.weight', 'image_encoder.blocks.9.attn.lora_A_v.42.weight', 'image_encoder.blocks.11.attn.lora_A_k.42.weight', 'image_encoder.blocks.8.attn.lora_B_k.42.weight', 'image_encoder.blocks.2.attn.lora_B_k.42.weight', 'image_encoder.blocks.3.attn.lora_A_k.42.weight', 'image_encoder.blocks.3.attn.lora_A_v.42.weight', 'image_encoder.blocks.2.attn.lora_B_v.42.weight', 'image_encoder.blocks.5.attn.lora_A_k.42.weight', 'image_encoder.blocks.8.attn.lora_A_k.42.weight', 'image_encoder.blocks.7.attn.lora_A_v.42.weight', 'image_encoder.blocks.7.attn.lora_B_v.42.weight', 'image_encoder.blocks.0.attn.lora_B_v.42.weight', 'image_encoder.blocks.2.attn.lora_A_v.42.weight', 'image_encoder.blocks.7.attn.lora_B_k.42.weight', 'image_encoder.blocks.0.attn.lora_A_v.42.weight', 'image_encoder.blocks.1.attn.lora_A_k.42.weight', 'image_encoder.blocks.5.attn.lora_B_v.42.weight', 'image_encoder.blocks.10.attn.lora_A_v.42.weight', 'image_encoder.blocks.10.attn.lora_A_k.42.weight', 'image_encoder.blocks.1.attn.lora_B_k.42.weight', 'image_encoder.blocks.4.attn.lora_A_k.42.weight', 'image_encoder.blocks.4.attn.lora_B_v.42.weight', 'image_encoder.blocks.5.attn.lora_A_v.42.weight', 'image_encoder.blocks.6.attn.lora_A_v.42.weight', 'image_encoder.blocks.10.attn.lora_B_k.42.weight', 'image_encoder.blocks.11.attn.lora_A_v.42.weight', 'image_encoder.blocks.3.attn.lora_B_v.42.weight', 'image_encoder.blocks.10.attn.lora_B_v.42.weight'}
After trained on task 41 tensor(0.0297, device='cuda:0') tensor(0.0265, device='cuda:0')
After trained on task 41 tensor(0.0295, device='cuda:0') tensor(0.0309, device='cuda:0')
After trained on task 41 tensor(0.0271, device='cuda:0') tensor(0.0356, device='cuda:0')
After trained on task 41 tensor(0.0256, device='cuda:0') tensor(0.0323, device='cuda:0')
After trained on task 41 tensor(0.0283, device='cuda:0') tensor(0.0349, device='cuda:0')
After trained on task 41 tensor(0.0355, device='cuda:0') tensor(0.0457, device='cuda:0')
After trained on task 41 tensor(0.0366, device='cuda:0') tensor(0.0579, device='cuda:0')
After trained on task 41 tensor(0.0343, device='cuda:0') tensor(0.0595, device='cuda:0')
After trained on task 41 tensor(0.0429, device='cuda:0') tensor(0.0893, device='cuda:0')
After trained on task 41 tensor(0.0883, device='cuda:0') tensor(0.1231, device='cuda:0')
After trained on task 41 tensor(0.0873, device='cuda:0') tensor(0.1951, device='cuda:0')
After trained on task 41 tensor(0.2585, device='cuda:0') tensor(0.2538, device='cuda:0')
reserving basis 152/768; cond: 17837787136.0, ratio:0.9914902448654175
reserving basis 152/768; cond: 17837787136.0, ratio:0.9914902448654175
reserving basis 169/768; cond: 23817109504.0, ratio:0.9904522895812988
reserving basis 169/768; cond: 23817109504.0, ratio:0.9904522895812988
reserving basis 157/768; cond: 453330763776.0, ratio:0.9915450215339661
reserving basis 157/768; cond: 453330763776.0, ratio:0.9915450215339661
reserving basis 169/768; cond: 23561793536.0, ratio:0.9915204048156738
reserving basis 169/768; cond: 23561793536.0, ratio:0.9915204048156738
reserving basis 167/768; cond: 31692322816.0, ratio:0.9904260039329529
reserving basis 167/768; cond: 31692322816.0, ratio:0.9904260039329529
reserving basis 169/768; cond: 18955970560.0, ratio:0.9902660250663757
reserving basis 169/768; cond: 18955970560.0, ratio:0.9902660250663757
reserving basis 177/768; cond: 113316536320.0, ratio:0.9913724064826965
reserving basis 177/768; cond: 113316536320.0, ratio:0.9913724064826965
reserving basis 169/768; cond: 252811919360.0, ratio:0.9906099438667297
reserving basis 169/768; cond: 252811919360.0, ratio:0.9906099438667297
reserving basis 182/768; cond: 53322551296.0, ratio:0.9906922578811646
reserving basis 182/768; cond: 53322551296.0, ratio:0.9906922578811646
reserving basis 165/768; cond: 91919302656.0, ratio:0.9900619387626648
reserving basis 165/768; cond: 91919302656.0, ratio:0.9900619387626648
reserving basis 178/768; cond: 103734394880.0, ratio:0.9904889464378357
reserving basis 178/768; cond: 103734394880.0, ratio:0.9904889464378357
reserving basis 163/768; cond: 48115216384.0, ratio:0.9916826486587524
reserving basis 163/768; cond: 48115216384.0, ratio:0.9916826486587524
reserving basis 175/768; cond: 10777229312.0, ratio:0.9900874495506287
reserving basis 175/768; cond: 10777229312.0, ratio:0.9900874495506287
reserving basis 158/768; cond: 6940885504.0, ratio:0.9901853799819946
reserving basis 158/768; cond: 6940885504.0, ratio:0.9901853799819946
reserving basis 181/768; cond: 22567759872.0, ratio:0.9901982545852661
reserving basis 181/768; cond: 22567759872.0, ratio:0.9901982545852661
reserving basis 157/768; cond: 49336864768.0, ratio:0.9905672669410706
reserving basis 157/768; cond: 49336864768.0, ratio:0.9905672669410706
reserving basis 182/768; cond: 8424958976.0, ratio:0.9903462529182434
reserving basis 182/768; cond: 8424958976.0, ratio:0.9903462529182434
reserving basis 147/768; cond: 781030785024.0, ratio:0.9900423884391785
reserving basis 147/768; cond: 781030785024.0, ratio:0.9900423884391785
reserving basis 164/768; cond: 34670395392.0, ratio:0.9903205633163452
reserving basis 164/768; cond: 34670395392.0, ratio:0.9903205633163452
reserving basis 126/768; cond: 29857656832.0, ratio:0.9917630553245544
reserving basis 126/768; cond: 29857656832.0, ratio:0.9917630553245544
reserving basis 132/768; cond: 33664073728.0, ratio:0.9900544285774231
reserving basis 132/768; cond: 33664073728.0, ratio:0.9900544285774231
reserving basis 114/768; cond: 170976067584.0, ratio:0.9918835759162903
reserving basis 114/768; cond: 170976067584.0, ratio:0.9918835759162903
reserving basis 68/768; cond: 73769992192.0, ratio:0.9911268949508667
reserving basis 68/768; cond: 73769992192.0, ratio:0.9911268949508667
reserving basis 91/768; cond: 12330781696.0, ratio:0.9908767938613892
reserving basis 91/768; cond: 12330781696.0, ratio:0.9908767938613892
2026-04-27 04:15:37,626 [palora.py] => Task 42, Epoch 20/20 => Loss 0.383, Train_accy 98.20
2026-04-27 04:15:42,137 [trainer.py] => Time:180.79992747306824
8600 8600
2026-04-27 04:16:02,460 [trainer.py] => Time:20.32231068611145
2026-04-27 04:16:02,460 [trainer.py] => ACC: {'total': 89.52, '00-01': 99.5, '02-03': 88.0, '04-05': 85.5, '06-07': 90.5, '08-09': 99.0, '10-11': 64.5, '12-13': 81.0, '14-15': 94.5, '16-17': 91.5, '18-19': 95.5, '20-21': 98.0, '22-23': 84.0, '24-25': 92.5, '26-27': 86.0, '28-29': 91.5, '30-31': 94.0, '32-33': 81.0, '34-35': 80.0, '36-37': 92.0, '38-39': 96.5, '40-41': 91.0, '42-43': 88.5, '44-45': 89.5, '46-47': 69.0, '48-49': 95.0, '50-51': 87.5, '52-53': 92.5, '54-55': 90.0, '56-57': 91.5, '58-59': 88.0, '60-61': 92.5, '62-63': 89.0, '64-65': 83.5, '66-67': 89.0, '68-69': 93.5, '70-71': 94.0, '72-73': 85.5, '74-75': 85.5, '76-77': 96.0, '78-79': 97.5, '80-81': 89.0, '82-83': 94.5, '84-85': 92.5, 'old': 89.45, 'new': 92.5}
2026-04-27 04:16:02,460 [trainer.py] => ACC top1 curve: [100.0, 99.5, 99.0, 98.5, 99.0, 96.0, 95.79, 96.19, 95.83, 95.75, 95.86, 95.79, 95.23, 95.11, 94.4, 94.34, 94.03, 93.22, 93.21, 93.2, 93.1, 92.7, 92.35, 91.98, 91.98, 91.88, 91.0, 90.89, 90.86, 90.3, 89.95, 89.75, 89.68, 89.6, 89.69, 89.54, 89.34, 89.13, 89.29, 89.42, 89.32, 89.49, 89.52]
Average Accuracy: 93.03976744186046
2026-04-27 04:16:02,460 [trainer.py] => Average Accuracy: 93.03976744186046
2026-04-27 04:16:02,469 [trainer.py] => All params: 125940251
2026-04-27 04:16:02,476 [trainer.py] => Trainable params: 370178
2026-04-27 04:16:02,476 [palora.py] => Learning on 86-88
Parameters to be updated: {'image_encoder.blocks.5.attn.lora_A_v.43.weight', 'image_encoder.blocks.9.attn.lora_B_k.43.weight', 'image_encoder.blocks.7.attn.lora_A_k.43.weight', 'image_encoder.blocks.4.attn.lora_A_v.43.weight', 'image_encoder.blocks.1.attn.lora_A_k.43.weight', 'image_encoder.blocks.0.attn.lora_B_k.43.weight', 'image_encoder.blocks.0.attn.lora_A_k.43.weight', 'image_encoder.blocks.1.attn.lora_A_v.43.weight', 'image_encoder.blocks.6.attn.lora_A_v.43.weight', 'image_encoder.blocks.7.attn.lora_A_v.43.weight', 'image_encoder.blocks.3.attn.lora_B_v.43.weight', 'image_encoder.blocks.7.attn.lora_B_v.43.weight', 'image_encoder.blocks.11.attn.lora_B_k.43.weight', 'classifier_pool.43.weight', 'image_encoder.blocks.10.attn.lora_B_k.43.weight', 'image_encoder.blocks.1.attn.lora_B_k.43.weight', 'image_encoder.blocks.2.attn.lora_B_k.43.weight', 'image_encoder.blocks.11.attn.lora_B_v.43.weight', 'image_encoder.blocks.3.attn.lora_A_k.43.weight', 'image_encoder.blocks.7.attn.lora_B_k.43.weight', 'image_encoder.blocks.3.attn.lora_A_v.43.weight', 'image_encoder.blocks.4.attn.lora_B_k.43.weight', 'image_encoder.blocks.8.attn.lora_B_k.43.weight', 'image_encoder.blocks.11.attn.lora_A_v.43.weight', 'classifier_pool.43.bias', 'image_encoder.blocks.10.attn.lora_A_v.43.weight', 'image_encoder.blocks.1.attn.lora_B_v.43.weight', 'image_encoder.blocks.2.attn.lora_A_v.43.weight', 'image_encoder.blocks.10.attn.lora_A_k.43.weight', 'image_encoder.blocks.0.attn.lora_A_v.43.weight', 'image_encoder.blocks.5.attn.lora_A_k.43.weight', 'image_encoder.blocks.5.attn.lora_B_v.43.weight', 'image_encoder.blocks.11.attn.lora_A_k.43.weight', 'image_encoder.blocks.0.attn.lora_B_v.43.weight', 'image_encoder.blocks.6.attn.lora_B_v.43.weight', 'image_encoder.blocks.8.attn.lora_B_v.43.weight', 'image_encoder.blocks.4.attn.lora_A_k.43.weight', 'image_encoder.blocks.2.attn.lora_B_v.43.weight', 'image_encoder.blocks.8.attn.lora_A_v.43.weight', 'image_encoder.blocks.9.attn.lora_A_k.43.weight', 'image_encoder.blocks.9.attn.lora_B_v.43.weight', 'image_encoder.blocks.8.attn.lora_A_k.43.weight', 'image_encoder.blocks.4.attn.lora_B_v.43.weight', 'image_encoder.blocks.3.attn.lora_B_k.43.weight', 'image_encoder.blocks.6.attn.lora_B_k.43.weight', 'image_encoder.blocks.2.attn.lora_A_k.43.weight', 'image_encoder.blocks.9.attn.lora_A_v.43.weight', 'image_encoder.blocks.5.attn.lora_B_k.43.weight', 'image_encoder.blocks.10.attn.lora_B_v.43.weight', 'image_encoder.blocks.6.attn.lora_A_k.43.weight'}
After trained on task 42 tensor(0.0242, device='cuda:0') tensor(0.0229, device='cuda:0')
After trained on task 42 tensor(0.0243, device='cuda:0') tensor(0.0243, device='cuda:0')
After trained on task 42 tensor(0.0233, device='cuda:0') tensor(0.0256, device='cuda:0')
After trained on task 42 tensor(0.0252, device='cuda:0') tensor(0.0271, device='cuda:0')
After trained on task 42 tensor(0.0275, device='cuda:0') tensor(0.0335, device='cuda:0')
After trained on task 42 tensor(0.0281, device='cuda:0') tensor(0.0329, device='cuda:0')
After trained on task 42 tensor(0.0258, device='cuda:0') tensor(0.0365, device='cuda:0')
After trained on task 42 tensor(0.0298, device='cuda:0') tensor(0.0446, device='cuda:0')
After trained on task 42 tensor(0.0290, device='cuda:0') tensor(0.0570, device='cuda:0')
After trained on task 42 tensor(0.0316, device='cuda:0') tensor(0.0838, device='cuda:0')
After trained on task 42 tensor(0.0417, device='cuda:0') tensor(0.0852, device='cuda:0')
After trained on task 42 tensor(0.1747, device='cuda:0') tensor(0.1661, device='cuda:0')
reserving basis 153/768; cond: 340879540224.0, ratio:0.9904194474220276
reserving basis 153/768; cond: 340879540224.0, ratio:0.9904194474220276
reserving basis 171/768; cond: 24041154560.0, ratio:0.9912382960319519
reserving basis 171/768; cond: 24041154560.0, ratio:0.9912382960319519
reserving basis 157/768; cond: 28475099136.0, ratio:0.9902514815330505
reserving basis 157/768; cond: 28475099136.0, ratio:0.9902514815330505
reserving basis 170/768; cond: 66738171904.0, ratio:0.990613579750061
reserving basis 170/768; cond: 66738171904.0, ratio:0.990613579750061
reserving basis 168/768; cond: 7980941574144.0, ratio:0.9909054636955261
reserving basis 168/768; cond: 7980941574144.0, ratio:0.9909054636955261
reserving basis 170/768; cond: 32816760832.0, ratio:0.9909340739250183
reserving basis 170/768; cond: 32816760832.0, ratio:0.9909340739250183
reserving basis 177/768; cond: 593873469440.0, ratio:0.9900298714637756
reserving basis 177/768; cond: 593873469440.0, ratio:0.9900298714637756
reserving basis 170/768; cond: 112648503296.0, ratio:0.9916341304779053
reserving basis 170/768; cond: 112648503296.0, ratio:0.9916341304779053
reserving basis 183/768; cond: 258764914688.0, ratio:0.9901784658432007
reserving basis 183/768; cond: 258764914688.0, ratio:0.9901784658432007
reserving basis 167/768; cond: 41461710848.0, ratio:0.9912369251251221
reserving basis 167/768; cond: 41461710848.0, ratio:0.9912369251251221
reserving basis 179/768; cond: 20136781824.0, ratio:0.9907850623130798
reserving basis 179/768; cond: 20136781824.0, ratio:0.9907850623130798
reserving basis 165/768; cond: 17329494016.0, ratio:0.9914655089378357
reserving basis 165/768; cond: 17329494016.0, ratio:0.9914655089378357
reserving basis 176/768; cond: 71249584128.0, ratio:0.9906954765319824
reserving basis 176/768; cond: 71249584128.0, ratio:0.9906954765319824
reserving basis 159/768; cond: 15768428544.0, ratio:0.9908248782157898
reserving basis 159/768; cond: 15768428544.0, ratio:0.9908248782157898
reserving basis 182/768; cond: 340603633664.0, ratio:0.990371823310852
reserving basis 182/768; cond: 340603633664.0, ratio:0.990371823310852
reserving basis 158/768; cond: 141391233024.0, ratio:0.9906641244888306
reserving basis 158/768; cond: 141391233024.0, ratio:0.9906641244888306
reserving basis 183/768; cond: 10010543104.0, ratio:0.9904897212982178
reserving basis 183/768; cond: 10010543104.0, ratio:0.9904897212982178
reserving basis 148/768; cond: 133958926336.0, ratio:0.9908925294876099
reserving basis 148/768; cond: 133958926336.0, ratio:0.9908925294876099
reserving basis 165/768; cond: 582381535232.0, ratio:0.9900067448616028
reserving basis 165/768; cond: 582381535232.0, ratio:0.9900067448616028
reserving basis 127/768; cond: 18265511936.0, ratio:0.9917844533920288
reserving basis 127/768; cond: 18265511936.0, ratio:0.9917844533920288
reserving basis 133/768; cond: 721897455616.0, ratio:0.9916386008262634
reserving basis 133/768; cond: 721897455616.0, ratio:0.9916386008262634
reserving basis 114/768; cond: 88419319808.0, ratio:0.9902114272117615
reserving basis 114/768; cond: 88419319808.0, ratio:0.9902114272117615
reserving basis 68/768; cond: 54168403968.0, ratio:0.9902579188346863
reserving basis 68/768; cond: 54168403968.0, ratio:0.9902579188346863
reserving basis 91/768; cond: 17020370944.0, ratio:0.9903737902641296
reserving basis 91/768; cond: 17020370944.0, ratio:0.9903737902641296
2026-04-27 04:18:59,188 [palora.py] => Task 43, Epoch 20/20 => Loss 0.438, Train_accy 97.90
2026-04-27 04:19:03,775 [trainer.py] => Time:181.2988212108612
8800 8800
2026-04-27 04:19:24,758 [trainer.py] => Time:20.983326196670532
2026-04-27 04:19:24,758 [trainer.py] => ACC: {'total': 89.51, '00-01': 99.5, '02-03': 88.0, '04-05': 85.5, '06-07': 90.5, '08-09': 99.0, '10-11': 64.5, '12-13': 81.0, '14-15': 94.5, '16-17': 91.0, '18-19': 95.5, '20-21': 98.0, '22-23': 84.0, '24-25': 92.5, '26-27': 86.0, '28-29': 91.5, '30-31': 94.0, '32-33': 81.0, '34-35': 80.0, '36-37': 92.5, '38-39': 96.0, '40-41': 89.0, '42-43': 88.5, '44-45': 89.5, '46-47': 69.0, '48-49': 95.5, '50-51': 88.0, '52-53': 92.5, '54-55': 90.0, '56-57': 92.5, '58-59': 88.0, '60-61': 92.5, '62-63': 88.5, '64-65': 83.5, '66-67': 89.0, '68-69': 93.0, '70-71': 94.0, '72-73': 86.0, '74-75': 85.0, '76-77': 96.0, '78-79': 97.5, '80-81': 89.0, '82-83': 94.5, '84-85': 92.5, '86-87': 90.5, 'old': 89.49, 'new': 90.5}
2026-04-27 04:19:24,759 [trainer.py] => ACC top1 curve: [100.0, 99.5, 99.0, 98.5, 99.0, 96.0, 95.79, 96.19, 95.83, 95.75, 95.86, 95.79, 95.23, 95.11, 94.4, 94.34, 94.03, 93.22, 93.21, 93.2, 93.1, 92.7, 92.35, 91.98, 91.98, 91.88, 91.0, 90.89, 90.86, 90.3, 89.95, 89.75, 89.68, 89.6, 89.69, 89.54, 89.34, 89.13, 89.29, 89.42, 89.32, 89.49, 89.52, 89.51]
Average Accuracy: 92.95954545454546
2026-04-27 04:19:24,759 [trainer.py] => Average Accuracy: 92.95954545454546
2026-04-27 04:19:24,769 [trainer.py] => All params: 125940251
2026-04-27 04:19:24,776 [trainer.py] => Trainable params: 370178
2026-04-27 04:19:24,776 [palora.py] => Learning on 88-90
Parameters to be updated: {'image_encoder.blocks.11.attn.lora_B_v.44.weight', 'image_encoder.blocks.2.attn.lora_B_v.44.weight', 'image_encoder.blocks.3.attn.lora_A_v.44.weight', 'image_encoder.blocks.0.attn.lora_B_k.44.weight', 'image_encoder.blocks.9.attn.lora_B_v.44.weight', 'image_encoder.blocks.9.attn.lora_A_k.44.weight', 'image_encoder.blocks.1.attn.lora_A_k.44.weight', 'image_encoder.blocks.0.attn.lora_A_k.44.weight', 'image_encoder.blocks.9.attn.lora_A_v.44.weight', 'image_encoder.blocks.6.attn.lora_B_k.44.weight', 'image_encoder.blocks.8.attn.lora_B_k.44.weight', 'image_encoder.blocks.10.attn.lora_A_k.44.weight', 'image_encoder.blocks.2.attn.lora_B_k.44.weight', 'image_encoder.blocks.5.attn.lora_B_v.44.weight', 'image_encoder.blocks.10.attn.lora_B_k.44.weight', 'image_encoder.blocks.2.attn.lora_A_k.44.weight', 'image_encoder.blocks.5.attn.lora_A_k.44.weight', 'image_encoder.blocks.1.attn.lora_B_v.44.weight', 'image_encoder.blocks.0.attn.lora_B_v.44.weight', 'image_encoder.blocks.4.attn.lora_B_k.44.weight', 'image_encoder.blocks.7.attn.lora_B_v.44.weight', 'image_encoder.blocks.8.attn.lora_A_v.44.weight', 'image_encoder.blocks.1.attn.lora_B_k.44.weight', 'image_encoder.blocks.6.attn.lora_A_k.44.weight', 'image_encoder.blocks.4.attn.lora_A_v.44.weight', 'image_encoder.blocks.11.attn.lora_A_v.44.weight', 'image_encoder.blocks.4.attn.lora_B_v.44.weight', 'image_encoder.blocks.11.attn.lora_B_k.44.weight', 'image_encoder.blocks.8.attn.lora_B_v.44.weight', 'image_encoder.blocks.7.attn.lora_A_v.44.weight', 'image_encoder.blocks.6.attn.lora_A_v.44.weight', 'classifier_pool.44.weight', 'image_encoder.blocks.3.attn.lora_B_k.44.weight', 'image_encoder.blocks.6.attn.lora_B_v.44.weight', 'classifier_pool.44.bias', 'image_encoder.blocks.0.attn.lora_A_v.44.weight', 'image_encoder.blocks.3.attn.lora_A_k.44.weight', 'image_encoder.blocks.3.attn.lora_B_v.44.weight', 'image_encoder.blocks.5.attn.lora_B_k.44.weight', 'image_encoder.blocks.10.attn.lora_A_v.44.weight', 'image_encoder.blocks.1.attn.lora_A_v.44.weight', 'image_encoder.blocks.11.attn.lora_A_k.44.weight', 'image_encoder.blocks.9.attn.lora_B_k.44.weight', 'image_encoder.blocks.5.attn.lora_A_v.44.weight', 'image_encoder.blocks.7.attn.lora_A_k.44.weight', 'image_encoder.blocks.4.attn.lora_A_k.44.weight', 'image_encoder.blocks.2.attn.lora_A_v.44.weight', 'image_encoder.blocks.7.attn.lora_B_k.44.weight', 'image_encoder.blocks.8.attn.lora_A_k.44.weight', 'image_encoder.blocks.10.attn.lora_B_v.44.weight'}
After trained on task 43 tensor(0.0266, device='cuda:0') tensor(0.0230, device='cuda:0')
After trained on task 43 tensor(0.0250, device='cuda:0') tensor(0.0281, device='cuda:0')
After trained on task 43 tensor(0.0243, device='cuda:0') tensor(0.0287, device='cuda:0')
After trained on task 43 tensor(0.0239, device='cuda:0') tensor(0.0291, device='cuda:0')
After trained on task 43 tensor(0.0242, device='cuda:0') tensor(0.0332, device='cuda:0')
After trained on task 43 tensor(0.0309, device='cuda:0') tensor(0.0378, device='cuda:0')
After trained on task 43 tensor(0.0284, device='cuda:0') tensor(0.0379, device='cuda:0')
After trained on task 43 tensor(0.0295, device='cuda:0') tensor(0.0429, device='cuda:0')
After trained on task 43 tensor(0.0273, device='cuda:0') tensor(0.0514, device='cuda:0')
After trained on task 43 tensor(0.0375, device='cuda:0') tensor(0.0667, device='cuda:0')
After trained on task 43 tensor(0.0839, device='cuda:0') tensor(0.1093, device='cuda:0')
After trained on task 43 tensor(0.2768, device='cuda:0') tensor(0.1458, device='cuda:0')
reserving basis 154/768; cond: 14242970624.0, ratio:0.9908576607704163
reserving basis 154/768; cond: 14242970624.0, ratio:0.9908576607704163
reserving basis 172/768; cond: 124505972736.0, ratio:0.9909806251525879
reserving basis 172/768; cond: 124505972736.0, ratio:0.9909806251525879
reserving basis 158/768; cond: 30043982004224.0, ratio:0.9913842082023621
reserving basis 158/768; cond: 30043982004224.0, ratio:0.9913842082023621
reserving basis 171/768; cond: 36768305152.0, ratio:0.9914292693138123
reserving basis 171/768; cond: 36768305152.0, ratio:0.9914292693138123
reserving basis 169/768; cond: 416789594112.0, ratio:0.9905745387077332
reserving basis 169/768; cond: 416789594112.0, ratio:0.9905745387077332
reserving basis 171/768; cond: 8683745280.0, ratio:0.9902896285057068
reserving basis 171/768; cond: 8683745280.0, ratio:0.9902896285057068
reserving basis 178/768; cond: 69896503296000.0, ratio:0.991132378578186
reserving basis 178/768; cond: 69896503296000.0, ratio:0.991132378578186
reserving basis 171/768; cond: 50906062848.0, ratio:0.9901439547538757
reserving basis 171/768; cond: 50906062848.0, ratio:0.9901439547538757
reserving basis 184/768; cond: 39523409920.0, ratio:0.9901719689369202
reserving basis 184/768; cond: 39523409920.0, ratio:0.9901719689369202
reserving basis 168/768; cond: 258993569792.0, ratio:0.9902171492576599
reserving basis 168/768; cond: 258993569792.0, ratio:0.9902171492576599
reserving basis 180/768; cond: 13994779648.0, ratio:0.9900376200675964
reserving basis 180/768; cond: 13994779648.0, ratio:0.9900376200675964
reserving basis 166/768; cond: 9086265344.0, ratio:0.9903485178947449
reserving basis 166/768; cond: 9086265344.0, ratio:0.9903485178947449
reserving basis 177/768; cond: 12063210496.0, ratio:0.9907458424568176
reserving basis 177/768; cond: 12063210496.0, ratio:0.9907458424568176
reserving basis 161/768; cond: 24774750208.0, ratio:0.9915543794631958
reserving basis 161/768; cond: 24774750208.0, ratio:0.9915543794631958
reserving basis 183/768; cond: 30583425024.0, ratio:0.9901463985443115
reserving basis 183/768; cond: 30583425024.0, ratio:0.9901463985443115
reserving basis 159/768; cond: 8606434304.0, ratio:0.9910358190536499
reserving basis 159/768; cond: 8606434304.0, ratio:0.9910358190536499
reserving basis 185/768; cond: 54485622784.0, ratio:0.9914422035217285
reserving basis 185/768; cond: 54485622784.0, ratio:0.9914422035217285
reserving basis 149/768; cond: 6045442560.0, ratio:0.9913293719291687
reserving basis 149/768; cond: 6045442560.0, ratio:0.9913293719291687
reserving basis 166/768; cond: 26657361920.0, ratio:0.9905156493186951
reserving basis 166/768; cond: 26657361920.0, ratio:0.9905156493186951
reserving basis 127/768; cond: 7903729664.0, ratio:0.9903130531311035
reserving basis 127/768; cond: 7903729664.0, ratio:0.9903130531311035
reserving basis 133/768; cond: 20511463424.0, ratio:0.990868330001831
reserving basis 133/768; cond: 20511463424.0, ratio:0.990868330001831
reserving basis 114/768; cond: 42558459904.0, ratio:0.9911463260650635
reserving basis 114/768; cond: 42558459904.0, ratio:0.9911463260650635
reserving basis 67/768; cond: 18886803456.0, ratio:0.9901710152626038
reserving basis 67/768; cond: 18886803456.0, ratio:0.9901710152626038
reserving basis 92/768; cond: 27769341952.0, ratio:0.9926058053970337
reserving basis 92/768; cond: 27769341952.0, ratio:0.9926058053970337
2026-04-27 04:22:20,985 [palora.py] => Task 44, Epoch 20/20 => Loss 0.338, Train_accy 99.40
2026-04-27 04:22:25,849 [trainer.py] => Time:181.07322812080383
9000 9000
2026-04-27 04:22:47,643 [trainer.py] => Time:21.793625831604004
2026-04-27 04:22:47,644 [trainer.py] => ACC: {'total': 89.58, '00-01': 99.5, '02-03': 88.0, '04-05': 84.5, '06-07': 90.0, '08-09': 99.0, '10-11': 64.5, '12-13': 81.0, '14-15': 94.5, '16-17': 90.5, '18-19': 95.5, '20-21': 97.5, '22-23': 84.0, '24-25': 92.0, '26-27': 86.5, '28-29': 91.0, '30-31': 93.5, '32-33': 81.0, '34-35': 79.5, '36-37': 93.0, '38-39': 95.5, '40-41': 88.5, '42-43': 87.5, '44-45': 89.5, '46-47': 69.5, '48-49': 95.5, '50-51': 89.0, '52-53': 92.5, '54-55': 89.5, '56-57': 92.0, '58-59': 89.0, '60-61': 92.5, '62-63': 89.5, '64-65': 83.5, '66-67': 90.0, '68-69': 92.5, '70-71': 94.5, '72-73': 86.5, '74-75': 85.5, '76-77': 96.0, '78-79': 97.5, '80-81': 89.0, '82-83': 95.0, '84-85': 92.0, '86-87': 90.5, '88-89': 93.5, 'old': 89.49, 'new': 93.5}
2026-04-27 04:22:47,644 [trainer.py] => ACC top1 curve: [100.0, 99.5, 99.0, 98.5, 99.0, 96.0, 95.79, 96.19, 95.83, 95.75, 95.86, 95.79, 95.23, 95.11, 94.4, 94.34, 94.03, 93.22, 93.21, 93.2, 93.1, 92.7, 92.35, 91.98, 91.98, 91.88, 91.0, 90.89, 90.86, 90.3, 89.95, 89.75, 89.68, 89.6, 89.69, 89.54, 89.34, 89.13, 89.29, 89.42, 89.32, 89.49, 89.52, 89.51, 89.58]
Average Accuracy: 92.88444444444445
2026-04-27 04:22:47,644 [trainer.py] => Average Accuracy: 92.88444444444445
2026-04-27 04:22:47,654 [trainer.py] => All params: 125940251
2026-04-27 04:22:47,661 [trainer.py] => Trainable params: 370178
2026-04-27 04:22:47,662 [palora.py] => Learning on 90-92
Parameters to be updated: {'image_encoder.blocks.10.attn.lora_A_k.45.weight', 'image_encoder.blocks.0.attn.lora_A_k.45.weight', 'image_encoder.blocks.6.attn.lora_A_v.45.weight', 'image_encoder.blocks.3.attn.lora_A_v.45.weight', 'image_encoder.blocks.5.attn.lora_B_k.45.weight', 'image_encoder.blocks.5.attn.lora_A_v.45.weight', 'classifier_pool.45.bias', 'image_encoder.blocks.3.attn.lora_B_k.45.weight', 'image_encoder.blocks.8.attn.lora_A_k.45.weight', 'image_encoder.blocks.10.attn.lora_B_k.45.weight', 'image_encoder.blocks.4.attn.lora_A_k.45.weight', 'image_encoder.blocks.6.attn.lora_A_k.45.weight', 'image_encoder.blocks.7.attn.lora_B_v.45.weight', 'image_encoder.blocks.2.attn.lora_B_v.45.weight', 'image_encoder.blocks.7.attn.lora_A_v.45.weight', 'image_encoder.blocks.4.attn.lora_B_k.45.weight', 'image_encoder.blocks.8.attn.lora_B_k.45.weight', 'image_encoder.blocks.3.attn.lora_B_v.45.weight', 'image_encoder.blocks.0.attn.lora_B_k.45.weight', 'image_encoder.blocks.0.attn.lora_B_v.45.weight', 'image_encoder.blocks.8.attn.lora_B_v.45.weight', 'image_encoder.blocks.2.attn.lora_A_k.45.weight', 'image_encoder.blocks.11.attn.lora_B_v.45.weight', 'image_encoder.blocks.5.attn.lora_B_v.45.weight', 'image_encoder.blocks.7.attn.lora_A_k.45.weight', 'image_encoder.blocks.11.attn.lora_A_k.45.weight', 'image_encoder.blocks.1.attn.lora_A_k.45.weight', 'image_encoder.blocks.4.attn.lora_B_v.45.weight', 'image_encoder.blocks.7.attn.lora_B_k.45.weight', 'image_encoder.blocks.9.attn.lora_B_k.45.weight', 'image_encoder.blocks.8.attn.lora_A_v.45.weight', 'image_encoder.blocks.11.attn.lora_B_k.45.weight', 'classifier_pool.45.weight', 'image_encoder.blocks.2.attn.lora_B_k.45.weight', 'image_encoder.blocks.9.attn.lora_B_v.45.weight', 'image_encoder.blocks.1.attn.lora_B_k.45.weight', 'image_encoder.blocks.6.attn.lora_B_v.45.weight', 'image_encoder.blocks.9.attn.lora_A_v.45.weight', 'image_encoder.blocks.10.attn.lora_A_v.45.weight', 'image_encoder.blocks.5.attn.lora_A_k.45.weight', 'image_encoder.blocks.11.attn.lora_A_v.45.weight', 'image_encoder.blocks.3.attn.lora_A_k.45.weight', 'image_encoder.blocks.6.attn.lora_B_k.45.weight', 'image_encoder.blocks.10.attn.lora_B_v.45.weight', 'image_encoder.blocks.4.attn.lora_A_v.45.weight', 'image_encoder.blocks.2.attn.lora_A_v.45.weight', 'image_encoder.blocks.0.attn.lora_A_v.45.weight', 'image_encoder.blocks.9.attn.lora_A_k.45.weight', 'image_encoder.blocks.1.attn.lora_B_v.45.weight', 'image_encoder.blocks.1.attn.lora_A_v.45.weight'}
After trained on task 44 tensor(0.0248, device='cuda:0') tensor(0.0237, device='cuda:0')
After trained on task 44 tensor(0.0279, device='cuda:0') tensor(0.0275, device='cuda:0')
After trained on task 44 tensor(0.0264, device='cuda:0') tensor(0.0305, device='cuda:0')
After trained on task 44 tensor(0.0273, device='cuda:0') tensor(0.0313, device='cuda:0')
After trained on task 44 tensor(0.0238, device='cuda:0') tensor(0.0306, device='cuda:0')
After trained on task 44 tensor(0.0283, device='cuda:0') tensor(0.0346, device='cuda:0')
After trained on task 44 tensor(0.0266, device='cuda:0') tensor(0.0386, device='cuda:0')
After trained on task 44 tensor(0.0264, device='cuda:0') tensor(0.0434, device='cuda:0')
After trained on task 44 tensor(0.0297, device='cuda:0') tensor(0.0509, device='cuda:0')
After trained on task 44 tensor(0.0360, device='cuda:0') tensor(0.0733, device='cuda:0')
After trained on task 44 tensor(0.0564, device='cuda:0') tensor(0.0916, device='cuda:0')
After trained on task 44 tensor(0.2274, device='cuda:0') tensor(0.2004, device='cuda:0')
reserving basis 155/768; cond: 217474646016.0, ratio:0.9908233284950256
reserving basis 155/768; cond: 217474646016.0, ratio:0.9908233284950256
reserving basis 173/768; cond: 215930306560.0, ratio:0.9908066391944885
reserving basis 173/768; cond: 215930306560.0, ratio:0.9908066391944885
reserving basis 159/768; cond: 41357918208.0, ratio:0.9908881187438965
reserving basis 159/768; cond: 41357918208.0, ratio:0.9908881187438965
reserving basis 172/768; cond: 14529541120.0, ratio:0.9914293885231018
reserving basis 172/768; cond: 14529541120.0, ratio:0.9914293885231018
reserving basis 170/768; cond: 2019313319936.0, ratio:0.9909653663635254
reserving basis 170/768; cond: 2019313319936.0, ratio:0.9909653663635254
reserving basis 172/768; cond: 11786566656.0, ratio:0.990020215511322
reserving basis 172/768; cond: 11786566656.0, ratio:0.990020215511322
reserving basis 180/768; cond: 31266734080.0, ratio:0.9912136197090149
reserving basis 180/768; cond: 31266734080.0, ratio:0.9912136197090149
reserving basis 172/768; cond: 13521897472.0, ratio:0.991493284702301
reserving basis 172/768; cond: 13521897472.0, ratio:0.991493284702301
reserving basis 184/768; cond: 198326255616.0, ratio:0.9902331829071045
reserving basis 184/768; cond: 198326255616.0, ratio:0.9902331829071045
reserving basis 168/768; cond: 21097805824.0, ratio:0.9904767870903015
reserving basis 168/768; cond: 21097805824.0, ratio:0.9904767870903015
reserving basis 181/768; cond: 21325553664.0, ratio:0.9913809895515442
reserving basis 181/768; cond: 21325553664.0, ratio:0.9913809895515442
reserving basis 166/768; cond: 233193570304.0, ratio:0.9901983141899109
reserving basis 166/768; cond: 233193570304.0, ratio:0.9901983141899109
reserving basis 178/768; cond: 22823053312.0, ratio:0.9910489916801453
reserving basis 178/768; cond: 22823053312.0, ratio:0.9910489916801453
reserving basis 162/768; cond: 487534460928.0, ratio:0.9915525913238525
reserving basis 162/768; cond: 487534460928.0, ratio:0.9915525913238525
reserving basis 184/768; cond: 25708337152.0, ratio:0.9909974932670593
reserving basis 184/768; cond: 25708337152.0, ratio:0.9909974932670593
reserving basis 160/768; cond: 19156109312.0, ratio:0.9915974736213684
reserving basis 160/768; cond: 19156109312.0, ratio:0.9915974736213684
reserving basis 185/768; cond: 250971242496.0, ratio:0.9906026721000671
reserving basis 185/768; cond: 250971242496.0, ratio:0.9906026721000671
reserving basis 149/768; cond: 14507246592.0, ratio:0.9901484251022339
reserving basis 149/768; cond: 14507246592.0, ratio:0.9901484251022339
reserving basis 167/768; cond: 84454481920.0, ratio:0.9915157556533813
reserving basis 167/768; cond: 84454481920.0, ratio:0.9915157556533813
reserving basis 127/768; cond: 35956645888.0, ratio:0.9903441667556763
reserving basis 127/768; cond: 35956645888.0, ratio:0.9903441667556763
reserving basis 133/768; cond: 16872388608.0, ratio:0.9902656078338623
reserving basis 133/768; cond: 16872388608.0, ratio:0.9902656078338623
reserving basis 114/768; cond: 17742020608.0, ratio:0.9908486008644104
reserving basis 114/768; cond: 17742020608.0, ratio:0.9908486008644104
reserving basis 67/768; cond: 219430354944.0, ratio:0.9903761148452759
reserving basis 67/768; cond: 219430354944.0, ratio:0.9903761148452759
reserving basis 92/768; cond: 14574318592.0, ratio:0.9903450012207031
reserving basis 92/768; cond: 14574318592.0, ratio:0.9903450012207031
2026-04-27 04:25:41,168 [palora.py] => Task 45, Epoch 20/20 => Loss 0.360, Train_accy 98.70
2026-04-27 04:25:45,493 [trainer.py] => Time:177.8313705921173
9200 9200
2026-04-27 04:26:07,575 [trainer.py] => Time:22.081607818603516
2026-04-27 04:26:07,575 [trainer.py] => ACC: {'total': 89.67, '00-01': 99.5, '02-03': 88.0, '04-05': 85.0, '06-07': 91.0, '08-09': 99.0, '10-11': 64.5, '12-13': 82.0, '14-15': 94.5, '16-17': 91.0, '18-19': 95.5, '20-21': 98.0, '22-23': 84.5, '24-25': 92.0, '26-27': 86.5, '28-29': 90.5, '30-31': 94.0, '32-33': 79.5, '34-35': 79.5, '36-37': 93.0, '38-39': 96.0, '40-41': 89.5, '42-43': 87.5, '44-45': 89.5, '46-47': 70.5, '48-49': 95.5, '50-51': 89.0, '52-53': 92.0, '54-55': 89.5, '56-57': 91.5, '58-59': 88.5, '60-61': 92.0, '62-63': 89.0, '64-65': 84.0, '66-67': 90.0, '68-69': 92.5, '70-71': 94.5, '72-73': 86.0, '74-75': 86.0, '76-77': 96.0, '78-79': 97.5, '80-81': 85.5, '82-83': 95.0, '84-85': 92.0, '86-87': 91.5, '88-89': 93.5, '90-91': 93.5, 'old': 89.59, 'new': 93.5}
2026-04-27 04:26:07,575 [trainer.py] => ACC top1 curve: [100.0, 99.5, 99.0, 98.5, 99.0, 96.0, 95.79, 96.19, 95.83, 95.75, 95.86, 95.79, 95.23, 95.11, 94.4, 94.34, 94.03, 93.22, 93.21, 93.2, 93.1, 92.7, 92.35, 91.98, 91.98, 91.88, 91.0, 90.89, 90.86, 90.3, 89.95, 89.75, 89.68, 89.6, 89.69, 89.54, 89.34, 89.13, 89.29, 89.42, 89.32, 89.49, 89.52, 89.51, 89.58, 89.67]
Average Accuracy: 92.8145652173913
2026-04-27 04:26:07,575 [trainer.py] => Average Accuracy: 92.8145652173913
2026-04-27 04:26:07,584 [trainer.py] => All params: 125940251
2026-04-27 04:26:07,591 [trainer.py] => Trainable params: 370178
2026-04-27 04:26:07,591 [palora.py] => Learning on 92-94
Parameters to be updated: {'image_encoder.blocks.2.attn.lora_B_k.46.weight', 'classifier_pool.46.weight', 'image_encoder.blocks.1.attn.lora_A_v.46.weight', 'image_encoder.blocks.1.attn.lora_B_k.46.weight', 'image_encoder.blocks.4.attn.lora_A_k.46.weight', 'image_encoder.blocks.8.attn.lora_B_v.46.weight', 'image_encoder.blocks.3.attn.lora_B_v.46.weight', 'image_encoder.blocks.5.attn.lora_A_v.46.weight', 'image_encoder.blocks.4.attn.lora_A_v.46.weight', 'image_encoder.blocks.10.attn.lora_A_k.46.weight', 'image_encoder.blocks.0.attn.lora_B_k.46.weight', 'image_encoder.blocks.6.attn.lora_A_v.46.weight', 'image_encoder.blocks.0.attn.lora_A_v.46.weight', 'image_encoder.blocks.6.attn.lora_B_k.46.weight', 'image_encoder.blocks.11.attn.lora_B_v.46.weight', 'image_encoder.blocks.9.attn.lora_A_k.46.weight', 'image_encoder.blocks.6.attn.lora_A_k.46.weight', 'image_encoder.blocks.9.attn.lora_A_v.46.weight', 'image_encoder.blocks.2.attn.lora_B_v.46.weight', 'image_encoder.blocks.11.attn.lora_A_v.46.weight', 'image_encoder.blocks.4.attn.lora_B_v.46.weight', 'image_encoder.blocks.9.attn.lora_B_k.46.weight', 'image_encoder.blocks.2.attn.lora_A_v.46.weight', 'image_encoder.blocks.4.attn.lora_B_k.46.weight', 'image_encoder.blocks.7.attn.lora_B_k.46.weight', 'image_encoder.blocks.11.attn.lora_A_k.46.weight', 'image_encoder.blocks.8.attn.lora_A_v.46.weight', 'image_encoder.blocks.10.attn.lora_A_v.46.weight', 'image_encoder.blocks.3.attn.lora_A_v.46.weight', 'image_encoder.blocks.9.attn.lora_B_v.46.weight', 'image_encoder.blocks.10.attn.lora_B_v.46.weight', 'image_encoder.blocks.3.attn.lora_B_k.46.weight', 'image_encoder.blocks.1.attn.lora_B_v.46.weight', 'image_encoder.blocks.6.attn.lora_B_v.46.weight', 'image_encoder.blocks.5.attn.lora_B_k.46.weight', 'image_encoder.blocks.7.attn.lora_B_v.46.weight', 'image_encoder.blocks.7.attn.lora_A_k.46.weight', 'image_encoder.blocks.1.attn.lora_A_k.46.weight', 'image_encoder.blocks.8.attn.lora_B_k.46.weight', 'image_encoder.blocks.3.attn.lora_A_k.46.weight', 'image_encoder.blocks.5.attn.lora_A_k.46.weight', 'image_encoder.blocks.5.attn.lora_B_v.46.weight', 'image_encoder.blocks.7.attn.lora_A_v.46.weight', 'image_encoder.blocks.8.attn.lora_A_k.46.weight', 'image_encoder.blocks.10.attn.lora_B_k.46.weight', 'image_encoder.blocks.11.attn.lora_B_k.46.weight', 'classifier_pool.46.bias', 'image_encoder.blocks.0.attn.lora_A_k.46.weight', 'image_encoder.blocks.2.attn.lora_A_k.46.weight', 'image_encoder.blocks.0.attn.lora_B_v.46.weight'}
After trained on task 45 tensor(0.0207, device='cuda:0') tensor(0.0218, device='cuda:0')
After trained on task 45 tensor(0.0212, device='cuda:0') tensor(0.0252, device='cuda:0')
After trained on task 45 tensor(0.0221, device='cuda:0') tensor(0.0256, device='cuda:0')
After trained on task 45 tensor(0.0219, device='cuda:0') tensor(0.0262, device='cuda:0')
After trained on task 45 tensor(0.0259, device='cuda:0') tensor(0.0315, device='cuda:0')
After trained on task 45 tensor(0.0287, device='cuda:0') tensor(0.0322, device='cuda:0')
After trained on task 45 tensor(0.0284, device='cuda:0') tensor(0.0372, device='cuda:0')
After trained on task 45 tensor(0.0251, device='cuda:0') tensor(0.0407, device='cuda:0')
After trained on task 45 tensor(0.0266, device='cuda:0') tensor(0.0474, device='cuda:0')
After trained on task 45 tensor(0.0321, device='cuda:0') tensor(0.0771, device='cuda:0')
After trained on task 45 tensor(0.0395, device='cuda:0') tensor(0.0971, device='cuda:0')
After trained on task 45 tensor(0.1149, device='cuda:0') tensor(0.1411, device='cuda:0')
reserving basis 155/768; cond: 188395798528.0, ratio:0.9906678199768066
reserving basis 155/768; cond: 188395798528.0, ratio:0.9906678199768066
reserving basis 173/768; cond: 296964784128.0, ratio:0.990466296672821
reserving basis 173/768; cond: 296964784128.0, ratio:0.990466296672821
reserving basis 160/768; cond: 76229795840.0, ratio:0.9912631511688232
reserving basis 160/768; cond: 76229795840.0, ratio:0.9912631511688232
reserving basis 173/768; cond: 62010036224.0, ratio:0.9905803203582764
reserving basis 173/768; cond: 62010036224.0, ratio:0.9905803203582764
reserving basis 170/768; cond: 53155631104.0, ratio:0.9900192618370056
reserving basis 170/768; cond: 53155631104.0, ratio:0.9900192618370056
reserving basis 172/768; cond: 305545805824.0, ratio:0.9901282787322998
reserving basis 172/768; cond: 305545805824.0, ratio:0.9901282787322998
reserving basis 180/768; cond: 18133096448.0, ratio:0.9901605248451233
reserving basis 180/768; cond: 18133096448.0, ratio:0.9901605248451233
reserving basis 172/768; cond: 38275493888.0, ratio:0.9902640581130981
reserving basis 172/768; cond: 38275493888.0, ratio:0.9902640581130981
reserving basis 185/768; cond: 41691262976.0, ratio:0.9903187155723572
reserving basis 185/768; cond: 41691262976.0, ratio:0.9903187155723572
reserving basis 169/768; cond: 505502466048.0, ratio:0.9912177324295044
reserving basis 169/768; cond: 505502466048.0, ratio:0.9912177324295044
reserving basis 182/768; cond: 43882545152.0, ratio:0.9908890128135681
reserving basis 182/768; cond: 43882545152.0, ratio:0.9908890128135681
reserving basis 167/768; cond: 135427325952.0, ratio:0.9912492632865906
reserving basis 167/768; cond: 135427325952.0, ratio:0.9912492632865906
reserving basis 179/768; cond: 15658409984.0, ratio:0.9913691282272339
reserving basis 179/768; cond: 15658409984.0, ratio:0.9913691282272339
reserving basis 163/768; cond: 109935747072.0, ratio:0.9909282326698303
reserving basis 163/768; cond: 109935747072.0, ratio:0.9909282326698303
reserving basis 185/768; cond: 70962823168.0, ratio:0.9913171529769897
reserving basis 185/768; cond: 70962823168.0, ratio:0.9913171529769897
reserving basis 161/768; cond: 390324191232.0, ratio:0.9904137849807739
reserving basis 161/768; cond: 390324191232.0, ratio:0.9904137849807739
reserving basis 186/768; cond: 15880855552.0, ratio:0.9908774495124817
reserving basis 186/768; cond: 15880855552.0, ratio:0.9908774495124817
reserving basis 150/768; cond: 9229238272.0, ratio:0.9916545152664185
reserving basis 150/768; cond: 9229238272.0, ratio:0.9916545152664185
reserving basis 167/768; cond: 324791468032.0, ratio:0.9905926585197449
reserving basis 167/768; cond: 324791468032.0, ratio:0.9905926585197449
reserving basis 127/768; cond: 81628340224.0, ratio:0.9904581904411316
reserving basis 127/768; cond: 81628340224.0, ratio:0.9904581904411316
reserving basis 133/768; cond: 53525897216.0, ratio:0.9904541373252869
reserving basis 133/768; cond: 53525897216.0, ratio:0.9904541373252869
reserving basis 115/768; cond: 33279365120.0, ratio:0.9919191598892212
reserving basis 115/768; cond: 33279365120.0, ratio:0.9919191598892212
reserving basis 67/768; cond: 582698926080.0, ratio:0.9900403618812561
reserving basis 67/768; cond: 582698926080.0, ratio:0.9900403618812561
reserving basis 93/768; cond: 25413382144.0, ratio:0.9922294616699219
reserving basis 93/768; cond: 25413382144.0, ratio:0.9922294616699219
2026-04-27 04:29:00,508 [palora.py] => Task 46, Epoch 20/20 => Loss 0.325, Train_accy 99.40
2026-04-27 04:29:04,754 [trainer.py] => Time:177.16256594657898
9400 9400
2026-04-27 04:29:27,002 [trainer.py] => Time:22.24755358695984
2026-04-27 04:29:27,002 [trainer.py] => ACC: {'total': 89.53, '00-01': 99.5, '02-03': 88.5, '04-05': 85.5, '06-07': 91.0, '08-09': 99.0, '10-11': 64.5, '12-13': 82.0, '14-15': 94.5, '16-17': 91.5, '18-19': 95.5, '20-21': 97.5, '22-23': 84.0, '24-25': 92.0, '26-27': 85.5, '28-29': 90.0, '30-31': 93.5, '32-33': 79.0, '34-35': 80.0, '36-37': 93.5, '38-39': 95.5, '40-41': 88.0, '42-43': 88.0, '44-45': 87.5, '46-47': 70.5, '48-49': 95.5, '50-51': 88.5, '52-53': 92.0, '54-55': 89.5, '56-57': 92.5, '58-59': 88.5, '60-61': 92.0, '62-63': 89.5, '64-65': 83.0, '66-67': 88.5, '68-69': 93.0, '70-71': 94.5, '72-73': 85.5, '74-75': 86.0, '76-77': 96.0, '78-79': 97.0, '80-81': 85.0, '82-83': 94.5, '84-85': 92.5, '86-87': 91.5, '88-89': 93.5, '90-91': 94.0, '92-93': 89.5, 'old': 89.53, 'new': 89.5}
2026-04-27 04:29:27,002 [trainer.py] => ACC top1 curve: [100.0, 99.5, 99.0, 98.5, 99.0, 96.0, 95.79, 96.19, 95.83, 95.75, 95.86, 95.79, 95.23, 95.11, 94.4, 94.34, 94.03, 93.22, 93.21, 93.2, 93.1, 92.7, 92.35, 91.98, 91.98, 91.88, 91.0, 90.89, 90.86, 90.3, 89.95, 89.75, 89.68, 89.6, 89.69, 89.54, 89.34, 89.13, 89.29, 89.42, 89.32, 89.49, 89.52, 89.51, 89.58, 89.67, 89.53]
Average Accuracy: 92.74468085106383
2026-04-27 04:29:27,002 [trainer.py] => Average Accuracy: 92.74468085106383
2026-04-27 04:29:27,012 [trainer.py] => All params: 125940251
2026-04-27 04:29:27,019 [trainer.py] => Trainable params: 370178
2026-04-27 04:29:27,019 [palora.py] => Learning on 94-96
Parameters to be updated: {'image_encoder.blocks.2.attn.lora_A_k.47.weight', 'image_encoder.blocks.4.attn.lora_A_k.47.weight', 'image_encoder.blocks.11.attn.lora_B_k.47.weight', 'image_encoder.blocks.7.attn.lora_A_k.47.weight', 'image_encoder.blocks.5.attn.lora_B_k.47.weight', 'image_encoder.blocks.4.attn.lora_B_k.47.weight', 'image_encoder.blocks.9.attn.lora_B_v.47.weight', 'image_encoder.blocks.2.attn.lora_B_v.47.weight', 'image_encoder.blocks.0.attn.lora_A_v.47.weight', 'image_encoder.blocks.0.attn.lora_A_k.47.weight', 'image_encoder.blocks.11.attn.lora_A_k.47.weight', 'image_encoder.blocks.9.attn.lora_A_v.47.weight', 'image_encoder.blocks.7.attn.lora_B_k.47.weight', 'image_encoder.blocks.10.attn.lora_A_v.47.weight', 'image_encoder.blocks.8.attn.lora_A_v.47.weight', 'image_encoder.blocks.0.attn.lora_B_k.47.weight', 'image_encoder.blocks.11.attn.lora_A_v.47.weight', 'image_encoder.blocks.5.attn.lora_A_k.47.weight', 'classifier_pool.47.weight', 'image_encoder.blocks.5.attn.lora_A_v.47.weight', 'image_encoder.blocks.9.attn.lora_A_k.47.weight', 'image_encoder.blocks.11.attn.lora_B_v.47.weight', 'image_encoder.blocks.9.attn.lora_B_k.47.weight', 'image_encoder.blocks.10.attn.lora_B_v.47.weight', 'image_encoder.blocks.2.attn.lora_B_k.47.weight', 'image_encoder.blocks.6.attn.lora_A_k.47.weight', 'image_encoder.blocks.7.attn.lora_B_v.47.weight', 'image_encoder.blocks.6.attn.lora_A_v.47.weight', 'classifier_pool.47.bias', 'image_encoder.blocks.1.attn.lora_A_k.47.weight', 'image_encoder.blocks.1.attn.lora_A_v.47.weight', 'image_encoder.blocks.3.attn.lora_B_v.47.weight', 'image_encoder.blocks.0.attn.lora_B_v.47.weight', 'image_encoder.blocks.5.attn.lora_B_v.47.weight', 'image_encoder.blocks.4.attn.lora_B_v.47.weight', 'image_encoder.blocks.3.attn.lora_B_k.47.weight', 'image_encoder.blocks.8.attn.lora_B_v.47.weight', 'image_encoder.blocks.1.attn.lora_B_v.47.weight', 'image_encoder.blocks.6.attn.lora_B_v.47.weight', 'image_encoder.blocks.2.attn.lora_A_v.47.weight', 'image_encoder.blocks.10.attn.lora_B_k.47.weight', 'image_encoder.blocks.4.attn.lora_A_v.47.weight', 'image_encoder.blocks.6.attn.lora_B_k.47.weight', 'image_encoder.blocks.3.attn.lora_A_v.47.weight', 'image_encoder.blocks.8.attn.lora_B_k.47.weight', 'image_encoder.blocks.3.attn.lora_A_k.47.weight', 'image_encoder.blocks.1.attn.lora_B_k.47.weight', 'image_encoder.blocks.10.attn.lora_A_k.47.weight', 'image_encoder.blocks.7.attn.lora_A_v.47.weight', 'image_encoder.blocks.8.attn.lora_A_k.47.weight'}
After trained on task 46 tensor(0.0247, device='cuda:0') tensor(0.0235, device='cuda:0')
After trained on task 46 tensor(0.0237, device='cuda:0') tensor(0.0242, device='cuda:0')
After trained on task 46 tensor(0.0222, device='cuda:0') tensor(0.0272, device='cuda:0')
After trained on task 46 tensor(0.0213, device='cuda:0') tensor(0.0248, device='cuda:0')
After trained on task 46 tensor(0.0237, device='cuda:0') tensor(0.0288, device='cuda:0')
After trained on task 46 tensor(0.0259, device='cuda:0') tensor(0.0325, device='cuda:0')
After trained on task 46 tensor(0.0251, device='cuda:0') tensor(0.0349, device='cuda:0')
After trained on task 46 tensor(0.0283, device='cuda:0') tensor(0.0428, device='cuda:0')
After trained on task 46 tensor(0.0282, device='cuda:0') tensor(0.0592, device='cuda:0')
After trained on task 46 tensor(0.0349, device='cuda:0') tensor(0.0913, device='cuda:0')
After trained on task 46 tensor(0.0408, device='cuda:0') tensor(0.1161, device='cuda:0')
After trained on task 46 tensor(0.2446, device='cuda:0') tensor(0.2077, device='cuda:0')
reserving basis 156/768; cond: 9799040000.0, ratio:0.9911244511604309
reserving basis 156/768; cond: 9799040000.0, ratio:0.9911244511604309
reserving basis 175/768; cond: 32496883712.0, ratio:0.9910197257995605
reserving basis 175/768; cond: 32496883712.0, ratio:0.9910197257995605
reserving basis 161/768; cond: 45993111552.0, ratio:0.9910707473754883
reserving basis 161/768; cond: 45993111552.0, ratio:0.9910707473754883
reserving basis 174/768; cond: 59186823168.0, ratio:0.991406261920929
reserving basis 174/768; cond: 59186823168.0, ratio:0.991406261920929
reserving basis 171/768; cond: 238444380160.0, ratio:0.9908292293548584
reserving basis 171/768; cond: 238444380160.0, ratio:0.9908292293548584
reserving basis 173/768; cond: 292029267968.0, ratio:0.9904874563217163
reserving basis 173/768; cond: 292029267968.0, ratio:0.9904874563217163
reserving basis 180/768; cond: 181532049408.0, ratio:0.9905303120613098
reserving basis 180/768; cond: 181532049408.0, ratio:0.9905303120613098
reserving basis 173/768; cond: 47515914240.0, ratio:0.9913385510444641
reserving basis 173/768; cond: 47515914240.0, ratio:0.9913385510444641
reserving basis 186/768; cond: 29046835200.0, ratio:0.9908411502838135
reserving basis 186/768; cond: 29046835200.0, ratio:0.9908411502838135
reserving basis 169/768; cond: 9319004160.0, ratio:0.9902350902557373
reserving basis 169/768; cond: 9319004160.0, ratio:0.9902350902557373
reserving basis 182/768; cond: 24919033856.0, ratio:0.9905620217323303
reserving basis 182/768; cond: 24919033856.0, ratio:0.9905620217323303
reserving basis 168/768; cond: 55695208448.0, ratio:0.9906593561172485
reserving basis 168/768; cond: 55695208448.0, ratio:0.9906593561172485
reserving basis 179/768; cond: 51808337920.0, ratio:0.9903099536895752
reserving basis 179/768; cond: 51808337920.0, ratio:0.9903099536895752
reserving basis 164/768; cond: 35513745408.0, ratio:0.9910610318183899
reserving basis 164/768; cond: 35513745408.0, ratio:0.9910610318183899
reserving basis 186/768; cond: 24686376960.0, ratio:0.9909847378730774
reserving basis 186/768; cond: 24686376960.0, ratio:0.9909847378730774
reserving basis 161/768; cond: 16537715712.0, ratio:0.9902575612068176
reserving basis 161/768; cond: 16537715712.0, ratio:0.9902575612068176
reserving basis 187/768; cond: 51177865216.0, ratio:0.9908655285835266
reserving basis 187/768; cond: 51177865216.0, ratio:0.9908655285835266
reserving basis 151/768; cond: 21657507840.0, ratio:0.9914861917495728
reserving basis 151/768; cond: 21657507840.0, ratio:0.9914861917495728
reserving basis 168/768; cond: 229032574976.0, ratio:0.9911187887191772
reserving basis 168/768; cond: 229032574976.0, ratio:0.9911187887191772
reserving basis 127/768; cond: 15575890944.0, ratio:0.990077793598175
reserving basis 127/768; cond: 15575890944.0, ratio:0.990077793598175
reserving basis 134/768; cond: 32494090240.0, ratio:0.9914948344230652
reserving basis 134/768; cond: 32494090240.0, ratio:0.9914948344230652
reserving basis 116/768; cond: 22299215872.0, ratio:0.9916353225708008
reserving basis 116/768; cond: 22299215872.0, ratio:0.9916353225708008
reserving basis 67/768; cond: 13969773568.0, ratio:0.9917367696762085
reserving basis 67/768; cond: 13969773568.0, ratio:0.9917367696762085
reserving basis 94/768; cond: 45343461376.0, ratio:0.9917885065078735
reserving basis 94/768; cond: 45343461376.0, ratio:0.9917885065078735
2026-04-27 04:32:20,648 [palora.py] => Task 47, Epoch 20/20 => Loss 0.311, Train_accy 99.90
2026-04-27 04:32:25,013 [trainer.py] => Time:177.99355816841125
9600 9600
2026-04-27 04:32:47,895 [trainer.py] => Time:22.882367610931396
2026-04-27 04:32:47,896 [trainer.py] => ACC: {'total': 89.46, '00-01': 99.5, '02-03': 87.5, '04-05': 85.5, '06-07': 90.5, '08-09': 99.0, '10-11': 64.5, '12-13': 82.0, '14-15': 94.5, '16-17': 91.5, '18-19': 95.5, '20-21': 97.0, '22-23': 84.0, '24-25': 92.5, '26-27': 85.5, '28-29': 90.5, '30-31': 91.5, '32-33': 79.5, '34-35': 80.0, '36-37': 93.0, '38-39': 95.5, '40-41': 88.5, '42-43': 87.5, '44-45': 87.5, '46-47': 70.5, '48-49': 95.5, '50-51': 88.0, '52-53': 92.0, '54-55': 88.5, '56-57': 92.0, '58-59': 88.5, '60-61': 92.5, '62-63': 88.5, '64-65': 83.0, '66-67': 88.0, '68-69': 93.0, '70-71': 94.0, '72-73': 84.5, '74-75': 85.5, '76-77': 96.0, '78-79': 96.5, '80-81': 85.5, '82-83': 94.5, '84-85': 92.0, '86-87': 91.0, '88-89': 93.5, '90-91': 95.0, '92-93': 90.5, '94-95': 93.0, 'old': 89.38, 'new': 93.0}
2026-04-27 04:32:47,896 [trainer.py] => ACC top1 curve: [100.0, 99.5, 99.0, 98.5, 99.0, 96.0, 95.79, 96.19, 95.83, 95.75, 95.86, 95.79, 95.23, 95.11, 94.4, 94.34, 94.03, 93.22, 93.21, 93.2, 93.1, 92.7, 92.35, 91.98, 91.98, 91.88, 91.0, 90.89, 90.86, 90.3, 89.95, 89.75, 89.68, 89.6, 89.69, 89.54, 89.34, 89.13, 89.29, 89.42, 89.32, 89.49, 89.52, 89.51, 89.58, 89.67, 89.53, 89.46]
Average Accuracy: 92.67625
2026-04-27 04:32:47,896 [trainer.py] => Average Accuracy: 92.67625
2026-04-27 04:32:47,905 [trainer.py] => All params: 125940251
2026-04-27 04:32:47,912 [trainer.py] => Trainable params: 370178
2026-04-27 04:32:47,912 [palora.py] => Learning on 96-98
Parameters to be updated: {'image_encoder.blocks.6.attn.lora_A_k.48.weight', 'image_encoder.blocks.10.attn.lora_B_k.48.weight', 'image_encoder.blocks.4.attn.lora_A_v.48.weight', 'image_encoder.blocks.9.attn.lora_B_v.48.weight', 'image_encoder.blocks.3.attn.lora_A_v.48.weight', 'image_encoder.blocks.1.attn.lora_A_v.48.weight', 'image_encoder.blocks.8.attn.lora_A_k.48.weight', 'classifier_pool.48.weight', 'image_encoder.blocks.2.attn.lora_A_k.48.weight', 'image_encoder.blocks.2.attn.lora_A_v.48.weight', 'image_encoder.blocks.9.attn.lora_A_k.48.weight', 'image_encoder.blocks.7.attn.lora_A_v.48.weight', 'image_encoder.blocks.7.attn.lora_B_v.48.weight', 'image_encoder.blocks.9.attn.lora_B_k.48.weight', 'image_encoder.blocks.5.attn.lora_B_v.48.weight', 'image_encoder.blocks.0.attn.lora_A_v.48.weight', 'image_encoder.blocks.11.attn.lora_B_k.48.weight', 'image_encoder.blocks.9.attn.lora_A_v.48.weight', 'image_encoder.blocks.0.attn.lora_B_v.48.weight', 'image_encoder.blocks.7.attn.lora_B_k.48.weight', 'image_encoder.blocks.8.attn.lora_B_v.48.weight', 'image_encoder.blocks.0.attn.lora_A_k.48.weight', 'image_encoder.blocks.6.attn.lora_B_v.48.weight', 'image_encoder.blocks.4.attn.lora_B_v.48.weight', 'image_encoder.blocks.4.attn.lora_A_k.48.weight', 'image_encoder.blocks.2.attn.lora_B_v.48.weight', 'image_encoder.blocks.1.attn.lora_A_k.48.weight', 'image_encoder.blocks.10.attn.lora_A_k.48.weight', 'image_encoder.blocks.5.attn.lora_A_v.48.weight', 'image_encoder.blocks.10.attn.lora_B_v.48.weight', 'image_encoder.blocks.4.attn.lora_B_k.48.weight', 'image_encoder.blocks.11.attn.lora_A_v.48.weight', 'image_encoder.blocks.10.attn.lora_A_v.48.weight', 'image_encoder.blocks.7.attn.lora_A_k.48.weight', 'image_encoder.blocks.0.attn.lora_B_k.48.weight', 'image_encoder.blocks.11.attn.lora_A_k.48.weight', 'image_encoder.blocks.3.attn.lora_B_k.48.weight', 'image_encoder.blocks.5.attn.lora_B_k.48.weight', 'image_encoder.blocks.1.attn.lora_B_k.48.weight', 'image_encoder.blocks.8.attn.lora_B_k.48.weight', 'image_encoder.blocks.1.attn.lora_B_v.48.weight', 'image_encoder.blocks.3.attn.lora_B_v.48.weight', 'image_encoder.blocks.6.attn.lora_A_v.48.weight', 'image_encoder.blocks.5.attn.lora_A_k.48.weight', 'image_encoder.blocks.11.attn.lora_B_v.48.weight', 'image_encoder.blocks.8.attn.lora_A_v.48.weight', 'image_encoder.blocks.6.attn.lora_B_k.48.weight', 'classifier_pool.48.bias', 'image_encoder.blocks.2.attn.lora_B_k.48.weight', 'image_encoder.blocks.3.attn.lora_A_k.48.weight'}
After trained on task 47 tensor(0.0305, device='cuda:0') tensor(0.0287, device='cuda:0')
After trained on task 47 tensor(0.0257, device='cuda:0') tensor(0.0294, device='cuda:0')
After trained on task 47 tensor(0.0270, device='cuda:0') tensor(0.0358, device='cuda:0')
After trained on task 47 tensor(0.0295, device='cuda:0') tensor(0.0336, device='cuda:0')
After trained on task 47 tensor(0.0315, device='cuda:0') tensor(0.0405, device='cuda:0')
After trained on task 47 tensor(0.0384, device='cuda:0') tensor(0.0430, device='cuda:0')
After trained on task 47 tensor(0.0523, device='cuda:0') tensor(0.0513, device='cuda:0')
After trained on task 47 tensor(0.0340, device='cuda:0') tensor(0.0608, device='cuda:0')
After trained on task 47 tensor(0.0333, device='cuda:0') tensor(0.0784, device='cuda:0')
After trained on task 47 tensor(0.0577, device='cuda:0') tensor(0.1883, device='cuda:0')
After trained on task 47 tensor(0.0738, device='cuda:0') tensor(0.1616, device='cuda:0')
After trained on task 47 tensor(0.3122, device='cuda:0') tensor(0.3479, device='cuda:0')
reserving basis 156/768; cond: 15670035456.0, ratio:0.9904404282569885
reserving basis 156/768; cond: 15670035456.0, ratio:0.9904404282569885
reserving basis 176/768; cond: 82533089280.0, ratio:0.9906690120697021
reserving basis 176/768; cond: 82533089280.0, ratio:0.9906690120697021
reserving basis 162/768; cond: 11838380032.0, ratio:0.9913752675056458
reserving basis 162/768; cond: 11838380032.0, ratio:0.9913752675056458
reserving basis 174/768; cond: 37520019456.0, ratio:0.9910632967948914
reserving basis 174/768; cond: 37520019456.0, ratio:0.9910632967948914
reserving basis 171/768; cond: 102060376064.0, ratio:0.990480899810791
reserving basis 171/768; cond: 102060376064.0, ratio:0.990480899810791
reserving basis 174/768; cond: 29533188096.0, ratio:0.9906808137893677
reserving basis 174/768; cond: 29533188096.0, ratio:0.9906808137893677
reserving basis 181/768; cond: 38232182784.0, ratio:0.9912720322608948
reserving basis 181/768; cond: 38232182784.0, ratio:0.9912720322608948
reserving basis 174/768; cond: 189498245120.0, ratio:0.9912046194076538
reserving basis 174/768; cond: 189498245120.0, ratio:0.9912046194076538
reserving basis 187/768; cond: 38357774336.0, ratio:0.9909416437149048
reserving basis 187/768; cond: 38357774336.0, ratio:0.9909416437149048
reserving basis 170/768; cond: 14897307648.0, ratio:0.9911771416664124
reserving basis 170/768; cond: 14897307648.0, ratio:0.9911771416664124
reserving basis 182/768; cond: 32347099136.0, ratio:0.990317702293396
reserving basis 182/768; cond: 32347099136.0, ratio:0.990317702293396
reserving basis 169/768; cond: 14769857536.0, ratio:0.9902597665786743
reserving basis 169/768; cond: 14769857536.0, ratio:0.9902597665786743
reserving basis 180/768; cond: 41140494336.0, ratio:0.9910733699798584
reserving basis 180/768; cond: 41140494336.0, ratio:0.9910733699798584
reserving basis 165/768; cond: 43742334976.0, ratio:0.99067622423172
reserving basis 165/768; cond: 43742334976.0, ratio:0.99067622423172
reserving basis 187/768; cond: 296744583168.0, ratio:0.9906856417655945
reserving basis 187/768; cond: 296744583168.0, ratio:0.9906856417655945
reserving basis 162/768; cond: 288311083008.0, ratio:0.9910956621170044
reserving basis 162/768; cond: 288311083008.0, ratio:0.9910956621170044
reserving basis 188/768; cond: 70575005696.0, ratio:0.9906594753265381
reserving basis 188/768; cond: 70575005696.0, ratio:0.9906594753265381
reserving basis 152/768; cond: 15163184128.0, ratio:0.9912729263305664
reserving basis 152/768; cond: 15163184128.0, ratio:0.9912729263305664
reserving basis 168/768; cond: 129184112640.0, ratio:0.9907103776931763
reserving basis 168/768; cond: 129184112640.0, ratio:0.9907103776931763
reserving basis 127/768; cond: 48717062144.0, ratio:0.9901080131530762
reserving basis 127/768; cond: 48717062144.0, ratio:0.9901080131530762
reserving basis 135/768; cond: 424765915136.0, ratio:0.991549015045166
reserving basis 135/768; cond: 424765915136.0, ratio:0.991549015045166
reserving basis 117/768; cond: 42032508928.0, ratio:0.9915938377380371
reserving basis 117/768; cond: 42032508928.0, ratio:0.9915938377380371
reserving basis 68/768; cond: 475378286592.0, ratio:0.9928598403930664
reserving basis 68/768; cond: 475378286592.0, ratio:0.9928598403930664
reserving basis 94/768; cond: 95947800576.0, ratio:0.9905519485473633
reserving basis 94/768; cond: 95947800576.0, ratio:0.9905519485473633
2026-04-27 04:35:40,704 [palora.py] => Task 48, Epoch 20/20 => Loss 0.356, Train_accy 99.20
2026-04-27 04:35:45,197 [trainer.py] => Time:177.28427076339722
9800 9800
2026-04-27 04:36:08,581 [trainer.py] => Time:23.384032249450684
2026-04-27 04:36:08,581 [trainer.py] => ACC: {'total': 89.12, '00-01': 99.5, '02-03': 88.0, '04-05': 85.5, '06-07': 90.0, '08-09': 99.0, '10-11': 62.5, '12-13': 81.5, '14-15': 94.5, '16-17': 91.5, '18-19': 95.0, '20-21': 97.0, '22-23': 84.5, '24-25': 92.5, '26-27': 85.5, '28-29': 90.5, '30-31': 91.5, '32-33': 78.0, '34-35': 79.0, '36-37': 93.0, '38-39': 95.0, '40-41': 88.0, '42-43': 86.5, '44-45': 87.0, '46-47': 69.5, '48-49': 95.0, '50-51': 87.5, '52-53': 90.0, '54-55': 89.0, '56-57': 92.0, '58-59': 87.5, '60-61': 92.5, '62-63': 88.5, '64-65': 83.5, '66-67': 88.5, '68-69': 94.0, '70-71': 94.0, '72-73': 84.0, '74-75': 86.0, '76-77': 96.0, '78-79': 97.0, '80-81': 85.5, '82-83': 94.0, '84-85': 92.0, '86-87': 91.0, '88-89': 93.5, '90-91': 95.0, '92-93': 89.5, '94-95': 92.5, '96-97': 84.5, 'old': 89.22, 'new': 84.5}
2026-04-27 04:36:08,582 [trainer.py] => ACC top1 curve: [100.0, 99.5, 99.0, 98.5, 99.0, 96.0, 95.79, 96.19, 95.83, 95.75, 95.86, 95.79, 95.23, 95.11, 94.4, 94.34, 94.03, 93.22, 93.21, 93.2, 93.1, 92.7, 92.35, 91.98, 91.98, 91.88, 91.0, 90.89, 90.86, 90.3, 89.95, 89.75, 89.68, 89.6, 89.69, 89.54, 89.34, 89.13, 89.29, 89.42, 89.32, 89.49, 89.52, 89.51, 89.58, 89.67, 89.53, 89.46, 89.12]
Average Accuracy: 92.60367346938776
2026-04-27 04:36:08,582 [trainer.py] => Average Accuracy: 92.60367346938776
2026-04-27 04:36:08,591 [trainer.py] => All params: 125940251
2026-04-27 04:36:08,598 [trainer.py] => Trainable params: 370178
2026-04-27 04:36:08,598 [palora.py] => Learning on 98-100
Parameters to be updated: {'image_encoder.blocks.6.attn.lora_B_k.49.weight', 'image_encoder.blocks.2.attn.lora_A_k.49.weight', 'image_encoder.blocks.4.attn.lora_A_k.49.weight', 'image_encoder.blocks.1.attn.lora_A_v.49.weight', 'image_encoder.blocks.9.attn.lora_A_v.49.weight', 'image_encoder.blocks.4.attn.lora_A_v.49.weight', 'image_encoder.blocks.0.attn.lora_A_v.49.weight', 'image_encoder.blocks.10.attn.lora_B_v.49.weight', 'image_encoder.blocks.10.attn.lora_A_v.49.weight', 'image_encoder.blocks.11.attn.lora_A_v.49.weight', 'image_encoder.blocks.9.attn.lora_A_k.49.weight', 'image_encoder.blocks.3.attn.lora_B_k.49.weight', 'image_encoder.blocks.5.attn.lora_B_v.49.weight', 'image_encoder.blocks.0.attn.lora_B_k.49.weight', 'image_encoder.blocks.3.attn.lora_A_v.49.weight', 'image_encoder.blocks.9.attn.lora_B_v.49.weight', 'image_encoder.blocks.2.attn.lora_B_v.49.weight', 'image_encoder.blocks.4.attn.lora_B_v.49.weight', 'image_encoder.blocks.5.attn.lora_A_v.49.weight', 'image_encoder.blocks.3.attn.lora_A_k.49.weight', 'image_encoder.blocks.11.attn.lora_B_k.49.weight', 'image_encoder.blocks.2.attn.lora_B_k.49.weight', 'image_encoder.blocks.10.attn.lora_A_k.49.weight', 'image_encoder.blocks.6.attn.lora_A_v.49.weight', 'image_encoder.blocks.5.attn.lora_B_k.49.weight', 'image_encoder.blocks.1.attn.lora_B_v.49.weight', 'image_encoder.blocks.11.attn.lora_A_k.49.weight', 'image_encoder.blocks.0.attn.lora_A_k.49.weight', 'image_encoder.blocks.7.attn.lora_A_k.49.weight', 'image_encoder.blocks.7.attn.lora_B_v.49.weight', 'classifier_pool.49.bias', 'image_encoder.blocks.2.attn.lora_A_v.49.weight', 'image_encoder.blocks.8.attn.lora_B_k.49.weight', 'image_encoder.blocks.8.attn.lora_A_v.49.weight', 'image_encoder.blocks.7.attn.lora_B_k.49.weight', 'image_encoder.blocks.6.attn.lora_B_v.49.weight', 'image_encoder.blocks.0.attn.lora_B_v.49.weight', 'image_encoder.blocks.11.attn.lora_B_v.49.weight', 'image_encoder.blocks.4.attn.lora_B_k.49.weight', 'image_encoder.blocks.3.attn.lora_B_v.49.weight', 'image_encoder.blocks.7.attn.lora_A_v.49.weight', 'image_encoder.blocks.10.attn.lora_B_k.49.weight', 'image_encoder.blocks.5.attn.lora_A_k.49.weight', 'image_encoder.blocks.8.attn.lora_A_k.49.weight', 'classifier_pool.49.weight', 'image_encoder.blocks.1.attn.lora_A_k.49.weight', 'image_encoder.blocks.6.attn.lora_A_k.49.weight', 'image_encoder.blocks.1.attn.lora_B_k.49.weight', 'image_encoder.blocks.8.attn.lora_B_v.49.weight', 'image_encoder.blocks.9.attn.lora_B_k.49.weight'}
After trained on task 48 tensor(0.0292, device='cuda:0') tensor(0.0260, device='cuda:0')
After trained on task 48 tensor(0.0263, device='cuda:0') tensor(0.0296, device='cuda:0')
After trained on task 48 tensor(0.0241, device='cuda:0') tensor(0.0301, device='cuda:0')
After trained on task 48 tensor(0.0258, device='cuda:0') tensor(0.0351, device='cuda:0')
After trained on task 48 tensor(0.0288, device='cuda:0') tensor(0.0334, device='cuda:0')
After trained on task 48 tensor(0.0307, device='cuda:0') tensor(0.0376, device='cuda:0')
After trained on task 48 tensor(0.0352, device='cuda:0') tensor(0.0435, device='cuda:0')
After trained on task 48 tensor(0.0336, device='cuda:0') tensor(0.0473, device='cuda:0')
After trained on task 48 tensor(0.0328, device='cuda:0') tensor(0.0541, device='cuda:0')
After trained on task 48 tensor(0.0319, device='cuda:0') tensor(0.0728, device='cuda:0')
After trained on task 48 tensor(0.0492, device='cuda:0') tensor(0.0909, device='cuda:0')
After trained on task 48 tensor(0.2543, device='cuda:0') tensor(0.1881, device='cuda:0')
reserving basis 157/768; cond: 2384825942016.0, ratio:0.990710437297821
reserving basis 157/768; cond: 2384825942016.0, ratio:0.990710437297821
reserving basis 177/768; cond: 33611380736.0, ratio:0.9914455413818359
reserving basis 177/768; cond: 33611380736.0, ratio:0.9914455413818359
reserving basis 162/768; cond: 47454937088.0, ratio:0.9909102916717529
reserving basis 162/768; cond: 47454937088.0, ratio:0.9909102916717529
reserving basis 175/768; cond: 16261223424.0, ratio:0.9915536642074585
reserving basis 175/768; cond: 16261223424.0, ratio:0.9915536642074585
reserving basis 172/768; cond: 153013452800.0, ratio:0.9913185834884644
reserving basis 172/768; cond: 153013452800.0, ratio:0.9913185834884644
reserving basis 175/768; cond: 9784551424.0, ratio:0.9909068942070007
reserving basis 175/768; cond: 9784551424.0, ratio:0.9909068942070007
reserving basis 182/768; cond: 69832425472.0, ratio:0.9905829429626465
reserving basis 182/768; cond: 69832425472.0, ratio:0.9905829429626465
reserving basis 175/768; cond: 42060410880.0, ratio:0.9910068511962891
reserving basis 175/768; cond: 42060410880.0, ratio:0.9910068511962891
reserving basis 188/768; cond: 28021796864.0, ratio:0.9912422299385071
reserving basis 188/768; cond: 28021796864.0, ratio:0.9912422299385071
reserving basis 170/768; cond: 18886891520.0, ratio:0.990348756313324
reserving basis 170/768; cond: 18886891520.0, ratio:0.990348756313324
reserving basis 183/768; cond: 17263222784.0, ratio:0.9912473559379578
reserving basis 183/768; cond: 17263222784.0, ratio:0.9912473559379578
reserving basis 170/768; cond: 44975108096.0, ratio:0.9912283420562744
reserving basis 170/768; cond: 44975108096.0, ratio:0.9912283420562744
reserving basis 180/768; cond: 6277807104.0, ratio:0.9903751611709595
reserving basis 180/768; cond: 6277807104.0, ratio:0.9903751611709595
reserving basis 166/768; cond: 294125764608.0, ratio:0.9916367530822754
reserving basis 166/768; cond: 294125764608.0, ratio:0.9916367530822754
reserving basis 188/768; cond: 283238465536.0, ratio:0.9911277294158936
reserving basis 188/768; cond: 283238465536.0, ratio:0.9911277294158936
reserving basis 163/768; cond: 31731382272.0, ratio:0.990586519241333
reserving basis 163/768; cond: 31731382272.0, ratio:0.990586519241333
reserving basis 189/768; cond: 25101881344.0, ratio:0.991028368473053
reserving basis 189/768; cond: 25101881344.0, ratio:0.991028368473053
reserving basis 153/768; cond: 690788106240.0, ratio:0.991721510887146
reserving basis 153/768; cond: 690788106240.0, ratio:0.991721510887146
reserving basis 168/768; cond: 39338971136.0, ratio:0.9903196692466736
reserving basis 168/768; cond: 39338971136.0, ratio:0.9903196692466736
reserving basis 128/768; cond: 98337677312.0, ratio:0.9914807081222534
reserving basis 128/768; cond: 98337677312.0, ratio:0.9914807081222534
reserving basis 136/768; cond: 73699844096.0, ratio:0.991542398929596
reserving basis 136/768; cond: 73699844096.0, ratio:0.991542398929596
reserving basis 117/768; cond: 162204336128.0, ratio:0.9902872443199158
reserving basis 117/768; cond: 162204336128.0, ratio:0.9902872443199158
reserving basis 68/768; cond: 23855722496.0, ratio:0.9908156394958496
reserving basis 68/768; cond: 23855722496.0, ratio:0.9908156394958496
reserving basis 94/768; cond: 74781425664.0, ratio:0.9902304410934448
reserving basis 94/768; cond: 74781425664.0, ratio:0.9902304410934448
2026-04-27 04:39:02,539 [palora.py] => Task 49, Epoch 20/20 => Loss 0.351, Train_accy 99.30
2026-04-27 04:39:06,966 [trainer.py] => Time:178.3680260181427
10000 10000
2026-04-27 04:39:30,739 [trainer.py] => Time:23.77321219444275
2026-04-27 04:39:30,740 [trainer.py] => ACC: {'total': 88.86, '00-01': 99.5, '02-03': 88.0, '04-05': 85.0, '06-07': 90.0, '08-09': 99.0, '10-11': 62.0, '12-13': 81.5, '14-15': 94.5, '16-17': 91.0, '18-19': 95.0, '20-21': 97.0, '22-23': 84.0, '24-25': 92.5, '26-27': 85.5, '28-29': 90.5, '30-31': 91.5, '32-33': 77.5, '34-35': 76.0, '36-37': 93.0, '38-39': 95.0, '40-41': 88.0, '42-43': 86.5, '44-45': 87.5, '46-47': 67.0, '48-49': 95.0, '50-51': 87.5, '52-53': 90.0, '54-55': 89.0, '56-57': 92.0, '58-59': 87.0, '60-61': 92.5, '62-63': 88.5, '64-65': 83.5, '66-67': 88.5, '68-69': 92.5, '70-71': 94.0, '72-73': 84.5, '74-75': 86.0, '76-77': 96.0, '78-79': 92.0, '80-81': 84.5, '82-83': 94.0, '84-85': 92.5, '86-87': 90.5, '88-89': 93.5, '90-91': 95.0, '92-93': 90.0, '94-95': 92.5, '96-97': 84.5, '98-99': 90.5, 'old': 88.83, 'new': 90.5}
2026-04-27 04:39:30,740 [trainer.py] => ACC top1 curve: [100.0, 99.5, 99.0, 98.5, 99.0, 96.0, 95.79, 96.19, 95.83, 95.75, 95.86, 95.79, 95.23, 95.11, 94.4, 94.34, 94.03, 93.22, 93.21, 93.2, 93.1, 92.7, 92.35, 91.98, 91.98, 91.88, 91.0, 90.89, 90.86, 90.3, 89.95, 89.75, 89.68, 89.6, 89.69, 89.54, 89.34, 89.13, 89.29, 89.42, 89.32, 89.49, 89.52, 89.51, 89.58, 89.67, 89.53, 89.46, 89.12, 88.86]
Average Accuracy: 92.52879999999999
2026-04-27 04:39:30,740 [trainer.py] => Average Accuracy: 92.52879999999999
