logs/ImageNet_A/10_10_sip/palora/Adam/0
2026-04-27 17:57:33,744 [trainer.py] => config: configs/palora/ia20_palora.json
2026-04-27 17:57:33,744 [trainer.py] => device: [device(type='cuda', index=0)]
2026-04-27 17:57:33,744 [trainer.py] => eval: False
2026-04-27 17:57:33,744 [trainer.py] => p: 0.5
2026-04-27 17:57:33,744 [trainer.py] => prefix: reproduce
2026-04-27 17:57:33,744 [trainer.py] => dataset: ImageNet_A
2026-04-27 17:57:33,744 [trainer.py] => data_path: data/imagenet-a
2026-04-27 17:57:33,744 [trainer.py] => memory_size: 0
2026-04-27 17:57:33,744 [trainer.py] => memory_per_class: 0
2026-04-27 17:57:33,744 [trainer.py] => fixed_memory: True
2026-04-27 17:57:33,744 [trainer.py] => shuffle: False
2026-04-27 17:57:33,744 [trainer.py] => seed: 0
2026-04-27 17:57:33,744 [trainer.py] => init_cls: 10
2026-04-27 17:57:33,745 [trainer.py] => increment: 10
2026-04-27 17:57:33,745 [trainer.py] => total_sessions: 20
2026-04-27 17:57:33,745 [trainer.py] => model_name: palora
2026-04-27 17:57:33,745 [trainer.py] => net_type: sip
2026-04-27 17:57:33,745 [trainer.py] => embd_dim: 768
2026-04-27 17:57:33,745 [trainer.py] => num_heads: 12
2026-04-27 17:57:33,745 [trainer.py] => EPSILON: 1e-08
2026-04-27 17:57:33,745 [trainer.py] => init_epoch: 40
2026-04-27 17:57:33,745 [trainer.py] => optim: Adam
2026-04-27 17:57:33,745 [trainer.py] => init_lr: 0.0005
2026-04-27 17:57:33,745 [trainer.py] => init_lr_decay: 0.1
2026-04-27 17:57:33,745 [trainer.py] => init_weight_decay: 0.0
2026-04-27 17:57:33,745 [trainer.py] => epochs: 50
2026-04-27 17:57:33,745 [trainer.py] => fc_lrate: 0.0005
2026-04-27 17:57:33,745 [trainer.py] => lrate: 0.0005
2026-04-27 17:57:33,745 [trainer.py] => lrate_decay: 0.1
2026-04-27 17:57:33,745 [trainer.py] => batch_size: 128
2026-04-27 17:57:33,745 [trainer.py] => weight_decay: 0.0
2026-04-27 17:57:33,745 [trainer.py] => rank: 10
2026-04-27 17:57:33,745 [trainer.py] => margin_inter: 2.0
2026-04-27 17:57:33,745 [trainer.py] => lambada: 0.5
2026-04-27 17:57:33,745 [trainer.py] => num_workers: 16
2026-04-27 17:57:33,776 [data_manager.py] => [0, 1, 2, 3, 4, 5, 6, 7, 8, 9, 10, 11, 12, 13, 14, 15, 16, 17, 18, 19, 20, 21, 22, 23, 24, 25, 26, 27, 28, 29, 30, 31, 32, 33, 34, 35, 36, 37, 38, 39, 40, 41, 42, 43, 44, 45, 46, 47, 48, 49, 50, 51, 52, 53, 54, 55, 56, 57, 58, 59, 60, 61, 62, 63, 64, 65, 66, 67, 68, 69, 70, 71, 72, 73, 74, 75, 76, 77, 78, 79, 80, 81, 82, 83, 84, 85, 86, 87, 88, 89, 90, 91, 92, 93, 94, 95, 96, 97, 98, 99, 100, 101, 102, 103, 104, 105, 106, 107, 108, 109, 110, 111, 112, 113, 114, 115, 116, 117, 118, 119, 120, 121, 122, 123, 124, 125, 126, 127, 128, 129, 130, 131, 132, 133, 134, 135, 136, 137, 138, 139, 140, 141, 142, 143, 144, 145, 146, 147, 148, 149, 150, 151, 152, 153, 154, 155, 156, 157, 158, 159, 160, 161, 162, 163, 164, 165, 166, 167, 168, 169, 170, 171, 172, 173, 174, 175, 176, 177, 178, 179, 180, 181, 182, 183, 184, 185, 186, 187, 188, 189, 190, 191, 192, 193, 194, 195, 196, 197, 198, 199]
2026-04-27 17:57:36,447 [trainer.py] => All params: 115034851
2026-04-27 17:57:36,451 [trainer.py] => Trainable params: 115034851
2026-04-27 17:57:36,451 [palora.py] => Learning on 0-10
Parameters to be updated: {'image_encoder.blocks.4.attn.lora_B_v.0.weight', 'image_encoder.blocks.2.attn.lora_A_k.0.weight', 'image_encoder.blocks.6.attn.lora_A_k.0.weight', 'image_encoder.blocks.9.attn.lora_A_k.0.weight', 'image_encoder.blocks.8.attn.lora_A_v.0.weight', 'image_encoder.blocks.3.attn.lora_B_k.0.weight', 'image_encoder.blocks.6.attn.lora_B_k.0.weight', 'image_encoder.blocks.0.attn.lora_A_k.0.weight', 'image_encoder.blocks.3.attn.lora_B_v.0.weight', 'image_encoder.blocks.0.attn.lora_B_k.0.weight', 'image_encoder.blocks.1.attn.lora_B_v.0.weight', 'image_encoder.blocks.9.attn.lora_A_v.0.weight', 'image_encoder.blocks.2.attn.lora_A_v.0.weight', 'image_encoder.blocks.4.attn.lora_A_k.0.weight', 'image_encoder.blocks.6.attn.lora_A_v.0.weight', 'image_encoder.blocks.8.attn.lora_B_k.0.weight', 'image_encoder.blocks.1.attn.lora_A_v.0.weight', 'image_encoder.blocks.10.attn.lora_A_v.0.weight', 'image_encoder.blocks.9.attn.lora_B_k.0.weight', 'image_encoder.blocks.11.attn.lora_A_k.0.weight', 'image_encoder.blocks.0.attn.lora_A_v.0.weight', 'classifier_pool.0.weight', 'image_encoder.blocks.3.attn.lora_A_v.0.weight', 'image_encoder.blocks.4.attn.lora_A_v.0.weight', 'image_encoder.blocks.2.attn.lora_B_k.0.weight', 'image_encoder.blocks.7.attn.lora_B_v.0.weight', 'image_encoder.blocks.5.attn.lora_B_v.0.weight', 'image_encoder.blocks.11.attn.lora_A_v.0.weight', 'image_encoder.blocks.7.attn.lora_A_v.0.weight', 'image_encoder.blocks.6.attn.lora_B_v.0.weight', 'image_encoder.blocks.7.attn.lora_B_k.0.weight', 'image_encoder.blocks.8.attn.lora_A_k.0.weight', 'image_encoder.blocks.10.attn.lora_B_v.0.weight', 'image_encoder.blocks.11.attn.lora_B_v.0.weight', 'image_encoder.blocks.10.attn.lora_A_k.0.weight', 'image_encoder.blocks.11.attn.lora_B_k.0.weight', 'image_encoder.blocks.3.attn.lora_A_k.0.weight', 'image_encoder.blocks.9.attn.lora_B_v.0.weight', 'image_encoder.blocks.5.attn.lora_A_k.0.weight', 'image_encoder.blocks.4.attn.lora_B_k.0.weight', 'image_encoder.blocks.5.attn.lora_A_v.0.weight', 'image_encoder.blocks.10.attn.lora_B_k.0.weight', 'image_encoder.blocks.1.attn.lora_A_k.0.weight', 'image_encoder.blocks.5.attn.lora_B_k.0.weight', 'classifier_pool.0.bias', 'image_encoder.blocks.8.attn.lora_B_v.0.weight', 'image_encoder.blocks.1.attn.lora_B_k.0.weight', 'image_encoder.blocks.7.attn.lora_A_k.0.weight', 'image_encoder.blocks.2.attn.lora_B_v.0.weight', 'image_encoder.blocks.0.attn.lora_B_v.0.weight'}
2026-04-27 18:02:16,012 [palora.py] => Task 0, Epoch 40/40 => Loss 0.529, Train_accy 94.55
2026-04-27 18:02:30,459 [trainer.py] => Time:294.0074555873871
156 156
2026-04-27 18:02:34,466 [trainer.py] => Time:4.007294178009033
2026-04-27 18:02:34,466 [trainer.py] => ACC: {'total': 89.74, '00-09': 89.74, 'old': 0, 'new': 89.74}
2026-04-27 18:02:34,467 [trainer.py] => ACC top1 curve: [89.74]
Average Accuracy: 89.74
2026-04-27 18:02:34,467 [trainer.py] => Average Accuracy: 89.74
2026-04-27 18:02:34,472 [trainer.py] => All params: 115034851
2026-04-27 18:02:34,476 [trainer.py] => Trainable params: 376330
2026-04-27 18:02:34,476 [palora.py] => Learning on 10-20
Parameters to be updated: {'image_encoder.blocks.10.attn.lora_B_k.1.weight', 'image_encoder.blocks.3.attn.lora_A_v.1.weight', 'image_encoder.blocks.5.attn.lora_B_v.1.weight', 'image_encoder.blocks.9.attn.lora_B_k.1.weight', 'image_encoder.blocks.8.attn.lora_A_v.1.weight', 'image_encoder.blocks.1.attn.lora_B_k.1.weight', 'image_encoder.blocks.2.attn.lora_B_v.1.weight', 'image_encoder.blocks.7.attn.lora_A_k.1.weight', 'image_encoder.blocks.6.attn.lora_B_v.1.weight', 'image_encoder.blocks.2.attn.lora_A_k.1.weight', 'image_encoder.blocks.5.attn.lora_B_k.1.weight', 'image_encoder.blocks.3.attn.lora_B_k.1.weight', 'image_encoder.blocks.11.attn.lora_A_k.1.weight', 'image_encoder.blocks.6.attn.lora_A_k.1.weight', 'image_encoder.blocks.0.attn.lora_B_k.1.weight', 'image_encoder.blocks.10.attn.lora_A_k.1.weight', 'image_encoder.blocks.8.attn.lora_B_k.1.weight', 'image_encoder.blocks.3.attn.lora_A_k.1.weight', 'image_encoder.blocks.8.attn.lora_B_v.1.weight', 'image_encoder.blocks.5.attn.lora_A_k.1.weight', 'image_encoder.blocks.11.attn.lora_B_v.1.weight', 'image_encoder.blocks.7.attn.lora_B_v.1.weight', 'image_encoder.blocks.1.attn.lora_B_v.1.weight', 'image_encoder.blocks.6.attn.lora_B_k.1.weight', 'image_encoder.blocks.7.attn.lora_A_v.1.weight', 'image_encoder.blocks.9.attn.lora_A_v.1.weight', 'classifier_pool.1.bias', 'image_encoder.blocks.4.attn.lora_B_v.1.weight', 'image_encoder.blocks.2.attn.lora_A_v.1.weight', 'image_encoder.blocks.1.attn.lora_A_k.1.weight', 'image_encoder.blocks.11.attn.lora_A_v.1.weight', 'image_encoder.blocks.4.attn.lora_A_v.1.weight', 'image_encoder.blocks.11.attn.lora_B_k.1.weight', 'image_encoder.blocks.9.attn.lora_A_k.1.weight', 'image_encoder.blocks.8.attn.lora_A_k.1.weight', 'image_encoder.blocks.10.attn.lora_A_v.1.weight', 'image_encoder.blocks.7.attn.lora_B_k.1.weight', 'image_encoder.blocks.0.attn.lora_B_v.1.weight', 'image_encoder.blocks.0.attn.lora_A_k.1.weight', 'image_encoder.blocks.9.attn.lora_B_v.1.weight', 'image_encoder.blocks.4.attn.lora_A_k.1.weight', 'classifier_pool.1.weight', 'image_encoder.blocks.10.attn.lora_B_v.1.weight', 'image_encoder.blocks.5.attn.lora_A_v.1.weight', 'image_encoder.blocks.6.attn.lora_A_v.1.weight', 'image_encoder.blocks.0.attn.lora_A_v.1.weight', 'image_encoder.blocks.4.attn.lora_B_k.1.weight', 'image_encoder.blocks.3.attn.lora_B_v.1.weight', 'image_encoder.blocks.2.attn.lora_B_k.1.weight', 'image_encoder.blocks.1.attn.lora_A_v.1.weight'}
After trained on task 0 tensor(0.1618, device='cuda:0') tensor(0.1951, device='cuda:0')
After trained on task 0 tensor(0.3231, device='cuda:0') tensor(0.2853, device='cuda:0')
After trained on task 0 tensor(0.2056, device='cuda:0') tensor(0.2764, device='cuda:0')
After trained on task 0 tensor(0.2460, device='cuda:0') tensor(0.3670, device='cuda:0')
After trained on task 0 tensor(0.3006, device='cuda:0') tensor(0.3873, device='cuda:0')
After trained on task 0 tensor(0.2916, device='cuda:0') tensor(0.3818, device='cuda:0')
After trained on task 0 tensor(0.3232, device='cuda:0') tensor(0.4369, device='cuda:0')
After trained on task 0 tensor(0.3537, device='cuda:0') tensor(0.4688, device='cuda:0')
After trained on task 0 tensor(0.3399, device='cuda:0') tensor(0.4436, device='cuda:0')
After trained on task 0 tensor(0.4638, device='cuda:0') tensor(0.4497, device='cuda:0')
After trained on task 0 tensor(0.4461, device='cuda:0') tensor(0.5331, device='cuda:0')
After trained on task 0 tensor(0.6025, device='cuda:0') tensor(0.6126, device='cuda:0')
reserving basis 10/768; cond: 2091147460608.0, ratio:0.9999991655349731
reserving basis 10/768; cond: 2091147460608.0, ratio:0.9999991655349731
reserving basis 10/768; cond: 786200526848.0, ratio:0.999998927116394
reserving basis 10/768; cond: 786200526848.0, ratio:0.999998927116394
reserving basis 10/768; cond: 2971880390656.0, ratio:0.9999991655349731
reserving basis 10/768; cond: 2971880390656.0, ratio:0.9999991655349731
reserving basis 10/768; cond: 3997396893696.0, ratio:0.9999992251396179
reserving basis 10/768; cond: 3997396893696.0, ratio:0.9999992251396179
reserving basis 10/768; cond: 2595592077312.0, ratio:0.9999989867210388
reserving basis 10/768; cond: 2595592077312.0, ratio:0.9999989867210388
reserving basis 10/768; cond: 1462347628544.0, ratio:0.9999991059303284
reserving basis 10/768; cond: 1462347628544.0, ratio:0.9999991059303284
reserving basis 10/768; cond: 141733350342656.0, ratio:0.9999990463256836
reserving basis 10/768; cond: 141733350342656.0, ratio:0.9999990463256836
reserving basis 10/768; cond: 5146710900736.0, ratio:0.9999990463256836
reserving basis 10/768; cond: 5146710900736.0, ratio:0.9999990463256836
reserving basis 10/768; cond: 2132450344960.0, ratio:0.9999992847442627
reserving basis 10/768; cond: 2132450344960.0, ratio:0.9999992847442627
reserving basis 10/768; cond: 88861925441536.0, ratio:0.9999991655349731
reserving basis 10/768; cond: 88861925441536.0, ratio:0.9999991655349731
reserving basis 10/768; cond: 3900013019136.0, ratio:0.9999990463256836
reserving basis 10/768; cond: 3900013019136.0, ratio:0.9999990463256836
reserving basis 10/768; cond: 2953553379328.0, ratio:0.9999991059303284
reserving basis 10/768; cond: 2953553379328.0, ratio:0.9999991059303284
reserving basis 10/768; cond: 2170430685184.0, ratio:0.9999991059303284
reserving basis 10/768; cond: 2170430685184.0, ratio:0.9999991059303284
reserving basis 10/768; cond: 21400932843520.0, ratio:0.9999992251396179
reserving basis 10/768; cond: 21400932843520.0, ratio:0.9999992251396179
reserving basis 10/768; cond: 14158424702976.0, ratio:0.9999991059303284
reserving basis 10/768; cond: 14158424702976.0, ratio:0.9999991059303284
reserving basis 10/768; cond: 2273913602048.0, ratio:0.9999990463256836
reserving basis 10/768; cond: 2273913602048.0, ratio:0.9999990463256836
reserving basis 10/768; cond: 881744478208.0, ratio:0.9999991059303284
reserving basis 10/768; cond: 881744478208.0, ratio:0.9999991059303284
reserving basis 10/768; cond: 1814331785216.0, ratio:0.9999991655349731
reserving basis 10/768; cond: 1814331785216.0, ratio:0.9999991655349731
reserving basis 10/768; cond: 33395532890112.0, ratio:0.9999991655349731
reserving basis 10/768; cond: 33395532890112.0, ratio:0.9999991655349731
reserving basis 10/768; cond: 903764705280.0, ratio:0.9999992251396179
reserving basis 10/768; cond: 903764705280.0, ratio:0.9999992251396179
reserving basis 10/768; cond: 3849183821824.0, ratio:0.9999991059303284
reserving basis 10/768; cond: 3849183821824.0, ratio:0.9999991059303284
reserving basis 10/768; cond: 11654435700736.0, ratio:0.9999991655349731
reserving basis 10/768; cond: 11654435700736.0, ratio:0.9999991655349731
reserving basis 10/768; cond: 9253830000640.0, ratio:0.9999990463256836
reserving basis 10/768; cond: 9253830000640.0, ratio:0.9999990463256836
reserving basis 10/768; cond: 1080640602112.0, ratio:0.9999991655349731
reserving basis 10/768; cond: 1080640602112.0, ratio:0.9999991655349731
2026-04-27 18:08:05,560 [palora.py] => Task 1, Epoch 50/50 => Loss 0.531, Train_accy 95.99
2026-04-27 18:08:20,110 [trainer.py] => Time:345.63412952423096
307 307
2026-04-27 18:08:24,647 [trainer.py] => Time:4.536269664764404
2026-04-27 18:08:24,647 [trainer.py] => ACC: {'total': 85.34, '00-09': 85.26, '10-19': 85.43, 'old': 85.26, 'new': 85.43}
2026-04-27 18:08:24,647 [trainer.py] => ACC top1 curve: [89.74, 85.34]
Average Accuracy: 87.53999999999999
2026-04-27 18:08:24,647 [trainer.py] => Average Accuracy: 87.53999999999999
2026-04-27 18:08:24,652 [trainer.py] => All params: 115034851
2026-04-27 18:08:24,655 [trainer.py] => Trainable params: 376330
2026-04-27 18:08:24,656 [palora.py] => Learning on 20-30
Parameters to be updated: {'image_encoder.blocks.3.attn.lora_A_k.2.weight', 'image_encoder.blocks.8.attn.lora_A_k.2.weight', 'image_encoder.blocks.11.attn.lora_A_v.2.weight', 'image_encoder.blocks.2.attn.lora_B_k.2.weight', 'image_encoder.blocks.0.attn.lora_B_k.2.weight', 'image_encoder.blocks.4.attn.lora_B_k.2.weight', 'image_encoder.blocks.2.attn.lora_B_v.2.weight', 'image_encoder.blocks.7.attn.lora_A_k.2.weight', 'image_encoder.blocks.6.attn.lora_A_v.2.weight', 'image_encoder.blocks.3.attn.lora_B_v.2.weight', 'image_encoder.blocks.10.attn.lora_B_v.2.weight', 'image_encoder.blocks.10.attn.lora_A_k.2.weight', 'image_encoder.blocks.8.attn.lora_B_k.2.weight', 'image_encoder.blocks.5.attn.lora_A_k.2.weight', 'image_encoder.blocks.3.attn.lora_B_k.2.weight', 'classifier_pool.2.weight', 'image_encoder.blocks.3.attn.lora_A_v.2.weight', 'image_encoder.blocks.5.attn.lora_B_v.2.weight', 'image_encoder.blocks.6.attn.lora_B_v.2.weight', 'image_encoder.blocks.2.attn.lora_A_v.2.weight', 'image_encoder.blocks.4.attn.lora_A_v.2.weight', 'image_encoder.blocks.0.attn.lora_A_k.2.weight', 'image_encoder.blocks.5.attn.lora_A_v.2.weight', 'image_encoder.blocks.6.attn.lora_A_k.2.weight', 'image_encoder.blocks.9.attn.lora_B_k.2.weight', 'image_encoder.blocks.9.attn.lora_A_v.2.weight', 'image_encoder.blocks.4.attn.lora_B_v.2.weight', 'image_encoder.blocks.7.attn.lora_A_v.2.weight', 'image_encoder.blocks.1.attn.lora_A_v.2.weight', 'image_encoder.blocks.7.attn.lora_B_v.2.weight', 'image_encoder.blocks.2.attn.lora_A_k.2.weight', 'image_encoder.blocks.9.attn.lora_A_k.2.weight', 'image_encoder.blocks.1.attn.lora_B_k.2.weight', 'image_encoder.blocks.10.attn.lora_B_k.2.weight', 'image_encoder.blocks.0.attn.lora_B_v.2.weight', 'image_encoder.blocks.1.attn.lora_B_v.2.weight', 'image_encoder.blocks.0.attn.lora_A_v.2.weight', 'image_encoder.blocks.7.attn.lora_B_k.2.weight', 'image_encoder.blocks.6.attn.lora_B_k.2.weight', 'classifier_pool.2.bias', 'image_encoder.blocks.1.attn.lora_A_k.2.weight', 'image_encoder.blocks.8.attn.lora_B_v.2.weight', 'image_encoder.blocks.10.attn.lora_A_v.2.weight', 'image_encoder.blocks.11.attn.lora_B_v.2.weight', 'image_encoder.blocks.9.attn.lora_B_v.2.weight', 'image_encoder.blocks.5.attn.lora_B_k.2.weight', 'image_encoder.blocks.8.attn.lora_A_v.2.weight', 'image_encoder.blocks.4.attn.lora_A_k.2.weight', 'image_encoder.blocks.11.attn.lora_B_k.2.weight', 'image_encoder.blocks.11.attn.lora_A_k.2.weight'}
After trained on task 1 tensor(0.1253, device='cuda:0') tensor(0.1200, device='cuda:0')
After trained on task 1 tensor(0.0997, device='cuda:0') tensor(0.1558, device='cuda:0')
After trained on task 1 tensor(0.1195, device='cuda:0') tensor(0.1629, device='cuda:0')
After trained on task 1 tensor(0.1365, device='cuda:0') tensor(0.2245, device='cuda:0')
After trained on task 1 tensor(0.1489, device='cuda:0') tensor(0.3406, device='cuda:0')
After trained on task 1 tensor(0.1618, device='cuda:0') tensor(0.2938, device='cuda:0')
After trained on task 1 tensor(0.2230, device='cuda:0') tensor(0.3336, device='cuda:0')
After trained on task 1 tensor(0.2561, device='cuda:0') tensor(0.3524, device='cuda:0')
After trained on task 1 tensor(0.2932, device='cuda:0') tensor(0.3210, device='cuda:0')
After trained on task 1 tensor(0.3125, device='cuda:0') tensor(0.3500, device='cuda:0')
After trained on task 1 tensor(0.3711, device='cuda:0') tensor(0.3820, device='cuda:0')
After trained on task 1 tensor(0.3917, device='cuda:0') tensor(0.4195, device='cuda:0')
reserving basis 20/768; cond: 26112484704256.0, ratio:0.9999988675117493
reserving basis 20/768; cond: 26112484704256.0, ratio:0.9999988675117493
reserving basis 19/768; cond: 2594626863104.0, ratio:0.9903537631034851
reserving basis 19/768; cond: 2594626863104.0, ratio:0.9903537631034851
reserving basis 20/768; cond: 1483736875008.0, ratio:0.9999991059303284
reserving basis 20/768; cond: 1483736875008.0, ratio:0.9999991059303284
reserving basis 20/768; cond: 986927529984.0, ratio:0.9999987483024597
reserving basis 20/768; cond: 986927529984.0, ratio:0.9999987483024597
reserving basis 20/768; cond: 337672142848.0, ratio:0.9999986886978149
reserving basis 20/768; cond: 337672142848.0, ratio:0.9999986886978149
reserving basis 20/768; cond: 1748767473664.0, ratio:0.9999986886978149
reserving basis 20/768; cond: 1748767473664.0, ratio:0.9999986886978149
reserving basis 20/768; cond: 1450188341248.0, ratio:0.9999986886978149
reserving basis 20/768; cond: 1450188341248.0, ratio:0.9999986886978149
reserving basis 19/768; cond: 428274941952.0, ratio:0.9908696413040161
reserving basis 19/768; cond: 428274941952.0, ratio:0.9908696413040161
reserving basis 20/768; cond: 4728430264320.0, ratio:0.9999986886978149
reserving basis 20/768; cond: 4728430264320.0, ratio:0.9999986886978149
reserving basis 19/768; cond: 889413042176.0, ratio:0.9939640760421753
reserving basis 19/768; cond: 889413042176.0, ratio:0.9939640760421753
reserving basis 20/768; cond: 195850289152.0, ratio:0.9999986290931702
reserving basis 20/768; cond: 195850289152.0, ratio:0.9999986290931702
reserving basis 19/768; cond: 1145445810176.0, ratio:0.9917105436325073
reserving basis 19/768; cond: 1145445810176.0, ratio:0.9917105436325073
reserving basis 20/768; cond: 1644985188352.0, ratio:0.9999988079071045
reserving basis 20/768; cond: 1644985188352.0, ratio:0.9999988079071045
reserving basis 19/768; cond: 108917979873280.0, ratio:0.992489755153656
reserving basis 19/768; cond: 108917979873280.0, ratio:0.992489755153656
reserving basis 20/768; cond: 1533011165184.0, ratio:0.9999985098838806
reserving basis 20/768; cond: 1533011165184.0, ratio:0.9999985098838806
reserving basis 19/768; cond: 1256932114432.0, ratio:0.9930314421653748
reserving basis 19/768; cond: 1256932114432.0, ratio:0.9930314421653748
reserving basis 20/768; cond: 369229299712.0, ratio:0.9999985694885254
reserving basis 20/768; cond: 369229299712.0, ratio:0.9999985694885254
reserving basis 19/768; cond: 564223803392.0, ratio:0.9901939630508423
reserving basis 19/768; cond: 564223803392.0, ratio:0.9901939630508423
reserving basis 20/768; cond: 7118710636544.0, ratio:0.9999986886978149
reserving basis 20/768; cond: 7118710636544.0, ratio:0.9999986886978149
reserving basis 19/768; cond: 922219315200.0, ratio:0.9925490021705627
reserving basis 19/768; cond: 922219315200.0, ratio:0.9925490021705627
reserving basis 19/768; cond: 836174086144.0, ratio:0.9919275641441345
reserving basis 19/768; cond: 836174086144.0, ratio:0.9919275641441345
reserving basis 20/768; cond: 2703148187648.0, ratio:0.9999986886978149
reserving basis 20/768; cond: 2703148187648.0, ratio:0.9999986886978149
reserving basis 19/768; cond: 2354419859456.0, ratio:0.9933093786239624
reserving basis 19/768; cond: 2354419859456.0, ratio:0.9933093786239624
reserving basis 19/768; cond: 1238613753856.0, ratio:0.9926285147666931
reserving basis 19/768; cond: 1238613753856.0, ratio:0.9926285147666931
2026-04-27 18:14:16,529 [palora.py] => Task 2, Epoch 50/50 => Loss 0.519, Train_accy 95.44
2026-04-27 18:14:33,139 [trainer.py] => Time:368.4836173057556
469 469
2026-04-27 18:14:38,521 [trainer.py] => Time:5.380889415740967
2026-04-27 18:14:38,521 [trainer.py] => ACC: {'total': 83.8, '00-09': 77.56, '10-19': 82.12, '20-29': 91.36, 'old': 79.8, 'new': 91.36}
2026-04-27 18:14:38,521 [trainer.py] => ACC top1 curve: [89.74, 85.34, 83.8]
Average Accuracy: 86.29333333333334
2026-04-27 18:14:38,521 [trainer.py] => Average Accuracy: 86.29333333333334
2026-04-27 18:14:38,526 [trainer.py] => All params: 115034851
2026-04-27 18:14:38,529 [trainer.py] => Trainable params: 376330
2026-04-27 18:14:38,529 [palora.py] => Learning on 30-40
Parameters to be updated: {'image_encoder.blocks.8.attn.lora_B_v.3.weight', 'image_encoder.blocks.2.attn.lora_B_v.3.weight', 'image_encoder.blocks.3.attn.lora_B_k.3.weight', 'image_encoder.blocks.10.attn.lora_B_k.3.weight', 'image_encoder.blocks.0.attn.lora_B_v.3.weight', 'image_encoder.blocks.3.attn.lora_A_v.3.weight', 'image_encoder.blocks.8.attn.lora_A_v.3.weight', 'image_encoder.blocks.11.attn.lora_B_v.3.weight', 'image_encoder.blocks.7.attn.lora_B_v.3.weight', 'image_encoder.blocks.2.attn.lora_A_k.3.weight', 'image_encoder.blocks.3.attn.lora_A_k.3.weight', 'image_encoder.blocks.0.attn.lora_A_k.3.weight', 'image_encoder.blocks.1.attn.lora_B_k.3.weight', 'image_encoder.blocks.6.attn.lora_A_v.3.weight', 'classifier_pool.3.bias', 'image_encoder.blocks.11.attn.lora_B_k.3.weight', 'image_encoder.blocks.0.attn.lora_A_v.3.weight', 'image_encoder.blocks.4.attn.lora_A_v.3.weight', 'image_encoder.blocks.2.attn.lora_B_k.3.weight', 'image_encoder.blocks.9.attn.lora_A_k.3.weight', 'image_encoder.blocks.6.attn.lora_B_k.3.weight', 'image_encoder.blocks.10.attn.lora_A_k.3.weight', 'image_encoder.blocks.1.attn.lora_B_v.3.weight', 'image_encoder.blocks.10.attn.lora_B_v.3.weight', 'image_encoder.blocks.9.attn.lora_A_v.3.weight', 'image_encoder.blocks.0.attn.lora_B_k.3.weight', 'image_encoder.blocks.2.attn.lora_A_v.3.weight', 'image_encoder.blocks.11.attn.lora_A_k.3.weight', 'image_encoder.blocks.5.attn.lora_B_k.3.weight', 'image_encoder.blocks.9.attn.lora_B_k.3.weight', 'image_encoder.blocks.7.attn.lora_A_k.3.weight', 'image_encoder.blocks.6.attn.lora_B_v.3.weight', 'image_encoder.blocks.8.attn.lora_B_k.3.weight', 'image_encoder.blocks.8.attn.lora_A_k.3.weight', 'image_encoder.blocks.6.attn.lora_A_k.3.weight', 'image_encoder.blocks.1.attn.lora_A_k.3.weight', 'image_encoder.blocks.5.attn.lora_A_k.3.weight', 'image_encoder.blocks.4.attn.lora_A_k.3.weight', 'image_encoder.blocks.5.attn.lora_B_v.3.weight', 'image_encoder.blocks.7.attn.lora_A_v.3.weight', 'image_encoder.blocks.5.attn.lora_A_v.3.weight', 'image_encoder.blocks.9.attn.lora_B_v.3.weight', 'classifier_pool.3.weight', 'image_encoder.blocks.4.attn.lora_B_v.3.weight', 'image_encoder.blocks.7.attn.lora_B_k.3.weight', 'image_encoder.blocks.11.attn.lora_A_v.3.weight', 'image_encoder.blocks.4.attn.lora_B_k.3.weight', 'image_encoder.blocks.3.attn.lora_B_v.3.weight', 'image_encoder.blocks.10.attn.lora_A_v.3.weight', 'image_encoder.blocks.1.attn.lora_A_v.3.weight'}
After trained on task 2 tensor(0.0762, device='cuda:0') tensor(0.1146, device='cuda:0')
After trained on task 2 tensor(0.1128, device='cuda:0') tensor(0.1224, device='cuda:0')
After trained on task 2 tensor(0.1277, device='cuda:0') tensor(0.1332, device='cuda:0')
After trained on task 2 tensor(0.1188, device='cuda:0') tensor(0.1623, device='cuda:0')
After trained on task 2 tensor(0.1244, device='cuda:0') tensor(0.1613, device='cuda:0')
After trained on task 2 tensor(0.1305, device='cuda:0') tensor(0.2295, device='cuda:0')
After trained on task 2 tensor(0.1568, device='cuda:0') tensor(0.2330, device='cuda:0')
After trained on task 2 tensor(0.1848, device='cuda:0') tensor(0.2638, device='cuda:0')
After trained on task 2 tensor(0.2061, device='cuda:0') tensor(0.2388, device='cuda:0')
After trained on task 2 tensor(0.2255, device='cuda:0') tensor(0.2995, device='cuda:0')
After trained on task 2 tensor(0.2185, device='cuda:0') tensor(0.2812, device='cuda:0')
After trained on task 2 tensor(0.2841, device='cuda:0') tensor(0.3333, device='cuda:0')
reserving basis 29/768; cond: 274973458432.0, ratio:0.9946721196174622
reserving basis 29/768; cond: 274973458432.0, ratio:0.9946721196174622
reserving basis 28/768; cond: 70036996096.0, ratio:0.9954363107681274
reserving basis 28/768; cond: 70036996096.0, ratio:0.9954363107681274
reserving basis 29/768; cond: 9539448471552.0, ratio:0.9936195611953735
reserving basis 29/768; cond: 9539448471552.0, ratio:0.9936195611953735
reserving basis 29/768; cond: 320446103552.0, ratio:0.9947388172149658
reserving basis 29/768; cond: 320446103552.0, ratio:0.9947388172149658
reserving basis 29/768; cond: 675556753408.0, ratio:0.9915417432785034
reserving basis 29/768; cond: 675556753408.0, ratio:0.9915417432785034
reserving basis 29/768; cond: 903376273408.0, ratio:0.9935343265533447
reserving basis 29/768; cond: 903376273408.0, ratio:0.9935343265533447
reserving basis 29/768; cond: 166238896128.0, ratio:0.9921345710754395
reserving basis 29/768; cond: 166238896128.0, ratio:0.9921345710754395
reserving basis 28/768; cond: 470340206592.0, ratio:0.9936603903770447
reserving basis 28/768; cond: 470340206592.0, ratio:0.9936603903770447
reserving basis 29/768; cond: 528567599104.0, ratio:0.9915522933006287
reserving basis 29/768; cond: 528567599104.0, ratio:0.9915522933006287
reserving basis 28/768; cond: 374613475328.0, ratio:0.993962824344635
reserving basis 28/768; cond: 374613475328.0, ratio:0.993962824344635
reserving basis 29/768; cond: 930187509760.0, ratio:0.9925512671470642
reserving basis 29/768; cond: 930187509760.0, ratio:0.9925512671470642
reserving basis 28/768; cond: 1001036709888.0, ratio:0.995140790939331
reserving basis 28/768; cond: 1001036709888.0, ratio:0.995140790939331
reserving basis 29/768; cond: 368670015488.0, ratio:0.993298351764679
reserving basis 29/768; cond: 368670015488.0, ratio:0.993298351764679
reserving basis 27/768; cond: 1206685401088.0, ratio:0.9906934499740601
reserving basis 27/768; cond: 1206685401088.0, ratio:0.9906934499740601
reserving basis 29/768; cond: 432952770560.0, ratio:0.9932700991630554
reserving basis 29/768; cond: 432952770560.0, ratio:0.9932700991630554
reserving basis 27/768; cond: 218948730880.0, ratio:0.9908170104026794
reserving basis 27/768; cond: 218948730880.0, ratio:0.9908170104026794
reserving basis 29/768; cond: 359119454208.0, ratio:0.99321049451828
reserving basis 29/768; cond: 359119454208.0, ratio:0.99321049451828
reserving basis 28/768; cond: 330526130176.0, ratio:0.9942037463188171
reserving basis 28/768; cond: 330526130176.0, ratio:0.9942037463188171
reserving basis 29/768; cond: 589725040640.0, ratio:0.9942801594734192
reserving basis 29/768; cond: 589725040640.0, ratio:0.9942801594734192
reserving basis 28/768; cond: 336520085504.0, ratio:0.995090126991272
reserving basis 28/768; cond: 336520085504.0, ratio:0.995090126991272
reserving basis 28/768; cond: 617344139264.0, ratio:0.9932736158370972
reserving basis 28/768; cond: 617344139264.0, ratio:0.9932736158370972
reserving basis 29/768; cond: 1770364469248.0, ratio:0.9948503375053406
reserving basis 29/768; cond: 1770364469248.0, ratio:0.9948503375053406
reserving basis 28/768; cond: 328804958208.0, ratio:0.9950923323631287
reserving basis 28/768; cond: 328804958208.0, ratio:0.9950923323631287
reserving basis 28/768; cond: 135966253056.0, ratio:0.9947523474693298
reserving basis 28/768; cond: 135966253056.0, ratio:0.9947523474693298
2026-04-27 18:19:40,536 [palora.py] => Task 3, Epoch 50/50 => Loss 0.507, Train_accy 97.51
2026-04-27 18:19:54,132 [trainer.py] => Time:315.603031873703
561 561
2026-04-27 18:19:59,963 [trainer.py] => Time:5.830788612365723
2026-04-27 18:19:59,964 [trainer.py] => ACC: {'total': 80.21, '00-09': 75.64, '10-19': 78.15, '20-29': 87.04, '30-39': 79.35, 'old': 80.38, 'new': 79.35}
2026-04-27 18:19:59,964 [trainer.py] => ACC top1 curve: [89.74, 85.34, 83.8, 80.21]
Average Accuracy: 84.7725
2026-04-27 18:19:59,964 [trainer.py] => Average Accuracy: 84.7725
2026-04-27 18:19:59,968 [trainer.py] => All params: 115034851
2026-04-27 18:19:59,972 [trainer.py] => Trainable params: 376330
2026-04-27 18:19:59,972 [palora.py] => Learning on 40-50
Parameters to be updated: {'image_encoder.blocks.2.attn.lora_B_k.4.weight', 'image_encoder.blocks.9.attn.lora_B_k.4.weight', 'classifier_pool.4.bias', 'image_encoder.blocks.5.attn.lora_A_v.4.weight', 'image_encoder.blocks.10.attn.lora_A_v.4.weight', 'image_encoder.blocks.4.attn.lora_A_k.4.weight', 'image_encoder.blocks.1.attn.lora_B_k.4.weight', 'image_encoder.blocks.6.attn.lora_B_v.4.weight', 'image_encoder.blocks.1.attn.lora_A_v.4.weight', 'image_encoder.blocks.6.attn.lora_B_k.4.weight', 'image_encoder.blocks.2.attn.lora_B_v.4.weight', 'image_encoder.blocks.4.attn.lora_B_k.4.weight', 'image_encoder.blocks.8.attn.lora_B_k.4.weight', 'image_encoder.blocks.2.attn.lora_A_v.4.weight', 'image_encoder.blocks.6.attn.lora_A_k.4.weight', 'image_encoder.blocks.8.attn.lora_A_k.4.weight', 'image_encoder.blocks.9.attn.lora_A_v.4.weight', 'image_encoder.blocks.9.attn.lora_B_v.4.weight', 'image_encoder.blocks.7.attn.lora_B_k.4.weight', 'image_encoder.blocks.11.attn.lora_A_k.4.weight', 'image_encoder.blocks.9.attn.lora_A_k.4.weight', 'image_encoder.blocks.5.attn.lora_B_k.4.weight', 'image_encoder.blocks.0.attn.lora_A_k.4.weight', 'image_encoder.blocks.2.attn.lora_A_k.4.weight', 'image_encoder.blocks.4.attn.lora_A_v.4.weight', 'image_encoder.blocks.0.attn.lora_B_k.4.weight', 'image_encoder.blocks.10.attn.lora_A_k.4.weight', 'image_encoder.blocks.7.attn.lora_B_v.4.weight', 'image_encoder.blocks.0.attn.lora_B_v.4.weight', 'image_encoder.blocks.3.attn.lora_B_v.4.weight', 'image_encoder.blocks.10.attn.lora_B_v.4.weight', 'image_encoder.blocks.8.attn.lora_A_v.4.weight', 'image_encoder.blocks.8.attn.lora_B_v.4.weight', 'image_encoder.blocks.1.attn.lora_B_v.4.weight', 'image_encoder.blocks.4.attn.lora_B_v.4.weight', 'image_encoder.blocks.6.attn.lora_A_v.4.weight', 'image_encoder.blocks.3.attn.lora_A_v.4.weight', 'image_encoder.blocks.10.attn.lora_B_k.4.weight', 'image_encoder.blocks.11.attn.lora_B_k.4.weight', 'image_encoder.blocks.11.attn.lora_B_v.4.weight', 'image_encoder.blocks.5.attn.lora_B_v.4.weight', 'image_encoder.blocks.3.attn.lora_B_k.4.weight', 'image_encoder.blocks.3.attn.lora_A_k.4.weight', 'image_encoder.blocks.0.attn.lora_A_v.4.weight', 'image_encoder.blocks.7.attn.lora_A_k.4.weight', 'image_encoder.blocks.1.attn.lora_A_k.4.weight', 'image_encoder.blocks.7.attn.lora_A_v.4.weight', 'image_encoder.blocks.5.attn.lora_A_k.4.weight', 'image_encoder.blocks.11.attn.lora_A_v.4.weight', 'classifier_pool.4.weight'}
After trained on task 3 tensor(0.0542, device='cuda:0') tensor(0.0577, device='cuda:0')
After trained on task 3 tensor(0.0495, device='cuda:0') tensor(0.0796, device='cuda:0')
After trained on task 3 tensor(0.0563, device='cuda:0') tensor(0.0892, device='cuda:0')
After trained on task 3 tensor(0.0776, device='cuda:0') tensor(0.1321, device='cuda:0')
After trained on task 3 tensor(0.0949, device='cuda:0') tensor(0.1303, device='cuda:0')
After trained on task 3 tensor(0.0903, device='cuda:0') tensor(0.1332, device='cuda:0')
After trained on task 3 tensor(0.1060, device='cuda:0') tensor(0.1405, device='cuda:0')
After trained on task 3 tensor(0.1193, device='cuda:0') tensor(0.1471, device='cuda:0')
After trained on task 3 tensor(0.1085, device='cuda:0') tensor(0.1437, device='cuda:0')
After trained on task 3 tensor(0.1289, device='cuda:0') tensor(0.1824, device='cuda:0')
After trained on task 3 tensor(0.1320, device='cuda:0') tensor(0.2237, device='cuda:0')
After trained on task 3 tensor(0.1755, device='cuda:0') tensor(0.2440, device='cuda:0')
reserving basis 37/768; cond: 434821660672.0, ratio:0.9927234649658203
reserving basis 37/768; cond: 434821660672.0, ratio:0.9927234649658203
reserving basis 36/768; cond: 693552807936.0, ratio:0.9911242723464966
reserving basis 36/768; cond: 693552807936.0, ratio:0.9911242723464966
reserving basis 37/768; cond: 947271630848.0, ratio:0.9904690384864807
reserving basis 37/768; cond: 947271630848.0, ratio:0.9904690384864807
reserving basis 37/768; cond: 722981814272.0, ratio:0.9924248456954956
reserving basis 37/768; cond: 722981814272.0, ratio:0.9924248456954956
reserving basis 38/768; cond: 855970873344.0, ratio:0.9939106106758118
reserving basis 38/768; cond: 855970873344.0, ratio:0.9939106106758118
reserving basis 38/768; cond: 7968278446080.0, ratio:0.9945835471153259
reserving basis 38/768; cond: 7968278446080.0, ratio:0.9945835471153259
reserving basis 38/768; cond: 487105626112.0, ratio:0.9952899813652039
reserving basis 38/768; cond: 487105626112.0, ratio:0.9952899813652039
reserving basis 36/768; cond: 247544643584.0, ratio:0.9903396964073181
reserving basis 36/768; cond: 247544643584.0, ratio:0.9903396964073181
reserving basis 38/768; cond: 193211419066368.0, ratio:0.9949805736541748
reserving basis 38/768; cond: 193211419066368.0, ratio:0.9949805736541748
reserving basis 36/768; cond: 550978846720.0, ratio:0.9913909435272217
reserving basis 36/768; cond: 550978846720.0, ratio:0.9913909435272217
reserving basis 38/768; cond: 74061848576.0, ratio:0.9948691725730896
reserving basis 38/768; cond: 74061848576.0, ratio:0.9948691725730896
reserving basis 36/768; cond: 1609536372736.0, ratio:0.9908873438835144
reserving basis 36/768; cond: 1609536372736.0, ratio:0.9908873438835144
reserving basis 38/768; cond: 368968335360.0, ratio:0.9947563409805298
reserving basis 38/768; cond: 368968335360.0, ratio:0.9947563409805298
reserving basis 35/768; cond: 2160055943168.0, ratio:0.9909212589263916
reserving basis 35/768; cond: 2160055943168.0, ratio:0.9909212589263916
reserving basis 38/768; cond: 64199540736.0, ratio:0.9948952794075012
reserving basis 38/768; cond: 64199540736.0, ratio:0.9948952794075012
reserving basis 35/768; cond: 228832165888.0, ratio:0.9908270239830017
reserving basis 35/768; cond: 228832165888.0, ratio:0.9908270239830017
reserving basis 38/768; cond: 396517834752.0, ratio:0.9944905638694763
reserving basis 38/768; cond: 396517834752.0, ratio:0.9944905638694763
reserving basis 36/768; cond: 197578571776.0, ratio:0.9908758997917175
reserving basis 36/768; cond: 197578571776.0, ratio:0.9908758997917175
reserving basis 37/768; cond: 995540533248.0, ratio:0.9901578426361084
reserving basis 37/768; cond: 995540533248.0, ratio:0.9901578426361084
reserving basis 36/768; cond: 125045186560.0, ratio:0.9932414889335632
reserving basis 36/768; cond: 125045186560.0, ratio:0.9932414889335632
reserving basis 37/768; cond: 582823247872.0, ratio:0.9952692985534668
reserving basis 37/768; cond: 582823247872.0, ratio:0.9952692985534668
reserving basis 37/768; cond: 1280437780480.0, ratio:0.9931657314300537
reserving basis 37/768; cond: 1280437780480.0, ratio:0.9931657314300537
reserving basis 36/768; cond: 703341330432.0, ratio:0.9919111728668213
reserving basis 36/768; cond: 703341330432.0, ratio:0.9919111728668213
reserving basis 36/768; cond: 257081901056.0, ratio:0.9938687682151794
reserving basis 36/768; cond: 257081901056.0, ratio:0.9938687682151794
2026-04-27 18:25:08,605 [palora.py] => Task 4, Epoch 50/50 => Loss 0.596, Train_accy 95.32
2026-04-27 18:25:20,103 [trainer.py] => Time:320.13124418258667
670 670
2026-04-27 18:25:25,252 [trainer.py] => Time:5.149092435836792
2026-04-27 18:25:25,253 [trainer.py] => ACC: {'total': 78.51, '00-09': 76.28, '10-19': 76.82, '20-29': 85.8, '30-39': 76.09, '40-49': 75.23, 'old': 79.14, 'new': 75.23}
2026-04-27 18:25:25,253 [trainer.py] => ACC top1 curve: [89.74, 85.34, 83.8, 80.21, 78.51]
Average Accuracy: 83.52
2026-04-27 18:25:25,253 [trainer.py] => Average Accuracy: 83.52
2026-04-27 18:25:25,257 [trainer.py] => All params: 115034851
2026-04-27 18:25:25,260 [trainer.py] => Trainable params: 376330
2026-04-27 18:25:25,260 [palora.py] => Learning on 50-60
Parameters to be updated: {'image_encoder.blocks.9.attn.lora_B_k.5.weight', 'image_encoder.blocks.11.attn.lora_B_k.5.weight', 'image_encoder.blocks.1.attn.lora_B_k.5.weight', 'image_encoder.blocks.9.attn.lora_B_v.5.weight', 'image_encoder.blocks.1.attn.lora_B_v.5.weight', 'image_encoder.blocks.7.attn.lora_A_k.5.weight', 'image_encoder.blocks.10.attn.lora_B_v.5.weight', 'image_encoder.blocks.0.attn.lora_A_v.5.weight', 'image_encoder.blocks.4.attn.lora_B_v.5.weight', 'image_encoder.blocks.1.attn.lora_A_v.5.weight', 'image_encoder.blocks.9.attn.lora_A_k.5.weight', 'image_encoder.blocks.5.attn.lora_A_k.5.weight', 'image_encoder.blocks.1.attn.lora_A_k.5.weight', 'image_encoder.blocks.3.attn.lora_B_v.5.weight', 'image_encoder.blocks.10.attn.lora_B_k.5.weight', 'image_encoder.blocks.9.attn.lora_A_v.5.weight', 'image_encoder.blocks.0.attn.lora_B_k.5.weight', 'image_encoder.blocks.6.attn.lora_B_v.5.weight', 'classifier_pool.5.weight', 'image_encoder.blocks.3.attn.lora_B_k.5.weight', 'image_encoder.blocks.5.attn.lora_B_k.5.weight', 'image_encoder.blocks.2.attn.lora_A_k.5.weight', 'image_encoder.blocks.6.attn.lora_A_v.5.weight', 'image_encoder.blocks.8.attn.lora_B_k.5.weight', 'image_encoder.blocks.11.attn.lora_A_k.5.weight', 'classifier_pool.5.bias', 'image_encoder.blocks.7.attn.lora_B_v.5.weight', 'image_encoder.blocks.11.attn.lora_A_v.5.weight', 'image_encoder.blocks.0.attn.lora_B_v.5.weight', 'image_encoder.blocks.2.attn.lora_A_v.5.weight', 'image_encoder.blocks.8.attn.lora_A_k.5.weight', 'image_encoder.blocks.4.attn.lora_B_k.5.weight', 'image_encoder.blocks.4.attn.lora_A_k.5.weight', 'image_encoder.blocks.7.attn.lora_B_k.5.weight', 'image_encoder.blocks.10.attn.lora_A_k.5.weight', 'image_encoder.blocks.6.attn.lora_A_k.5.weight', 'image_encoder.blocks.10.attn.lora_A_v.5.weight', 'image_encoder.blocks.4.attn.lora_A_v.5.weight', 'image_encoder.blocks.5.attn.lora_B_v.5.weight', 'image_encoder.blocks.7.attn.lora_A_v.5.weight', 'image_encoder.blocks.3.attn.lora_A_v.5.weight', 'image_encoder.blocks.6.attn.lora_B_k.5.weight', 'image_encoder.blocks.3.attn.lora_A_k.5.weight', 'image_encoder.blocks.5.attn.lora_A_v.5.weight', 'image_encoder.blocks.8.attn.lora_A_v.5.weight', 'image_encoder.blocks.0.attn.lora_A_k.5.weight', 'image_encoder.blocks.2.attn.lora_B_v.5.weight', 'image_encoder.blocks.8.attn.lora_B_v.5.weight', 'image_encoder.blocks.11.attn.lora_B_v.5.weight', 'image_encoder.blocks.2.attn.lora_B_k.5.weight'}
After trained on task 4 tensor(0.0467, device='cuda:0') tensor(0.0678, device='cuda:0')
After trained on task 4 tensor(0.0856, device='cuda:0') tensor(0.0767, device='cuda:0')
After trained on task 4 tensor(0.0550, device='cuda:0') tensor(0.0871, device='cuda:0')
After trained on task 4 tensor(0.0687, device='cuda:0') tensor(0.1121, device='cuda:0')
After trained on task 4 tensor(0.0862, device='cuda:0') tensor(0.1241, device='cuda:0')
After trained on task 4 tensor(0.1007, device='cuda:0') tensor(0.1435, device='cuda:0')
After trained on task 4 tensor(0.1085, device='cuda:0') tensor(0.1580, device='cuda:0')
After trained on task 4 tensor(0.1204, device='cuda:0') tensor(0.1623, device='cuda:0')
After trained on task 4 tensor(0.1065, device='cuda:0') tensor(0.1556, device='cuda:0')
After trained on task 4 tensor(0.1288, device='cuda:0') tensor(0.1763, device='cuda:0')
After trained on task 4 tensor(0.1521, device='cuda:0') tensor(0.2279, device='cuda:0')
After trained on task 4 tensor(0.2463, device='cuda:0') tensor(0.2390, device='cuda:0')
reserving basis 44/768; cond: 447229820928.0, ratio:0.9900480508804321
reserving basis 44/768; cond: 447229820928.0, ratio:0.9900480508804321
reserving basis 43/768; cond: 181888860160.0, ratio:0.9903160929679871
reserving basis 43/768; cond: 181888860160.0, ratio:0.9903160929679871
reserving basis 45/768; cond: 195927539712.0, ratio:0.992979884147644
reserving basis 45/768; cond: 195927539712.0, ratio:0.992979884147644
reserving basis 45/768; cond: 11189987835904.0, ratio:0.9931164979934692
reserving basis 45/768; cond: 11189987835904.0, ratio:0.9931164979934692
reserving basis 47/768; cond: 2328802623488.0, ratio:0.9952415823936462
reserving basis 47/768; cond: 2328802623488.0, ratio:0.9952415823936462
reserving basis 46/768; cond: 1048687345664.0, ratio:0.9918676614761353
reserving basis 46/768; cond: 1048687345664.0, ratio:0.9918676614761353
reserving basis 46/768; cond: 792758321152.0, ratio:0.9901990294456482
reserving basis 46/768; cond: 792758321152.0, ratio:0.9901990294456482
reserving basis 44/768; cond: 203650465792.0, ratio:0.9914647340774536
reserving basis 44/768; cond: 203650465792.0, ratio:0.9914647340774536
reserving basis 46/768; cond: 517265850368.0, ratio:0.991078794002533
reserving basis 46/768; cond: 517265850368.0, ratio:0.991078794002533
reserving basis 44/768; cond: 3870348541952.0, ratio:0.9917373657226562
reserving basis 44/768; cond: 3870348541952.0, ratio:0.9917373657226562
reserving basis 46/768; cond: 126379679744.0, ratio:0.9916338920593262
reserving basis 46/768; cond: 126379679744.0, ratio:0.9916338920593262
reserving basis 44/768; cond: 230640549888.0, ratio:0.9922838807106018
reserving basis 44/768; cond: 230640549888.0, ratio:0.9922838807106018
reserving basis 46/768; cond: 145608835072.0, ratio:0.9915316700935364
reserving basis 46/768; cond: 145608835072.0, ratio:0.9915316700935364
reserving basis 43/768; cond: 167169294336.0, ratio:0.9925369620323181
reserving basis 43/768; cond: 167169294336.0, ratio:0.9925369620323181
reserving basis 46/768; cond: 96849190912.0, ratio:0.9913987517356873
reserving basis 46/768; cond: 96849190912.0, ratio:0.9913987517356873
reserving basis 43/768; cond: 162856468480.0, ratio:0.992755651473999
reserving basis 43/768; cond: 162856468480.0, ratio:0.992755651473999
reserving basis 46/768; cond: 85341503488.0, ratio:0.9907087683677673
reserving basis 46/768; cond: 85341503488.0, ratio:0.9907087683677673
reserving basis 44/768; cond: 1256085127168.0, ratio:0.9926025867462158
reserving basis 44/768; cond: 1256085127168.0, ratio:0.9926025867462158
reserving basis 45/768; cond: 222108549120.0, ratio:0.9921054244041443
reserving basis 45/768; cond: 222108549120.0, ratio:0.9921054244041443
reserving basis 44/768; cond: 101262090240.0, ratio:0.9934231042861938
reserving basis 44/768; cond: 101262090240.0, ratio:0.9934231042861938
reserving basis 45/768; cond: 208045096960.0, ratio:0.9923228025436401
reserving basis 45/768; cond: 208045096960.0, ratio:0.9923228025436401
reserving basis 44/768; cond: 86625738752.0, ratio:0.9914981722831726
reserving basis 44/768; cond: 86625738752.0, ratio:0.9914981722831726
reserving basis 43/768; cond: 1721132908544.0, ratio:0.9922580122947693
reserving basis 43/768; cond: 1721132908544.0, ratio:0.9922580122947693
reserving basis 43/768; cond: 1218619244544.0, ratio:0.9927902221679688
reserving basis 43/768; cond: 1218619244544.0, ratio:0.9927902221679688
2026-04-27 18:31:16,096 [palora.py] => Task 5, Epoch 50/50 => Loss 0.664, Train_accy 91.34
2026-04-27 18:31:31,633 [trainer.py] => Time:366.372522354126
819 819
2026-04-27 18:31:37,594 [trainer.py] => Time:5.961060523986816
2026-04-27 18:31:37,595 [trainer.py] => ACC: {'total': 76.8, '00-09': 75.0, '10-19': 76.16, '20-29': 85.8, '30-39': 75.0, '40-49': 76.15, '50-59': 71.14, 'old': 78.06, 'new': 71.14}
2026-04-27 18:31:37,595 [trainer.py] => ACC top1 curve: [89.74, 85.34, 83.8, 80.21, 78.51, 76.8]
Average Accuracy: 82.39999999999999
2026-04-27 18:31:37,595 [trainer.py] => Average Accuracy: 82.39999999999999
2026-04-27 18:31:37,600 [trainer.py] => All params: 115034851
2026-04-27 18:31:37,605 [trainer.py] => Trainable params: 376330
2026-04-27 18:31:37,605 [palora.py] => Learning on 60-70
Parameters to be updated: {'image_encoder.blocks.7.attn.lora_A_v.6.weight', 'image_encoder.blocks.6.attn.lora_A_v.6.weight', 'image_encoder.blocks.1.attn.lora_A_v.6.weight', 'image_encoder.blocks.5.attn.lora_A_k.6.weight', 'image_encoder.blocks.4.attn.lora_B_k.6.weight', 'image_encoder.blocks.5.attn.lora_B_v.6.weight', 'image_encoder.blocks.9.attn.lora_A_k.6.weight', 'image_encoder.blocks.0.attn.lora_B_v.6.weight', 'image_encoder.blocks.0.attn.lora_A_v.6.weight', 'image_encoder.blocks.7.attn.lora_B_v.6.weight', 'image_encoder.blocks.10.attn.lora_B_v.6.weight', 'image_encoder.blocks.1.attn.lora_A_k.6.weight', 'image_encoder.blocks.6.attn.lora_B_k.6.weight', 'image_encoder.blocks.3.attn.lora_A_v.6.weight', 'image_encoder.blocks.8.attn.lora_B_v.6.weight', 'image_encoder.blocks.10.attn.lora_A_k.6.weight', 'image_encoder.blocks.11.attn.lora_B_k.6.weight', 'image_encoder.blocks.0.attn.lora_B_k.6.weight', 'image_encoder.blocks.7.attn.lora_B_k.6.weight', 'image_encoder.blocks.10.attn.lora_A_v.6.weight', 'image_encoder.blocks.11.attn.lora_B_v.6.weight', 'image_encoder.blocks.3.attn.lora_A_k.6.weight', 'image_encoder.blocks.0.attn.lora_A_k.6.weight', 'image_encoder.blocks.9.attn.lora_B_k.6.weight', 'image_encoder.blocks.9.attn.lora_B_v.6.weight', 'image_encoder.blocks.10.attn.lora_B_k.6.weight', 'image_encoder.blocks.8.attn.lora_B_k.6.weight', 'image_encoder.blocks.6.attn.lora_B_v.6.weight', 'image_encoder.blocks.2.attn.lora_A_v.6.weight', 'image_encoder.blocks.1.attn.lora_B_k.6.weight', 'image_encoder.blocks.2.attn.lora_B_v.6.weight', 'image_encoder.blocks.8.attn.lora_A_v.6.weight', 'classifier_pool.6.weight', 'image_encoder.blocks.9.attn.lora_A_v.6.weight', 'image_encoder.blocks.5.attn.lora_A_v.6.weight', 'image_encoder.blocks.11.attn.lora_A_v.6.weight', 'image_encoder.blocks.2.attn.lora_A_k.6.weight', 'image_encoder.blocks.4.attn.lora_A_v.6.weight', 'image_encoder.blocks.3.attn.lora_B_v.6.weight', 'image_encoder.blocks.3.attn.lora_B_k.6.weight', 'image_encoder.blocks.5.attn.lora_B_k.6.weight', 'image_encoder.blocks.2.attn.lora_B_k.6.weight', 'image_encoder.blocks.7.attn.lora_A_k.6.weight', 'classifier_pool.6.bias', 'image_encoder.blocks.4.attn.lora_A_k.6.weight', 'image_encoder.blocks.6.attn.lora_A_k.6.weight', 'image_encoder.blocks.11.attn.lora_A_k.6.weight', 'image_encoder.blocks.1.attn.lora_B_v.6.weight', 'image_encoder.blocks.8.attn.lora_A_k.6.weight', 'image_encoder.blocks.4.attn.lora_B_v.6.weight'}
After trained on task 5 tensor(0.0501, device='cuda:0') tensor(0.0570, device='cuda:0')
After trained on task 5 tensor(0.0525, device='cuda:0') tensor(0.0722, device='cuda:0')
After trained on task 5 tensor(0.0684, device='cuda:0') tensor(0.0952, device='cuda:0')
After trained on task 5 tensor(0.0749, device='cuda:0') tensor(0.0994, device='cuda:0')
After trained on task 5 tensor(0.1168, device='cuda:0') tensor(0.1194, device='cuda:0')
After trained on task 5 tensor(0.1134, device='cuda:0') tensor(0.1625, device='cuda:0')
After trained on task 5 tensor(0.1189, device='cuda:0') tensor(0.1573, device='cuda:0')
After trained on task 5 tensor(0.1283, device='cuda:0') tensor(0.1721, device='cuda:0')
After trained on task 5 tensor(0.1422, device='cuda:0') tensor(0.2085, device='cuda:0')
After trained on task 5 tensor(0.1709, device='cuda:0') tensor(0.2337, device='cuda:0')
After trained on task 5 tensor(0.1959, device='cuda:0') tensor(0.2282, device='cuda:0')
After trained on task 5 tensor(0.3220, device='cuda:0') tensor(0.2358, device='cuda:0')
reserving basis 51/768; cond: 283815673856.0, ratio:0.9924327731132507
reserving basis 51/768; cond: 283815673856.0, ratio:0.9924327731132507
reserving basis 51/768; cond: 48044240896.0, ratio:0.9931138157844543
reserving basis 51/768; cond: 48044240896.0, ratio:0.9931138157844543
reserving basis 53/768; cond: 1138190057472.0, ratio:0.9933406114578247
reserving basis 53/768; cond: 1138190057472.0, ratio:0.9933406114578247
reserving basis 53/768; cond: 75048230912.0, ratio:0.9934061169624329
reserving basis 53/768; cond: 75048230912.0, ratio:0.9934061169624329
reserving basis 55/768; cond: 83833405440.0, ratio:0.9923707246780396
reserving basis 55/768; cond: 83833405440.0, ratio:0.9923707246780396
reserving basis 54/768; cond: 166778159104.0, ratio:0.9925093650817871
reserving basis 54/768; cond: 166778159104.0, ratio:0.9925093650817871
reserving basis 54/768; cond: 97837563904.0, ratio:0.9919244050979614
reserving basis 54/768; cond: 97837563904.0, ratio:0.9919244050979614
reserving basis 52/768; cond: 831811485696.0, ratio:0.9920430779457092
reserving basis 52/768; cond: 831811485696.0, ratio:0.9920430779457092
reserving basis 54/768; cond: 628077756416.0, ratio:0.9928096532821655
reserving basis 54/768; cond: 628077756416.0, ratio:0.9928096532821655
reserving basis 52/768; cond: 279237492736.0, ratio:0.9934259057044983
reserving basis 52/768; cond: 279237492736.0, ratio:0.9934259057044983
reserving basis 54/768; cond: 103200792576.0, ratio:0.9921483397483826
reserving basis 54/768; cond: 103200792576.0, ratio:0.9921483397483826
reserving basis 51/768; cond: 2786936225792.0, ratio:0.9909613728523254
reserving basis 51/768; cond: 2786936225792.0, ratio:0.9909613728523254
reserving basis 54/768; cond: 17236975616.0, ratio:0.9924906492233276
reserving basis 54/768; cond: 17236975616.0, ratio:0.9924906492233276
reserving basis 50/768; cond: 2070802989056.0, ratio:0.9901276230812073
reserving basis 50/768; cond: 2070802989056.0, ratio:0.9901276230812073
reserving basis 54/768; cond: 39561166848.0, ratio:0.9928169846534729
reserving basis 54/768; cond: 39561166848.0, ratio:0.9928169846534729
reserving basis 50/768; cond: 965694521344.0, ratio:0.990968644618988
reserving basis 50/768; cond: 965694521344.0, ratio:0.990968644618988
reserving basis 54/768; cond: 120836685824.0, ratio:0.9932871460914612
reserving basis 54/768; cond: 120836685824.0, ratio:0.9932871460914612
reserving basis 51/768; cond: 38088384512.0, ratio:0.9906828999519348
reserving basis 51/768; cond: 38088384512.0, ratio:0.9906828999519348
reserving basis 53/768; cond: 420363272192.0, ratio:0.9937961101531982
reserving basis 53/768; cond: 420363272192.0, ratio:0.9937961101531982
reserving basis 51/768; cond: 156696559616.0, ratio:0.9924528002738953
reserving basis 51/768; cond: 156696559616.0, ratio:0.9924528002738953
reserving basis 52/768; cond: 372770930688.0, ratio:0.9921773076057434
reserving basis 52/768; cond: 372770930688.0, ratio:0.9921773076057434
reserving basis 50/768; cond: 94089535488.0, ratio:0.9909970760345459
reserving basis 50/768; cond: 94089535488.0, ratio:0.9909970760345459
reserving basis 49/768; cond: 405275836416.0, ratio:0.9917206168174744
reserving basis 49/768; cond: 405275836416.0, ratio:0.9917206168174744
reserving basis 49/768; cond: 49865752576.0, ratio:0.9912582635879517
reserving basis 49/768; cond: 49865752576.0, ratio:0.9912582635879517
2026-04-27 18:37:03,540 [palora.py] => Task 6, Epoch 50/50 => Loss 0.651, Train_accy 90.44
2026-04-27 18:37:17,807 [trainer.py] => Time:340.20216393470764
947 947
2026-04-27 18:37:24,278 [trainer.py] => Time:6.471063613891602
2026-04-27 18:37:24,279 [trainer.py] => ACC: {'total': 77.09, '00-09': 75.0, '10-19': 76.16, '20-29': 86.42, '30-39': 77.17, '40-49': 70.64, '50-59': 73.83, '60-69': 78.12, 'old': 76.92, 'new': 78.12}
2026-04-27 18:37:24,279 [trainer.py] => ACC top1 curve: [89.74, 85.34, 83.8, 80.21, 78.51, 76.8, 77.09]
Average Accuracy: 81.64142857142858
2026-04-27 18:37:24,279 [trainer.py] => Average Accuracy: 81.64142857142858
2026-04-27 18:37:24,283 [trainer.py] => All params: 115034851
2026-04-27 18:37:24,287 [trainer.py] => Trainable params: 376330
2026-04-27 18:37:24,287 [palora.py] => Learning on 70-80
Parameters to be updated: {'image_encoder.blocks.10.attn.lora_B_k.7.weight', 'image_encoder.blocks.1.attn.lora_B_k.7.weight', 'image_encoder.blocks.6.attn.lora_A_v.7.weight', 'image_encoder.blocks.9.attn.lora_A_v.7.weight', 'image_encoder.blocks.1.attn.lora_A_k.7.weight', 'image_encoder.blocks.3.attn.lora_A_k.7.weight', 'image_encoder.blocks.9.attn.lora_A_k.7.weight', 'image_encoder.blocks.0.attn.lora_A_v.7.weight', 'image_encoder.blocks.11.attn.lora_B_k.7.weight', 'image_encoder.blocks.2.attn.lora_B_v.7.weight', 'image_encoder.blocks.8.attn.lora_B_k.7.weight', 'image_encoder.blocks.3.attn.lora_B_k.7.weight', 'classifier_pool.7.bias', 'image_encoder.blocks.1.attn.lora_A_v.7.weight', 'image_encoder.blocks.11.attn.lora_A_v.7.weight', 'classifier_pool.7.weight', 'image_encoder.blocks.2.attn.lora_A_k.7.weight', 'image_encoder.blocks.6.attn.lora_A_k.7.weight', 'image_encoder.blocks.5.attn.lora_A_k.7.weight', 'image_encoder.blocks.3.attn.lora_A_v.7.weight', 'image_encoder.blocks.6.attn.lora_B_v.7.weight', 'image_encoder.blocks.6.attn.lora_B_k.7.weight', 'image_encoder.blocks.9.attn.lora_B_v.7.weight', 'image_encoder.blocks.0.attn.lora_A_k.7.weight', 'image_encoder.blocks.1.attn.lora_B_v.7.weight', 'image_encoder.blocks.11.attn.lora_A_k.7.weight', 'image_encoder.blocks.2.attn.lora_A_v.7.weight', 'image_encoder.blocks.10.attn.lora_A_k.7.weight', 'image_encoder.blocks.8.attn.lora_A_v.7.weight', 'image_encoder.blocks.3.attn.lora_B_v.7.weight', 'image_encoder.blocks.4.attn.lora_B_k.7.weight', 'image_encoder.blocks.8.attn.lora_B_v.7.weight', 'image_encoder.blocks.4.attn.lora_B_v.7.weight', 'image_encoder.blocks.4.attn.lora_A_k.7.weight', 'image_encoder.blocks.11.attn.lora_B_v.7.weight', 'image_encoder.blocks.2.attn.lora_B_k.7.weight', 'image_encoder.blocks.7.attn.lora_A_k.7.weight', 'image_encoder.blocks.5.attn.lora_B_v.7.weight', 'image_encoder.blocks.7.attn.lora_B_v.7.weight', 'image_encoder.blocks.7.attn.lora_A_v.7.weight', 'image_encoder.blocks.10.attn.lora_A_v.7.weight', 'image_encoder.blocks.4.attn.lora_A_v.7.weight', 'image_encoder.blocks.0.attn.lora_B_v.7.weight', 'image_encoder.blocks.0.attn.lora_B_k.7.weight', 'image_encoder.blocks.5.attn.lora_A_v.7.weight', 'image_encoder.blocks.7.attn.lora_B_k.7.weight', 'image_encoder.blocks.10.attn.lora_B_v.7.weight', 'image_encoder.blocks.9.attn.lora_B_k.7.weight', 'image_encoder.blocks.8.attn.lora_A_k.7.weight', 'image_encoder.blocks.5.attn.lora_B_k.7.weight'}
After trained on task 6 tensor(0.0768, device='cuda:0') tensor(0.0603, device='cuda:0')
After trained on task 6 tensor(0.0732, device='cuda:0') tensor(0.0694, device='cuda:0')
After trained on task 6 tensor(0.0507, device='cuda:0') tensor(0.0812, device='cuda:0')
After trained on task 6 tensor(0.0535, device='cuda:0') tensor(0.0757, device='cuda:0')
After trained on task 6 tensor(0.0661, device='cuda:0') tensor(0.0951, device='cuda:0')
After trained on task 6 tensor(0.0845, device='cuda:0') tensor(0.0934, device='cuda:0')
After trained on task 6 tensor(0.0785, device='cuda:0') tensor(0.1090, device='cuda:0')
After trained on task 6 tensor(0.0906, device='cuda:0') tensor(0.1324, device='cuda:0')
After trained on task 6 tensor(0.0983, device='cuda:0') tensor(0.1337, device='cuda:0')
After trained on task 6 tensor(0.1073, device='cuda:0') tensor(0.1623, device='cuda:0')
After trained on task 6 tensor(0.1189, device='cuda:0') tensor(0.1664, device='cuda:0')
After trained on task 6 tensor(0.1560, device='cuda:0') tensor(0.2178, device='cuda:0')
reserving basis 57/768; cond: 1142652141568.0, ratio:0.9906681776046753
reserving basis 57/768; cond: 1142652141568.0, ratio:0.9906681776046753
reserving basis 58/768; cond: 214176923648.0, ratio:0.9926790595054626
reserving basis 58/768; cond: 214176923648.0, ratio:0.9926790595054626
reserving basis 60/768; cond: 153908674560.0, ratio:0.9918716549873352
reserving basis 60/768; cond: 153908674560.0, ratio:0.9918716549873352
reserving basis 60/768; cond: 246884532224.0, ratio:0.9921212792396545
reserving basis 60/768; cond: 246884532224.0, ratio:0.9921212792396545
reserving basis 63/768; cond: 21132900352.0, ratio:0.9933302402496338
reserving basis 63/768; cond: 21132900352.0, ratio:0.9933302402496338
reserving basis 61/768; cond: 890143178752.0, ratio:0.9902913570404053
reserving basis 61/768; cond: 890143178752.0, ratio:0.9902913570404053
reserving basis 62/768; cond: 256593739776.0, ratio:0.9930630326271057
reserving basis 62/768; cond: 256593739776.0, ratio:0.9930630326271057
reserving basis 60/768; cond: 145490198528.0, ratio:0.9937677383422852
reserving basis 60/768; cond: 145490198528.0, ratio:0.9937677383422852
reserving basis 62/768; cond: 463996649472.0, ratio:0.993305504322052
reserving basis 62/768; cond: 463996649472.0, ratio:0.993305504322052
reserving basis 59/768; cond: 2538519134208.0, ratio:0.9908669590950012
reserving basis 59/768; cond: 2538519134208.0, ratio:0.9908669590950012
reserving basis 61/768; cond: 190480646144.0, ratio:0.9904089570045471
reserving basis 61/768; cond: 190480646144.0, ratio:0.9904089570045471
reserving basis 58/768; cond: 472635998208.0, ratio:0.9906460642814636
reserving basis 58/768; cond: 472635998208.0, ratio:0.9906460642814636
reserving basis 61/768; cond: 92886769664.0, ratio:0.990814208984375
reserving basis 61/768; cond: 92886769664.0, ratio:0.990814208984375
reserving basis 57/768; cond: 68639490048.0, ratio:0.9903290867805481
reserving basis 57/768; cond: 68639490048.0, ratio:0.9903290867805481
reserving basis 61/768; cond: 191987941376.0, ratio:0.9905955195426941
reserving basis 61/768; cond: 191987941376.0, ratio:0.9905955195426941
reserving basis 57/768; cond: 56011759616.0, ratio:0.9913545250892639
reserving basis 57/768; cond: 56011759616.0, ratio:0.9913545250892639
reserving basis 61/768; cond: 569463013376.0, ratio:0.9905683398246765
reserving basis 61/768; cond: 569463013376.0, ratio:0.9905683398246765
reserving basis 58/768; cond: 36422463488.0, ratio:0.9917899370193481
reserving basis 58/768; cond: 36422463488.0, ratio:0.9917899370193481
reserving basis 60/768; cond: 142551384064.0, ratio:0.990810215473175
reserving basis 60/768; cond: 142551384064.0, ratio:0.990810215473175
reserving basis 58/768; cond: 223641944064.0, ratio:0.9919655323028564
reserving basis 58/768; cond: 223641944064.0, ratio:0.9919655323028564
reserving basis 59/768; cond: 1156162781184.0, ratio:0.9916380643844604
reserving basis 59/768; cond: 1156162781184.0, ratio:0.9916380643844604
reserving basis 57/768; cond: 84874108928.0, ratio:0.9925729036331177
reserving basis 57/768; cond: 84874108928.0, ratio:0.9925729036331177
reserving basis 55/768; cond: 332363759616.0, ratio:0.9911528825759888
reserving basis 55/768; cond: 332363759616.0, ratio:0.9911528825759888
reserving basis 55/768; cond: 111371722752.0, ratio:0.9916296005249023
reserving basis 55/768; cond: 111371722752.0, ratio:0.9916296005249023
2026-04-27 18:41:31,502 [palora.py] => Task 7, Epoch 50/50 => Loss 0.522, Train_accy 97.26
2026-04-27 18:41:43,133 [trainer.py] => Time:258.84605622291565
984 984
2026-04-27 18:41:49,829 [trainer.py] => Time:6.695716381072998
2026-04-27 18:41:49,830 [trainer.py] => ACC: {'total': 76.12, '00-09': 74.36, '10-19': 75.5, '20-29': 86.42, '30-39': 76.09, '40-49': 65.14, '50-59': 74.5, '60-69': 78.91, '70-79': 70.27, 'old': 76.35, 'new': 70.27}
2026-04-27 18:41:49,830 [trainer.py] => ACC top1 curve: [89.74, 85.34, 83.8, 80.21, 78.51, 76.8, 77.09, 76.12]
Average Accuracy: 80.95125
2026-04-27 18:41:49,830 [trainer.py] => Average Accuracy: 80.95125
2026-04-27 18:41:49,836 [trainer.py] => All params: 115034851
2026-04-27 18:41:49,842 [trainer.py] => Trainable params: 376330
2026-04-27 18:41:49,843 [palora.py] => Learning on 80-90
Parameters to be updated: {'image_encoder.blocks.1.attn.lora_A_k.8.weight', 'image_encoder.blocks.8.attn.lora_B_k.8.weight', 'image_encoder.blocks.2.attn.lora_B_k.8.weight', 'image_encoder.blocks.9.attn.lora_B_k.8.weight', 'image_encoder.blocks.7.attn.lora_B_v.8.weight', 'image_encoder.blocks.11.attn.lora_A_k.8.weight', 'image_encoder.blocks.5.attn.lora_B_v.8.weight', 'image_encoder.blocks.0.attn.lora_B_k.8.weight', 'image_encoder.blocks.4.attn.lora_B_v.8.weight', 'image_encoder.blocks.3.attn.lora_A_k.8.weight', 'image_encoder.blocks.3.attn.lora_B_k.8.weight', 'image_encoder.blocks.6.attn.lora_B_v.8.weight', 'image_encoder.blocks.11.attn.lora_A_v.8.weight', 'image_encoder.blocks.7.attn.lora_B_k.8.weight', 'image_encoder.blocks.10.attn.lora_B_v.8.weight', 'classifier_pool.8.weight', 'image_encoder.blocks.2.attn.lora_B_v.8.weight', 'image_encoder.blocks.5.attn.lora_A_v.8.weight', 'image_encoder.blocks.10.attn.lora_A_v.8.weight', 'image_encoder.blocks.0.attn.lora_A_v.8.weight', 'image_encoder.blocks.5.attn.lora_A_k.8.weight', 'image_encoder.blocks.1.attn.lora_B_v.8.weight', 'image_encoder.blocks.4.attn.lora_B_k.8.weight', 'image_encoder.blocks.3.attn.lora_A_v.8.weight', 'image_encoder.blocks.0.attn.lora_A_k.8.weight', 'image_encoder.blocks.6.attn.lora_A_v.8.weight', 'image_encoder.blocks.0.attn.lora_B_v.8.weight', 'image_encoder.blocks.7.attn.lora_A_k.8.weight', 'image_encoder.blocks.1.attn.lora_A_v.8.weight', 'image_encoder.blocks.3.attn.lora_B_v.8.weight', 'image_encoder.blocks.4.attn.lora_A_v.8.weight', 'image_encoder.blocks.5.attn.lora_B_k.8.weight', 'image_encoder.blocks.8.attn.lora_A_k.8.weight', 'image_encoder.blocks.4.attn.lora_A_k.8.weight', 'image_encoder.blocks.11.attn.lora_B_v.8.weight', 'image_encoder.blocks.9.attn.lora_A_v.8.weight', 'image_encoder.blocks.9.attn.lora_A_k.8.weight', 'image_encoder.blocks.6.attn.lora_A_k.8.weight', 'image_encoder.blocks.11.attn.lora_B_k.8.weight', 'image_encoder.blocks.10.attn.lora_B_k.8.weight', 'image_encoder.blocks.8.attn.lora_A_v.8.weight', 'image_encoder.blocks.7.attn.lora_A_v.8.weight', 'classifier_pool.8.bias', 'image_encoder.blocks.10.attn.lora_A_k.8.weight', 'image_encoder.blocks.8.attn.lora_B_v.8.weight', 'image_encoder.blocks.2.attn.lora_A_v.8.weight', 'image_encoder.blocks.6.attn.lora_B_k.8.weight', 'image_encoder.blocks.1.attn.lora_B_k.8.weight', 'image_encoder.blocks.2.attn.lora_A_k.8.weight', 'image_encoder.blocks.9.attn.lora_B_v.8.weight'}
After trained on task 7 tensor(0.0389, device='cuda:0') tensor(0.0350, device='cuda:0')
After trained on task 7 tensor(0.0371, device='cuda:0') tensor(0.0381, device='cuda:0')
After trained on task 7 tensor(0.0312, device='cuda:0') tensor(0.0431, device='cuda:0')
After trained on task 7 tensor(0.0332, device='cuda:0') tensor(0.0451, device='cuda:0')
After trained on task 7 tensor(0.0346, device='cuda:0') tensor(0.0503, device='cuda:0')
After trained on task 7 tensor(0.0402, device='cuda:0') tensor(0.0529, device='cuda:0')
After trained on task 7 tensor(0.0419, device='cuda:0') tensor(0.0591, device='cuda:0')
After trained on task 7 tensor(0.0437, device='cuda:0') tensor(0.0576, device='cuda:0')
After trained on task 7 tensor(0.0468, device='cuda:0') tensor(0.0696, device='cuda:0')
After trained on task 7 tensor(0.0490, device='cuda:0') tensor(0.0828, device='cuda:0')
After trained on task 7 tensor(0.0491, device='cuda:0') tensor(0.0911, device='cuda:0')
After trained on task 7 tensor(0.0617, device='cuda:0') tensor(0.1144, device='cuda:0')
reserving basis 62/768; cond: 195877486592.0, ratio:0.9903404712677002
reserving basis 62/768; cond: 195877486592.0, ratio:0.9903404712677002
reserving basis 64/768; cond: 307644071936.0, ratio:0.9902515411376953
reserving basis 64/768; cond: 307644071936.0, ratio:0.9902515411376953
reserving basis 66/768; cond: 255934873600.0, ratio:0.9920320510864258
reserving basis 66/768; cond: 255934873600.0, ratio:0.9920320510864258
reserving basis 66/768; cond: 150700867584.0, ratio:0.9909403920173645
reserving basis 66/768; cond: 150700867584.0, ratio:0.9909403920173645
reserving basis 70/768; cond: 27749365760.0, ratio:0.9920152425765991
reserving basis 70/768; cond: 27749365760.0, ratio:0.9920152425765991
reserving basis 68/768; cond: 40316510208.0, ratio:0.9926260113716125
reserving basis 68/768; cond: 40316510208.0, ratio:0.9926260113716125
reserving basis 68/768; cond: 93090562048.0, ratio:0.990397572517395
reserving basis 68/768; cond: 93090562048.0, ratio:0.990397572517395
reserving basis 66/768; cond: 110244044800.0, ratio:0.9914056658744812
reserving basis 66/768; cond: 110244044800.0, ratio:0.9914056658744812
reserving basis 69/768; cond: 41654616064.0, ratio:0.9925051331520081
reserving basis 69/768; cond: 41654616064.0, ratio:0.9925051331520081
reserving basis 65/768; cond: 179633225728.0, ratio:0.9913429617881775
reserving basis 65/768; cond: 179633225728.0, ratio:0.9913429617881775
reserving basis 68/768; cond: 46443241472.0, ratio:0.9926547408103943
reserving basis 68/768; cond: 46443241472.0, ratio:0.9926547408103943
reserving basis 64/768; cond: 46843797504.0, ratio:0.9908625483512878
reserving basis 64/768; cond: 46843797504.0, ratio:0.9908625483512878
reserving basis 68/768; cond: 51257249792.0, ratio:0.9924308657646179
reserving basis 68/768; cond: 51257249792.0, ratio:0.9924308657646179
reserving basis 63/768; cond: 85048508416.0, ratio:0.9919138550758362
reserving basis 63/768; cond: 85048508416.0, ratio:0.9919138550758362
reserving basis 67/768; cond: 32053018624.0, ratio:0.9902355670928955
reserving basis 67/768; cond: 32053018624.0, ratio:0.9902355670928955
reserving basis 63/768; cond: 523281334272.0, ratio:0.9912316203117371
reserving basis 63/768; cond: 523281334272.0, ratio:0.9912316203117371
reserving basis 67/768; cond: 136756060160.0, ratio:0.990321934223175
reserving basis 67/768; cond: 136756060160.0, ratio:0.990321934223175
reserving basis 64/768; cond: 45737869312.0, ratio:0.9913657903671265
reserving basis 64/768; cond: 45737869312.0, ratio:0.9913657903671265
reserving basis 66/768; cond: 592939450368.0, ratio:0.9905520677566528
reserving basis 66/768; cond: 592939450368.0, ratio:0.9905520677566528
reserving basis 64/768; cond: 33408555008.0, ratio:0.9923292398452759
reserving basis 64/768; cond: 33408555008.0, ratio:0.9923292398452759
reserving basis 65/768; cond: 175707291648.0, ratio:0.9900870323181152
reserving basis 65/768; cond: 175707291648.0, ratio:0.9900870323181152
reserving basis 62/768; cond: 42897108992.0, ratio:0.9914373159408569
reserving basis 62/768; cond: 42897108992.0, ratio:0.9914373159408569
reserving basis 61/768; cond: 185366429696.0, ratio:0.9922887682914734
reserving basis 61/768; cond: 185366429696.0, ratio:0.9922887682914734
reserving basis 60/768; cond: 169773318144.0, ratio:0.9918772578239441
reserving basis 60/768; cond: 169773318144.0, ratio:0.9918772578239441
2026-04-27 18:46:12,030 [palora.py] => Task 8, Epoch 50/50 => Loss 0.601, Train_accy 94.29
2026-04-27 18:46:24,430 [trainer.py] => Time:274.58707761764526
1037 1037
2026-04-27 18:46:31,237 [trainer.py] => Time:6.806553363800049
2026-04-27 18:46:31,237 [trainer.py] => ACC: {'total': 75.31, '00-09': 73.72, '10-19': 74.83, '20-29': 85.8, '30-39': 73.91, '40-49': 66.06, '50-59': 73.83, '60-69': 78.91, '70-79': 62.16, '80-89': 75.47, 'old': 75.3, 'new': 75.47}
2026-04-27 18:46:31,237 [trainer.py] => ACC top1 curve: [89.74, 85.34, 83.8, 80.21, 78.51, 76.8, 77.09, 76.12, 75.31]
Average Accuracy: 80.32444444444445
2026-04-27 18:46:31,237 [trainer.py] => Average Accuracy: 80.32444444444445
2026-04-27 18:46:31,241 [trainer.py] => All params: 115034851
2026-04-27 18:46:31,245 [trainer.py] => Trainable params: 376330
2026-04-27 18:46:31,245 [palora.py] => Learning on 90-100
Parameters to be updated: {'image_encoder.blocks.5.attn.lora_A_v.9.weight', 'image_encoder.blocks.7.attn.lora_B_v.9.weight', 'image_encoder.blocks.4.attn.lora_A_v.9.weight', 'image_encoder.blocks.5.attn.lora_B_v.9.weight', 'image_encoder.blocks.7.attn.lora_B_k.9.weight', 'image_encoder.blocks.10.attn.lora_A_k.9.weight', 'image_encoder.blocks.6.attn.lora_A_v.9.weight', 'image_encoder.blocks.0.attn.lora_B_k.9.weight', 'image_encoder.blocks.8.attn.lora_B_v.9.weight', 'image_encoder.blocks.4.attn.lora_B_v.9.weight', 'image_encoder.blocks.5.attn.lora_B_k.9.weight', 'image_encoder.blocks.8.attn.lora_A_k.9.weight', 'image_encoder.blocks.3.attn.lora_B_k.9.weight', 'image_encoder.blocks.9.attn.lora_A_v.9.weight', 'image_encoder.blocks.2.attn.lora_B_v.9.weight', 'image_encoder.blocks.7.attn.lora_A_v.9.weight', 'image_encoder.blocks.6.attn.lora_B_v.9.weight', 'image_encoder.blocks.1.attn.lora_A_k.9.weight', 'image_encoder.blocks.11.attn.lora_A_k.9.weight', 'image_encoder.blocks.2.attn.lora_A_k.9.weight', 'image_encoder.blocks.1.attn.lora_B_v.9.weight', 'image_encoder.blocks.0.attn.lora_B_v.9.weight', 'image_encoder.blocks.2.attn.lora_A_v.9.weight', 'image_encoder.blocks.3.attn.lora_A_k.9.weight', 'image_encoder.blocks.4.attn.lora_A_k.9.weight', 'image_encoder.blocks.9.attn.lora_B_v.9.weight', 'image_encoder.blocks.10.attn.lora_A_v.9.weight', 'classifier_pool.9.bias', 'image_encoder.blocks.3.attn.lora_B_v.9.weight', 'image_encoder.blocks.5.attn.lora_A_k.9.weight', 'image_encoder.blocks.6.attn.lora_B_k.9.weight', 'image_encoder.blocks.10.attn.lora_B_k.9.weight', 'image_encoder.blocks.11.attn.lora_B_v.9.weight', 'image_encoder.blocks.10.attn.lora_B_v.9.weight', 'classifier_pool.9.weight', 'image_encoder.blocks.1.attn.lora_A_v.9.weight', 'image_encoder.blocks.0.attn.lora_A_v.9.weight', 'image_encoder.blocks.7.attn.lora_A_k.9.weight', 'image_encoder.blocks.3.attn.lora_A_v.9.weight', 'image_encoder.blocks.2.attn.lora_B_k.9.weight', 'image_encoder.blocks.4.attn.lora_B_k.9.weight', 'image_encoder.blocks.9.attn.lora_A_k.9.weight', 'image_encoder.blocks.0.attn.lora_A_k.9.weight', 'image_encoder.blocks.1.attn.lora_B_k.9.weight', 'image_encoder.blocks.8.attn.lora_B_k.9.weight', 'image_encoder.blocks.11.attn.lora_B_k.9.weight', 'image_encoder.blocks.9.attn.lora_B_k.9.weight', 'image_encoder.blocks.8.attn.lora_A_v.9.weight', 'image_encoder.blocks.11.attn.lora_A_v.9.weight', 'image_encoder.blocks.6.attn.lora_A_k.9.weight'}
After trained on task 8 tensor(0.0417, device='cuda:0') tensor(0.0352, device='cuda:0')
After trained on task 8 tensor(0.0341, device='cuda:0') tensor(0.0431, device='cuda:0')
After trained on task 8 tensor(0.0318, device='cuda:0') tensor(0.0480, device='cuda:0')
After trained on task 8 tensor(0.0315, device='cuda:0') tensor(0.0510, device='cuda:0')
After trained on task 8 tensor(0.0434, device='cuda:0') tensor(0.0628, device='cuda:0')
After trained on task 8 tensor(0.0521, device='cuda:0') tensor(0.0636, device='cuda:0')
After trained on task 8 tensor(0.0571, device='cuda:0') tensor(0.0691, device='cuda:0')
After trained on task 8 tensor(0.0624, device='cuda:0') tensor(0.0807, device='cuda:0')
After trained on task 8 tensor(0.0568, device='cuda:0') tensor(0.0787, device='cuda:0')
After trained on task 8 tensor(0.0670, device='cuda:0') tensor(0.0957, device='cuda:0')
After trained on task 8 tensor(0.0807, device='cuda:0') tensor(0.1092, device='cuda:0')
After trained on task 8 tensor(0.0884, device='cuda:0') tensor(0.1213, device='cuda:0')
reserving basis 68/768; cond: 92857311232.0, ratio:0.991093099117279
reserving basis 68/768; cond: 92857311232.0, ratio:0.991093099117279
reserving basis 70/768; cond: 35741806592.0, ratio:0.9920346140861511
reserving basis 70/768; cond: 35741806592.0, ratio:0.9920346140861511
reserving basis 72/768; cond: 85684387840.0, ratio:0.9910171627998352
reserving basis 72/768; cond: 85684387840.0, ratio:0.9910171627998352
reserving basis 72/768; cond: 1218667479040.0, ratio:0.9900652170181274
reserving basis 72/768; cond: 1218667479040.0, ratio:0.9900652170181274
reserving basis 77/768; cond: 7502983856128.0, ratio:0.9926943182945251
reserving basis 77/768; cond: 7502983856128.0, ratio:0.9926943182945251
reserving basis 74/768; cond: 826946682880.0, ratio:0.9903039932250977
reserving basis 74/768; cond: 826946682880.0, ratio:0.9903039932250977
reserving basis 75/768; cond: 64664891392.0, ratio:0.9928418397903442
reserving basis 75/768; cond: 64664891392.0, ratio:0.9928418397903442
reserving basis 72/768; cond: 103838662656.0, ratio:0.9907528162002563
reserving basis 72/768; cond: 103838662656.0, ratio:0.9907528162002563
reserving basis 75/768; cond: 631886708736.0, ratio:0.9902120232582092
reserving basis 75/768; cond: 631886708736.0, ratio:0.9902120232582092
reserving basis 71/768; cond: 89397207040.0, ratio:0.9913075566291809
reserving basis 71/768; cond: 89397207040.0, ratio:0.9913075566291809
reserving basis 74/768; cond: 60652277760.0, ratio:0.9900257587432861
reserving basis 74/768; cond: 60652277760.0, ratio:0.9900257587432861
reserving basis 70/768; cond: 214854631424.0, ratio:0.9911777377128601
reserving basis 70/768; cond: 214854631424.0, ratio:0.9911777377128601
reserving basis 74/768; cond: 119494656000.0, ratio:0.990799069404602
reserving basis 74/768; cond: 119494656000.0, ratio:0.990799069404602
reserving basis 69/768; cond: 149504000000.0, ratio:0.9912691116333008
reserving basis 69/768; cond: 149504000000.0, ratio:0.9912691116333008
reserving basis 73/768; cond: 29283041280.0, ratio:0.9901635050773621
reserving basis 73/768; cond: 29283041280.0, ratio:0.9901635050773621
reserving basis 69/768; cond: 47459364864.0, ratio:0.9908658266067505
reserving basis 69/768; cond: 47459364864.0, ratio:0.9908658266067505
reserving basis 74/768; cond: 47168356352.0, ratio:0.9922809600830078
reserving basis 74/768; cond: 47168356352.0, ratio:0.9922809600830078
reserving basis 70/768; cond: 25553477632.0, ratio:0.9914052486419678
reserving basis 70/768; cond: 25553477632.0, ratio:0.9914052486419678
reserving basis 72/768; cond: 162723971072.0, ratio:0.9902280569076538
reserving basis 72/768; cond: 162723971072.0, ratio:0.9902280569076538
reserving basis 70/768; cond: 43414605824.0, ratio:0.9923014044761658
reserving basis 70/768; cond: 43414605824.0, ratio:0.9923014044761658
reserving basis 71/768; cond: 836799496192.0, ratio:0.9900970458984375
reserving basis 71/768; cond: 836799496192.0, ratio:0.9900970458984375
reserving basis 67/768; cond: 51064004608.0, ratio:0.9901777505874634
reserving basis 67/768; cond: 51064004608.0, ratio:0.9901777505874634
reserving basis 67/768; cond: 95328829440.0, ratio:0.9914478063583374
reserving basis 67/768; cond: 95328829440.0, ratio:0.9914478063583374
reserving basis 65/768; cond: 16197810176.0, ratio:0.9914972186088562
reserving basis 65/768; cond: 16197810176.0, ratio:0.9914972186088562
2026-04-27 18:50:54,449 [palora.py] => Task 9, Epoch 50/50 => Loss 0.613, Train_accy 93.98
2026-04-27 18:51:06,785 [trainer.py] => Time:275.5399549007416
1086 1086
2026-04-27 18:51:13,324 [trainer.py] => Time:6.5384039878845215
2026-04-27 18:51:13,324 [trainer.py] => ACC: {'total': 73.39, '00-09': 73.72, '10-19': 74.83, '20-29': 85.8, '30-39': 72.83, '40-49': 65.14, '50-59': 73.15, '60-69': 78.91, '70-79': 59.46, '80-89': 62.26, '90-99': 55.1, 'old': 74.25, 'new': 55.1}
2026-04-27 18:51:13,324 [trainer.py] => ACC top1 curve: [89.74, 85.34, 83.8, 80.21, 78.51, 76.8, 77.09, 76.12, 75.31, 73.39]
Average Accuracy: 79.631
2026-04-27 18:51:13,324 [trainer.py] => Average Accuracy: 79.631
2026-04-27 18:51:13,328 [trainer.py] => All params: 115034851
2026-04-27 18:51:13,332 [trainer.py] => Trainable params: 376330
2026-04-27 18:51:13,332 [palora.py] => Learning on 100-110
Parameters to be updated: {'image_encoder.blocks.3.attn.lora_B_k.10.weight', 'image_encoder.blocks.7.attn.lora_A_k.10.weight', 'image_encoder.blocks.10.attn.lora_A_k.10.weight', 'image_encoder.blocks.8.attn.lora_A_v.10.weight', 'image_encoder.blocks.10.attn.lora_B_k.10.weight', 'image_encoder.blocks.11.attn.lora_A_v.10.weight', 'image_encoder.blocks.9.attn.lora_A_v.10.weight', 'classifier_pool.10.weight', 'image_encoder.blocks.2.attn.lora_A_k.10.weight', 'image_encoder.blocks.11.attn.lora_B_k.10.weight', 'image_encoder.blocks.4.attn.lora_A_k.10.weight', 'image_encoder.blocks.6.attn.lora_A_v.10.weight', 'image_encoder.blocks.0.attn.lora_B_k.10.weight', 'image_encoder.blocks.9.attn.lora_B_v.10.weight', 'image_encoder.blocks.2.attn.lora_B_v.10.weight', 'image_encoder.blocks.8.attn.lora_A_k.10.weight', 'image_encoder.blocks.9.attn.lora_B_k.10.weight', 'image_encoder.blocks.0.attn.lora_A_k.10.weight', 'image_encoder.blocks.11.attn.lora_A_k.10.weight', 'image_encoder.blocks.2.attn.lora_B_k.10.weight', 'image_encoder.blocks.5.attn.lora_A_k.10.weight', 'image_encoder.blocks.1.attn.lora_B_v.10.weight', 'image_encoder.blocks.8.attn.lora_B_k.10.weight', 'classifier_pool.10.bias', 'image_encoder.blocks.7.attn.lora_B_v.10.weight', 'image_encoder.blocks.8.attn.lora_B_v.10.weight', 'image_encoder.blocks.5.attn.lora_B_v.10.weight', 'image_encoder.blocks.3.attn.lora_A_v.10.weight', 'image_encoder.blocks.7.attn.lora_B_k.10.weight', 'image_encoder.blocks.0.attn.lora_B_v.10.weight', 'image_encoder.blocks.3.attn.lora_A_k.10.weight', 'image_encoder.blocks.11.attn.lora_B_v.10.weight', 'image_encoder.blocks.1.attn.lora_B_k.10.weight', 'image_encoder.blocks.5.attn.lora_A_v.10.weight', 'image_encoder.blocks.6.attn.lora_B_k.10.weight', 'image_encoder.blocks.6.attn.lora_B_v.10.weight', 'image_encoder.blocks.10.attn.lora_B_v.10.weight', 'image_encoder.blocks.6.attn.lora_A_k.10.weight', 'image_encoder.blocks.9.attn.lora_A_k.10.weight', 'image_encoder.blocks.7.attn.lora_A_v.10.weight', 'image_encoder.blocks.3.attn.lora_B_v.10.weight', 'image_encoder.blocks.4.attn.lora_B_k.10.weight', 'image_encoder.blocks.10.attn.lora_A_v.10.weight', 'image_encoder.blocks.2.attn.lora_A_v.10.weight', 'image_encoder.blocks.4.attn.lora_B_v.10.weight', 'image_encoder.blocks.5.attn.lora_B_k.10.weight', 'image_encoder.blocks.4.attn.lora_A_v.10.weight', 'image_encoder.blocks.1.attn.lora_A_k.10.weight', 'image_encoder.blocks.0.attn.lora_A_v.10.weight', 'image_encoder.blocks.1.attn.lora_A_v.10.weight'}
After trained on task 9 tensor(0.0362, device='cuda:0') tensor(0.0346, device='cuda:0')
After trained on task 9 tensor(0.0376, device='cuda:0') tensor(0.0407, device='cuda:0')
After trained on task 9 tensor(0.0337, device='cuda:0') tensor(0.0466, device='cuda:0')
After trained on task 9 tensor(0.0352, device='cuda:0') tensor(0.0552, device='cuda:0')
After trained on task 9 tensor(0.0429, device='cuda:0') tensor(0.0616, device='cuda:0')
After trained on task 9 tensor(0.0509, device='cuda:0') tensor(0.0625, device='cuda:0')
After trained on task 9 tensor(0.0494, device='cuda:0') tensor(0.0682, device='cuda:0')
After trained on task 9 tensor(0.0576, device='cuda:0') tensor(0.0800, device='cuda:0')
After trained on task 9 tensor(0.0567, device='cuda:0') tensor(0.0920, device='cuda:0')
After trained on task 9 tensor(0.0639, device='cuda:0') tensor(0.1095, device='cuda:0')
After trained on task 9 tensor(0.0674, device='cuda:0') tensor(0.1230, device='cuda:0')
After trained on task 9 tensor(0.0939, device='cuda:0') tensor(0.1337, device='cuda:0')
reserving basis 74/768; cond: 194401091584.0, ratio:0.9923633337020874
reserving basis 74/768; cond: 194401091584.0, ratio:0.9923633337020874
reserving basis 76/768; cond: 61923172352.0, ratio:0.9916592240333557
reserving basis 76/768; cond: 61923172352.0, ratio:0.9916592240333557
reserving basis 77/768; cond: 128849920000.0, ratio:0.9908444881439209
reserving basis 77/768; cond: 128849920000.0, ratio:0.9908444881439209
reserving basis 78/768; cond: 257489764352.0, ratio:0.9914838075637817
reserving basis 78/768; cond: 257489764352.0, ratio:0.9914838075637817
reserving basis 83/768; cond: 194271789056.0, ratio:0.9906066060066223
reserving basis 83/768; cond: 194271789056.0, ratio:0.9906066060066223
reserving basis 80/768; cond: 3070632394752.0, ratio:0.9912998676300049
reserving basis 80/768; cond: 3070632394752.0, ratio:0.9912998676300049
reserving basis 81/768; cond: 897442054144.0, ratio:0.9902759194374084
reserving basis 81/768; cond: 897442054144.0, ratio:0.9902759194374084
reserving basis 78/768; cond: 717967851520.0, ratio:0.9914019703865051
reserving basis 78/768; cond: 717967851520.0, ratio:0.9914019703865051
reserving basis 81/768; cond: 69083160576.0, ratio:0.991665244102478
reserving basis 81/768; cond: 69083160576.0, ratio:0.991665244102478
reserving basis 76/768; cond: 663111860224.0, ratio:0.9905987977981567
reserving basis 76/768; cond: 663111860224.0, ratio:0.9905987977981567
reserving basis 80/768; cond: 38931791872.0, ratio:0.9914056062698364
reserving basis 80/768; cond: 38931791872.0, ratio:0.9914056062698364
reserving basis 76/768; cond: 264358412288.0, ratio:0.9909833669662476
reserving basis 76/768; cond: 264358412288.0, ratio:0.9909833669662476
reserving basis 80/768; cond: 27647586304.0, ratio:0.9904401302337646
reserving basis 80/768; cond: 27647586304.0, ratio:0.9904401302337646
reserving basis 74/768; cond: 151346216960.0, ratio:0.9904770255088806
reserving basis 74/768; cond: 151346216960.0, ratio:0.9904770255088806
reserving basis 79/768; cond: 124487974912.0, ratio:0.990142285823822
reserving basis 79/768; cond: 124487974912.0, ratio:0.990142285823822
reserving basis 75/768; cond: 26896478208.0, ratio:0.9915893077850342
reserving basis 75/768; cond: 26896478208.0, ratio:0.9915893077850342
reserving basis 80/768; cond: 220610793832448.0, ratio:0.9906211495399475
reserving basis 80/768; cond: 220610793832448.0, ratio:0.9906211495399475
reserving basis 76/768; cond: 131353214976.0, ratio:0.9915888905525208
reserving basis 76/768; cond: 131353214976.0, ratio:0.9915888905525208
reserving basis 78/768; cond: 130799386624.0, ratio:0.9906193017959595
reserving basis 78/768; cond: 130799386624.0, ratio:0.9906193017959595
reserving basis 76/768; cond: 54418718720.0, ratio:0.9920061826705933
reserving basis 76/768; cond: 54418718720.0, ratio:0.9920061826705933
reserving basis 77/768; cond: 57061081088.0, ratio:0.9906280636787415
reserving basis 77/768; cond: 57061081088.0, ratio:0.9906280636787415
reserving basis 72/768; cond: 23617114112.0, ratio:0.9921411275863647
reserving basis 72/768; cond: 23617114112.0, ratio:0.9921411275863647
reserving basis 72/768; cond: 76575318016.0, ratio:0.9901099801063538
reserving basis 72/768; cond: 76575318016.0, ratio:0.9901099801063538
reserving basis 70/768; cond: 37294510080.0, ratio:0.992121696472168
reserving basis 70/768; cond: 37294510080.0, ratio:0.992121696472168
2026-04-27 18:55:20,168 [palora.py] => Task 10, Epoch 50/50 => Loss 0.889, Train_accy 90.30
2026-04-27 18:55:31,647 [trainer.py] => Time:258.3152859210968
1123 1123
2026-04-27 18:55:38,431 [trainer.py] => Time:6.783381223678589
2026-04-27 18:55:38,432 [trainer.py] => ACC: {'total': 71.42, '00-09': 73.72, '10-19': 74.17, '20-29': 85.19, '30-39': 72.83, '40-49': 64.22, '50-59': 72.48, '60-69': 78.91, '70-79': 59.46, '80-89': 60.38, '90-99': 55.1, '100-109': 27.03, 'old': 72.93, 'new': 27.03}
2026-04-27 18:55:38,432 [trainer.py] => ACC top1 curve: [89.74, 85.34, 83.8, 80.21, 78.51, 76.8, 77.09, 76.12, 75.31, 73.39, 71.42]
Average Accuracy: 78.88454545454546
2026-04-27 18:55:38,432 [trainer.py] => Average Accuracy: 78.88454545454546
2026-04-27 18:55:38,436 [trainer.py] => All params: 115034851
2026-04-27 18:55:38,440 [trainer.py] => Trainable params: 376330
2026-04-27 18:55:38,440 [palora.py] => Learning on 110-120
Parameters to be updated: {'image_encoder.blocks.10.attn.lora_B_k.11.weight', 'image_encoder.blocks.1.attn.lora_A_k.11.weight', 'image_encoder.blocks.4.attn.lora_A_k.11.weight', 'image_encoder.blocks.3.attn.lora_A_k.11.weight', 'image_encoder.blocks.11.attn.lora_A_k.11.weight', 'image_encoder.blocks.11.attn.lora_B_k.11.weight', 'image_encoder.blocks.3.attn.lora_A_v.11.weight', 'image_encoder.blocks.7.attn.lora_B_v.11.weight', 'image_encoder.blocks.8.attn.lora_B_k.11.weight', 'image_encoder.blocks.0.attn.lora_A_k.11.weight', 'image_encoder.blocks.10.attn.lora_B_v.11.weight', 'classifier_pool.11.weight', 'image_encoder.blocks.7.attn.lora_A_v.11.weight', 'image_encoder.blocks.8.attn.lora_A_k.11.weight', 'image_encoder.blocks.0.attn.lora_A_v.11.weight', 'image_encoder.blocks.4.attn.lora_B_v.11.weight', 'image_encoder.blocks.5.attn.lora_B_v.11.weight', 'image_encoder.blocks.8.attn.lora_B_v.11.weight', 'image_encoder.blocks.1.attn.lora_B_v.11.weight', 'image_encoder.blocks.5.attn.lora_A_v.11.weight', 'image_encoder.blocks.9.attn.lora_A_v.11.weight', 'image_encoder.blocks.10.attn.lora_A_k.11.weight', 'image_encoder.blocks.11.attn.lora_B_v.11.weight', 'image_encoder.blocks.6.attn.lora_A_v.11.weight', 'image_encoder.blocks.0.attn.lora_B_k.11.weight', 'image_encoder.blocks.3.attn.lora_B_k.11.weight', 'image_encoder.blocks.7.attn.lora_B_k.11.weight', 'image_encoder.blocks.3.attn.lora_B_v.11.weight', 'image_encoder.blocks.5.attn.lora_A_k.11.weight', 'image_encoder.blocks.9.attn.lora_A_k.11.weight', 'image_encoder.blocks.1.attn.lora_A_v.11.weight', 'image_encoder.blocks.0.attn.lora_B_v.11.weight', 'image_encoder.blocks.1.attn.lora_B_k.11.weight', 'image_encoder.blocks.6.attn.lora_B_k.11.weight', 'image_encoder.blocks.2.attn.lora_B_v.11.weight', 'image_encoder.blocks.11.attn.lora_A_v.11.weight', 'image_encoder.blocks.7.attn.lora_A_k.11.weight', 'image_encoder.blocks.2.attn.lora_A_k.11.weight', 'image_encoder.blocks.9.attn.lora_B_v.11.weight', 'image_encoder.blocks.2.attn.lora_B_k.11.weight', 'image_encoder.blocks.5.attn.lora_B_k.11.weight', 'image_encoder.blocks.8.attn.lora_A_v.11.weight', 'classifier_pool.11.bias', 'image_encoder.blocks.4.attn.lora_B_k.11.weight', 'image_encoder.blocks.6.attn.lora_B_v.11.weight', 'image_encoder.blocks.2.attn.lora_A_v.11.weight', 'image_encoder.blocks.6.attn.lora_A_k.11.weight', 'image_encoder.blocks.4.attn.lora_A_v.11.weight', 'image_encoder.blocks.9.attn.lora_B_k.11.weight', 'image_encoder.blocks.10.attn.lora_A_v.11.weight'}
After trained on task 10 tensor(0.0276, device='cuda:0') tensor(0.0264, device='cuda:0')
After trained on task 10 tensor(0.0274, device='cuda:0') tensor(0.0296, device='cuda:0')
After trained on task 10 tensor(0.0270, device='cuda:0') tensor(0.0312, device='cuda:0')
After trained on task 10 tensor(0.0261, device='cuda:0') tensor(0.0331, device='cuda:0')
After trained on task 10 tensor(0.0323, device='cuda:0') tensor(0.0348, device='cuda:0')
After trained on task 10 tensor(0.0336, device='cuda:0') tensor(0.0384, device='cuda:0')
After trained on task 10 tensor(0.0365, device='cuda:0') tensor(0.0423, device='cuda:0')
After trained on task 10 tensor(0.0369, device='cuda:0') tensor(0.0440, device='cuda:0')
After trained on task 10 tensor(0.0364, device='cuda:0') tensor(0.0523, device='cuda:0')
After trained on task 10 tensor(0.0427, device='cuda:0') tensor(0.0574, device='cuda:0')
After trained on task 10 tensor(0.0415, device='cuda:0') tensor(0.0627, device='cuda:0')
After trained on task 10 tensor(0.0471, device='cuda:0') tensor(0.0675, device='cuda:0')
reserving basis 79/768; cond: 913700159488.0, ratio:0.9915004968643188
reserving basis 79/768; cond: 913700159488.0, ratio:0.9915004968643188
reserving basis 82/768; cond: 341793308672.0, ratio:0.9916247129440308
reserving basis 82/768; cond: 341793308672.0, ratio:0.9916247129440308
reserving basis 82/768; cond: 206193901568.0, ratio:0.9912971258163452
reserving basis 82/768; cond: 206193901568.0, ratio:0.9912971258163452
reserving basis 83/768; cond: 20623525888.0, ratio:0.990143358707428
reserving basis 83/768; cond: 20623525888.0, ratio:0.990143358707428
reserving basis 89/768; cond: 111543468032.0, ratio:0.9917108416557312
reserving basis 89/768; cond: 111543468032.0, ratio:0.9917108416557312
reserving basis 85/768; cond: 245168521216.0, ratio:0.9906032085418701
reserving basis 85/768; cond: 245168521216.0, ratio:0.9906032085418701
reserving basis 87/768; cond: 218143735808.0, ratio:0.9917757511138916
reserving basis 87/768; cond: 218143735808.0, ratio:0.9917757511138916
reserving basis 83/768; cond: 3298979741696.0, ratio:0.9909698367118835
reserving basis 83/768; cond: 3298979741696.0, ratio:0.9909698367118835
reserving basis 87/768; cond: 139603755008.0, ratio:0.9920192360877991
reserving basis 87/768; cond: 139603755008.0, ratio:0.9920192360877991
reserving basis 81/768; cond: 95249653760.0, ratio:0.9903970956802368
reserving basis 81/768; cond: 95249653760.0, ratio:0.9903970956802368
reserving basis 85/768; cond: 42031136768.0, ratio:0.9901764988899231
reserving basis 85/768; cond: 42031136768.0, ratio:0.9901764988899231
reserving basis 81/768; cond: 21654855680.0, ratio:0.9905803799629211
reserving basis 81/768; cond: 21654855680.0, ratio:0.9905803799629211
reserving basis 85/768; cond: 85726961664.0, ratio:0.9903415441513062
reserving basis 85/768; cond: 85726961664.0, ratio:0.9903415441513062
reserving basis 79/768; cond: 246036332544.0, ratio:0.9907346367835999
reserving basis 79/768; cond: 246036332544.0, ratio:0.9907346367835999
reserving basis 84/768; cond: 70786588672.0, ratio:0.9906849265098572
reserving basis 84/768; cond: 70786588672.0, ratio:0.9906849265098572
reserving basis 80/768; cond: 28816947200.0, ratio:0.9913185834884644
reserving basis 80/768; cond: 28816947200.0, ratio:0.9913185834884644
reserving basis 85/768; cond: 231630143488.0, ratio:0.9908840656280518
reserving basis 85/768; cond: 231630143488.0, ratio:0.9908840656280518
reserving basis 81/768; cond: 18089957376.0, ratio:0.9915247559547424
reserving basis 81/768; cond: 18089957376.0, ratio:0.9915247559547424
reserving basis 83/768; cond: 147458310144.0, ratio:0.9906197786331177
reserving basis 83/768; cond: 147458310144.0, ratio:0.9906197786331177
reserving basis 81/768; cond: 31698282496.0, ratio:0.9916645288467407
reserving basis 81/768; cond: 31698282496.0, ratio:0.9916645288467407
reserving basis 82/768; cond: 135028383744.0, ratio:0.9904098510742188
reserving basis 82/768; cond: 135028383744.0, ratio:0.9904098510742188
reserving basis 76/768; cond: 171817172992.0, ratio:0.9911842346191406
reserving basis 76/768; cond: 171817172992.0, ratio:0.9911842346191406
reserving basis 77/768; cond: 140332974080.0, ratio:0.9911907911300659
reserving basis 77/768; cond: 140332974080.0, ratio:0.9911907911300659
reserving basis 74/768; cond: 25172811776.0, ratio:0.9916008710861206
reserving basis 74/768; cond: 25172811776.0, ratio:0.9916008710861206
2026-04-27 18:59:43,926 [palora.py] => Task 11, Epoch 50/50 => Loss 0.593, Train_accy 96.03
2026-04-27 18:59:55,406 [trainer.py] => Time:256.96527194976807
1157 1157
2026-04-27 19:00:02,280 [trainer.py] => Time:6.874162435531616
2026-04-27 19:00:02,281 [trainer.py] => ACC: {'total': 70.7, '00-09': 74.36, '10-19': 74.17, '20-29': 84.57, '30-39': 71.74, '40-49': 64.22, '50-59': 72.48, '60-69': 78.12, '70-79': 56.76, '80-89': 58.49, '90-99': 55.1, '100-109': 29.73, '110-119': 55.88, 'old': 71.15, 'new': 55.88}
2026-04-27 19:00:02,281 [trainer.py] => ACC top1 curve: [89.74, 85.34, 83.8, 80.21, 78.51, 76.8, 77.09, 76.12, 75.31, 73.39, 71.42, 70.7]
Average Accuracy: 78.2025
2026-04-27 19:00:02,281 [trainer.py] => Average Accuracy: 78.2025
2026-04-27 19:00:02,285 [trainer.py] => All params: 115034851
2026-04-27 19:00:02,288 [trainer.py] => Trainable params: 376330
2026-04-27 19:00:02,288 [palora.py] => Learning on 120-130
Parameters to be updated: {'image_encoder.blocks.5.attn.lora_A_k.12.weight', 'image_encoder.blocks.8.attn.lora_A_v.12.weight', 'classifier_pool.12.bias', 'image_encoder.blocks.0.attn.lora_B_k.12.weight', 'image_encoder.blocks.3.attn.lora_B_k.12.weight', 'image_encoder.blocks.9.attn.lora_B_k.12.weight', 'image_encoder.blocks.10.attn.lora_B_v.12.weight', 'image_encoder.blocks.7.attn.lora_A_k.12.weight', 'image_encoder.blocks.11.attn.lora_A_v.12.weight', 'image_encoder.blocks.9.attn.lora_B_v.12.weight', 'image_encoder.blocks.1.attn.lora_A_v.12.weight', 'image_encoder.blocks.5.attn.lora_B_k.12.weight', 'image_encoder.blocks.8.attn.lora_B_k.12.weight', 'image_encoder.blocks.1.attn.lora_B_v.12.weight', 'image_encoder.blocks.0.attn.lora_B_v.12.weight', 'image_encoder.blocks.9.attn.lora_A_v.12.weight', 'image_encoder.blocks.0.attn.lora_A_v.12.weight', 'image_encoder.blocks.5.attn.lora_B_v.12.weight', 'classifier_pool.12.weight', 'image_encoder.blocks.6.attn.lora_B_k.12.weight', 'image_encoder.blocks.3.attn.lora_B_v.12.weight', 'image_encoder.blocks.4.attn.lora_B_v.12.weight', 'image_encoder.blocks.11.attn.lora_A_k.12.weight', 'image_encoder.blocks.3.attn.lora_A_k.12.weight', 'image_encoder.blocks.4.attn.lora_A_k.12.weight', 'image_encoder.blocks.11.attn.lora_B_k.12.weight', 'image_encoder.blocks.2.attn.lora_B_k.12.weight', 'image_encoder.blocks.4.attn.lora_B_k.12.weight', 'image_encoder.blocks.6.attn.lora_A_k.12.weight', 'image_encoder.blocks.9.attn.lora_A_k.12.weight', 'image_encoder.blocks.0.attn.lora_A_k.12.weight', 'image_encoder.blocks.7.attn.lora_B_k.12.weight', 'image_encoder.blocks.2.attn.lora_A_k.12.weight', 'image_encoder.blocks.4.attn.lora_A_v.12.weight', 'image_encoder.blocks.10.attn.lora_A_v.12.weight', 'image_encoder.blocks.3.attn.lora_A_v.12.weight', 'image_encoder.blocks.2.attn.lora_B_v.12.weight', 'image_encoder.blocks.5.attn.lora_A_v.12.weight', 'image_encoder.blocks.11.attn.lora_B_v.12.weight', 'image_encoder.blocks.2.attn.lora_A_v.12.weight', 'image_encoder.blocks.8.attn.lora_A_k.12.weight', 'image_encoder.blocks.1.attn.lora_A_k.12.weight', 'image_encoder.blocks.6.attn.lora_A_v.12.weight', 'image_encoder.blocks.10.attn.lora_A_k.12.weight', 'image_encoder.blocks.7.attn.lora_B_v.12.weight', 'image_encoder.blocks.7.attn.lora_A_v.12.weight', 'image_encoder.blocks.1.attn.lora_B_k.12.weight', 'image_encoder.blocks.8.attn.lora_B_v.12.weight', 'image_encoder.blocks.6.attn.lora_B_v.12.weight', 'image_encoder.blocks.10.attn.lora_B_k.12.weight'}
After trained on task 11 tensor(0.0307, device='cuda:0') tensor(0.0258, device='cuda:0')
After trained on task 11 tensor(0.0253, device='cuda:0') tensor(0.0306, device='cuda:0')
After trained on task 11 tensor(0.0232, device='cuda:0') tensor(0.0338, device='cuda:0')
After trained on task 11 tensor(0.0243, device='cuda:0') tensor(0.0362, device='cuda:0')
After trained on task 11 tensor(0.0280, device='cuda:0') tensor(0.0390, device='cuda:0')
After trained on task 11 tensor(0.0328, device='cuda:0') tensor(0.0405, device='cuda:0')
After trained on task 11 tensor(0.0352, device='cuda:0') tensor(0.0451, device='cuda:0')
After trained on task 11 tensor(0.0379, device='cuda:0') tensor(0.0478, device='cuda:0')
After trained on task 11 tensor(0.0409, device='cuda:0') tensor(0.0544, device='cuda:0')
After trained on task 11 tensor(0.0421, device='cuda:0') tensor(0.0628, device='cuda:0')
After trained on task 11 tensor(0.0453, device='cuda:0') tensor(0.0726, device='cuda:0')
After trained on task 11 tensor(0.0521, device='cuda:0') tensor(0.0800, device='cuda:0')
reserving basis 84/768; cond: 304665395200.0, ratio:0.991239070892334
reserving basis 84/768; cond: 304665395200.0, ratio:0.991239070892334
reserving basis 87/768; cond: 17035845632.0, ratio:0.9909189939498901
reserving basis 87/768; cond: 17035845632.0, ratio:0.9909189939498901
reserving basis 87/768; cond: 334605680640.0, ratio:0.9911194443702698
reserving basis 87/768; cond: 334605680640.0, ratio:0.9911194443702698
reserving basis 88/768; cond: 19502755840.0, ratio:0.990715742111206
reserving basis 88/768; cond: 19502755840.0, ratio:0.990715742111206
reserving basis 94/768; cond: 117979955200.0, ratio:0.9912568926811218
reserving basis 94/768; cond: 117979955200.0, ratio:0.9912568926811218
reserving basis 90/768; cond: 191436406784.0, ratio:0.9907262325286865
reserving basis 90/768; cond: 191436406784.0, ratio:0.9907262325286865
reserving basis 93/768; cond: 111523692544.0, ratio:0.9919866919517517
reserving basis 93/768; cond: 111523692544.0, ratio:0.9919866919517517
reserving basis 88/768; cond: 175763570688.0, ratio:0.9912651181221008
reserving basis 88/768; cond: 175763570688.0, ratio:0.9912651181221008
reserving basis 92/768; cond: 29631979716608.0, ratio:0.991126537322998
reserving basis 92/768; cond: 29631979716608.0, ratio:0.991126537322998
reserving basis 86/768; cond: 29842966528.0, ratio:0.9911001324653625
reserving basis 86/768; cond: 29842966528.0, ratio:0.9911001324653625
reserving basis 90/768; cond: 28700747776.0, ratio:0.990699291229248
reserving basis 90/768; cond: 28700747776.0, ratio:0.990699291229248
reserving basis 86/768; cond: 4532612890624.0, ratio:0.9904502630233765
reserving basis 86/768; cond: 4532612890624.0, ratio:0.9904502630233765
reserving basis 90/768; cond: 20168288256.0, ratio:0.9909321665763855
reserving basis 90/768; cond: 20168288256.0, ratio:0.9909321665763855
reserving basis 84/768; cond: 32553238528.0, ratio:0.9905944466590881
reserving basis 84/768; cond: 32553238528.0, ratio:0.9905944466590881
reserving basis 89/768; cond: 39265497088.0, ratio:0.9904077649116516
reserving basis 89/768; cond: 39265497088.0, ratio:0.9904077649116516
reserving basis 85/768; cond: 83236757504.0, ratio:0.9910363554954529
reserving basis 85/768; cond: 83236757504.0, ratio:0.9910363554954529
reserving basis 90/768; cond: 33891106816.0, ratio:0.9903850555419922
reserving basis 90/768; cond: 33891106816.0, ratio:0.9903850555419922
reserving basis 86/768; cond: 332583141376.0, ratio:0.990638017654419
reserving basis 86/768; cond: 332583141376.0, ratio:0.990638017654419
reserving basis 88/768; cond: 522168205312.0, ratio:0.9900727868080139
reserving basis 88/768; cond: 522168205312.0, ratio:0.9900727868080139
reserving basis 86/768; cond: 14350237696.0, ratio:0.9910615682601929
reserving basis 86/768; cond: 14350237696.0, ratio:0.9910615682601929
reserving basis 87/768; cond: 16582785024.0, ratio:0.9900310039520264
reserving basis 87/768; cond: 16582785024.0, ratio:0.9900310039520264
reserving basis 80/768; cond: 17859020800.0, ratio:0.9902216792106628
reserving basis 80/768; cond: 17859020800.0, ratio:0.9902216792106628
reserving basis 82/768; cond: 260762877952.0, ratio:0.9910591840744019
reserving basis 82/768; cond: 260762877952.0, ratio:0.9910591840744019
reserving basis 78/768; cond: 84630315008.0, ratio:0.9908731579780579
reserving basis 78/768; cond: 84630315008.0, ratio:0.9908731579780579
2026-04-27 19:04:31,728 [palora.py] => Task 12, Epoch 50/50 => Loss 0.585, Train_accy 96.72
2026-04-27 19:04:43,881 [trainer.py] => Time:281.5927686691284
1213 1213
2026-04-27 19:04:50,602 [trainer.py] => Time:6.720036506652832
2026-04-27 19:04:50,602 [trainer.py] => ACC: {'total': 67.93, '00-09': 73.08, '10-19': 74.17, '20-29': 85.19, '30-39': 71.74, '40-49': 62.39, '50-59': 72.48, '60-69': 78.12, '70-79': 54.05, '80-89': 49.06, '90-99': 51.02, '100-109': 27.03, '110-119': 44.12, '120-129': 39.29, 'old': 69.32, 'new': 39.29}
2026-04-27 19:04:50,602 [trainer.py] => ACC top1 curve: [89.74, 85.34, 83.8, 80.21, 78.51, 76.8, 77.09, 76.12, 75.31, 73.39, 71.42, 70.7, 67.93]
Average Accuracy: 77.4123076923077
2026-04-27 19:04:50,602 [trainer.py] => Average Accuracy: 77.4123076923077
2026-04-27 19:04:50,606 [trainer.py] => All params: 115034851
2026-04-27 19:04:50,609 [trainer.py] => Trainable params: 376330
2026-04-27 19:04:50,609 [palora.py] => Learning on 130-140
Parameters to be updated: {'classifier_pool.13.weight', 'image_encoder.blocks.5.attn.lora_B_k.13.weight', 'image_encoder.blocks.2.attn.lora_A_v.13.weight', 'image_encoder.blocks.4.attn.lora_B_v.13.weight', 'image_encoder.blocks.8.attn.lora_B_k.13.weight', 'image_encoder.blocks.7.attn.lora_B_k.13.weight', 'image_encoder.blocks.10.attn.lora_B_k.13.weight', 'image_encoder.blocks.3.attn.lora_B_k.13.weight', 'image_encoder.blocks.11.attn.lora_A_v.13.weight', 'image_encoder.blocks.8.attn.lora_A_k.13.weight', 'image_encoder.blocks.0.attn.lora_B_k.13.weight', 'image_encoder.blocks.6.attn.lora_A_v.13.weight', 'image_encoder.blocks.2.attn.lora_B_k.13.weight', 'image_encoder.blocks.4.attn.lora_A_v.13.weight', 'image_encoder.blocks.8.attn.lora_B_v.13.weight', 'image_encoder.blocks.5.attn.lora_B_v.13.weight', 'image_encoder.blocks.9.attn.lora_B_v.13.weight', 'classifier_pool.13.bias', 'image_encoder.blocks.10.attn.lora_B_v.13.weight', 'image_encoder.blocks.2.attn.lora_B_v.13.weight', 'image_encoder.blocks.7.attn.lora_A_k.13.weight', 'image_encoder.blocks.6.attn.lora_B_v.13.weight', 'image_encoder.blocks.11.attn.lora_A_k.13.weight', 'image_encoder.blocks.2.attn.lora_A_k.13.weight', 'image_encoder.blocks.3.attn.lora_B_v.13.weight', 'image_encoder.blocks.8.attn.lora_A_v.13.weight', 'image_encoder.blocks.4.attn.lora_A_k.13.weight', 'image_encoder.blocks.4.attn.lora_B_k.13.weight', 'image_encoder.blocks.9.attn.lora_B_k.13.weight', 'image_encoder.blocks.5.attn.lora_A_k.13.weight', 'image_encoder.blocks.1.attn.lora_A_k.13.weight', 'image_encoder.blocks.6.attn.lora_B_k.13.weight', 'image_encoder.blocks.7.attn.lora_A_v.13.weight', 'image_encoder.blocks.10.attn.lora_A_v.13.weight', 'image_encoder.blocks.0.attn.lora_B_v.13.weight', 'image_encoder.blocks.0.attn.lora_A_k.13.weight', 'image_encoder.blocks.10.attn.lora_A_k.13.weight', 'image_encoder.blocks.1.attn.lora_B_k.13.weight', 'image_encoder.blocks.1.attn.lora_A_v.13.weight', 'image_encoder.blocks.9.attn.lora_A_k.13.weight', 'image_encoder.blocks.7.attn.lora_B_v.13.weight', 'image_encoder.blocks.11.attn.lora_B_k.13.weight', 'image_encoder.blocks.1.attn.lora_B_v.13.weight', 'image_encoder.blocks.0.attn.lora_A_v.13.weight', 'image_encoder.blocks.3.attn.lora_A_v.13.weight', 'image_encoder.blocks.9.attn.lora_A_v.13.weight', 'image_encoder.blocks.6.attn.lora_A_k.13.weight', 'image_encoder.blocks.11.attn.lora_B_v.13.weight', 'image_encoder.blocks.3.attn.lora_A_k.13.weight', 'image_encoder.blocks.5.attn.lora_A_v.13.weight'}
After trained on task 12 tensor(0.0354, device='cuda:0') tensor(0.0330, device='cuda:0')
After trained on task 12 tensor(0.0299, device='cuda:0') tensor(0.0365, device='cuda:0')
After trained on task 12 tensor(0.0297, device='cuda:0') tensor(0.0409, device='cuda:0')
After trained on task 12 tensor(0.0309, device='cuda:0') tensor(0.0430, device='cuda:0')
After trained on task 12 tensor(0.0364, device='cuda:0') tensor(0.0473, device='cuda:0')
After trained on task 12 tensor(0.0436, device='cuda:0') tensor(0.0537, device='cuda:0')
After trained on task 12 tensor(0.0445, device='cuda:0') tensor(0.0590, device='cuda:0')
After trained on task 12 tensor(0.0508, device='cuda:0') tensor(0.0678, device='cuda:0')
After trained on task 12 tensor(0.0570, device='cuda:0') tensor(0.0779, device='cuda:0')
After trained on task 12 tensor(0.0613, device='cuda:0') tensor(0.1020, device='cuda:0')
After trained on task 12 tensor(0.0601, device='cuda:0') tensor(0.1185, device='cuda:0')
After trained on task 12 tensor(0.0830, device='cuda:0') tensor(0.1388, device='cuda:0')
reserving basis 88/768; cond: 875028545536.0, ratio:0.9912057518959045
reserving basis 88/768; cond: 875028545536.0, ratio:0.9912057518959045
reserving basis 92/768; cond: 1584421797888.0, ratio:0.9918332099914551
reserving basis 92/768; cond: 1584421797888.0, ratio:0.9918332099914551
reserving basis 92/768; cond: 35238625280.0, ratio:0.9912317395210266
reserving basis 92/768; cond: 35238625280.0, ratio:0.9912317395210266
reserving basis 93/768; cond: 63344132096.0, ratio:0.9915050864219666
reserving basis 93/768; cond: 63344132096.0, ratio:0.9915050864219666
reserving basis 99/768; cond: 13631420891136.0, ratio:0.990285336971283
reserving basis 99/768; cond: 13631420891136.0, ratio:0.990285336971283
reserving basis 95/768; cond: 1830486016000.0, ratio:0.9913150668144226
reserving basis 95/768; cond: 1830486016000.0, ratio:0.9913150668144226
reserving basis 99/768; cond: 1300761280512.0, ratio:0.9922443628311157
reserving basis 99/768; cond: 1300761280512.0, ratio:0.9922443628311157
reserving basis 93/768; cond: 159270240256.0, ratio:0.9902709722518921
reserving basis 93/768; cond: 159270240256.0, ratio:0.9902709722518921
reserving basis 98/768; cond: 169404841984.0, ratio:0.992125391960144
reserving basis 98/768; cond: 169404841984.0, ratio:0.992125391960144
reserving basis 91/768; cond: 17032095744.0, ratio:0.9903120994567871
reserving basis 91/768; cond: 17032095744.0, ratio:0.9903120994567871
reserving basis 96/768; cond: 63511212032.0, ratio:0.9916351437568665
reserving basis 96/768; cond: 63511212032.0, ratio:0.9916351437568665
reserving basis 91/768; cond: 34120216576.0, ratio:0.9908974170684814
reserving basis 91/768; cond: 34120216576.0, ratio:0.9908974170684814
reserving basis 96/768; cond: 1077263925248.0, ratio:0.9922207593917847
reserving basis 96/768; cond: 1077263925248.0, ratio:0.9922207593917847
reserving basis 90/768; cond: 51539808256.0, ratio:0.9920632243156433
reserving basis 90/768; cond: 51539808256.0, ratio:0.9920632243156433
reserving basis 94/768; cond: 205805223936.0, ratio:0.990320086479187
reserving basis 94/768; cond: 205805223936.0, ratio:0.990320086479187
reserving basis 90/768; cond: 76526690304.0, ratio:0.9907417893409729
reserving basis 90/768; cond: 76526690304.0, ratio:0.9907417893409729
reserving basis 95/768; cond: 370837127168.0, ratio:0.9904680848121643
reserving basis 95/768; cond: 370837127168.0, ratio:0.9904680848121643
reserving basis 91/768; cond: 258917564416.0, ratio:0.9909272789955139
reserving basis 91/768; cond: 258917564416.0, ratio:0.9909272789955139
reserving basis 94/768; cond: 103512498176.0, ratio:0.9916885495185852
reserving basis 94/768; cond: 103512498176.0, ratio:0.9916885495185852
reserving basis 91/768; cond: 42028224512.0, ratio:0.9915486574172974
reserving basis 91/768; cond: 42028224512.0, ratio:0.9915486574172974
reserving basis 93/768; cond: 21113460736.0, ratio:0.9915798306465149
reserving basis 93/768; cond: 21113460736.0, ratio:0.9915798306465149
reserving basis 85/768; cond: 12924951552.0, ratio:0.9919726252555847
reserving basis 85/768; cond: 12924951552.0, ratio:0.9919726252555847
reserving basis 87/768; cond: 47456502939648.0, ratio:0.9910624027252197
reserving basis 87/768; cond: 47456502939648.0, ratio:0.9910624027252197
reserving basis 82/768; cond: 30536474624.0, ratio:0.9907775521278381
reserving basis 82/768; cond: 30536474624.0, ratio:0.9907775521278381
2026-04-27 19:08:43,635 [palora.py] => Task 13, Epoch 50/50 => Loss 0.576, Train_accy 95.58
2026-04-27 19:08:55,388 [trainer.py] => Time:244.7787058353424
1240 1240
2026-04-27 19:09:02,419 [trainer.py] => Time:7.030630588531494
2026-04-27 19:09:02,420 [trainer.py] => ACC: {'total': 66.94, '00-09': 73.72, '10-19': 74.83, '20-29': 85.19, '30-39': 71.74, '40-49': 62.39, '50-59': 71.81, '60-69': 77.34, '70-79': 54.05, '80-89': 50.94, '90-99': 48.98, '100-109': 27.03, '110-119': 41.18, '120-129': 39.29, '130-139': 25.93, 'old': 67.85, 'new': 25.93}
2026-04-27 19:09:02,420 [trainer.py] => ACC top1 curve: [89.74, 85.34, 83.8, 80.21, 78.51, 76.8, 77.09, 76.12, 75.31, 73.39, 71.42, 70.7, 67.93, 66.94]
Average Accuracy: 76.66428571428573
2026-04-27 19:09:02,420 [trainer.py] => Average Accuracy: 76.66428571428573
2026-04-27 19:09:02,424 [trainer.py] => All params: 115034851
2026-04-27 19:09:02,427 [trainer.py] => Trainable params: 376330
2026-04-27 19:09:02,427 [palora.py] => Learning on 140-150
Parameters to be updated: {'image_encoder.blocks.0.attn.lora_B_k.14.weight', 'image_encoder.blocks.8.attn.lora_B_k.14.weight', 'image_encoder.blocks.9.attn.lora_B_v.14.weight', 'image_encoder.blocks.6.attn.lora_B_v.14.weight', 'image_encoder.blocks.9.attn.lora_A_v.14.weight', 'image_encoder.blocks.2.attn.lora_B_k.14.weight', 'image_encoder.blocks.4.attn.lora_A_k.14.weight', 'image_encoder.blocks.1.attn.lora_B_k.14.weight', 'image_encoder.blocks.0.attn.lora_A_v.14.weight', 'image_encoder.blocks.5.attn.lora_B_v.14.weight', 'image_encoder.blocks.4.attn.lora_B_k.14.weight', 'image_encoder.blocks.5.attn.lora_A_k.14.weight', 'image_encoder.blocks.2.attn.lora_A_v.14.weight', 'image_encoder.blocks.7.attn.lora_B_v.14.weight', 'image_encoder.blocks.2.attn.lora_A_k.14.weight', 'image_encoder.blocks.5.attn.lora_B_k.14.weight', 'image_encoder.blocks.8.attn.lora_B_v.14.weight', 'image_encoder.blocks.1.attn.lora_A_k.14.weight', 'image_encoder.blocks.8.attn.lora_A_v.14.weight', 'image_encoder.blocks.11.attn.lora_B_k.14.weight', 'image_encoder.blocks.3.attn.lora_A_v.14.weight', 'image_encoder.blocks.10.attn.lora_A_v.14.weight', 'image_encoder.blocks.4.attn.lora_A_v.14.weight', 'image_encoder.blocks.9.attn.lora_A_k.14.weight', 'image_encoder.blocks.11.attn.lora_A_v.14.weight', 'image_encoder.blocks.7.attn.lora_B_k.14.weight', 'image_encoder.blocks.4.attn.lora_B_v.14.weight', 'image_encoder.blocks.0.attn.lora_B_v.14.weight', 'image_encoder.blocks.7.attn.lora_A_v.14.weight', 'image_encoder.blocks.9.attn.lora_B_k.14.weight', 'image_encoder.blocks.11.attn.lora_A_k.14.weight', 'image_encoder.blocks.3.attn.lora_B_v.14.weight', 'image_encoder.blocks.10.attn.lora_B_k.14.weight', 'image_encoder.blocks.0.attn.lora_A_k.14.weight', 'image_encoder.blocks.1.attn.lora_B_v.14.weight', 'image_encoder.blocks.7.attn.lora_A_k.14.weight', 'image_encoder.blocks.10.attn.lora_A_k.14.weight', 'image_encoder.blocks.2.attn.lora_B_v.14.weight', 'image_encoder.blocks.3.attn.lora_B_k.14.weight', 'image_encoder.blocks.8.attn.lora_A_k.14.weight', 'image_encoder.blocks.3.attn.lora_A_k.14.weight', 'image_encoder.blocks.6.attn.lora_A_k.14.weight', 'image_encoder.blocks.6.attn.lora_A_v.14.weight', 'image_encoder.blocks.6.attn.lora_B_k.14.weight', 'classifier_pool.14.weight', 'classifier_pool.14.bias', 'image_encoder.blocks.11.attn.lora_B_v.14.weight', 'image_encoder.blocks.1.attn.lora_A_v.14.weight', 'image_encoder.blocks.5.attn.lora_A_v.14.weight', 'image_encoder.blocks.10.attn.lora_B_v.14.weight'}
After trained on task 13 tensor(0.0288, device='cuda:0') tensor(0.0254, device='cuda:0')
After trained on task 13 tensor(0.0253, device='cuda:0') tensor(0.0292, device='cuda:0')
After trained on task 13 tensor(0.0233, device='cuda:0') tensor(0.0306, device='cuda:0')
After trained on task 13 tensor(0.0244, device='cuda:0') tensor(0.0334, device='cuda:0')
After trained on task 13 tensor(0.0267, device='cuda:0') tensor(0.0374, device='cuda:0')
After trained on task 13 tensor(0.0317, device='cuda:0') tensor(0.0389, device='cuda:0')
After trained on task 13 tensor(0.0364, device='cuda:0') tensor(0.0426, device='cuda:0')
After trained on task 13 tensor(0.0385, device='cuda:0') tensor(0.0467, device='cuda:0')
After trained on task 13 tensor(0.0373, device='cuda:0') tensor(0.0512, device='cuda:0')
After trained on task 13 tensor(0.0411, device='cuda:0') tensor(0.0537, device='cuda:0')
After trained on task 13 tensor(0.0414, device='cuda:0') tensor(0.0631, device='cuda:0')
After trained on task 13 tensor(0.0512, device='cuda:0') tensor(0.0710, device='cuda:0')
reserving basis 92/768; cond: 294769065984.0, ratio:0.9901201725006104
reserving basis 92/768; cond: 294769065984.0, ratio:0.9901201725006104
reserving basis 96/768; cond: 70759907328.0, ratio:0.9911245107650757
reserving basis 96/768; cond: 70759907328.0, ratio:0.9911245107650757
reserving basis 96/768; cond: 313430048768.0, ratio:0.9911316633224487
reserving basis 96/768; cond: 313430048768.0, ratio:0.9911316633224487
reserving basis 97/768; cond: 56900431872.0, ratio:0.9905562996864319
reserving basis 97/768; cond: 56900431872.0, ratio:0.9905562996864319
reserving basis 104/768; cond: 86823411712.0, ratio:0.9916684031486511
reserving basis 104/768; cond: 86823411712.0, ratio:0.9916684031486511
reserving basis 99/768; cond: 243142361088.0, ratio:0.9906346201896667
reserving basis 99/768; cond: 243142361088.0, ratio:0.9906346201896667
reserving basis 104/768; cond: 28160919552.0, ratio:0.9916431307792664
reserving basis 104/768; cond: 28160919552.0, ratio:0.9916431307792664
reserving basis 98/768; cond: 265087647744.0, ratio:0.9907522797584534
reserving basis 98/768; cond: 265087647744.0, ratio:0.9907522797584534
reserving basis 103/768; cond: 54425829376.0, ratio:0.9917218089103699
reserving basis 103/768; cond: 54425829376.0, ratio:0.9917218089103699
reserving basis 96/768; cond: 141544652800.0, ratio:0.9918146729469299
reserving basis 96/768; cond: 141544652800.0, ratio:0.9918146729469299
reserving basis 101/768; cond: 75275640832.0, ratio:0.9916821122169495
reserving basis 101/768; cond: 75275640832.0, ratio:0.9916821122169495
reserving basis 95/768; cond: 96582205440.0, ratio:0.9902085661888123
reserving basis 95/768; cond: 96582205440.0, ratio:0.9902085661888123
reserving basis 100/768; cond: 51648921600.0, ratio:0.9900360703468323
reserving basis 100/768; cond: 51648921600.0, ratio:0.9900360703468323
reserving basis 95/768; cond: 320716963840.0, ratio:0.9914719462394714
reserving basis 95/768; cond: 320716963840.0, ratio:0.9914719462394714
reserving basis 99/768; cond: 18569189376.0, ratio:0.991713285446167
reserving basis 99/768; cond: 18569189376.0, ratio:0.991713285446167
reserving basis 94/768; cond: 162535473152.0, ratio:0.9905482530593872
reserving basis 94/768; cond: 162535473152.0, ratio:0.9905482530593872
reserving basis 100/768; cond: 426246012928.0, ratio:0.9913282990455627
reserving basis 100/768; cond: 426246012928.0, ratio:0.9913282990455627
reserving basis 96/768; cond: 368239312896.0, ratio:0.9915195107460022
reserving basis 96/768; cond: 368239312896.0, ratio:0.9915195107460022
reserving basis 99/768; cond: 26939201536.0, ratio:0.9913555979728699
reserving basis 99/768; cond: 26939201536.0, ratio:0.9913555979728699
reserving basis 96/768; cond: 1220211769344.0, ratio:0.9917082786560059
reserving basis 96/768; cond: 1220211769344.0, ratio:0.9917082786560059
reserving basis 98/768; cond: 31104192512.0, ratio:0.991209089756012
reserving basis 98/768; cond: 31104192512.0, ratio:0.991209089756012
reserving basis 89/768; cond: 859897200640.0, ratio:0.9904590249061584
reserving basis 89/768; cond: 859897200640.0, ratio:0.9904590249061584
reserving basis 91/768; cond: 175424061440.0, ratio:0.9900787472724915
reserving basis 91/768; cond: 175424061440.0, ratio:0.9900787472724915
reserving basis 86/768; cond: 17672128512.0, ratio:0.9916173815727234
reserving basis 86/768; cond: 17672128512.0, ratio:0.9916173815727234
2026-04-27 19:13:12,795 [palora.py] => Task 14, Epoch 50/50 => Loss 0.595, Train_accy 96.43
2026-04-27 19:13:24,455 [trainer.py] => Time:262.02784609794617
1291 1291
2026-04-27 19:13:31,408 [trainer.py] => Time:6.952605724334717
2026-04-27 19:13:31,409 [trainer.py] => ACC: {'total': 65.53, '00-09': 73.08, '10-19': 74.83, '20-29': 85.19, '30-39': 71.74, '40-49': 62.39, '50-59': 71.81, '60-69': 77.34, '70-79': 54.05, '80-89': 49.06, '90-99': 46.94, '100-109': 27.03, '110-119': 41.18, '120-129': 39.29, '130-139': 25.93, '140-149': 37.25, 'old': 66.69, 'new': 37.25}
2026-04-27 19:13:31,409 [trainer.py] => ACC top1 curve: [89.74, 85.34, 83.8, 80.21, 78.51, 76.8, 77.09, 76.12, 75.31, 73.39, 71.42, 70.7, 67.93, 66.94, 65.53]
Average Accuracy: 75.92200000000001
2026-04-27 19:13:31,409 [trainer.py] => Average Accuracy: 75.92200000000001
2026-04-27 19:13:31,413 [trainer.py] => All params: 115034851
2026-04-27 19:13:31,416 [trainer.py] => Trainable params: 376330
2026-04-27 19:13:31,416 [palora.py] => Learning on 150-160
Parameters to be updated: {'image_encoder.blocks.8.attn.lora_B_k.15.weight', 'classifier_pool.15.weight', 'image_encoder.blocks.0.attn.lora_A_v.15.weight', 'image_encoder.blocks.4.attn.lora_B_v.15.weight', 'image_encoder.blocks.5.attn.lora_B_k.15.weight', 'image_encoder.blocks.9.attn.lora_A_v.15.weight', 'image_encoder.blocks.9.attn.lora_B_k.15.weight', 'image_encoder.blocks.10.attn.lora_B_k.15.weight', 'image_encoder.blocks.4.attn.lora_A_k.15.weight', 'image_encoder.blocks.2.attn.lora_A_k.15.weight', 'image_encoder.blocks.5.attn.lora_B_v.15.weight', 'image_encoder.blocks.11.attn.lora_A_k.15.weight', 'image_encoder.blocks.8.attn.lora_B_v.15.weight', 'image_encoder.blocks.3.attn.lora_B_v.15.weight', 'image_encoder.blocks.0.attn.lora_B_v.15.weight', 'image_encoder.blocks.4.attn.lora_B_k.15.weight', 'image_encoder.blocks.10.attn.lora_B_v.15.weight', 'image_encoder.blocks.5.attn.lora_A_v.15.weight', 'image_encoder.blocks.1.attn.lora_A_k.15.weight', 'image_encoder.blocks.11.attn.lora_B_v.15.weight', 'image_encoder.blocks.10.attn.lora_A_k.15.weight', 'image_encoder.blocks.6.attn.lora_A_k.15.weight', 'image_encoder.blocks.2.attn.lora_B_k.15.weight', 'image_encoder.blocks.6.attn.lora_B_k.15.weight', 'image_encoder.blocks.3.attn.lora_A_k.15.weight', 'image_encoder.blocks.2.attn.lora_A_v.15.weight', 'image_encoder.blocks.3.attn.lora_B_k.15.weight', 'image_encoder.blocks.8.attn.lora_A_v.15.weight', 'image_encoder.blocks.7.attn.lora_A_k.15.weight', 'image_encoder.blocks.1.attn.lora_B_k.15.weight', 'image_encoder.blocks.7.attn.lora_A_v.15.weight', 'classifier_pool.15.bias', 'image_encoder.blocks.7.attn.lora_B_k.15.weight', 'image_encoder.blocks.0.attn.lora_A_k.15.weight', 'image_encoder.blocks.5.attn.lora_A_k.15.weight', 'image_encoder.blocks.7.attn.lora_B_v.15.weight', 'image_encoder.blocks.2.attn.lora_B_v.15.weight', 'image_encoder.blocks.9.attn.lora_B_v.15.weight', 'image_encoder.blocks.9.attn.lora_A_k.15.weight', 'image_encoder.blocks.1.attn.lora_B_v.15.weight', 'image_encoder.blocks.10.attn.lora_A_v.15.weight', 'image_encoder.blocks.11.attn.lora_B_k.15.weight', 'image_encoder.blocks.3.attn.lora_A_v.15.weight', 'image_encoder.blocks.8.attn.lora_A_k.15.weight', 'image_encoder.blocks.6.attn.lora_A_v.15.weight', 'image_encoder.blocks.1.attn.lora_A_v.15.weight', 'image_encoder.blocks.6.attn.lora_B_v.15.weight', 'image_encoder.blocks.4.attn.lora_A_v.15.weight', 'image_encoder.blocks.11.attn.lora_A_v.15.weight', 'image_encoder.blocks.0.attn.lora_B_k.15.weight'}
After trained on task 14 tensor(0.0269, device='cuda:0') tensor(0.0256, device='cuda:0')
After trained on task 14 tensor(0.0254, device='cuda:0') tensor(0.0298, device='cuda:0')
After trained on task 14 tensor(0.0222, device='cuda:0') tensor(0.0338, device='cuda:0')
After trained on task 14 tensor(0.0235, device='cuda:0') tensor(0.0352, device='cuda:0')
After trained on task 14 tensor(0.0296, device='cuda:0') tensor(0.0404, device='cuda:0')
After trained on task 14 tensor(0.0343, device='cuda:0') tensor(0.0449, device='cuda:0')
After trained on task 14 tensor(0.0373, device='cuda:0') tensor(0.0462, device='cuda:0')
After trained on task 14 tensor(0.0413, device='cuda:0') tensor(0.0517, device='cuda:0')
After trained on task 14 tensor(0.0433, device='cuda:0') tensor(0.0611, device='cuda:0')
After trained on task 14 tensor(0.0479, device='cuda:0') tensor(0.0724, device='cuda:0')
After trained on task 14 tensor(0.0485, device='cuda:0') tensor(0.0851, device='cuda:0')
After trained on task 14 tensor(0.0618, device='cuda:0') tensor(0.1125, device='cuda:0')
reserving basis 96/768; cond: 20581265408.0, ratio:0.9905023574829102
reserving basis 96/768; cond: 20581265408.0, ratio:0.9905023574829102
reserving basis 101/768; cond: 21313501184.0, ratio:0.9919418096542358
reserving basis 101/768; cond: 21313501184.0, ratio:0.9919418096542358
reserving basis 100/768; cond: 159314542592.0, ratio:0.990115761756897
reserving basis 100/768; cond: 159314542592.0, ratio:0.990115761756897
reserving basis 102/768; cond: 714017800192.0, ratio:0.991832435131073
reserving basis 102/768; cond: 714017800192.0, ratio:0.991832435131073
reserving basis 108/768; cond: 71306141696.0, ratio:0.9903854727745056
reserving basis 108/768; cond: 71306141696.0, ratio:0.9903854727745056
reserving basis 104/768; cond: 576598769664.0, ratio:0.9916635751724243
reserving basis 104/768; cond: 576598769664.0, ratio:0.9916635751724243
reserving basis 108/768; cond: 54608887808.0, ratio:0.9911201000213623
reserving basis 108/768; cond: 54608887808.0, ratio:0.9911201000213623
reserving basis 102/768; cond: 32738058240.0, ratio:0.9903499484062195
reserving basis 102/768; cond: 32738058240.0, ratio:0.9903499484062195
reserving basis 108/768; cond: 117616517120.0, ratio:0.9916303753852844
reserving basis 108/768; cond: 117616517120.0, ratio:0.9916303753852844
reserving basis 101/768; cond: 180368932864.0, ratio:0.9914740324020386
reserving basis 101/768; cond: 180368932864.0, ratio:0.9914740324020386
reserving basis 106/768; cond: 50476789760.0, ratio:0.9910725355148315
reserving basis 106/768; cond: 50476789760.0, ratio:0.9910725355148315
reserving basis 99/768; cond: 127566454784.0, ratio:0.9904411435127258
reserving basis 99/768; cond: 127566454784.0, ratio:0.9904411435127258
reserving basis 105/768; cond: 2657400651776.0, ratio:0.9909108877182007
reserving basis 105/768; cond: 2657400651776.0, ratio:0.9909108877182007
reserving basis 100/768; cond: 174238875648.0, ratio:0.9912554025650024
reserving basis 100/768; cond: 174238875648.0, ratio:0.9912554025650024
reserving basis 104/768; cond: 26672861184.0, ratio:0.9918377995491028
reserving basis 104/768; cond: 26672861184.0, ratio:0.9918377995491028
reserving basis 99/768; cond: 75627339776.0, ratio:0.9919477105140686
reserving basis 99/768; cond: 75627339776.0, ratio:0.9919477105140686
reserving basis 105/768; cond: 89039273984.0, ratio:0.9913020730018616
reserving basis 105/768; cond: 89039273984.0, ratio:0.9913020730018616
reserving basis 100/768; cond: 414816436224.0, ratio:0.9904149174690247
reserving basis 100/768; cond: 414816436224.0, ratio:0.9904149174690247
reserving basis 104/768; cond: 90323255296.0, ratio:0.9916998744010925
reserving basis 104/768; cond: 90323255296.0, ratio:0.9916998744010925
reserving basis 100/768; cond: 32124522496.0, ratio:0.9906294345855713
reserving basis 100/768; cond: 32124522496.0, ratio:0.9906294345855713
reserving basis 103/768; cond: 28099024896.0, ratio:0.9906668663024902
reserving basis 103/768; cond: 28099024896.0, ratio:0.9906668663024902
reserving basis 93/768; cond: 32033513472.0, ratio:0.9911375641822815
reserving basis 93/768; cond: 32033513472.0, ratio:0.9911375641822815
reserving basis 96/768; cond: 579281223680.0, ratio:0.9917051196098328
reserving basis 96/768; cond: 579281223680.0, ratio:0.9917051196098328
reserving basis 90/768; cond: 20408469504.0, ratio:0.9919366240501404
reserving basis 90/768; cond: 20408469504.0, ratio:0.9919366240501404
2026-04-27 19:17:40,065 [palora.py] => Task 15, Epoch 50/50 => Loss 0.497, Train_accy 97.99
2026-04-27 19:17:51,511 [trainer.py] => Time:260.0948700904846
1325 1325
2026-04-27 19:17:58,820 [trainer.py] => Time:7.307804107666016
2026-04-27 19:17:58,820 [trainer.py] => ACC: {'total': 64.91, '00-09': 73.08, '10-19': 74.17, '20-29': 84.57, '30-39': 71.74, '40-49': 62.39, '50-59': 71.81, '60-69': 78.12, '70-79': 54.05, '80-89': 49.06, '90-99': 44.9, '100-109': 27.03, '110-119': 44.12, '120-129': 37.5, '130-139': 25.93, '140-149': 37.25, '150-159': 47.06, 'old': 65.38, 'new': 47.06}
2026-04-27 19:17:58,820 [trainer.py] => ACC top1 curve: [89.74, 85.34, 83.8, 80.21, 78.51, 76.8, 77.09, 76.12, 75.31, 73.39, 71.42, 70.7, 67.93, 66.94, 65.53, 64.91]
Average Accuracy: 75.23375000000001
2026-04-27 19:17:58,820 [trainer.py] => Average Accuracy: 75.23375000000001
2026-04-27 19:17:58,824 [trainer.py] => All params: 115034851
2026-04-27 19:17:58,827 [trainer.py] => Trainable params: 376330
2026-04-27 19:17:58,828 [palora.py] => Learning on 160-170
Parameters to be updated: {'image_encoder.blocks.3.attn.lora_B_v.16.weight', 'image_encoder.blocks.2.attn.lora_A_k.16.weight', 'image_encoder.blocks.1.attn.lora_B_k.16.weight', 'image_encoder.blocks.7.attn.lora_B_v.16.weight', 'image_encoder.blocks.11.attn.lora_A_k.16.weight', 'image_encoder.blocks.10.attn.lora_B_v.16.weight', 'image_encoder.blocks.6.attn.lora_B_v.16.weight', 'image_encoder.blocks.1.attn.lora_A_v.16.weight', 'classifier_pool.16.weight', 'image_encoder.blocks.5.attn.lora_B_k.16.weight', 'image_encoder.blocks.7.attn.lora_A_v.16.weight', 'image_encoder.blocks.9.attn.lora_B_v.16.weight', 'image_encoder.blocks.4.attn.lora_B_v.16.weight', 'image_encoder.blocks.4.attn.lora_B_k.16.weight', 'classifier_pool.16.bias', 'image_encoder.blocks.6.attn.lora_A_k.16.weight', 'image_encoder.blocks.2.attn.lora_A_v.16.weight', 'image_encoder.blocks.8.attn.lora_A_v.16.weight', 'image_encoder.blocks.4.attn.lora_A_v.16.weight', 'image_encoder.blocks.3.attn.lora_A_k.16.weight', 'image_encoder.blocks.10.attn.lora_A_k.16.weight', 'image_encoder.blocks.5.attn.lora_A_v.16.weight', 'image_encoder.blocks.7.attn.lora_B_k.16.weight', 'image_encoder.blocks.8.attn.lora_A_k.16.weight', 'image_encoder.blocks.0.attn.lora_A_v.16.weight', 'image_encoder.blocks.0.attn.lora_B_v.16.weight', 'image_encoder.blocks.6.attn.lora_A_v.16.weight', 'image_encoder.blocks.3.attn.lora_B_k.16.weight', 'image_encoder.blocks.4.attn.lora_A_k.16.weight', 'image_encoder.blocks.5.attn.lora_B_v.16.weight', 'image_encoder.blocks.11.attn.lora_A_v.16.weight', 'image_encoder.blocks.5.attn.lora_A_k.16.weight', 'image_encoder.blocks.3.attn.lora_A_v.16.weight', 'image_encoder.blocks.2.attn.lora_B_k.16.weight', 'image_encoder.blocks.8.attn.lora_B_v.16.weight', 'image_encoder.blocks.1.attn.lora_A_k.16.weight', 'image_encoder.blocks.1.attn.lora_B_v.16.weight', 'image_encoder.blocks.10.attn.lora_B_k.16.weight', 'image_encoder.blocks.6.attn.lora_B_k.16.weight', 'image_encoder.blocks.0.attn.lora_A_k.16.weight', 'image_encoder.blocks.11.attn.lora_B_v.16.weight', 'image_encoder.blocks.10.attn.lora_A_v.16.weight', 'image_encoder.blocks.8.attn.lora_B_k.16.weight', 'image_encoder.blocks.9.attn.lora_B_k.16.weight', 'image_encoder.blocks.9.attn.lora_A_v.16.weight', 'image_encoder.blocks.9.attn.lora_A_k.16.weight', 'image_encoder.blocks.7.attn.lora_A_k.16.weight', 'image_encoder.blocks.2.attn.lora_B_v.16.weight', 'image_encoder.blocks.11.attn.lora_B_k.16.weight', 'image_encoder.blocks.0.attn.lora_B_k.16.weight'}
After trained on task 15 tensor(0.0269, device='cuda:0') tensor(0.0247, device='cuda:0')
After trained on task 15 tensor(0.0255, device='cuda:0') tensor(0.0312, device='cuda:0')
After trained on task 15 tensor(0.0242, device='cuda:0') tensor(0.0322, device='cuda:0')
After trained on task 15 tensor(0.0247, device='cuda:0') tensor(0.0330, device='cuda:0')
After trained on task 15 tensor(0.0312, device='cuda:0') tensor(0.0380, device='cuda:0')
After trained on task 15 tensor(0.0322, device='cuda:0') tensor(0.0406, device='cuda:0')
After trained on task 15 tensor(0.0338, device='cuda:0') tensor(0.0453, device='cuda:0')
After trained on task 15 tensor(0.0373, device='cuda:0') tensor(0.0492, device='cuda:0')
After trained on task 15 tensor(0.0376, device='cuda:0') tensor(0.0533, device='cuda:0')
After trained on task 15 tensor(0.0413, device='cuda:0') tensor(0.0635, device='cuda:0')
After trained on task 15 tensor(0.0417, device='cuda:0') tensor(0.0765, device='cuda:0')
After trained on task 15 tensor(0.0686, device='cuda:0') tensor(0.0879, device='cuda:0')
reserving basis 100/768; cond: 53746196480.0, ratio:0.9903733730316162
reserving basis 100/768; cond: 53746196480.0, ratio:0.9903733730316162
reserving basis 105/768; cond: 12620052480.0, ratio:0.9904306530952454
reserving basis 105/768; cond: 12620052480.0, ratio:0.9904306530952454
reserving basis 104/768; cond: 118278127616.0, ratio:0.9912785887718201
reserving basis 104/768; cond: 118278127616.0, ratio:0.9912785887718201
reserving basis 106/768; cond: 171249926144.0, ratio:0.9917868375778198
reserving basis 106/768; cond: 171249926144.0, ratio:0.9917868375778198
reserving basis 113/768; cond: 132479680512.0, ratio:0.9918352961540222
reserving basis 113/768; cond: 132479680512.0, ratio:0.9918352961540222
reserving basis 108/768; cond: 56953188352.0, ratio:0.9913039207458496
reserving basis 108/768; cond: 56953188352.0, ratio:0.9913039207458496
reserving basis 112/768; cond: 20711606272.0, ratio:0.9909900426864624
reserving basis 112/768; cond: 20711606272.0, ratio:0.9909900426864624
reserving basis 106/768; cond: 271446327296.0, ratio:0.9903068542480469
reserving basis 106/768; cond: 271446327296.0, ratio:0.9903068542480469
reserving basis 112/768; cond: 249722372096.0, ratio:0.9909880757331848
reserving basis 112/768; cond: 249722372096.0, ratio:0.9909880757331848
reserving basis 105/768; cond: 133741674496.0, ratio:0.9912279844284058
reserving basis 105/768; cond: 133741674496.0, ratio:0.9912279844284058
reserving basis 111/768; cond: 63291985920.0, ratio:0.991896390914917
reserving basis 111/768; cond: 63291985920.0, ratio:0.991896390914917
reserving basis 103/768; cond: 81116299264.0, ratio:0.9901768565177917
reserving basis 103/768; cond: 81116299264.0, ratio:0.9901768565177917
reserving basis 109/768; cond: 61832413184.0, ratio:0.9914795756340027
reserving basis 109/768; cond: 61832413184.0, ratio:0.9914795756340027
reserving basis 104/768; cond: 50979356672.0, ratio:0.9910021424293518
reserving basis 104/768; cond: 50979356672.0, ratio:0.9910021424293518
reserving basis 108/768; cond: 38113751040.0, ratio:0.9906554222106934
reserving basis 108/768; cond: 38113751040.0, ratio:0.9906554222106934
reserving basis 103/768; cond: 28783291662336.0, ratio:0.9910718202590942
reserving basis 103/768; cond: 28783291662336.0, ratio:0.9910718202590942
reserving basis 109/768; cond: 72900395008.0, ratio:0.9904385805130005
reserving basis 109/768; cond: 72900395008.0, ratio:0.9904385805130005
reserving basis 104/768; cond: 34030764032.0, ratio:0.9909414649009705
reserving basis 104/768; cond: 34030764032.0, ratio:0.9909414649009705
reserving basis 108/768; cond: 40423170048.0, ratio:0.9904041290283203
reserving basis 108/768; cond: 40423170048.0, ratio:0.9904041290283203
reserving basis 104/768; cond: 110957551616.0, ratio:0.9914965629577637
reserving basis 104/768; cond: 110957551616.0, ratio:0.9914965629577637
reserving basis 107/768; cond: 93879189504.0, ratio:0.9901846051216125
reserving basis 107/768; cond: 93879189504.0, ratio:0.9901846051216125
reserving basis 96/768; cond: 35768999936.0, ratio:0.9902495741844177
reserving basis 96/768; cond: 35768999936.0, ratio:0.9902495741844177
reserving basis 99/768; cond: 27491078144.0, ratio:0.9909425377845764
reserving basis 99/768; cond: 27491078144.0, ratio:0.9909425377845764
reserving basis 93/768; cond: 28122298368.0, ratio:0.9904501438140869
reserving basis 93/768; cond: 28122298368.0, ratio:0.9904501438140869
2026-04-27 19:22:23,331 [palora.py] => Task 16, Epoch 50/50 => Loss 0.589, Train_accy 95.31
2026-04-27 19:22:35,428 [trainer.py] => Time:276.59989380836487
1375 1375
2026-04-27 19:22:42,592 [trainer.py] => Time:7.163859605789185
2026-04-27 19:22:42,592 [trainer.py] => ACC: {'total': 63.64, '00-09': 74.36, '10-19': 74.17, '20-29': 84.57, '30-39': 71.74, '40-49': 62.39, '50-59': 71.81, '60-69': 78.12, '70-79': 54.05, '80-89': 49.06, '90-99': 40.82, '100-109': 24.32, '110-119': 38.24, '120-129': 37.5, '130-139': 22.22, '140-149': 35.29, '150-159': 47.06, '160-169': 40.0, 'old': 64.53, 'new': 40.0}
2026-04-27 19:22:42,592 [trainer.py] => ACC top1 curve: [89.74, 85.34, 83.8, 80.21, 78.51, 76.8, 77.09, 76.12, 75.31, 73.39, 71.42, 70.7, 67.93, 66.94, 65.53, 64.91, 63.64]
Average Accuracy: 74.55176470588238
2026-04-27 19:22:42,592 [trainer.py] => Average Accuracy: 74.55176470588238
2026-04-27 19:22:42,596 [trainer.py] => All params: 115034851
2026-04-27 19:22:42,603 [trainer.py] => Trainable params: 376330
2026-04-27 19:22:42,603 [palora.py] => Learning on 170-180
Parameters to be updated: {'image_encoder.blocks.2.attn.lora_A_v.17.weight', 'image_encoder.blocks.11.attn.lora_B_k.17.weight', 'image_encoder.blocks.6.attn.lora_A_k.17.weight', 'image_encoder.blocks.3.attn.lora_A_v.17.weight', 'image_encoder.blocks.4.attn.lora_A_v.17.weight', 'image_encoder.blocks.0.attn.lora_B_v.17.weight', 'image_encoder.blocks.5.attn.lora_A_k.17.weight', 'image_encoder.blocks.8.attn.lora_A_v.17.weight', 'image_encoder.blocks.9.attn.lora_A_v.17.weight', 'image_encoder.blocks.9.attn.lora_A_k.17.weight', 'image_encoder.blocks.1.attn.lora_A_v.17.weight', 'image_encoder.blocks.0.attn.lora_A_k.17.weight', 'image_encoder.blocks.2.attn.lora_A_k.17.weight', 'image_encoder.blocks.10.attn.lora_A_k.17.weight', 'image_encoder.blocks.1.attn.lora_B_k.17.weight', 'image_encoder.blocks.5.attn.lora_B_v.17.weight', 'image_encoder.blocks.8.attn.lora_B_v.17.weight', 'image_encoder.blocks.10.attn.lora_B_v.17.weight', 'image_encoder.blocks.7.attn.lora_A_k.17.weight', 'image_encoder.blocks.6.attn.lora_B_k.17.weight', 'image_encoder.blocks.7.attn.lora_B_k.17.weight', 'image_encoder.blocks.1.attn.lora_B_v.17.weight', 'image_encoder.blocks.0.attn.lora_A_v.17.weight', 'image_encoder.blocks.11.attn.lora_A_v.17.weight', 'image_encoder.blocks.6.attn.lora_B_v.17.weight', 'image_encoder.blocks.1.attn.lora_A_k.17.weight', 'image_encoder.blocks.9.attn.lora_B_k.17.weight', 'image_encoder.blocks.6.attn.lora_A_v.17.weight', 'classifier_pool.17.weight', 'image_encoder.blocks.10.attn.lora_B_k.17.weight', 'image_encoder.blocks.4.attn.lora_B_k.17.weight', 'image_encoder.blocks.10.attn.lora_A_v.17.weight', 'image_encoder.blocks.2.attn.lora_B_v.17.weight', 'image_encoder.blocks.0.attn.lora_B_k.17.weight', 'image_encoder.blocks.8.attn.lora_B_k.17.weight', 'image_encoder.blocks.11.attn.lora_A_k.17.weight', 'image_encoder.blocks.11.attn.lora_B_v.17.weight', 'image_encoder.blocks.2.attn.lora_B_k.17.weight', 'image_encoder.blocks.9.attn.lora_B_v.17.weight', 'classifier_pool.17.bias', 'image_encoder.blocks.5.attn.lora_A_v.17.weight', 'image_encoder.blocks.7.attn.lora_B_v.17.weight', 'image_encoder.blocks.8.attn.lora_A_k.17.weight', 'image_encoder.blocks.3.attn.lora_B_k.17.weight', 'image_encoder.blocks.3.attn.lora_A_k.17.weight', 'image_encoder.blocks.5.attn.lora_B_k.17.weight', 'image_encoder.blocks.7.attn.lora_A_v.17.weight', 'image_encoder.blocks.4.attn.lora_A_k.17.weight', 'image_encoder.blocks.4.attn.lora_B_v.17.weight', 'image_encoder.blocks.3.attn.lora_B_v.17.weight'}
After trained on task 16 tensor(0.0278, device='cuda:0') tensor(0.0299, device='cuda:0')
After trained on task 16 tensor(0.0290, device='cuda:0') tensor(0.0337, device='cuda:0')
After trained on task 16 tensor(0.0241, device='cuda:0') tensor(0.0351, device='cuda:0')
After trained on task 16 tensor(0.0271, device='cuda:0') tensor(0.0425, device='cuda:0')
After trained on task 16 tensor(0.0311, device='cuda:0') tensor(0.0417, device='cuda:0')
After trained on task 16 tensor(0.0339, device='cuda:0') tensor(0.0465, device='cuda:0')
After trained on task 16 tensor(0.0386, device='cuda:0') tensor(0.0520, device='cuda:0')
After trained on task 16 tensor(0.0442, device='cuda:0') tensor(0.0591, device='cuda:0')
After trained on task 16 tensor(0.0485, device='cuda:0') tensor(0.0743, device='cuda:0')
After trained on task 16 tensor(0.0525, device='cuda:0') tensor(0.0852, device='cuda:0')
After trained on task 16 tensor(0.0566, device='cuda:0') tensor(0.1163, device='cuda:0')
After trained on task 16 tensor(0.0837, device='cuda:0') tensor(0.1194, device='cuda:0')
reserving basis 103/768; cond: 70618259456.0, ratio:0.9910781383514404
reserving basis 103/768; cond: 70618259456.0, ratio:0.9910781383514404
reserving basis 109/768; cond: 17881843712.0, ratio:0.9911300539970398
reserving basis 109/768; cond: 17881843712.0, ratio:0.9911300539970398
reserving basis 108/768; cond: 143642722304.0, ratio:0.9911990165710449
reserving basis 108/768; cond: 143642722304.0, ratio:0.9911990165710449
reserving basis 110/768; cond: 204938493952.0, ratio:0.9909526109695435
reserving basis 110/768; cond: 204938493952.0, ratio:0.9909526109695435
reserving basis 117/768; cond: 292829626368.0, ratio:0.990743100643158
reserving basis 117/768; cond: 292829626368.0, ratio:0.990743100643158
reserving basis 112/768; cond: 304798662656.0, ratio:0.9904062747955322
reserving basis 112/768; cond: 304798662656.0, ratio:0.9904062747955322
reserving basis 116/768; cond: 43407458304.0, ratio:0.9901319146156311
reserving basis 116/768; cond: 43407458304.0, ratio:0.9901319146156311
reserving basis 111/768; cond: 96587374592.0, ratio:0.9913135170936584
reserving basis 111/768; cond: 96587374592.0, ratio:0.9913135170936584
reserving basis 116/768; cond: 32470980608.0, ratio:0.9902361035346985
reserving basis 116/768; cond: 32470980608.0, ratio:0.9902361035346985
reserving basis 109/768; cond: 71774216192.0, ratio:0.9905716180801392
reserving basis 109/768; cond: 71774216192.0, ratio:0.9905716180801392
reserving basis 115/768; cond: 69381021696.0, ratio:0.9905782341957092
reserving basis 115/768; cond: 69381021696.0, ratio:0.9905782341957092
reserving basis 107/768; cond: 200403468288.0, ratio:0.9902696013450623
reserving basis 107/768; cond: 200403468288.0, ratio:0.9902696013450623
reserving basis 113/768; cond: 54516066025472.0, ratio:0.9907150268554688
reserving basis 113/768; cond: 54516066025472.0, ratio:0.9907150268554688
reserving basis 109/768; cond: 42004623360.0, ratio:0.9916672706604004
reserving basis 109/768; cond: 42004623360.0, ratio:0.9916672706604004
reserving basis 112/768; cond: 459517427712.0, ratio:0.9903512001037598
reserving basis 112/768; cond: 459517427712.0, ratio:0.9903512001037598
reserving basis 108/768; cond: 264641953792.0, ratio:0.991899847984314
reserving basis 108/768; cond: 264641953792.0, ratio:0.991899847984314
reserving basis 114/768; cond: 9843345408.0, ratio:0.9917041063308716
reserving basis 114/768; cond: 9843345408.0, ratio:0.9917041063308716
reserving basis 108/768; cond: 38025392128.0, ratio:0.9908352494239807
reserving basis 108/768; cond: 38025392128.0, ratio:0.9908352494239807
reserving basis 113/768; cond: 28101068800.0, ratio:0.9918610453605652
reserving basis 113/768; cond: 28101068800.0, ratio:0.9918610453605652
reserving basis 108/768; cond: 58324688896.0, ratio:0.9916588664054871
reserving basis 108/768; cond: 58324688896.0, ratio:0.9916588664054871
reserving basis 111/768; cond: 7213819392.0, ratio:0.9903128743171692
reserving basis 111/768; cond: 7213819392.0, ratio:0.9903128743171692
reserving basis 99/768; cond: 118326591488.0, ratio:0.9901077747344971
reserving basis 99/768; cond: 118326591488.0, ratio:0.9901077747344971
reserving basis 103/768; cond: 3582065901568.0, ratio:0.9914836287498474
reserving basis 103/768; cond: 3582065901568.0, ratio:0.9914836287498474
reserving basis 96/768; cond: 138587815936.0, ratio:0.9914277195930481
reserving basis 96/768; cond: 138587815936.0, ratio:0.9914277195930481
2026-04-27 19:27:01,020 [palora.py] => Task 17, Epoch 50/50 => Loss 0.515, Train_accy 95.68
2026-04-27 19:27:12,874 [trainer.py] => Time:270.27136635780334
1415 1415
2026-04-27 19:27:20,375 [trainer.py] => Time:7.499897241592407
2026-04-27 19:27:20,375 [trainer.py] => ACC: {'total': 62.4, '00-09': 73.72, '10-19': 74.17, '20-29': 84.57, '30-39': 71.74, '40-49': 62.39, '50-59': 71.81, '60-69': 79.69, '70-79': 54.05, '80-89': 49.06, '90-99': 42.86, '100-109': 21.62, '110-119': 38.24, '120-129': 37.5, '130-139': 22.22, '140-149': 35.29, '150-159': 47.06, '160-169': 40.0, '170-179': 17.5, 'old': 63.71, 'new': 17.5}
2026-04-27 19:27:20,375 [trainer.py] => ACC top1 curve: [89.74, 85.34, 83.8, 80.21, 78.51, 76.8, 77.09, 76.12, 75.31, 73.39, 71.42, 70.7, 67.93, 66.94, 65.53, 64.91, 63.64, 62.4]
Average Accuracy: 73.8766666666667
2026-04-27 19:27:20,375 [trainer.py] => Average Accuracy: 73.8766666666667
2026-04-27 19:27:20,379 [trainer.py] => All params: 115034851
2026-04-27 19:27:20,382 [trainer.py] => Trainable params: 376330
2026-04-27 19:27:20,382 [palora.py] => Learning on 180-190
Parameters to be updated: {'image_encoder.blocks.9.attn.lora_B_v.18.weight', 'image_encoder.blocks.10.attn.lora_A_k.18.weight', 'classifier_pool.18.weight', 'image_encoder.blocks.6.attn.lora_A_v.18.weight', 'image_encoder.blocks.3.attn.lora_A_k.18.weight', 'image_encoder.blocks.6.attn.lora_A_k.18.weight', 'image_encoder.blocks.5.attn.lora_B_v.18.weight', 'image_encoder.blocks.5.attn.lora_B_k.18.weight', 'image_encoder.blocks.10.attn.lora_B_v.18.weight', 'image_encoder.blocks.8.attn.lora_A_k.18.weight', 'image_encoder.blocks.8.attn.lora_B_v.18.weight', 'image_encoder.blocks.2.attn.lora_B_k.18.weight', 'image_encoder.blocks.4.attn.lora_B_k.18.weight', 'image_encoder.blocks.3.attn.lora_B_v.18.weight', 'image_encoder.blocks.1.attn.lora_B_k.18.weight', 'image_encoder.blocks.4.attn.lora_A_k.18.weight', 'image_encoder.blocks.7.attn.lora_A_k.18.weight', 'image_encoder.blocks.8.attn.lora_A_v.18.weight', 'image_encoder.blocks.3.attn.lora_B_k.18.weight', 'image_encoder.blocks.0.attn.lora_A_k.18.weight', 'image_encoder.blocks.7.attn.lora_B_v.18.weight', 'image_encoder.blocks.0.attn.lora_B_v.18.weight', 'image_encoder.blocks.10.attn.lora_B_k.18.weight', 'image_encoder.blocks.11.attn.lora_A_v.18.weight', 'image_encoder.blocks.11.attn.lora_B_v.18.weight', 'image_encoder.blocks.6.attn.lora_B_v.18.weight', 'image_encoder.blocks.0.attn.lora_B_k.18.weight', 'image_encoder.blocks.2.attn.lora_A_v.18.weight', 'image_encoder.blocks.2.attn.lora_B_v.18.weight', 'image_encoder.blocks.9.attn.lora_A_v.18.weight', 'image_encoder.blocks.4.attn.lora_B_v.18.weight', 'classifier_pool.18.bias', 'image_encoder.blocks.4.attn.lora_A_v.18.weight', 'image_encoder.blocks.5.attn.lora_A_v.18.weight', 'image_encoder.blocks.0.attn.lora_A_v.18.weight', 'image_encoder.blocks.3.attn.lora_A_v.18.weight', 'image_encoder.blocks.1.attn.lora_B_v.18.weight', 'image_encoder.blocks.2.attn.lora_A_k.18.weight', 'image_encoder.blocks.9.attn.lora_B_k.18.weight', 'image_encoder.blocks.7.attn.lora_B_k.18.weight', 'image_encoder.blocks.5.attn.lora_A_k.18.weight', 'image_encoder.blocks.7.attn.lora_A_v.18.weight', 'image_encoder.blocks.1.attn.lora_A_v.18.weight', 'image_encoder.blocks.11.attn.lora_A_k.18.weight', 'image_encoder.blocks.1.attn.lora_A_k.18.weight', 'image_encoder.blocks.11.attn.lora_B_k.18.weight', 'image_encoder.blocks.10.attn.lora_A_v.18.weight', 'image_encoder.blocks.9.attn.lora_A_k.18.weight', 'image_encoder.blocks.6.attn.lora_B_k.18.weight', 'image_encoder.blocks.8.attn.lora_B_k.18.weight'}
After trained on task 17 tensor(0.0236, device='cuda:0') tensor(0.0258, device='cuda:0')
After trained on task 17 tensor(0.0258, device='cuda:0') tensor(0.0329, device='cuda:0')
After trained on task 17 tensor(0.0253, device='cuda:0') tensor(0.0341, device='cuda:0')
After trained on task 17 tensor(0.0245, device='cuda:0') tensor(0.0382, device='cuda:0')
After trained on task 17 tensor(0.0295, device='cuda:0') tensor(0.0390, device='cuda:0')
After trained on task 17 tensor(0.0334, device='cuda:0') tensor(0.0443, device='cuda:0')
After trained on task 17 tensor(0.0381, device='cuda:0') tensor(0.0469, device='cuda:0')
After trained on task 17 tensor(0.0406, device='cuda:0') tensor(0.0611, device='cuda:0')
After trained on task 17 tensor(0.0474, device='cuda:0') tensor(0.0619, device='cuda:0')
After trained on task 17 tensor(0.0483, device='cuda:0') tensor(0.0830, device='cuda:0')
After trained on task 17 tensor(0.0464, device='cuda:0') tensor(0.0743, device='cuda:0')
After trained on task 17 tensor(0.0587, device='cuda:0') tensor(0.0994, device='cuda:0')
reserving basis 106/768; cond: 64199188480.0, ratio:0.990250825881958
reserving basis 106/768; cond: 64199188480.0, ratio:0.990250825881958
reserving basis 113/768; cond: 26210580480.0, ratio:0.9910069704055786
reserving basis 113/768; cond: 26210580480.0, ratio:0.9910069704055786
reserving basis 111/768; cond: 155913928704.0, ratio:0.9907140731811523
reserving basis 111/768; cond: 155913928704.0, ratio:0.9907140731811523
reserving basis 114/768; cond: 64459489280.0, ratio:0.9918887615203857
reserving basis 114/768; cond: 64459489280.0, ratio:0.9918887615203857
reserving basis 121/768; cond: 48247422976.0, ratio:0.9905208945274353
reserving basis 121/768; cond: 48247422976.0, ratio:0.9905208945274353
reserving basis 116/768; cond: 39888158720.0, ratio:0.9904189109802246
reserving basis 116/768; cond: 39888158720.0, ratio:0.9904189109802246
reserving basis 120/768; cond: 346061111296.0, ratio:0.991698682308197
reserving basis 120/768; cond: 346061111296.0, ratio:0.991698682308197
reserving basis 115/768; cond: 3196951986176.0, ratio:0.9907968044281006
reserving basis 115/768; cond: 3196951986176.0, ratio:0.9907968044281006
reserving basis 120/768; cond: 17921931264.0, ratio:0.9910852909088135
reserving basis 120/768; cond: 17921931264.0, ratio:0.9910852909088135
reserving basis 113/768; cond: 93397590016.0, ratio:0.9909616112709045
reserving basis 113/768; cond: 93397590016.0, ratio:0.9909616112709045
reserving basis 119/768; cond: 27638552576.0, ratio:0.9911996722221375
reserving basis 119/768; cond: 27638552576.0, ratio:0.9911996722221375
reserving basis 112/768; cond: 138431283200.0, ratio:0.9918153285980225
reserving basis 112/768; cond: 138431283200.0, ratio:0.9918153285980225
reserving basis 117/768; cond: 19907196928.0, ratio:0.9911800026893616
reserving basis 117/768; cond: 19907196928.0, ratio:0.9911800026893616
reserving basis 113/768; cond: 46721523712.0, ratio:0.990449070930481
reserving basis 113/768; cond: 46721523712.0, ratio:0.990449070930481
reserving basis 116/768; cond: 41716113408.0, ratio:0.9907823204994202
reserving basis 116/768; cond: 41716113408.0, ratio:0.9907823204994202
reserving basis 112/768; cond: 138200678400.0, ratio:0.9905692934989929
reserving basis 112/768; cond: 138200678400.0, ratio:0.9905692934989929
reserving basis 118/768; cond: 57980137472.0, ratio:0.9908033609390259
reserving basis 118/768; cond: 57980137472.0, ratio:0.9908033609390259
reserving basis 111/768; cond: 47110713344.0, ratio:0.9900956749916077
reserving basis 111/768; cond: 47110713344.0, ratio:0.9900956749916077
reserving basis 117/768; cond: 41458753536.0, ratio:0.9909157156944275
reserving basis 117/768; cond: 41458753536.0, ratio:0.9909157156944275
reserving basis 111/768; cond: 41509933056.0, ratio:0.9903334975242615
reserving basis 111/768; cond: 41509933056.0, ratio:0.9903334975242615
reserving basis 116/768; cond: 284347531264.0, ratio:0.9917956590652466
reserving basis 116/768; cond: 284347531264.0, ratio:0.9917956590652466
reserving basis 103/768; cond: 48841797632.0, ratio:0.9920018315315247
reserving basis 103/768; cond: 48841797632.0, ratio:0.9920018315315247
reserving basis 107/768; cond: 118633734144.0, ratio:0.9907552599906921
reserving basis 107/768; cond: 118633734144.0, ratio:0.9907552599906921
reserving basis 99/768; cond: 21430929408.0, ratio:0.9914208054542542
reserving basis 99/768; cond: 21430929408.0, ratio:0.9914208054542542
2026-04-27 19:31:49,701 [palora.py] => Task 18, Epoch 50/50 => Loss 0.552, Train_accy 95.50
2026-04-27 19:32:02,229 [trainer.py] => Time:281.84630703926086
1465 1465
2026-04-27 19:32:09,920 [trainer.py] => Time:7.6905786991119385
2026-04-27 19:32:09,920 [trainer.py] => ACC: {'total': 62.32, '00-09': 73.72, '10-19': 74.17, '20-29': 84.57, '30-39': 71.74, '40-49': 62.39, '50-59': 71.81, '60-69': 78.91, '70-79': 54.05, '80-89': 47.17, '90-99': 40.82, '100-109': 21.62, '110-119': 38.24, '120-129': 35.71, '130-139': 22.22, '140-149': 35.29, '150-159': 47.06, '160-169': 40.0, '170-179': 17.5, '180-189': 68.0, 'old': 62.12, 'new': 68.0}
2026-04-27 19:32:09,920 [trainer.py] => ACC top1 curve: [89.74, 85.34, 83.8, 80.21, 78.51, 76.8, 77.09, 76.12, 75.31, 73.39, 71.42, 70.7, 67.93, 66.94, 65.53, 64.91, 63.64, 62.4, 62.32]
Average Accuracy: 73.2684210526316
2026-04-27 19:32:09,920 [trainer.py] => Average Accuracy: 73.2684210526316
2026-04-27 19:32:09,924 [trainer.py] => All params: 115034851
2026-04-27 19:32:09,927 [trainer.py] => Trainable params: 376330
2026-04-27 19:32:09,928 [palora.py] => Learning on 190-200
Parameters to be updated: {'image_encoder.blocks.11.attn.lora_B_k.19.weight', 'image_encoder.blocks.8.attn.lora_B_v.19.weight', 'image_encoder.blocks.3.attn.lora_B_v.19.weight', 'image_encoder.blocks.5.attn.lora_A_k.19.weight', 'image_encoder.blocks.10.attn.lora_A_k.19.weight', 'image_encoder.blocks.4.attn.lora_B_v.19.weight', 'classifier_pool.19.bias', 'image_encoder.blocks.10.attn.lora_A_v.19.weight', 'image_encoder.blocks.10.attn.lora_B_v.19.weight', 'image_encoder.blocks.0.attn.lora_A_k.19.weight', 'image_encoder.blocks.7.attn.lora_B_v.19.weight', 'image_encoder.blocks.6.attn.lora_B_v.19.weight', 'image_encoder.blocks.6.attn.lora_B_k.19.weight', 'image_encoder.blocks.6.attn.lora_A_v.19.weight', 'image_encoder.blocks.5.attn.lora_B_v.19.weight', 'image_encoder.blocks.8.attn.lora_A_k.19.weight', 'image_encoder.blocks.7.attn.lora_A_v.19.weight', 'image_encoder.blocks.4.attn.lora_B_k.19.weight', 'image_encoder.blocks.5.attn.lora_A_v.19.weight', 'image_encoder.blocks.11.attn.lora_B_v.19.weight', 'image_encoder.blocks.0.attn.lora_B_v.19.weight', 'image_encoder.blocks.9.attn.lora_A_v.19.weight', 'image_encoder.blocks.9.attn.lora_B_v.19.weight', 'image_encoder.blocks.9.attn.lora_A_k.19.weight', 'image_encoder.blocks.0.attn.lora_A_v.19.weight', 'image_encoder.blocks.3.attn.lora_A_k.19.weight', 'image_encoder.blocks.5.attn.lora_B_k.19.weight', 'image_encoder.blocks.4.attn.lora_A_v.19.weight', 'image_encoder.blocks.2.attn.lora_B_k.19.weight', 'image_encoder.blocks.2.attn.lora_B_v.19.weight', 'image_encoder.blocks.7.attn.lora_A_k.19.weight', 'image_encoder.blocks.3.attn.lora_B_k.19.weight', 'image_encoder.blocks.6.attn.lora_A_k.19.weight', 'image_encoder.blocks.2.attn.lora_A_v.19.weight', 'image_encoder.blocks.8.attn.lora_A_v.19.weight', 'image_encoder.blocks.4.attn.lora_A_k.19.weight', 'image_encoder.blocks.11.attn.lora_A_v.19.weight', 'image_encoder.blocks.1.attn.lora_A_v.19.weight', 'image_encoder.blocks.3.attn.lora_A_v.19.weight', 'image_encoder.blocks.1.attn.lora_B_k.19.weight', 'image_encoder.blocks.0.attn.lora_B_k.19.weight', 'image_encoder.blocks.7.attn.lora_B_k.19.weight', 'image_encoder.blocks.1.attn.lora_B_v.19.weight', 'image_encoder.blocks.2.attn.lora_A_k.19.weight', 'image_encoder.blocks.8.attn.lora_B_k.19.weight', 'image_encoder.blocks.10.attn.lora_B_k.19.weight', 'image_encoder.blocks.1.attn.lora_A_k.19.weight', 'image_encoder.blocks.9.attn.lora_B_k.19.weight', 'classifier_pool.19.weight', 'image_encoder.blocks.11.attn.lora_A_k.19.weight'}
After trained on task 18 tensor(0.0295, device='cuda:0') tensor(0.0273, device='cuda:0')
After trained on task 18 tensor(0.0283, device='cuda:0') tensor(0.0317, device='cuda:0')
After trained on task 18 tensor(0.0267, device='cuda:0') tensor(0.0345, device='cuda:0')
After trained on task 18 tensor(0.0279, device='cuda:0') tensor(0.0380, device='cuda:0')
After trained on task 18 tensor(0.0312, device='cuda:0') tensor(0.0427, device='cuda:0')
After trained on task 18 tensor(0.0361, device='cuda:0') tensor(0.0433, device='cuda:0')
After trained on task 18 tensor(0.0413, device='cuda:0') tensor(0.0459, device='cuda:0')
After trained on task 18 tensor(0.0425, device='cuda:0') tensor(0.0530, device='cuda:0')
After trained on task 18 tensor(0.0483, device='cuda:0') tensor(0.0539, device='cuda:0')
After trained on task 18 tensor(0.0483, device='cuda:0') tensor(0.0667, device='cuda:0')
After trained on task 18 tensor(0.0572, device='cuda:0') tensor(0.0943, device='cuda:0')
After trained on task 18 tensor(0.0694, device='cuda:0') tensor(0.1049, device='cuda:0')
reserving basis 109/768; cond: 602345766912.0, ratio:0.9908751249313354
reserving basis 109/768; cond: 602345766912.0, ratio:0.9908751249313354
reserving basis 117/768; cond: 14616244224.0, ratio:0.9910193681716919
reserving basis 117/768; cond: 14616244224.0, ratio:0.9910193681716919
reserving basis 115/768; cond: 324934467584.0, ratio:0.9907999038696289
reserving basis 115/768; cond: 324934467584.0, ratio:0.9907999038696289
reserving basis 118/768; cond: 688269754368.0, ratio:0.9917683601379395
reserving basis 118/768; cond: 688269754368.0, ratio:0.9917683601379395
reserving basis 125/768; cond: 42705670144.0, ratio:0.9913322925567627
reserving basis 125/768; cond: 42705670144.0, ratio:0.9913322925567627
reserving basis 119/768; cond: 26756636672.0, ratio:0.9902202486991882
reserving basis 119/768; cond: 26756636672.0, ratio:0.9902202486991882
reserving basis 124/768; cond: 1920325517312.0, ratio:0.9910191297531128
reserving basis 124/768; cond: 1920325517312.0, ratio:0.9910191297531128
reserving basis 119/768; cond: 539335491584.0, ratio:0.991252601146698
reserving basis 119/768; cond: 539335491584.0, ratio:0.991252601146698
reserving basis 124/768; cond: 28394194944.0, ratio:0.9914405345916748
reserving basis 124/768; cond: 28394194944.0, ratio:0.9914405345916748
reserving basis 117/768; cond: 9686012133376.0, ratio:0.9916593432426453
reserving basis 117/768; cond: 9686012133376.0, ratio:0.9916593432426453
reserving basis 123/768; cond: 59327594496.0, ratio:0.991043210029602
reserving basis 123/768; cond: 59327594496.0, ratio:0.991043210029602
reserving basis 116/768; cond: 20419864576.0, ratio:0.9907153248786926
reserving basis 116/768; cond: 20419864576.0, ratio:0.9907153248786926
reserving basis 121/768; cond: 34529202176.0, ratio:0.9913991093635559
reserving basis 121/768; cond: 34529202176.0, ratio:0.9913991093635559
reserving basis 117/768; cond: 838403620864.0, ratio:0.9917824864387512
reserving basis 117/768; cond: 838403620864.0, ratio:0.9917824864387512
reserving basis 120/768; cond: 22406918144.0, ratio:0.9905158877372742
reserving basis 120/768; cond: 22406918144.0, ratio:0.9905158877372742
reserving basis 116/768; cond: 225426259968.0, ratio:0.9911718368530273
reserving basis 116/768; cond: 225426259968.0, ratio:0.9911718368530273
reserving basis 122/768; cond: 318025269248.0, ratio:0.9908714294433594
reserving basis 122/768; cond: 318025269248.0, ratio:0.9908714294433594
reserving basis 115/768; cond: 605571907584.0, ratio:0.9909352660179138
reserving basis 115/768; cond: 605571907584.0, ratio:0.9909352660179138
reserving basis 121/768; cond: 131841089536.0, ratio:0.9906455874443054
reserving basis 121/768; cond: 131841089536.0, ratio:0.9906455874443054
reserving basis 114/768; cond: 198524239872.0, ratio:0.9906466603279114
reserving basis 114/768; cond: 198524239872.0, ratio:0.9906466603279114
reserving basis 120/768; cond: 263194230784.0, ratio:0.9909157752990723
reserving basis 120/768; cond: 263194230784.0, ratio:0.9909157752990723
reserving basis 106/768; cond: 119015153664.0, ratio:0.9913281202316284
reserving basis 106/768; cond: 119015153664.0, ratio:0.9913281202316284
reserving basis 110/768; cond: 53910642688.0, ratio:0.990025520324707
reserving basis 110/768; cond: 53910642688.0, ratio:0.990025520324707
reserving basis 102/768; cond: 18226472960.0, ratio:0.991569459438324
reserving basis 102/768; cond: 18226472960.0, ratio:0.991569459438324
2026-04-27 19:36:25,226 [palora.py] => Task 19, Epoch 50/50 => Loss 0.529, Train_accy 97.44
2026-04-27 19:36:37,052 [trainer.py] => Time:267.1242706775665
1519 1519
2026-04-27 19:36:44,463 [trainer.py] => Time:7.4102911949157715
2026-04-27 19:36:44,463 [trainer.py] => ACC: {'total': 61.82, '00-09': 73.08, '10-19': 74.17, '20-29': 83.95, '30-39': 70.65, '40-49': 62.39, '50-59': 71.81, '60-69': 78.12, '70-79': 54.05, '80-89': 47.17, '90-99': 40.82, '100-109': 21.62, '110-119': 32.35, '120-129': 37.5, '130-139': 25.93, '140-149': 35.29, '150-159': 47.06, '160-169': 40.0, '170-179': 17.5, '180-189': 66.0, '190-199': 57.41, 'old': 61.98, 'new': 57.41}
2026-04-27 19:36:44,463 [trainer.py] => ACC top1 curve: [89.74, 85.34, 83.8, 80.21, 78.51, 76.8, 77.09, 76.12, 75.31, 73.39, 71.42, 70.7, 67.93, 66.94, 65.53, 64.91, 63.64, 62.4, 62.32, 61.82]
Average Accuracy: 72.69600000000001
2026-04-27 19:36:44,463 [trainer.py] => Average Accuracy: 72.69600000000001
