logs/ImageNet_A/8_8_sip/palora/Adam/0
2026-04-27 19:36:47,758 [trainer.py] => config: configs/palora/ia25_palora.json
2026-04-27 19:36:47,758 [trainer.py] => device: [device(type='cuda', index=0)]
2026-04-27 19:36:47,758 [trainer.py] => eval: False
2026-04-27 19:36:47,758 [trainer.py] => p: 0.5
2026-04-27 19:36:47,758 [trainer.py] => prefix: reproduce
2026-04-27 19:36:47,758 [trainer.py] => dataset: ImageNet_A
2026-04-27 19:36:47,758 [trainer.py] => data_path: data/imagenet-a
2026-04-27 19:36:47,758 [trainer.py] => memory_size: 0
2026-04-27 19:36:47,758 [trainer.py] => memory_per_class: 0
2026-04-27 19:36:47,758 [trainer.py] => fixed_memory: True
2026-04-27 19:36:47,758 [trainer.py] => shuffle: False
2026-04-27 19:36:47,758 [trainer.py] => seed: 0
2026-04-27 19:36:47,758 [trainer.py] => init_cls: 8
2026-04-27 19:36:47,758 [trainer.py] => increment: 8
2026-04-27 19:36:47,758 [trainer.py] => total_sessions: 25
2026-04-27 19:36:47,758 [trainer.py] => model_name: palora
2026-04-27 19:36:47,758 [trainer.py] => net_type: sip
2026-04-27 19:36:47,758 [trainer.py] => embd_dim: 768
2026-04-27 19:36:47,758 [trainer.py] => num_heads: 12
2026-04-27 19:36:47,758 [trainer.py] => EPSILON: 1e-08
2026-04-27 19:36:47,758 [trainer.py] => init_epoch: 40
2026-04-27 19:36:47,758 [trainer.py] => optim: Adam
2026-04-27 19:36:47,758 [trainer.py] => init_lr: 0.0005
2026-04-27 19:36:47,759 [trainer.py] => init_lr_decay: 0.1
2026-04-27 19:36:47,759 [trainer.py] => init_weight_decay: 0.0
2026-04-27 19:36:47,759 [trainer.py] => epochs: 50
2026-04-27 19:36:47,759 [trainer.py] => fc_lrate: 0.0005
2026-04-27 19:36:47,759 [trainer.py] => lrate: 0.0005
2026-04-27 19:36:47,759 [trainer.py] => lrate_decay: 0.1
2026-04-27 19:36:47,759 [trainer.py] => batch_size: 128
2026-04-27 19:36:47,759 [trainer.py] => weight_decay: 0.0
2026-04-27 19:36:47,759 [trainer.py] => rank: 10
2026-04-27 19:36:47,759 [trainer.py] => margin_inter: 2.0
2026-04-27 19:36:47,759 [trainer.py] => lambada: 0.5
2026-04-27 19:36:47,759 [trainer.py] => num_workers: 16
2026-04-27 19:36:47,790 [data_manager.py] => [0, 1, 2, 3, 4, 5, 6, 7, 8, 9, 10, 11, 12, 13, 14, 15, 16, 17, 18, 19, 20, 21, 22, 23, 24, 25, 26, 27, 28, 29, 30, 31, 32, 33, 34, 35, 36, 37, 38, 39, 40, 41, 42, 43, 44, 45, 46, 47, 48, 49, 50, 51, 52, 53, 54, 55, 56, 57, 58, 59, 60, 61, 62, 63, 64, 65, 66, 67, 68, 69, 70, 71, 72, 73, 74, 75, 76, 77, 78, 79, 80, 81, 82, 83, 84, 85, 86, 87, 88, 89, 90, 91, 92, 93, 94, 95, 96, 97, 98, 99, 100, 101, 102, 103, 104, 105, 106, 107, 108, 109, 110, 111, 112, 113, 114, 115, 116, 117, 118, 119, 120, 121, 122, 123, 124, 125, 126, 127, 128, 129, 130, 131, 132, 133, 134, 135, 136, 137, 138, 139, 140, 141, 142, 143, 144, 145, 146, 147, 148, 149, 150, 151, 152, 153, 154, 155, 156, 157, 158, 159, 160, 161, 162, 163, 164, 165, 166, 167, 168, 169, 170, 171, 172, 173, 174, 175, 176, 177, 178, 179, 180, 181, 182, 183, 184, 185, 186, 187, 188, 189, 190, 191, 192, 193, 194, 195, 196, 197, 198, 199]
2026-04-27 19:36:50,986 [trainer.py] => All params: 116878051
2026-04-27 19:36:50,991 [trainer.py] => Trainable params: 116878051
2026-04-27 19:36:50,991 [palora.py] => Learning on 0-8
Parameters to be updated: {'image_encoder.blocks.5.attn.lora_A_k.0.weight', 'image_encoder.blocks.6.attn.lora_B_k.0.weight', 'image_encoder.blocks.9.attn.lora_A_v.0.weight', 'image_encoder.blocks.5.attn.lora_A_v.0.weight', 'image_encoder.blocks.6.attn.lora_B_v.0.weight', 'classifier_pool.0.weight', 'image_encoder.blocks.5.attn.lora_B_v.0.weight', 'image_encoder.blocks.10.attn.lora_A_v.0.weight', 'image_encoder.blocks.7.attn.lora_B_k.0.weight', 'image_encoder.blocks.0.attn.lora_B_v.0.weight', 'image_encoder.blocks.7.attn.lora_A_k.0.weight', 'image_encoder.blocks.3.attn.lora_B_k.0.weight', 'image_encoder.blocks.3.attn.lora_B_v.0.weight', 'image_encoder.blocks.8.attn.lora_B_k.0.weight', 'image_encoder.blocks.3.attn.lora_A_v.0.weight', 'image_encoder.blocks.9.attn.lora_A_k.0.weight', 'image_encoder.blocks.7.attn.lora_A_v.0.weight', 'image_encoder.blocks.10.attn.lora_A_k.0.weight', 'image_encoder.blocks.4.attn.lora_A_k.0.weight', 'image_encoder.blocks.11.attn.lora_A_v.0.weight', 'image_encoder.blocks.6.attn.lora_A_k.0.weight', 'image_encoder.blocks.8.attn.lora_A_k.0.weight', 'image_encoder.blocks.0.attn.lora_B_k.0.weight', 'image_encoder.blocks.4.attn.lora_B_k.0.weight', 'image_encoder.blocks.6.attn.lora_A_v.0.weight', 'image_encoder.blocks.10.attn.lora_B_k.0.weight', 'image_encoder.blocks.2.attn.lora_A_v.0.weight', 'image_encoder.blocks.4.attn.lora_B_v.0.weight', 'image_encoder.blocks.8.attn.lora_A_v.0.weight', 'image_encoder.blocks.1.attn.lora_A_v.0.weight', 'image_encoder.blocks.11.attn.lora_A_k.0.weight', 'classifier_pool.0.bias', 'image_encoder.blocks.11.attn.lora_B_k.0.weight', 'image_encoder.blocks.7.attn.lora_B_v.0.weight', 'image_encoder.blocks.1.attn.lora_B_v.0.weight', 'image_encoder.blocks.1.attn.lora_B_k.0.weight', 'image_encoder.blocks.8.attn.lora_B_v.0.weight', 'image_encoder.blocks.2.attn.lora_A_k.0.weight', 'image_encoder.blocks.0.attn.lora_A_v.0.weight', 'image_encoder.blocks.11.attn.lora_B_v.0.weight', 'image_encoder.blocks.1.attn.lora_A_k.0.weight', 'image_encoder.blocks.0.attn.lora_A_k.0.weight', 'image_encoder.blocks.5.attn.lora_B_k.0.weight', 'image_encoder.blocks.9.attn.lora_B_k.0.weight', 'image_encoder.blocks.9.attn.lora_B_v.0.weight', 'image_encoder.blocks.3.attn.lora_A_k.0.weight', 'image_encoder.blocks.2.attn.lora_B_v.0.weight', 'image_encoder.blocks.10.attn.lora_B_v.0.weight', 'image_encoder.blocks.4.attn.lora_A_v.0.weight', 'image_encoder.blocks.2.attn.lora_B_k.0.weight'}
2026-04-27 19:40:56,573 [palora.py] => Task 0, Epoch 40/40 => Loss 0.591, Train_accy 93.01
2026-04-27 19:41:08,035 [trainer.py] => Time:257.0435607433319
123 123
2026-04-27 19:41:11,763 [trainer.py] => Time:3.7285196781158447
2026-04-27 19:41:11,764 [trainer.py] => ACC: {'total': 86.18, '00-07': 86.18, 'old': 0, 'new': 86.18}
2026-04-27 19:41:11,764 [trainer.py] => ACC top1 curve: [86.18]
Average Accuracy: 86.18
2026-04-27 19:41:11,764 [trainer.py] => Average Accuracy: 86.18
2026-04-27 19:41:11,770 [trainer.py] => All params: 116878051
2026-04-27 19:41:11,775 [trainer.py] => Trainable params: 374792
2026-04-27 19:41:11,775 [palora.py] => Learning on 8-16
Parameters to be updated: {'image_encoder.blocks.1.attn.lora_B_k.1.weight', 'image_encoder.blocks.6.attn.lora_A_k.1.weight', 'image_encoder.blocks.5.attn.lora_B_k.1.weight', 'image_encoder.blocks.1.attn.lora_B_v.1.weight', 'image_encoder.blocks.2.attn.lora_A_k.1.weight', 'image_encoder.blocks.4.attn.lora_B_k.1.weight', 'image_encoder.blocks.10.attn.lora_B_k.1.weight', 'image_encoder.blocks.4.attn.lora_A_v.1.weight', 'image_encoder.blocks.6.attn.lora_B_k.1.weight', 'image_encoder.blocks.3.attn.lora_B_k.1.weight', 'image_encoder.blocks.2.attn.lora_A_v.1.weight', 'image_encoder.blocks.7.attn.lora_A_k.1.weight', 'image_encoder.blocks.3.attn.lora_B_v.1.weight', 'image_encoder.blocks.3.attn.lora_A_v.1.weight', 'image_encoder.blocks.8.attn.lora_B_v.1.weight', 'image_encoder.blocks.2.attn.lora_B_v.1.weight', 'image_encoder.blocks.9.attn.lora_B_k.1.weight', 'image_encoder.blocks.11.attn.lora_B_k.1.weight', 'classifier_pool.1.weight', 'image_encoder.blocks.7.attn.lora_B_v.1.weight', 'image_encoder.blocks.6.attn.lora_B_v.1.weight', 'image_encoder.blocks.0.attn.lora_A_k.1.weight', 'image_encoder.blocks.7.attn.lora_B_k.1.weight', 'image_encoder.blocks.0.attn.lora_B_v.1.weight', 'image_encoder.blocks.4.attn.lora_B_v.1.weight', 'image_encoder.blocks.11.attn.lora_A_v.1.weight', 'image_encoder.blocks.8.attn.lora_A_k.1.weight', 'image_encoder.blocks.10.attn.lora_A_k.1.weight', 'image_encoder.blocks.8.attn.lora_B_k.1.weight', 'classifier_pool.1.bias', 'image_encoder.blocks.10.attn.lora_A_v.1.weight', 'image_encoder.blocks.5.attn.lora_A_k.1.weight', 'image_encoder.blocks.5.attn.lora_B_v.1.weight', 'image_encoder.blocks.2.attn.lora_B_k.1.weight', 'image_encoder.blocks.3.attn.lora_A_k.1.weight', 'image_encoder.blocks.6.attn.lora_A_v.1.weight', 'image_encoder.blocks.1.attn.lora_A_k.1.weight', 'image_encoder.blocks.7.attn.lora_A_v.1.weight', 'image_encoder.blocks.4.attn.lora_A_k.1.weight', 'image_encoder.blocks.5.attn.lora_A_v.1.weight', 'image_encoder.blocks.1.attn.lora_A_v.1.weight', 'image_encoder.blocks.11.attn.lora_A_k.1.weight', 'image_encoder.blocks.9.attn.lora_B_v.1.weight', 'image_encoder.blocks.8.attn.lora_A_v.1.weight', 'image_encoder.blocks.9.attn.lora_A_v.1.weight', 'image_encoder.blocks.0.attn.lora_B_k.1.weight', 'image_encoder.blocks.10.attn.lora_B_v.1.weight', 'image_encoder.blocks.9.attn.lora_A_k.1.weight', 'image_encoder.blocks.0.attn.lora_A_v.1.weight', 'image_encoder.blocks.11.attn.lora_B_v.1.weight'}
After trained on task 0 tensor(0.1640, device='cuda:0') tensor(0.1666, device='cuda:0')
After trained on task 0 tensor(0.2065, device='cuda:0') tensor(0.2833, device='cuda:0')
After trained on task 0 tensor(0.1710, device='cuda:0') tensor(0.2936, device='cuda:0')
After trained on task 0 tensor(0.2079, device='cuda:0') tensor(0.3496, device='cuda:0')
After trained on task 0 tensor(0.2367, device='cuda:0') tensor(0.3422, device='cuda:0')
After trained on task 0 tensor(0.3001, device='cuda:0') tensor(0.4119, device='cuda:0')
After trained on task 0 tensor(0.3312, device='cuda:0') tensor(0.4157, device='cuda:0')
After trained on task 0 tensor(0.3262, device='cuda:0') tensor(0.3607, device='cuda:0')
After trained on task 0 tensor(0.3334, device='cuda:0') tensor(0.3473, device='cuda:0')
After trained on task 0 tensor(0.3797, device='cuda:0') tensor(0.3829, device='cuda:0')
After trained on task 0 tensor(0.5390, device='cuda:0') tensor(0.4712, device='cuda:0')
After trained on task 0 tensor(0.5684, device='cuda:0') tensor(0.5648, device='cuda:0')
reserving basis 10/768; cond: 9992191082496.0, ratio:0.9999991655349731
reserving basis 10/768; cond: 9992191082496.0, ratio:0.9999991655349731
reserving basis 10/768; cond: 1349455314944.0, ratio:0.9999990463256836
reserving basis 10/768; cond: 1349455314944.0, ratio:0.9999990463256836
reserving basis 10/768; cond: 11581993779200.0, ratio:0.9999992251396179
reserving basis 10/768; cond: 11581993779200.0, ratio:0.9999992251396179
reserving basis 10/768; cond: 14420037074944.0, ratio:0.9999991655349731
reserving basis 10/768; cond: 14420037074944.0, ratio:0.9999991655349731
reserving basis 10/768; cond: 11460800413696.0, ratio:0.9999990463256836
reserving basis 10/768; cond: 11460800413696.0, ratio:0.9999990463256836
reserving basis 10/768; cond: 6038141009920.0, ratio:0.9999991059303284
reserving basis 10/768; cond: 6038141009920.0, ratio:0.9999991059303284
reserving basis 10/768; cond: 3172156571648.0, ratio:0.9999991655349731
reserving basis 10/768; cond: 3172156571648.0, ratio:0.9999991655349731
reserving basis 10/768; cond: 2625451589632.0, ratio:0.9999990463256836
reserving basis 10/768; cond: 2625451589632.0, ratio:0.9999990463256836
reserving basis 10/768; cond: 9885335945216.0, ratio:0.9999991655349731
reserving basis 10/768; cond: 9885335945216.0, ratio:0.9999991655349731
reserving basis 10/768; cond: 1781303476224.0, ratio:0.9999990463256836
reserving basis 10/768; cond: 1781303476224.0, ratio:0.9999990463256836
reserving basis 10/768; cond: 15233035796480.0, ratio:0.9999992847442627
reserving basis 10/768; cond: 15233035796480.0, ratio:0.9999992847442627
reserving basis 10/768; cond: 14621924655104.0, ratio:0.9999991059303284
reserving basis 10/768; cond: 14621924655104.0, ratio:0.9999991059303284
reserving basis 10/768; cond: 3733365456896.0, ratio:0.9999991655349731
reserving basis 10/768; cond: 3733365456896.0, ratio:0.9999991655349731
reserving basis 10/768; cond: 24981754871808.0, ratio:0.9999993443489075
reserving basis 10/768; cond: 24981754871808.0, ratio:0.9999993443489075
reserving basis 10/768; cond: 3224799019008.0, ratio:0.9999991059303284
reserving basis 10/768; cond: 3224799019008.0, ratio:0.9999991059303284
reserving basis 10/768; cond: 1070942978048.0, ratio:0.9999990463256836
reserving basis 10/768; cond: 1070942978048.0, ratio:0.9999990463256836
reserving basis 10/768; cond: 5930518839296.0, ratio:0.9999991059303284
reserving basis 10/768; cond: 5930518839296.0, ratio:0.9999991059303284
reserving basis 10/768; cond: 420783683796992.0, ratio:0.9999990463256836
reserving basis 10/768; cond: 420783683796992.0, ratio:0.9999990463256836
reserving basis 10/768; cond: 1748197965824.0, ratio:0.9999991655349731
reserving basis 10/768; cond: 1748197965824.0, ratio:0.9999991655349731
reserving basis 10/768; cond: 4125148577792.0, ratio:0.9999990463256836
reserving basis 10/768; cond: 4125148577792.0, ratio:0.9999990463256836
reserving basis 10/768; cond: 19565970980864.0, ratio:0.9999992847442627
reserving basis 10/768; cond: 19565970980864.0, ratio:0.9999992847442627
reserving basis 10/768; cond: 1665559691264.0, ratio:0.9999991059303284
reserving basis 10/768; cond: 1665559691264.0, ratio:0.9999991059303284
reserving basis 10/768; cond: 1830033424384.0, ratio:0.9999993443489075
reserving basis 10/768; cond: 1830033424384.0, ratio:0.9999993443489075
reserving basis 10/768; cond: 1645726793728.0, ratio:0.9999990463256836
reserving basis 10/768; cond: 1645726793728.0, ratio:0.9999990463256836
2026-04-27 19:46:08,022 [palora.py] => Task 1, Epoch 50/50 => Loss 0.577, Train_accy 94.28
2026-04-27 19:46:18,817 [trainer.py] => Time:307.04227209091187
255 255
2026-04-27 19:46:22,672 [trainer.py] => Time:3.854645252227783
2026-04-27 19:46:22,672 [trainer.py] => ACC: {'total': 85.1, '00-07': 84.55, '08-15': 85.61, 'old': 84.55, 'new': 85.61}
2026-04-27 19:46:22,672 [trainer.py] => ACC top1 curve: [86.18, 85.1]
Average Accuracy: 85.64
2026-04-27 19:46:22,672 [trainer.py] => Average Accuracy: 85.64
2026-04-27 19:46:22,677 [trainer.py] => All params: 116878051
2026-04-27 19:46:22,682 [trainer.py] => Trainable params: 374792
2026-04-27 19:46:22,682 [palora.py] => Learning on 16-24
Parameters to be updated: {'image_encoder.blocks.4.attn.lora_B_k.2.weight', 'image_encoder.blocks.6.attn.lora_A_v.2.weight', 'image_encoder.blocks.8.attn.lora_B_k.2.weight', 'image_encoder.blocks.2.attn.lora_A_k.2.weight', 'image_encoder.blocks.5.attn.lora_A_v.2.weight', 'image_encoder.blocks.7.attn.lora_B_k.2.weight', 'image_encoder.blocks.9.attn.lora_B_v.2.weight', 'image_encoder.blocks.3.attn.lora_A_k.2.weight', 'image_encoder.blocks.10.attn.lora_B_k.2.weight', 'image_encoder.blocks.10.attn.lora_B_v.2.weight', 'image_encoder.blocks.1.attn.lora_B_k.2.weight', 'image_encoder.blocks.11.attn.lora_B_k.2.weight', 'image_encoder.blocks.9.attn.lora_B_k.2.weight', 'image_encoder.blocks.5.attn.lora_B_v.2.weight', 'image_encoder.blocks.5.attn.lora_A_k.2.weight', 'image_encoder.blocks.0.attn.lora_A_v.2.weight', 'image_encoder.blocks.8.attn.lora_A_k.2.weight', 'image_encoder.blocks.10.attn.lora_A_v.2.weight', 'classifier_pool.2.bias', 'image_encoder.blocks.7.attn.lora_B_v.2.weight', 'image_encoder.blocks.1.attn.lora_A_k.2.weight', 'image_encoder.blocks.1.attn.lora_B_v.2.weight', 'image_encoder.blocks.3.attn.lora_B_k.2.weight', 'image_encoder.blocks.11.attn.lora_A_v.2.weight', 'image_encoder.blocks.3.attn.lora_B_v.2.weight', 'image_encoder.blocks.0.attn.lora_A_k.2.weight', 'image_encoder.blocks.1.attn.lora_A_v.2.weight', 'image_encoder.blocks.9.attn.lora_A_v.2.weight', 'image_encoder.blocks.6.attn.lora_B_k.2.weight', 'image_encoder.blocks.4.attn.lora_A_k.2.weight', 'image_encoder.blocks.8.attn.lora_A_v.2.weight', 'image_encoder.blocks.11.attn.lora_B_v.2.weight', 'image_encoder.blocks.4.attn.lora_A_v.2.weight', 'image_encoder.blocks.7.attn.lora_A_k.2.weight', 'image_encoder.blocks.5.attn.lora_B_k.2.weight', 'image_encoder.blocks.9.attn.lora_A_k.2.weight', 'image_encoder.blocks.0.attn.lora_B_k.2.weight', 'image_encoder.blocks.2.attn.lora_B_k.2.weight', 'image_encoder.blocks.6.attn.lora_A_k.2.weight', 'image_encoder.blocks.4.attn.lora_B_v.2.weight', 'image_encoder.blocks.0.attn.lora_B_v.2.weight', 'image_encoder.blocks.7.attn.lora_A_v.2.weight', 'image_encoder.blocks.10.attn.lora_A_k.2.weight', 'image_encoder.blocks.11.attn.lora_A_k.2.weight', 'image_encoder.blocks.2.attn.lora_B_v.2.weight', 'image_encoder.blocks.8.attn.lora_B_v.2.weight', 'image_encoder.blocks.2.attn.lora_A_v.2.weight', 'image_encoder.blocks.3.attn.lora_A_v.2.weight', 'image_encoder.blocks.6.attn.lora_B_v.2.weight', 'classifier_pool.2.weight'}
After trained on task 1 tensor(0.1259, device='cuda:0') tensor(0.1003, device='cuda:0')
After trained on task 1 tensor(0.1325, device='cuda:0') tensor(0.1562, device='cuda:0')
After trained on task 1 tensor(0.1073, device='cuda:0') tensor(0.1818, device='cuda:0')
After trained on task 1 tensor(0.1416, device='cuda:0') tensor(0.1890, device='cuda:0')
After trained on task 1 tensor(0.1161, device='cuda:0') tensor(0.2604, device='cuda:0')
After trained on task 1 tensor(0.1472, device='cuda:0') tensor(0.2997, device='cuda:0')
After trained on task 1 tensor(0.1742, device='cuda:0') tensor(0.3053, device='cuda:0')
After trained on task 1 tensor(0.2242, device='cuda:0') tensor(0.2793, device='cuda:0')
After trained on task 1 tensor(0.2468, device='cuda:0') tensor(0.3163, device='cuda:0')
After trained on task 1 tensor(0.2565, device='cuda:0') tensor(0.3105, device='cuda:0')
After trained on task 1 tensor(0.3721, device='cuda:0') tensor(0.3596, device='cuda:0')
After trained on task 1 tensor(0.3872, device='cuda:0') tensor(0.4174, device='cuda:0')
reserving basis 19/768; cond: 847057846272.0, ratio:0.9912329912185669
reserving basis 19/768; cond: 847057846272.0, ratio:0.9912329912185669
reserving basis 19/768; cond: 6082583855104.0, ratio:0.9904883503913879
reserving basis 19/768; cond: 6082583855104.0, ratio:0.9904883503913879
reserving basis 19/768; cond: 5416749105152.0, ratio:0.9912336468696594
reserving basis 19/768; cond: 5416749105152.0, ratio:0.9912336468696594
reserving basis 19/768; cond: 517741805568.0, ratio:0.9901411533355713
reserving basis 19/768; cond: 517741805568.0, ratio:0.9901411533355713
reserving basis 20/768; cond: 761985433600.0, ratio:0.9999985098838806
reserving basis 20/768; cond: 761985433600.0, ratio:0.9999985098838806
reserving basis 20/768; cond: 269326401536.0, ratio:0.9999988675117493
reserving basis 20/768; cond: 269326401536.0, ratio:0.9999988675117493
reserving basis 20/768; cond: 557212696576.0, ratio:0.9999986290931702
reserving basis 20/768; cond: 557212696576.0, ratio:0.9999986290931702
reserving basis 19/768; cond: 8395670159360.0, ratio:0.9913070201873779
reserving basis 19/768; cond: 8395670159360.0, ratio:0.9913070201873779
reserving basis 20/768; cond: 264399732736.0, ratio:0.9999986290931702
reserving basis 20/768; cond: 264399732736.0, ratio:0.9999986290931702
reserving basis 19/768; cond: 780975996928.0, ratio:0.9915674924850464
reserving basis 19/768; cond: 780975996928.0, ratio:0.9915674924850464
reserving basis 20/768; cond: 5285536071680.0, ratio:0.9999989867210388
reserving basis 20/768; cond: 5285536071680.0, ratio:0.9999989867210388
reserving basis 19/768; cond: 1146156089344.0, ratio:0.9916669130325317
reserving basis 19/768; cond: 1146156089344.0, ratio:0.9916669130325317
reserving basis 20/768; cond: 2260447789056.0, ratio:0.9999988675117493
reserving basis 20/768; cond: 2260447789056.0, ratio:0.9999988675117493
reserving basis 19/768; cond: 3438591868928.0, ratio:0.9927980899810791
reserving basis 19/768; cond: 3438591868928.0, ratio:0.9927980899810791
reserving basis 20/768; cond: 2260892385280.0, ratio:0.9999987483024597
reserving basis 20/768; cond: 2260892385280.0, ratio:0.9999987483024597
reserving basis 19/768; cond: 25769021538304.0, ratio:0.9915871024131775
reserving basis 19/768; cond: 25769021538304.0, ratio:0.9915871024131775
reserving basis 20/768; cond: 378610548736.0, ratio:0.9999988675117493
reserving basis 20/768; cond: 378610548736.0, ratio:0.9999988675117493
reserving basis 19/768; cond: 52039937687552.0, ratio:0.9903025031089783
reserving basis 19/768; cond: 52039937687552.0, ratio:0.9903025031089783
reserving basis 20/768; cond: 536624693248.0, ratio:0.9999987483024597
reserving basis 20/768; cond: 536624693248.0, ratio:0.9999987483024597
reserving basis 20/768; cond: 1685724725248.0, ratio:0.9999987483024597
reserving basis 20/768; cond: 1685724725248.0, ratio:0.9999987483024597
reserving basis 20/768; cond: 5989255348224.0, ratio:0.999998927116394
reserving basis 20/768; cond: 5989255348224.0, ratio:0.999998927116394
reserving basis 19/768; cond: 805808898048.0, ratio:0.9908817410469055
reserving basis 19/768; cond: 805808898048.0, ratio:0.9908817410469055
reserving basis 19/768; cond: 482954182656.0, ratio:0.9924214482307434
reserving basis 19/768; cond: 482954182656.0, ratio:0.9924214482307434
reserving basis 19/768; cond: 10022171967488.0, ratio:0.9933751225471497
reserving basis 19/768; cond: 10022171967488.0, ratio:0.9933751225471497
2026-04-27 19:51:06,138 [palora.py] => Task 2, Epoch 50/50 => Loss 0.576, Train_accy 94.08
2026-04-27 19:51:16,116 [trainer.py] => Time:293.43456053733826
368 368
2026-04-27 19:51:20,654 [trainer.py] => Time:4.536744832992554
2026-04-27 19:51:20,654 [trainer.py] => ACC: {'total': 86.68, '00-07': 81.3, '08-15': 85.61, '16-23': 93.81, 'old': 83.53, 'new': 93.81}
2026-04-27 19:51:20,654 [trainer.py] => ACC top1 curve: [86.18, 85.1, 86.68]
Average Accuracy: 85.98666666666668
2026-04-27 19:51:20,654 [trainer.py] => Average Accuracy: 85.98666666666668
2026-04-27 19:51:20,659 [trainer.py] => All params: 116878051
2026-04-27 19:51:20,663 [trainer.py] => Trainable params: 374792
2026-04-27 19:51:20,663 [palora.py] => Learning on 24-32
Parameters to be updated: {'image_encoder.blocks.10.attn.lora_A_k.3.weight', 'image_encoder.blocks.10.attn.lora_B_k.3.weight', 'image_encoder.blocks.3.attn.lora_B_v.3.weight', 'image_encoder.blocks.0.attn.lora_B_k.3.weight', 'image_encoder.blocks.7.attn.lora_B_k.3.weight', 'image_encoder.blocks.5.attn.lora_B_k.3.weight', 'image_encoder.blocks.9.attn.lora_A_v.3.weight', 'classifier_pool.3.bias', 'classifier_pool.3.weight', 'image_encoder.blocks.8.attn.lora_B_k.3.weight', 'image_encoder.blocks.0.attn.lora_A_k.3.weight', 'image_encoder.blocks.7.attn.lora_A_v.3.weight', 'image_encoder.blocks.7.attn.lora_B_v.3.weight', 'image_encoder.blocks.9.attn.lora_B_v.3.weight', 'image_encoder.blocks.4.attn.lora_A_v.3.weight', 'image_encoder.blocks.6.attn.lora_B_v.3.weight', 'image_encoder.blocks.2.attn.lora_A_k.3.weight', 'image_encoder.blocks.9.attn.lora_A_k.3.weight', 'image_encoder.blocks.2.attn.lora_B_v.3.weight', 'image_encoder.blocks.6.attn.lora_B_k.3.weight', 'image_encoder.blocks.1.attn.lora_A_v.3.weight', 'image_encoder.blocks.11.attn.lora_B_v.3.weight', 'image_encoder.blocks.7.attn.lora_A_k.3.weight', 'image_encoder.blocks.10.attn.lora_A_v.3.weight', 'image_encoder.blocks.4.attn.lora_B_v.3.weight', 'image_encoder.blocks.4.attn.lora_B_k.3.weight', 'image_encoder.blocks.11.attn.lora_A_v.3.weight', 'image_encoder.blocks.5.attn.lora_A_v.3.weight', 'image_encoder.blocks.4.attn.lora_A_k.3.weight', 'image_encoder.blocks.11.attn.lora_A_k.3.weight', 'image_encoder.blocks.2.attn.lora_A_v.3.weight', 'image_encoder.blocks.8.attn.lora_B_v.3.weight', 'image_encoder.blocks.1.attn.lora_B_v.3.weight', 'image_encoder.blocks.8.attn.lora_A_v.3.weight', 'image_encoder.blocks.1.attn.lora_B_k.3.weight', 'image_encoder.blocks.0.attn.lora_A_v.3.weight', 'image_encoder.blocks.3.attn.lora_B_k.3.weight', 'image_encoder.blocks.1.attn.lora_A_k.3.weight', 'image_encoder.blocks.0.attn.lora_B_v.3.weight', 'image_encoder.blocks.9.attn.lora_B_k.3.weight', 'image_encoder.blocks.3.attn.lora_A_k.3.weight', 'image_encoder.blocks.5.attn.lora_B_v.3.weight', 'image_encoder.blocks.2.attn.lora_B_k.3.weight', 'image_encoder.blocks.5.attn.lora_A_k.3.weight', 'image_encoder.blocks.6.attn.lora_A_v.3.weight', 'image_encoder.blocks.8.attn.lora_A_k.3.weight', 'image_encoder.blocks.10.attn.lora_B_v.3.weight', 'image_encoder.blocks.3.attn.lora_A_v.3.weight', 'image_encoder.blocks.11.attn.lora_B_k.3.weight', 'image_encoder.blocks.6.attn.lora_A_k.3.weight'}
After trained on task 2 tensor(0.0792, device='cuda:0') tensor(0.1067, device='cuda:0')
After trained on task 2 tensor(0.1132, device='cuda:0') tensor(0.1222, device='cuda:0')
After trained on task 2 tensor(0.0830, device='cuda:0') tensor(0.1437, device='cuda:0')
After trained on task 2 tensor(0.1068, device='cuda:0') tensor(0.1588, device='cuda:0')
After trained on task 2 tensor(0.1049, device='cuda:0') tensor(0.1632, device='cuda:0')
After trained on task 2 tensor(0.1063, device='cuda:0') tensor(0.2107, device='cuda:0')
After trained on task 2 tensor(0.1392, device='cuda:0') tensor(0.2207, device='cuda:0')
After trained on task 2 tensor(0.1586, device='cuda:0') tensor(0.2843, device='cuda:0')
After trained on task 2 tensor(0.1559, device='cuda:0') tensor(0.2523, device='cuda:0')
After trained on task 2 tensor(0.2086, device='cuda:0') tensor(0.2584, device='cuda:0')
After trained on task 2 tensor(0.1684, device='cuda:0') tensor(0.2436, device='cuda:0')
After trained on task 2 tensor(0.2473, device='cuda:0') tensor(0.3087, device='cuda:0')
reserving basis 28/768; cond: 294174064640.0, ratio:0.9949132204055786
reserving basis 28/768; cond: 294174064640.0, ratio:0.9949132204055786
reserving basis 28/768; cond: 238566342656.0, ratio:0.9930542707443237
reserving basis 28/768; cond: 238566342656.0, ratio:0.9930542707443237
reserving basis 28/768; cond: 1294773518336.0, ratio:0.9940392971038818
reserving basis 28/768; cond: 1294773518336.0, ratio:0.9940392971038818
reserving basis 28/768; cond: 972836241408.0, ratio:0.9943262338638306
reserving basis 28/768; cond: 972836241408.0, ratio:0.9943262338638306
reserving basis 29/768; cond: 220864970752.0, ratio:0.9909799695014954
reserving basis 29/768; cond: 220864970752.0, ratio:0.9909799695014954
reserving basis 29/768; cond: 779475091456.0, ratio:0.9939358234405518
reserving basis 29/768; cond: 779475091456.0, ratio:0.9939358234405518
reserving basis 29/768; cond: 2320007954432.0, ratio:0.9927826523780823
reserving basis 29/768; cond: 2320007954432.0, ratio:0.9927826523780823
reserving basis 28/768; cond: 1966099267584.0, ratio:0.9934045672416687
reserving basis 28/768; cond: 1966099267584.0, ratio:0.9934045672416687
reserving basis 29/768; cond: 605907648512.0, ratio:0.991407036781311
reserving basis 29/768; cond: 605907648512.0, ratio:0.991407036781311
reserving basis 28/768; cond: 3368248410112.0, ratio:0.9930645823478699
reserving basis 28/768; cond: 3368248410112.0, ratio:0.9930645823478699
reserving basis 29/768; cond: 1512243068928.0, ratio:0.9910669922828674
reserving basis 29/768; cond: 1512243068928.0, ratio:0.9910669922828674
reserving basis 28/768; cond: 297064431616.0, ratio:0.9944627285003662
reserving basis 28/768; cond: 297064431616.0, ratio:0.9944627285003662
reserving basis 29/768; cond: 565897396224.0, ratio:0.9906913042068481
reserving basis 29/768; cond: 565897396224.0, ratio:0.9906913042068481
reserving basis 28/768; cond: 4051559514112.0, ratio:0.9945324659347534
reserving basis 28/768; cond: 4051559514112.0, ratio:0.9945324659347534
reserving basis 29/768; cond: 871749976064.0, ratio:0.9911558032035828
reserving basis 29/768; cond: 871749976064.0, ratio:0.9911558032035828
reserving basis 28/768; cond: 491577573376.0, ratio:0.9955558776855469
reserving basis 28/768; cond: 491577573376.0, ratio:0.9955558776855469
reserving basis 29/768; cond: 481569603584.0, ratio:0.991959273815155
reserving basis 29/768; cond: 481569603584.0, ratio:0.991959273815155
reserving basis 28/768; cond: 336902127616.0, ratio:0.9944623112678528
reserving basis 28/768; cond: 336902127616.0, ratio:0.9944623112678528
reserving basis 29/768; cond: 583791017984.0, ratio:0.9939060807228088
reserving basis 29/768; cond: 583791017984.0, ratio:0.9939060807228088
reserving basis 29/768; cond: 160469401600.0, ratio:0.9948052167892456
reserving basis 29/768; cond: 160469401600.0, ratio:0.9948052167892456
reserving basis 29/768; cond: 292971806720.0, ratio:0.9935448169708252
reserving basis 29/768; cond: 292971806720.0, ratio:0.9935448169708252
reserving basis 28/768; cond: 137826058240.0, ratio:0.995087206363678
reserving basis 28/768; cond: 137826058240.0, ratio:0.995087206363678
reserving basis 28/768; cond: 2745306185728.0, ratio:0.9942870140075684
reserving basis 28/768; cond: 2745306185728.0, ratio:0.9942870140075684
reserving basis 27/768; cond: 1593387384832.0, ratio:0.9902061223983765
reserving basis 27/768; cond: 1593387384832.0, ratio:0.9902061223983765
2026-04-27 19:56:05,320 [palora.py] => Task 3, Epoch 50/50 => Loss 0.519, Train_accy 96.27
2026-04-27 19:56:16,180 [trainer.py] => Time:295.51649951934814
491 491
2026-04-27 19:56:20,699 [trainer.py] => Time:4.5184643268585205
2026-04-27 19:56:20,699 [trainer.py] => ACC: {'total': 82.89, '00-07': 77.24, '08-15': 82.58, '16-23': 88.5, '24-31': 83.74, 'old': 82.61, 'new': 83.74}
2026-04-27 19:56:20,699 [trainer.py] => ACC top1 curve: [86.18, 85.1, 86.68, 82.89]
Average Accuracy: 85.2125
2026-04-27 19:56:20,699 [trainer.py] => Average Accuracy: 85.2125
2026-04-27 19:56:20,704 [trainer.py] => All params: 116878051
2026-04-27 19:56:20,710 [trainer.py] => Trainable params: 374792
2026-04-27 19:56:20,710 [palora.py] => Learning on 32-40
Parameters to be updated: {'image_encoder.blocks.6.attn.lora_A_k.4.weight', 'image_encoder.blocks.7.attn.lora_B_v.4.weight', 'image_encoder.blocks.0.attn.lora_A_v.4.weight', 'image_encoder.blocks.10.attn.lora_B_k.4.weight', 'image_encoder.blocks.5.attn.lora_B_k.4.weight', 'image_encoder.blocks.5.attn.lora_B_v.4.weight', 'image_encoder.blocks.9.attn.lora_A_k.4.weight', 'image_encoder.blocks.0.attn.lora_B_v.4.weight', 'image_encoder.blocks.4.attn.lora_B_k.4.weight', 'image_encoder.blocks.6.attn.lora_B_v.4.weight', 'image_encoder.blocks.7.attn.lora_A_v.4.weight', 'image_encoder.blocks.1.attn.lora_B_v.4.weight', 'image_encoder.blocks.2.attn.lora_B_k.4.weight', 'image_encoder.blocks.8.attn.lora_A_v.4.weight', 'image_encoder.blocks.10.attn.lora_A_v.4.weight', 'image_encoder.blocks.3.attn.lora_B_v.4.weight', 'image_encoder.blocks.6.attn.lora_B_k.4.weight', 'image_encoder.blocks.7.attn.lora_B_k.4.weight', 'image_encoder.blocks.7.attn.lora_A_k.4.weight', 'image_encoder.blocks.1.attn.lora_B_k.4.weight', 'classifier_pool.4.bias', 'image_encoder.blocks.9.attn.lora_B_k.4.weight', 'image_encoder.blocks.9.attn.lora_B_v.4.weight', 'image_encoder.blocks.11.attn.lora_B_k.4.weight', 'image_encoder.blocks.2.attn.lora_B_v.4.weight', 'image_encoder.blocks.11.attn.lora_A_v.4.weight', 'image_encoder.blocks.0.attn.lora_B_k.4.weight', 'image_encoder.blocks.11.attn.lora_B_v.4.weight', 'image_encoder.blocks.9.attn.lora_A_v.4.weight', 'image_encoder.blocks.8.attn.lora_B_v.4.weight', 'image_encoder.blocks.2.attn.lora_A_k.4.weight', 'image_encoder.blocks.3.attn.lora_A_v.4.weight', 'image_encoder.blocks.3.attn.lora_B_k.4.weight', 'classifier_pool.4.weight', 'image_encoder.blocks.4.attn.lora_A_k.4.weight', 'image_encoder.blocks.11.attn.lora_A_k.4.weight', 'image_encoder.blocks.5.attn.lora_A_k.4.weight', 'image_encoder.blocks.4.attn.lora_B_v.4.weight', 'image_encoder.blocks.8.attn.lora_A_k.4.weight', 'image_encoder.blocks.6.attn.lora_A_v.4.weight', 'image_encoder.blocks.10.attn.lora_B_v.4.weight', 'image_encoder.blocks.4.attn.lora_A_v.4.weight', 'image_encoder.blocks.0.attn.lora_A_k.4.weight', 'image_encoder.blocks.5.attn.lora_A_v.4.weight', 'image_encoder.blocks.8.attn.lora_B_k.4.weight', 'image_encoder.blocks.2.attn.lora_A_v.4.weight', 'image_encoder.blocks.1.attn.lora_A_k.4.weight', 'image_encoder.blocks.10.attn.lora_A_k.4.weight', 'image_encoder.blocks.1.attn.lora_A_v.4.weight', 'image_encoder.blocks.3.attn.lora_A_k.4.weight'}
After trained on task 3 tensor(0.0689, device='cuda:0') tensor(0.0632, device='cuda:0')
After trained on task 3 tensor(0.0864, device='cuda:0') tensor(0.0901, device='cuda:0')
After trained on task 3 tensor(0.0680, device='cuda:0') tensor(0.0930, device='cuda:0')
After trained on task 3 tensor(0.0699, device='cuda:0') tensor(0.1182, device='cuda:0')
After trained on task 3 tensor(0.0908, device='cuda:0') tensor(0.1464, device='cuda:0')
After trained on task 3 tensor(0.1378, device='cuda:0') tensor(0.1501, device='cuda:0')
After trained on task 3 tensor(0.1170, device='cuda:0') tensor(0.1803, device='cuda:0')
After trained on task 3 tensor(0.1333, device='cuda:0') tensor(0.1946, device='cuda:0')
After trained on task 3 tensor(0.1538, device='cuda:0') tensor(0.1870, device='cuda:0')
After trained on task 3 tensor(0.2082, device='cuda:0') tensor(0.2173, device='cuda:0')
After trained on task 3 tensor(0.1843, device='cuda:0') tensor(0.2511, device='cuda:0')
After trained on task 3 tensor(0.2980, device='cuda:0') tensor(0.2453, device='cuda:0')
reserving basis 36/768; cond: 772390387712.0, ratio:0.9921024441719055
reserving basis 36/768; cond: 772390387712.0, ratio:0.9921024441719055
reserving basis 36/768; cond: 53537132544.0, ratio:0.991597056388855
reserving basis 36/768; cond: 53537132544.0, ratio:0.991597056388855
reserving basis 36/768; cond: 878493433856.0, ratio:0.9906489253044128
reserving basis 36/768; cond: 878493433856.0, ratio:0.9906489253044128
reserving basis 36/768; cond: 105702555648.0, ratio:0.9900047183036804
reserving basis 36/768; cond: 105702555648.0, ratio:0.9900047183036804
reserving basis 38/768; cond: 219510423552.0, ratio:0.9930641055107117
reserving basis 38/768; cond: 219510423552.0, ratio:0.9930641055107117
reserving basis 37/768; cond: 245523152896.0, ratio:0.9907888770103455
reserving basis 37/768; cond: 245523152896.0, ratio:0.9907888770103455
reserving basis 38/768; cond: 354827042816.0, ratio:0.9943381547927856
reserving basis 38/768; cond: 354827042816.0, ratio:0.9943381547927856
reserving basis 37/768; cond: 1083987329024.0, ratio:0.9946631789207458
reserving basis 37/768; cond: 1083987329024.0, ratio:0.9946631789207458
reserving basis 38/768; cond: 44925534076928.0, ratio:0.9938468933105469
reserving basis 38/768; cond: 44925534076928.0, ratio:0.9938468933105469
reserving basis 36/768; cond: 385982365696.0, ratio:0.9922957420349121
reserving basis 36/768; cond: 385982365696.0, ratio:0.9922957420349121
reserving basis 38/768; cond: 71606517760.0, ratio:0.9951382279396057
reserving basis 38/768; cond: 71606517760.0, ratio:0.9951382279396057
reserving basis 36/768; cond: 284739207168.0, ratio:0.9900439381599426
reserving basis 36/768; cond: 284739207168.0, ratio:0.9900439381599426
reserving basis 38/768; cond: 299476746240.0, ratio:0.9949908256530762
reserving basis 38/768; cond: 299476746240.0, ratio:0.9949908256530762
reserving basis 36/768; cond: 261639880704.0, ratio:0.9911529421806335
reserving basis 36/768; cond: 261639880704.0, ratio:0.9911529421806335
reserving basis 38/768; cond: 141496172544.0, ratio:0.9943797588348389
reserving basis 38/768; cond: 141496172544.0, ratio:0.9943797588348389
reserving basis 36/768; cond: 174600372224.0, ratio:0.9910338521003723
reserving basis 36/768; cond: 174600372224.0, ratio:0.9910338521003723
reserving basis 38/768; cond: 117263736832.0, ratio:0.9949260950088501
reserving basis 38/768; cond: 117263736832.0, ratio:0.9949260950088501
reserving basis 36/768; cond: 112881278976.0, ratio:0.9918388724327087
reserving basis 36/768; cond: 112881278976.0, ratio:0.9918388724327087
reserving basis 37/768; cond: 97931255808.0, ratio:0.9903600215911865
reserving basis 37/768; cond: 97931255808.0, ratio:0.9903600215911865
reserving basis 37/768; cond: 1111641030656.0, ratio:0.992997407913208
reserving basis 37/768; cond: 1111641030656.0, ratio:0.992997407913208
reserving basis 37/768; cond: 637806051328.0, ratio:0.9913644194602966
reserving basis 37/768; cond: 637806051328.0, ratio:0.9913644194602966
reserving basis 36/768; cond: 186786676736.0, ratio:0.9935697913169861
reserving basis 36/768; cond: 186786676736.0, ratio:0.9935697913169861
reserving basis 36/768; cond: 4715334598656.0, ratio:0.9933266043663025
reserving basis 36/768; cond: 4715334598656.0, ratio:0.9933266043663025
reserving basis 35/768; cond: 182814818304.0, ratio:0.9934901595115662
reserving basis 35/768; cond: 182814818304.0, ratio:0.9934901595115662
2026-04-27 20:00:11,697 [palora.py] => Task 4, Epoch 50/50 => Loss 0.671, Train_accy 92.08
2026-04-27 20:00:20,471 [trainer.py] => Time:239.76127004623413
561 561
2026-04-27 20:00:25,224 [trainer.py] => Time:4.752605676651001
2026-04-27 20:00:25,224 [trainer.py] => ACC: {'total': 81.82, '00-07': 75.61, '08-15': 81.06, '16-23': 88.5, '24-31': 82.11, '32-39': 82.86, 'old': 81.67, 'new': 82.86}
2026-04-27 20:00:25,224 [trainer.py] => ACC top1 curve: [86.18, 85.1, 86.68, 82.89, 81.82]
Average Accuracy: 84.534
2026-04-27 20:00:25,224 [trainer.py] => Average Accuracy: 84.534
2026-04-27 20:00:25,229 [trainer.py] => All params: 116878051
2026-04-27 20:00:25,234 [trainer.py] => Trainable params: 374792
2026-04-27 20:00:25,234 [palora.py] => Learning on 40-48
Parameters to be updated: {'image_encoder.blocks.4.attn.lora_B_v.5.weight', 'image_encoder.blocks.0.attn.lora_A_v.5.weight', 'image_encoder.blocks.6.attn.lora_A_k.5.weight', 'image_encoder.blocks.10.attn.lora_A_k.5.weight', 'image_encoder.blocks.10.attn.lora_A_v.5.weight', 'image_encoder.blocks.8.attn.lora_B_v.5.weight', 'image_encoder.blocks.5.attn.lora_B_v.5.weight', 'image_encoder.blocks.0.attn.lora_A_k.5.weight', 'image_encoder.blocks.6.attn.lora_A_v.5.weight', 'image_encoder.blocks.3.attn.lora_A_k.5.weight', 'image_encoder.blocks.4.attn.lora_A_k.5.weight', 'image_encoder.blocks.7.attn.lora_B_k.5.weight', 'image_encoder.blocks.3.attn.lora_B_v.5.weight', 'image_encoder.blocks.3.attn.lora_B_k.5.weight', 'image_encoder.blocks.1.attn.lora_B_k.5.weight', 'image_encoder.blocks.2.attn.lora_B_v.5.weight', 'image_encoder.blocks.11.attn.lora_A_k.5.weight', 'image_encoder.blocks.11.attn.lora_B_v.5.weight', 'image_encoder.blocks.0.attn.lora_B_k.5.weight', 'image_encoder.blocks.8.attn.lora_A_k.5.weight', 'image_encoder.blocks.2.attn.lora_B_k.5.weight', 'image_encoder.blocks.4.attn.lora_B_k.5.weight', 'image_encoder.blocks.10.attn.lora_B_k.5.weight', 'image_encoder.blocks.10.attn.lora_B_v.5.weight', 'image_encoder.blocks.8.attn.lora_B_k.5.weight', 'image_encoder.blocks.7.attn.lora_A_v.5.weight', 'classifier_pool.5.weight', 'image_encoder.blocks.9.attn.lora_A_v.5.weight', 'image_encoder.blocks.2.attn.lora_A_v.5.weight', 'image_encoder.blocks.5.attn.lora_B_k.5.weight', 'image_encoder.blocks.2.attn.lora_A_k.5.weight', 'image_encoder.blocks.7.attn.lora_B_v.5.weight', 'image_encoder.blocks.9.attn.lora_B_v.5.weight', 'image_encoder.blocks.1.attn.lora_A_v.5.weight', 'classifier_pool.5.bias', 'image_encoder.blocks.3.attn.lora_A_v.5.weight', 'image_encoder.blocks.11.attn.lora_A_v.5.weight', 'image_encoder.blocks.5.attn.lora_A_v.5.weight', 'image_encoder.blocks.6.attn.lora_B_k.5.weight', 'image_encoder.blocks.5.attn.lora_A_k.5.weight', 'image_encoder.blocks.0.attn.lora_B_v.5.weight', 'image_encoder.blocks.7.attn.lora_A_k.5.weight', 'image_encoder.blocks.9.attn.lora_B_k.5.weight', 'image_encoder.blocks.6.attn.lora_B_v.5.weight', 'image_encoder.blocks.11.attn.lora_B_k.5.weight', 'image_encoder.blocks.9.attn.lora_A_k.5.weight', 'image_encoder.blocks.1.attn.lora_B_v.5.weight', 'image_encoder.blocks.1.attn.lora_A_k.5.weight', 'image_encoder.blocks.4.attn.lora_A_v.5.weight', 'image_encoder.blocks.8.attn.lora_A_v.5.weight'}
After trained on task 4 tensor(0.0467, device='cuda:0') tensor(0.0488, device='cuda:0')
After trained on task 4 tensor(0.0488, device='cuda:0') tensor(0.0592, device='cuda:0')
After trained on task 4 tensor(0.0495, device='cuda:0') tensor(0.0620, device='cuda:0')
After trained on task 4 tensor(0.0558, device='cuda:0') tensor(0.0687, device='cuda:0')
After trained on task 4 tensor(0.0655, device='cuda:0') tensor(0.0721, device='cuda:0')
After trained on task 4 tensor(0.0563, device='cuda:0') tensor(0.0796, device='cuda:0')
After trained on task 4 tensor(0.0690, device='cuda:0') tensor(0.0861, device='cuda:0')
After trained on task 4 tensor(0.0713, device='cuda:0') tensor(0.1028, device='cuda:0')
After trained on task 4 tensor(0.0783, device='cuda:0') tensor(0.1056, device='cuda:0')
After trained on task 4 tensor(0.0743, device='cuda:0') tensor(0.1200, device='cuda:0')
After trained on task 4 tensor(0.0947, device='cuda:0') tensor(0.1664, device='cuda:0')
After trained on task 4 tensor(0.1084, device='cuda:0') tensor(0.1613, device='cuda:0')
reserving basis 43/768; cond: 147889733632.0, ratio:0.9911869764328003
reserving basis 43/768; cond: 147889733632.0, ratio:0.9911869764328003
reserving basis 44/768; cond: 174380679168.0, ratio:0.9924646615982056
reserving basis 44/768; cond: 174380679168.0, ratio:0.9924646615982056
reserving basis 44/768; cond: 427567120384.0, ratio:0.9920487999916077
reserving basis 44/768; cond: 427567120384.0, ratio:0.9920487999916077
reserving basis 44/768; cond: 2128919789568.0, ratio:0.9928696155548096
reserving basis 44/768; cond: 2128919789568.0, ratio:0.9928696155548096
reserving basis 46/768; cond: 127652601856.0, ratio:0.9904450178146362
reserving basis 46/768; cond: 127652601856.0, ratio:0.9904450178146362
reserving basis 45/768; cond: 68852203520.0, ratio:0.9913539886474609
reserving basis 45/768; cond: 68852203520.0, ratio:0.9913539886474609
reserving basis 46/768; cond: 627936854016.0, ratio:0.990784227848053
reserving basis 46/768; cond: 627936854016.0, ratio:0.990784227848053
reserving basis 45/768; cond: 168900509696.0, ratio:0.9926225543022156
reserving basis 45/768; cond: 168900509696.0, ratio:0.9926225543022156
reserving basis 46/768; cond: 325812191232.0, ratio:0.9905886054039001
reserving basis 46/768; cond: 325812191232.0, ratio:0.9905886054039001
reserving basis 44/768; cond: 519011270656.0, ratio:0.992188572883606
reserving basis 44/768; cond: 519011270656.0, ratio:0.992188572883606
reserving basis 46/768; cond: 2182509101056.0, ratio:0.9914112687110901
reserving basis 46/768; cond: 2182509101056.0, ratio:0.9914112687110901
reserving basis 44/768; cond: 303597551616.0, ratio:0.9926872253417969
reserving basis 44/768; cond: 303597551616.0, ratio:0.9926872253417969
reserving basis 46/768; cond: 322656763904.0, ratio:0.9918314218521118
reserving basis 46/768; cond: 322656763904.0, ratio:0.9918314218521118
reserving basis 44/768; cond: 2210904670208.0, ratio:0.9927203059196472
reserving basis 44/768; cond: 2210904670208.0, ratio:0.9927203059196472
reserving basis 46/768; cond: 957423419392.0, ratio:0.99115389585495
reserving basis 46/768; cond: 957423419392.0, ratio:0.99115389585495
reserving basis 44/768; cond: 101858806857728.0, ratio:0.9929275512695312
reserving basis 44/768; cond: 101858806857728.0, ratio:0.9929275512695312
reserving basis 46/768; cond: 125436829696.0, ratio:0.9912636876106262
reserving basis 46/768; cond: 125436829696.0, ratio:0.9912636876106262
reserving basis 44/768; cond: 238115979264.0, ratio:0.9928304553031921
reserving basis 44/768; cond: 238115979264.0, ratio:0.9928304553031921
reserving basis 45/768; cond: 467649495040.0, ratio:0.9917365908622742
reserving basis 45/768; cond: 467649495040.0, ratio:0.9917365908622742
reserving basis 44/768; cond: 346376011776.0, ratio:0.9901908040046692
reserving basis 44/768; cond: 346376011776.0, ratio:0.9901908040046692
reserving basis 45/768; cond: 1913322733568.0, ratio:0.99299156665802
reserving basis 45/768; cond: 1913322733568.0, ratio:0.99299156665802
reserving basis 43/768; cond: 81785856000.0, ratio:0.9910743832588196
reserving basis 43/768; cond: 81785856000.0, ratio:0.9910743832588196
reserving basis 43/768; cond: 752211394560.0, ratio:0.9907421469688416
reserving basis 43/768; cond: 752211394560.0, ratio:0.9907421469688416
reserving basis 41/768; cond: 217567625216.0, ratio:0.9900956749916077
reserving basis 41/768; cond: 217567625216.0, ratio:0.9900956749916077
2026-04-27 20:04:34,846 [palora.py] => Task 5, Epoch 50/50 => Loss 0.696, Train_accy 89.47
2026-04-27 20:04:44,060 [trainer.py] => Time:258.8266944885254
650 650
2026-04-27 20:04:49,017 [trainer.py] => Time:4.955850124359131
2026-04-27 20:04:49,017 [trainer.py] => ACC: {'total': 79.69, '00-07': 76.42, '08-15': 78.03, '16-23': 86.73, '24-31': 82.93, '32-39': 80.0, '40-47': 73.03, 'old': 80.75, 'new': 73.03}
2026-04-27 20:04:49,017 [trainer.py] => ACC top1 curve: [86.18, 85.1, 86.68, 82.89, 81.82, 79.69]
Average Accuracy: 83.72666666666667
2026-04-27 20:04:49,017 [trainer.py] => Average Accuracy: 83.72666666666667
2026-04-27 20:04:49,022 [trainer.py] => All params: 116878051
2026-04-27 20:04:49,027 [trainer.py] => Trainable params: 374792
2026-04-27 20:04:49,027 [palora.py] => Learning on 48-56
Parameters to be updated: {'image_encoder.blocks.4.attn.lora_B_v.6.weight', 'image_encoder.blocks.7.attn.lora_A_k.6.weight', 'image_encoder.blocks.4.attn.lora_A_v.6.weight', 'image_encoder.blocks.5.attn.lora_A_v.6.weight', 'image_encoder.blocks.9.attn.lora_B_v.6.weight', 'image_encoder.blocks.9.attn.lora_A_k.6.weight', 'image_encoder.blocks.3.attn.lora_B_k.6.weight', 'image_encoder.blocks.0.attn.lora_B_v.6.weight', 'image_encoder.blocks.2.attn.lora_A_v.6.weight', 'image_encoder.blocks.2.attn.lora_B_k.6.weight', 'image_encoder.blocks.1.attn.lora_B_k.6.weight', 'image_encoder.blocks.8.attn.lora_B_k.6.weight', 'image_encoder.blocks.1.attn.lora_A_k.6.weight', 'image_encoder.blocks.5.attn.lora_B_k.6.weight', 'image_encoder.blocks.10.attn.lora_A_k.6.weight', 'image_encoder.blocks.2.attn.lora_B_v.6.weight', 'image_encoder.blocks.10.attn.lora_A_v.6.weight', 'image_encoder.blocks.10.attn.lora_B_k.6.weight', 'classifier_pool.6.bias', 'image_encoder.blocks.3.attn.lora_A_k.6.weight', 'image_encoder.blocks.11.attn.lora_A_v.6.weight', 'image_encoder.blocks.4.attn.lora_A_k.6.weight', 'image_encoder.blocks.6.attn.lora_B_v.6.weight', 'classifier_pool.6.weight', 'image_encoder.blocks.8.attn.lora_A_k.6.weight', 'image_encoder.blocks.9.attn.lora_A_v.6.weight', 'image_encoder.blocks.0.attn.lora_A_v.6.weight', 'image_encoder.blocks.7.attn.lora_B_k.6.weight', 'image_encoder.blocks.1.attn.lora_A_v.6.weight', 'image_encoder.blocks.8.attn.lora_B_v.6.weight', 'image_encoder.blocks.3.attn.lora_A_v.6.weight', 'image_encoder.blocks.6.attn.lora_B_k.6.weight', 'image_encoder.blocks.10.attn.lora_B_v.6.weight', 'image_encoder.blocks.11.attn.lora_B_k.6.weight', 'image_encoder.blocks.6.attn.lora_A_k.6.weight', 'image_encoder.blocks.5.attn.lora_A_k.6.weight', 'image_encoder.blocks.7.attn.lora_B_v.6.weight', 'image_encoder.blocks.6.attn.lora_A_v.6.weight', 'image_encoder.blocks.0.attn.lora_A_k.6.weight', 'image_encoder.blocks.2.attn.lora_A_k.6.weight', 'image_encoder.blocks.4.attn.lora_B_k.6.weight', 'image_encoder.blocks.11.attn.lora_A_k.6.weight', 'image_encoder.blocks.11.attn.lora_B_v.6.weight', 'image_encoder.blocks.0.attn.lora_B_k.6.weight', 'image_encoder.blocks.7.attn.lora_A_v.6.weight', 'image_encoder.blocks.1.attn.lora_B_v.6.weight', 'image_encoder.blocks.8.attn.lora_A_v.6.weight', 'image_encoder.blocks.3.attn.lora_B_v.6.weight', 'image_encoder.blocks.9.attn.lora_B_k.6.weight', 'image_encoder.blocks.5.attn.lora_B_v.6.weight'}
After trained on task 5 tensor(0.0565, device='cuda:0') tensor(0.0484, device='cuda:0')
After trained on task 5 tensor(0.0510, device='cuda:0') tensor(0.0708, device='cuda:0')
After trained on task 5 tensor(0.0462, device='cuda:0') tensor(0.0746, device='cuda:0')
After trained on task 5 tensor(0.0563, device='cuda:0') tensor(0.0818, device='cuda:0')
After trained on task 5 tensor(0.0611, device='cuda:0') tensor(0.1034, device='cuda:0')
After trained on task 5 tensor(0.0758, device='cuda:0') tensor(0.1217, device='cuda:0')
After trained on task 5 tensor(0.0780, device='cuda:0') tensor(0.1189, device='cuda:0')
After trained on task 5 tensor(0.0904, device='cuda:0') tensor(0.1208, device='cuda:0')
After trained on task 5 tensor(0.1020, device='cuda:0') tensor(0.1364, device='cuda:0')
After trained on task 5 tensor(0.1281, device='cuda:0') tensor(0.1564, device='cuda:0')
After trained on task 5 tensor(0.1388, device='cuda:0') tensor(0.1864, device='cuda:0')
After trained on task 5 tensor(0.1546, device='cuda:0') tensor(0.2045, device='cuda:0')
reserving basis 51/768; cond: 64686608384.0, ratio:0.9934585690498352
reserving basis 51/768; cond: 64686608384.0, ratio:0.9934585690498352
reserving basis 51/768; cond: 601066242048.0, ratio:0.9900209307670593
reserving basis 51/768; cond: 601066242048.0, ratio:0.9900209307670593
reserving basis 52/768; cond: 780029591552.0, ratio:0.9935073256492615
reserving basis 52/768; cond: 780029591552.0, ratio:0.9935073256492615
reserving basis 52/768; cond: 726419177472.0, ratio:0.993722677230835
reserving basis 52/768; cond: 726419177472.0, ratio:0.993722677230835
reserving basis 54/768; cond: 226312486912.0, ratio:0.9912402033805847
reserving basis 54/768; cond: 226312486912.0, ratio:0.9912402033805847
reserving basis 53/768; cond: 124884746240.0, ratio:0.9932317137718201
reserving basis 53/768; cond: 124884746240.0, ratio:0.9932317137718201
reserving basis 54/768; cond: 113071833088.0, ratio:0.993036687374115
reserving basis 54/768; cond: 113071833088.0, ratio:0.993036687374115
reserving basis 53/768; cond: 819654819840.0, ratio:0.9931237697601318
reserving basis 53/768; cond: 819654819840.0, ratio:0.9931237697601318
reserving basis 54/768; cond: 56198467584.0, ratio:0.9913890957832336
reserving basis 54/768; cond: 56198467584.0, ratio:0.9913890957832336
reserving basis 52/768; cond: 1429340291072.0, ratio:0.9933783411979675
reserving basis 52/768; cond: 1429340291072.0, ratio:0.9933783411979675
reserving basis 54/768; cond: 875435589632.0, ratio:0.9913286566734314
reserving basis 54/768; cond: 875435589632.0, ratio:0.9913286566734314
reserving basis 51/768; cond: 208882073600.0, ratio:0.9911490082740784
reserving basis 51/768; cond: 208882073600.0, ratio:0.9911490082740784
reserving basis 54/768; cond: 20565346304.0, ratio:0.9924231171607971
reserving basis 54/768; cond: 20565346304.0, ratio:0.9924231171607971
reserving basis 52/768; cond: 912584146944.0, ratio:0.9934599995613098
reserving basis 52/768; cond: 912584146944.0, ratio:0.9934599995613098
reserving basis 54/768; cond: 54315872256.0, ratio:0.9925391674041748
reserving basis 54/768; cond: 54315872256.0, ratio:0.9925391674041748
reserving basis 52/768; cond: 75007827968.0, ratio:0.9930668473243713
reserving basis 52/768; cond: 75007827968.0, ratio:0.9930668473243713
reserving basis 54/768; cond: 247887134720.0, ratio:0.9929523468017578
reserving basis 54/768; cond: 247887134720.0, ratio:0.9929523468017578
reserving basis 52/768; cond: 117296611328.0, ratio:0.9934789538383484
reserving basis 52/768; cond: 117296611328.0, ratio:0.9934789538383484
reserving basis 53/768; cond: 124107923456.0, ratio:0.9930626749992371
reserving basis 53/768; cond: 124107923456.0, ratio:0.9930626749992371
reserving basis 51/768; cond: 224876429312.0, ratio:0.9911532998085022
reserving basis 51/768; cond: 224876429312.0, ratio:0.9911532998085022
reserving basis 52/768; cond: 82234449920.0, ratio:0.9911178350448608
reserving basis 52/768; cond: 82234449920.0, ratio:0.9911178350448608
reserving basis 50/768; cond: 25046831104.0, ratio:0.9916084408760071
reserving basis 50/768; cond: 25046831104.0, ratio:0.9916084408760071
reserving basis 50/768; cond: 86975651840.0, ratio:0.9911314249038696
reserving basis 50/768; cond: 86975651840.0, ratio:0.9911314249038696
reserving basis 47/768; cond: 216173150208.0, ratio:0.9904405474662781
reserving basis 47/768; cond: 216173150208.0, ratio:0.9904405474662781
2026-04-27 20:09:24,739 [palora.py] => Task 6, Epoch 50/50 => Loss 0.695, Train_accy 89.53
2026-04-27 20:09:35,164 [trainer.py] => Time:286.1364035606384
754 754
2026-04-27 20:09:40,361 [trainer.py] => Time:5.196678400039673
2026-04-27 20:09:40,361 [trainer.py] => ACC: {'total': 78.25, '00-07': 76.42, '08-15': 75.76, '16-23': 84.96, '24-31': 82.93, '32-39': 80.0, '40-47': 70.79, '48-55': 75.96, 'old': 78.62, 'new': 75.96}
2026-04-27 20:09:40,361 [trainer.py] => ACC top1 curve: [86.18, 85.1, 86.68, 82.89, 81.82, 79.69, 78.25]
Average Accuracy: 82.94428571428571
2026-04-27 20:09:40,361 [trainer.py] => Average Accuracy: 82.94428571428571
2026-04-27 20:09:40,366 [trainer.py] => All params: 116878051
2026-04-27 20:09:40,371 [trainer.py] => Trainable params: 374792
2026-04-27 20:09:40,371 [palora.py] => Learning on 56-64
Parameters to be updated: {'image_encoder.blocks.11.attn.lora_B_v.7.weight', 'image_encoder.blocks.5.attn.lora_A_k.7.weight', 'image_encoder.blocks.8.attn.lora_A_k.7.weight', 'image_encoder.blocks.1.attn.lora_B_k.7.weight', 'image_encoder.blocks.6.attn.lora_A_k.7.weight', 'image_encoder.blocks.1.attn.lora_B_v.7.weight', 'image_encoder.blocks.5.attn.lora_B_k.7.weight', 'image_encoder.blocks.0.attn.lora_B_v.7.weight', 'image_encoder.blocks.2.attn.lora_A_v.7.weight', 'image_encoder.blocks.4.attn.lora_A_v.7.weight', 'image_encoder.blocks.10.attn.lora_B_k.7.weight', 'image_encoder.blocks.9.attn.lora_B_v.7.weight', 'image_encoder.blocks.6.attn.lora_B_k.7.weight', 'image_encoder.blocks.10.attn.lora_A_v.7.weight', 'image_encoder.blocks.0.attn.lora_B_k.7.weight', 'image_encoder.blocks.0.attn.lora_A_v.7.weight', 'image_encoder.blocks.1.attn.lora_A_k.7.weight', 'image_encoder.blocks.5.attn.lora_B_v.7.weight', 'image_encoder.blocks.7.attn.lora_B_k.7.weight', 'image_encoder.blocks.3.attn.lora_A_v.7.weight', 'image_encoder.blocks.3.attn.lora_B_v.7.weight', 'image_encoder.blocks.10.attn.lora_A_k.7.weight', 'image_encoder.blocks.8.attn.lora_B_k.7.weight', 'image_encoder.blocks.11.attn.lora_A_k.7.weight', 'image_encoder.blocks.8.attn.lora_A_v.7.weight', 'image_encoder.blocks.11.attn.lora_A_v.7.weight', 'classifier_pool.7.bias', 'image_encoder.blocks.9.attn.lora_A_k.7.weight', 'image_encoder.blocks.5.attn.lora_A_v.7.weight', 'image_encoder.blocks.4.attn.lora_A_k.7.weight', 'image_encoder.blocks.7.attn.lora_A_v.7.weight', 'image_encoder.blocks.11.attn.lora_B_k.7.weight', 'image_encoder.blocks.8.attn.lora_B_v.7.weight', 'image_encoder.blocks.4.attn.lora_B_k.7.weight', 'image_encoder.blocks.3.attn.lora_B_k.7.weight', 'image_encoder.blocks.6.attn.lora_A_v.7.weight', 'image_encoder.blocks.0.attn.lora_A_k.7.weight', 'image_encoder.blocks.7.attn.lora_B_v.7.weight', 'image_encoder.blocks.2.attn.lora_B_v.7.weight', 'image_encoder.blocks.10.attn.lora_B_v.7.weight', 'image_encoder.blocks.7.attn.lora_A_k.7.weight', 'image_encoder.blocks.4.attn.lora_B_v.7.weight', 'image_encoder.blocks.2.attn.lora_A_k.7.weight', 'image_encoder.blocks.3.attn.lora_A_k.7.weight', 'classifier_pool.7.weight', 'image_encoder.blocks.6.attn.lora_B_v.7.weight', 'image_encoder.blocks.9.attn.lora_A_v.7.weight', 'image_encoder.blocks.2.attn.lora_B_k.7.weight', 'image_encoder.blocks.9.attn.lora_B_k.7.weight', 'image_encoder.blocks.1.attn.lora_A_v.7.weight'}
After trained on task 6 tensor(0.0526, device='cuda:0') tensor(0.0471, device='cuda:0')
After trained on task 6 tensor(0.0545, device='cuda:0') tensor(0.0624, device='cuda:0')
After trained on task 6 tensor(0.0544, device='cuda:0') tensor(0.0715, device='cuda:0')
After trained on task 6 tensor(0.0614, device='cuda:0') tensor(0.0787, device='cuda:0')
After trained on task 6 tensor(0.0626, device='cuda:0') tensor(0.0890, device='cuda:0')
After trained on task 6 tensor(0.0752, device='cuda:0') tensor(0.1018, device='cuda:0')
After trained on task 6 tensor(0.0816, device='cuda:0') tensor(0.1148, device='cuda:0')
After trained on task 6 tensor(0.1368, device='cuda:0') tensor(0.1327, device='cuda:0')
After trained on task 6 tensor(0.1168, device='cuda:0') tensor(0.1619, device='cuda:0')
After trained on task 6 tensor(0.2092, device='cuda:0') tensor(0.2374, device='cuda:0')
After trained on task 6 tensor(0.1394, device='cuda:0') tensor(0.1870, device='cuda:0')
After trained on task 6 tensor(0.2672, device='cuda:0') tensor(0.2322, device='cuda:0')
reserving basis 57/768; cond: 78053154816.0, ratio:0.9900864958763123
reserving basis 57/768; cond: 78053154816.0, ratio:0.9900864958763123
reserving basis 58/768; cond: 293511954432.0, ratio:0.991493821144104
reserving basis 58/768; cond: 293511954432.0, ratio:0.991493821144104
reserving basis 59/768; cond: 438988046336.0, ratio:0.9906075596809387
reserving basis 59/768; cond: 438988046336.0, ratio:0.9906075596809387
reserving basis 59/768; cond: 173784956928.0, ratio:0.991402268409729
reserving basis 59/768; cond: 173784956928.0, ratio:0.991402268409729
reserving basis 62/768; cond: 65793142784.0, ratio:0.992048442363739
reserving basis 62/768; cond: 65793142784.0, ratio:0.992048442363739
reserving basis 60/768; cond: 450935717888.0, ratio:0.9906039237976074
reserving basis 60/768; cond: 450935717888.0, ratio:0.9906039237976074
reserving basis 62/768; cond: 238263500800.0, ratio:0.9928558468818665
reserving basis 62/768; cond: 238263500800.0, ratio:0.9928558468818665
reserving basis 60/768; cond: 152073699328.0, ratio:0.9900997877120972
reserving basis 60/768; cond: 152073699328.0, ratio:0.9900997877120972
reserving basis 62/768; cond: 159882805248.0, ratio:0.9920749664306641
reserving basis 62/768; cond: 159882805248.0, ratio:0.9920749664306641
reserving basis 60/768; cond: 90591158272.0, ratio:0.9934180974960327
reserving basis 60/768; cond: 90591158272.0, ratio:0.9934180974960327
reserving basis 62/768; cond: 133125726208.0, ratio:0.9925797581672668
reserving basis 62/768; cond: 133125726208.0, ratio:0.9925797581672668
reserving basis 58/768; cond: 324671438848.0, ratio:0.9905430674552917
reserving basis 58/768; cond: 324671438848.0, ratio:0.9905430674552917
reserving basis 62/768; cond: 146470060032.0, ratio:0.993486762046814
reserving basis 62/768; cond: 146470060032.0, ratio:0.993486762046814
reserving basis 59/768; cond: 104966299648.0, ratio:0.9905197620391846
reserving basis 59/768; cond: 104966299648.0, ratio:0.9905197620391846
reserving basis 61/768; cond: 31161675939840.0, ratio:0.9914172887802124
reserving basis 61/768; cond: 31161675939840.0, ratio:0.9914172887802124
reserving basis 59/768; cond: 173401014272.0, ratio:0.9907862544059753
reserving basis 59/768; cond: 173401014272.0, ratio:0.9907862544059753
reserving basis 62/768; cond: 48839708672.0, ratio:0.9934855103492737
reserving basis 62/768; cond: 48839708672.0, ratio:0.9934855103492737
reserving basis 59/768; cond: 77457358848.0, ratio:0.9917448163032532
reserving basis 59/768; cond: 77457358848.0, ratio:0.9917448163032532
reserving basis 60/768; cond: 100198260736.0, ratio:0.9926341772079468
reserving basis 60/768; cond: 100198260736.0, ratio:0.9926341772079468
reserving basis 57/768; cond: 99296296960.0, ratio:0.9906611442565918
reserving basis 57/768; cond: 99296296960.0, ratio:0.9906611442565918
reserving basis 59/768; cond: 159863160832.0, ratio:0.9913296699523926
reserving basis 59/768; cond: 159863160832.0, ratio:0.9913296699523926
reserving basis 56/768; cond: 688101326848.0, ratio:0.9902719259262085
reserving basis 56/768; cond: 688101326848.0, ratio:0.9902719259262085
reserving basis 55/768; cond: 130896199680.0, ratio:0.9902816414833069
reserving basis 55/768; cond: 130896199680.0, ratio:0.9902816414833069
reserving basis 53/768; cond: 102929252352.0, ratio:0.9907586574554443
reserving basis 53/768; cond: 102929252352.0, ratio:0.9907586574554443
2026-04-27 20:14:08,629 [palora.py] => Task 7, Epoch 50/50 => Loss 0.570, Train_accy 91.71
2026-04-27 20:14:18,481 [trainer.py] => Time:278.1098253726959
875 875
2026-04-27 20:14:23,842 [trainer.py] => Time:5.36055064201355
2026-04-27 20:14:23,842 [trainer.py] => ACC: {'total': 77.6, '00-07': 77.24, '08-15': 76.52, '16-23': 84.07, '24-31': 82.11, '32-39': 80.0, '40-47': 70.79, '48-55': 72.12, '56-63': 76.86, 'old': 77.72, 'new': 76.86}
2026-04-27 20:14:23,842 [trainer.py] => ACC top1 curve: [86.18, 85.1, 86.68, 82.89, 81.82, 79.69, 78.25, 77.6]
Average Accuracy: 82.27625
2026-04-27 20:14:23,842 [trainer.py] => Average Accuracy: 82.27625
2026-04-27 20:14:23,847 [trainer.py] => All params: 116878051
2026-04-27 20:14:23,851 [trainer.py] => Trainable params: 374792
2026-04-27 20:14:23,851 [palora.py] => Learning on 64-72
Parameters to be updated: {'image_encoder.blocks.10.attn.lora_A_v.8.weight', 'image_encoder.blocks.3.attn.lora_A_k.8.weight', 'image_encoder.blocks.1.attn.lora_A_v.8.weight', 'classifier_pool.8.bias', 'image_encoder.blocks.5.attn.lora_A_v.8.weight', 'image_encoder.blocks.8.attn.lora_A_k.8.weight', 'image_encoder.blocks.2.attn.lora_A_v.8.weight', 'image_encoder.blocks.10.attn.lora_A_k.8.weight', 'image_encoder.blocks.1.attn.lora_B_k.8.weight', 'image_encoder.blocks.3.attn.lora_A_v.8.weight', 'image_encoder.blocks.6.attn.lora_A_v.8.weight', 'image_encoder.blocks.6.attn.lora_A_k.8.weight', 'image_encoder.blocks.4.attn.lora_B_v.8.weight', 'image_encoder.blocks.10.attn.lora_B_k.8.weight', 'image_encoder.blocks.1.attn.lora_A_k.8.weight', 'image_encoder.blocks.4.attn.lora_B_k.8.weight', 'image_encoder.blocks.9.attn.lora_A_k.8.weight', 'image_encoder.blocks.9.attn.lora_B_v.8.weight', 'image_encoder.blocks.8.attn.lora_B_k.8.weight', 'image_encoder.blocks.2.attn.lora_A_k.8.weight', 'image_encoder.blocks.7.attn.lora_B_k.8.weight', 'image_encoder.blocks.0.attn.lora_A_v.8.weight', 'image_encoder.blocks.11.attn.lora_B_v.8.weight', 'image_encoder.blocks.4.attn.lora_A_v.8.weight', 'image_encoder.blocks.3.attn.lora_B_v.8.weight', 'image_encoder.blocks.8.attn.lora_A_v.8.weight', 'image_encoder.blocks.6.attn.lora_B_v.8.weight', 'image_encoder.blocks.7.attn.lora_B_v.8.weight', 'image_encoder.blocks.11.attn.lora_B_k.8.weight', 'classifier_pool.8.weight', 'image_encoder.blocks.8.attn.lora_B_v.8.weight', 'image_encoder.blocks.1.attn.lora_B_v.8.weight', 'image_encoder.blocks.11.attn.lora_A_v.8.weight', 'image_encoder.blocks.0.attn.lora_B_k.8.weight', 'image_encoder.blocks.9.attn.lora_A_v.8.weight', 'image_encoder.blocks.5.attn.lora_A_k.8.weight', 'image_encoder.blocks.11.attn.lora_A_k.8.weight', 'image_encoder.blocks.2.attn.lora_B_v.8.weight', 'image_encoder.blocks.4.attn.lora_A_k.8.weight', 'image_encoder.blocks.5.attn.lora_B_k.8.weight', 'image_encoder.blocks.7.attn.lora_A_k.8.weight', 'image_encoder.blocks.7.attn.lora_A_v.8.weight', 'image_encoder.blocks.3.attn.lora_B_k.8.weight', 'image_encoder.blocks.10.attn.lora_B_v.8.weight', 'image_encoder.blocks.2.attn.lora_B_k.8.weight', 'image_encoder.blocks.6.attn.lora_B_k.8.weight', 'image_encoder.blocks.0.attn.lora_A_k.8.weight', 'image_encoder.blocks.5.attn.lora_B_v.8.weight', 'image_encoder.blocks.9.attn.lora_B_k.8.weight', 'image_encoder.blocks.0.attn.lora_B_v.8.weight'}
After trained on task 7 tensor(0.0424, device='cuda:0') tensor(0.0446, device='cuda:0')
After trained on task 7 tensor(0.0408, device='cuda:0') tensor(0.0525, device='cuda:0')
After trained on task 7 tensor(0.0425, device='cuda:0') tensor(0.0624, device='cuda:0')
After trained on task 7 tensor(0.0519, device='cuda:0') tensor(0.0718, device='cuda:0')
After trained on task 7 tensor(0.0510, device='cuda:0') tensor(0.0840, device='cuda:0')
After trained on task 7 tensor(0.0643, device='cuda:0') tensor(0.0845, device='cuda:0')
After trained on task 7 tensor(0.0724, device='cuda:0') tensor(0.0965, device='cuda:0')
After trained on task 7 tensor(0.0775, device='cuda:0') tensor(0.1337, device='cuda:0')
After trained on task 7 tensor(0.0952, device='cuda:0') tensor(0.1331, device='cuda:0')
After trained on task 7 tensor(0.0995, device='cuda:0') tensor(0.1657, device='cuda:0')
After trained on task 7 tensor(0.1089, device='cuda:0') tensor(0.1685, device='cuda:0')
After trained on task 7 tensor(0.1929, device='cuda:0') tensor(0.2117, device='cuda:0')
reserving basis 64/768; cond: 346261028864.0, ratio:0.9920473098754883
reserving basis 64/768; cond: 346261028864.0, ratio:0.9920473098754883
reserving basis 65/768; cond: 14317139968.0, ratio:0.9926973581314087
reserving basis 65/768; cond: 14317139968.0, ratio:0.9926973581314087
reserving basis 66/768; cond: 58011566080.0, ratio:0.9920797348022461
reserving basis 66/768; cond: 58011566080.0, ratio:0.9920797348022461
reserving basis 66/768; cond: 935455162368.0, ratio:0.9920181035995483
reserving basis 66/768; cond: 935455162368.0, ratio:0.9920181035995483
reserving basis 70/768; cond: 86397911040.0, ratio:0.9928615689277649
reserving basis 70/768; cond: 86397911040.0, ratio:0.9928615689277649
reserving basis 67/768; cond: 74356129792.0, ratio:0.9919973611831665
reserving basis 67/768; cond: 74356129792.0, ratio:0.9919973611831665
reserving basis 69/768; cond: 26897127424.0, ratio:0.9901746511459351
reserving basis 69/768; cond: 26897127424.0, ratio:0.9901746511459351
reserving basis 67/768; cond: 181763719168.0, ratio:0.9914955496788025
reserving basis 67/768; cond: 181763719168.0, ratio:0.9914955496788025
reserving basis 70/768; cond: 123357421568.0, ratio:0.9928925037384033
reserving basis 70/768; cond: 123357421568.0, ratio:0.9928925037384033
reserving basis 67/768; cond: 1140296253440.0, ratio:0.9920143485069275
reserving basis 67/768; cond: 1140296253440.0, ratio:0.9920143485069275
reserving basis 69/768; cond: 38214524928.0, ratio:0.9911733865737915
reserving basis 69/768; cond: 38214524928.0, ratio:0.9911733865737915
reserving basis 65/768; cond: 206327316480.0, ratio:0.9919811487197876
reserving basis 65/768; cond: 206327316480.0, ratio:0.9919811487197876
reserving basis 69/768; cond: 76937084928.0, ratio:0.99083411693573
reserving basis 69/768; cond: 76937084928.0, ratio:0.99083411693573
reserving basis 66/768; cond: 37161123840.0, ratio:0.9920521974563599
reserving basis 66/768; cond: 37161123840.0, ratio:0.9920521974563599
reserving basis 68/768; cond: 36392767488.0, ratio:0.9907913208007812
reserving basis 68/768; cond: 36392767488.0, ratio:0.9907913208007812
reserving basis 66/768; cond: 71737016320.0, ratio:0.9924503564834595
reserving basis 66/768; cond: 71737016320.0, ratio:0.9924503564834595
reserving basis 69/768; cond: 103537975296.0, ratio:0.9917548298835754
reserving basis 69/768; cond: 103537975296.0, ratio:0.9917548298835754
reserving basis 65/768; cond: 61561782272.0, ratio:0.9903773665428162
reserving basis 65/768; cond: 61561782272.0, ratio:0.9903773665428162
reserving basis 67/768; cond: 339715489792.0, ratio:0.992165207862854
reserving basis 67/768; cond: 339715489792.0, ratio:0.992165207862854
reserving basis 63/768; cond: 134024962048.0, ratio:0.9908028841018677
reserving basis 63/768; cond: 134024962048.0, ratio:0.9908028841018677
reserving basis 66/768; cond: 77252648960.0, ratio:0.9924833178520203
reserving basis 66/768; cond: 77252648960.0, ratio:0.9924833178520203
reserving basis 62/768; cond: 19192139776.0, ratio:0.9915161728858948
reserving basis 62/768; cond: 19192139776.0, ratio:0.9915161728858948
reserving basis 60/768; cond: 133969387520.0, ratio:0.9906325340270996
reserving basis 60/768; cond: 133969387520.0, ratio:0.9906325340270996
reserving basis 59/768; cond: 36616675328.0, ratio:0.9917256832122803
reserving basis 59/768; cond: 36616675328.0, ratio:0.9917256832122803
2026-04-27 20:18:21,143 [palora.py] => Task 8, Epoch 50/50 => Loss 0.631, Train_accy 92.99
2026-04-27 20:18:30,110 [trainer.py] => Time:246.25907278060913
956 956
2026-04-27 20:18:35,591 [trainer.py] => Time:5.480524301528931
2026-04-27 20:18:35,592 [trainer.py] => ACC: {'total': 76.05, '00-07': 75.61, '08-15': 75.0, '16-23': 84.07, '24-31': 80.49, '32-39': 80.0, '40-47': 66.29, '48-55': 73.08, '56-63': 76.86, '64-71': 70.37, 'old': 76.57, 'new': 70.37}
2026-04-27 20:18:35,592 [trainer.py] => ACC top1 curve: [86.18, 85.1, 86.68, 82.89, 81.82, 79.69, 78.25, 77.6, 76.05]
Average Accuracy: 81.58444444444444
2026-04-27 20:18:35,592 [trainer.py] => Average Accuracy: 81.58444444444444
2026-04-27 20:18:35,597 [trainer.py] => All params: 116878051
2026-04-27 20:18:35,601 [trainer.py] => Trainable params: 374792
2026-04-27 20:18:35,601 [palora.py] => Learning on 72-80
Parameters to be updated: {'image_encoder.blocks.10.attn.lora_B_k.9.weight', 'image_encoder.blocks.1.attn.lora_A_k.9.weight', 'image_encoder.blocks.9.attn.lora_B_v.9.weight', 'image_encoder.blocks.5.attn.lora_B_k.9.weight', 'classifier_pool.9.weight', 'image_encoder.blocks.2.attn.lora_A_k.9.weight', 'image_encoder.blocks.1.attn.lora_B_k.9.weight', 'image_encoder.blocks.5.attn.lora_A_v.9.weight', 'image_encoder.blocks.4.attn.lora_A_v.9.weight', 'image_encoder.blocks.5.attn.lora_A_k.9.weight', 'image_encoder.blocks.10.attn.lora_B_v.9.weight', 'image_encoder.blocks.3.attn.lora_B_v.9.weight', 'image_encoder.blocks.4.attn.lora_B_v.9.weight', 'image_encoder.blocks.0.attn.lora_B_v.9.weight', 'image_encoder.blocks.11.attn.lora_A_v.9.weight', 'image_encoder.blocks.10.attn.lora_A_v.9.weight', 'image_encoder.blocks.4.attn.lora_B_k.9.weight', 'image_encoder.blocks.11.attn.lora_B_v.9.weight', 'image_encoder.blocks.7.attn.lora_A_v.9.weight', 'image_encoder.blocks.0.attn.lora_A_v.9.weight', 'image_encoder.blocks.7.attn.lora_B_k.9.weight', 'image_encoder.blocks.6.attn.lora_B_k.9.weight', 'image_encoder.blocks.6.attn.lora_A_k.9.weight', 'image_encoder.blocks.8.attn.lora_B_k.9.weight', 'image_encoder.blocks.9.attn.lora_A_k.9.weight', 'image_encoder.blocks.10.attn.lora_A_k.9.weight', 'image_encoder.blocks.11.attn.lora_A_k.9.weight', 'image_encoder.blocks.2.attn.lora_B_v.9.weight', 'classifier_pool.9.bias', 'image_encoder.blocks.1.attn.lora_B_v.9.weight', 'image_encoder.blocks.0.attn.lora_B_k.9.weight', 'image_encoder.blocks.7.attn.lora_A_k.9.weight', 'image_encoder.blocks.0.attn.lora_A_k.9.weight', 'image_encoder.blocks.8.attn.lora_A_k.9.weight', 'image_encoder.blocks.8.attn.lora_B_v.9.weight', 'image_encoder.blocks.8.attn.lora_A_v.9.weight', 'image_encoder.blocks.4.attn.lora_A_k.9.weight', 'image_encoder.blocks.9.attn.lora_A_v.9.weight', 'image_encoder.blocks.2.attn.lora_B_k.9.weight', 'image_encoder.blocks.2.attn.lora_A_v.9.weight', 'image_encoder.blocks.3.attn.lora_A_k.9.weight', 'image_encoder.blocks.6.attn.lora_A_v.9.weight', 'image_encoder.blocks.3.attn.lora_B_k.9.weight', 'image_encoder.blocks.11.attn.lora_B_k.9.weight', 'image_encoder.blocks.3.attn.lora_A_v.9.weight', 'image_encoder.blocks.7.attn.lora_B_v.9.weight', 'image_encoder.blocks.6.attn.lora_B_v.9.weight', 'image_encoder.blocks.9.attn.lora_B_k.9.weight', 'image_encoder.blocks.5.attn.lora_B_v.9.weight', 'image_encoder.blocks.1.attn.lora_A_v.9.weight'}
After trained on task 8 tensor(0.0393, device='cuda:0') tensor(0.0348, device='cuda:0')
After trained on task 8 tensor(0.0380, device='cuda:0') tensor(0.0418, device='cuda:0')
After trained on task 8 tensor(0.0325, device='cuda:0') tensor(0.0467, device='cuda:0')
After trained on task 8 tensor(0.0400, device='cuda:0') tensor(0.0553, device='cuda:0')
After trained on task 8 tensor(0.0471, device='cuda:0') tensor(0.0572, device='cuda:0')
After trained on task 8 tensor(0.0469, device='cuda:0') tensor(0.0604, device='cuda:0')
After trained on task 8 tensor(0.0476, device='cuda:0') tensor(0.0621, device='cuda:0')
After trained on task 8 tensor(0.0502, device='cuda:0') tensor(0.0733, device='cuda:0')
After trained on task 8 tensor(0.0575, device='cuda:0') tensor(0.0831, device='cuda:0')
After trained on task 8 tensor(0.0674, device='cuda:0') tensor(0.0931, device='cuda:0')
After trained on task 8 tensor(0.0624, device='cuda:0') tensor(0.1071, device='cuda:0')
After trained on task 8 tensor(0.1038, device='cuda:0') tensor(0.1297, device='cuda:0')
reserving basis 69/768; cond: 5063369031680.0, ratio:0.9910192489624023
reserving basis 69/768; cond: 5063369031680.0, ratio:0.9910192489624023
reserving basis 71/768; cond: 603778777088.0, ratio:0.991317868232727
reserving basis 71/768; cond: 603778777088.0, ratio:0.991317868232727
reserving basis 72/768; cond: 194006925312.0, ratio:0.9917619228363037
reserving basis 72/768; cond: 194006925312.0, ratio:0.9917619228363037
reserving basis 72/768; cond: 151180623872.0, ratio:0.9902999401092529
reserving basis 72/768; cond: 151180623872.0, ratio:0.9902999401092529
reserving basis 77/768; cond: 102893731840.0, ratio:0.9913659691810608
reserving basis 77/768; cond: 102893731840.0, ratio:0.9913659691810608
reserving basis 74/768; cond: 377815203840.0, ratio:0.9927442669868469
reserving basis 74/768; cond: 377815203840.0, ratio:0.9927442669868469
reserving basis 76/768; cond: 87003578368.0, ratio:0.9909991025924683
reserving basis 76/768; cond: 87003578368.0, ratio:0.9909991025924683
reserving basis 73/768; cond: 43109658624.0, ratio:0.9901719689369202
reserving basis 73/768; cond: 43109658624.0, ratio:0.9901719689369202
reserving basis 77/768; cond: 21259001856.0, ratio:0.9917978644371033
reserving basis 77/768; cond: 21259001856.0, ratio:0.9917978644371033
reserving basis 73/768; cond: 826064371712.0, ratio:0.9904841780662537
reserving basis 73/768; cond: 826064371712.0, ratio:0.9904841780662537
reserving basis 76/768; cond: 23894628352.0, ratio:0.9923352599143982
reserving basis 76/768; cond: 23894628352.0, ratio:0.9923352599143982
reserving basis 71/768; cond: 50365411328.0, ratio:0.9904830455780029
reserving basis 71/768; cond: 50365411328.0, ratio:0.9904830455780029
reserving basis 76/768; cond: 85766438912.0, ratio:0.9920690655708313
reserving basis 76/768; cond: 85766438912.0, ratio:0.9920690655708313
reserving basis 72/768; cond: 65894678528.0, ratio:0.9906815886497498
reserving basis 72/768; cond: 65894678528.0, ratio:0.9906815886497498
reserving basis 75/768; cond: 84884054016.0, ratio:0.9925953149795532
reserving basis 75/768; cond: 84884054016.0, ratio:0.9925953149795532
reserving basis 72/768; cond: 14463300608.0, ratio:0.9917457103729248
reserving basis 72/768; cond: 14463300608.0, ratio:0.9917457103729248
reserving basis 76/768; cond: 183053271040.0, ratio:0.9925673604011536
reserving basis 76/768; cond: 183053271040.0, ratio:0.9925673604011536
reserving basis 71/768; cond: 66173861888.0, ratio:0.9903871417045593
reserving basis 71/768; cond: 66173861888.0, ratio:0.9903871417045593
reserving basis 73/768; cond: 72437825536.0, ratio:0.9902231097221375
reserving basis 73/768; cond: 72437825536.0, ratio:0.9902231097221375
reserving basis 68/768; cond: 31148230656.0, ratio:0.9900434017181396
reserving basis 68/768; cond: 31148230656.0, ratio:0.9900434017181396
reserving basis 72/768; cond: 111761965056.0, ratio:0.9903331995010376
reserving basis 72/768; cond: 111761965056.0, ratio:0.9903331995010376
reserving basis 68/768; cond: 39302262784.0, ratio:0.9920554161071777
reserving basis 68/768; cond: 39302262784.0, ratio:0.9920554161071777
reserving basis 66/768; cond: 130510225408.0, ratio:0.9920624494552612
reserving basis 66/768; cond: 130510225408.0, ratio:0.9920624494552612
reserving basis 64/768; cond: 38938210304.0, ratio:0.991108775138855
reserving basis 64/768; cond: 38938210304.0, ratio:0.991108775138855
2026-04-27 20:21:43,496 [palora.py] => Task 9, Epoch 50/50 => Loss 0.468, Train_accy 97.58
2026-04-27 20:21:50,547 [trainer.py] => Time:194.94628500938416
984 984
2026-04-27 20:21:55,885 [trainer.py] => Time:5.337418079376221
2026-04-27 20:21:55,885 [trainer.py] => ACC: {'total': 75.81, '00-07': 74.8, '08-15': 75.76, '16-23': 84.96, '24-31': 80.49, '32-39': 80.0, '40-47': 61.8, '48-55': 72.12, '56-63': 76.86, '64-71': 70.37, '72-79': 82.14, 'old': 75.63, 'new': 82.14}
2026-04-27 20:21:55,886 [trainer.py] => ACC top1 curve: [86.18, 85.1, 86.68, 82.89, 81.82, 79.69, 78.25, 77.6, 76.05, 75.81]
Average Accuracy: 81.00699999999999
2026-04-27 20:21:55,886 [trainer.py] => Average Accuracy: 81.00699999999999
2026-04-27 20:21:55,890 [trainer.py] => All params: 116878051
2026-04-27 20:21:55,895 [trainer.py] => Trainable params: 374792
2026-04-27 20:21:55,895 [palora.py] => Learning on 80-88
Parameters to be updated: {'image_encoder.blocks.4.attn.lora_B_k.10.weight', 'image_encoder.blocks.7.attn.lora_B_k.10.weight', 'image_encoder.blocks.5.attn.lora_A_k.10.weight', 'image_encoder.blocks.1.attn.lora_A_k.10.weight', 'image_encoder.blocks.1.attn.lora_A_v.10.weight', 'image_encoder.blocks.11.attn.lora_A_v.10.weight', 'image_encoder.blocks.8.attn.lora_A_v.10.weight', 'image_encoder.blocks.0.attn.lora_B_v.10.weight', 'image_encoder.blocks.6.attn.lora_A_v.10.weight', 'image_encoder.blocks.3.attn.lora_A_v.10.weight', 'image_encoder.blocks.8.attn.lora_A_k.10.weight', 'image_encoder.blocks.11.attn.lora_B_v.10.weight', 'image_encoder.blocks.2.attn.lora_A_v.10.weight', 'image_encoder.blocks.10.attn.lora_B_k.10.weight', 'image_encoder.blocks.7.attn.lora_A_k.10.weight', 'image_encoder.blocks.2.attn.lora_B_k.10.weight', 'image_encoder.blocks.3.attn.lora_A_k.10.weight', 'image_encoder.blocks.5.attn.lora_A_v.10.weight', 'image_encoder.blocks.3.attn.lora_B_v.10.weight', 'classifier_pool.10.bias', 'image_encoder.blocks.0.attn.lora_A_v.10.weight', 'image_encoder.blocks.4.attn.lora_B_v.10.weight', 'image_encoder.blocks.6.attn.lora_B_v.10.weight', 'image_encoder.blocks.8.attn.lora_B_v.10.weight', 'image_encoder.blocks.7.attn.lora_A_v.10.weight', 'image_encoder.blocks.7.attn.lora_B_v.10.weight', 'image_encoder.blocks.1.attn.lora_B_v.10.weight', 'image_encoder.blocks.2.attn.lora_A_k.10.weight', 'image_encoder.blocks.8.attn.lora_B_k.10.weight', 'image_encoder.blocks.11.attn.lora_A_k.10.weight', 'image_encoder.blocks.0.attn.lora_A_k.10.weight', 'image_encoder.blocks.6.attn.lora_B_k.10.weight', 'image_encoder.blocks.10.attn.lora_A_k.10.weight', 'image_encoder.blocks.3.attn.lora_B_k.10.weight', 'classifier_pool.10.weight', 'image_encoder.blocks.9.attn.lora_B_v.10.weight', 'image_encoder.blocks.5.attn.lora_B_k.10.weight', 'image_encoder.blocks.4.attn.lora_A_k.10.weight', 'image_encoder.blocks.5.attn.lora_B_v.10.weight', 'image_encoder.blocks.11.attn.lora_B_k.10.weight', 'image_encoder.blocks.2.attn.lora_B_v.10.weight', 'image_encoder.blocks.1.attn.lora_B_k.10.weight', 'image_encoder.blocks.0.attn.lora_B_k.10.weight', 'image_encoder.blocks.9.attn.lora_A_v.10.weight', 'image_encoder.blocks.10.attn.lora_A_v.10.weight', 'image_encoder.blocks.10.attn.lora_B_v.10.weight', 'image_encoder.blocks.9.attn.lora_A_k.10.weight', 'image_encoder.blocks.6.attn.lora_A_k.10.weight', 'image_encoder.blocks.9.attn.lora_B_k.10.weight', 'image_encoder.blocks.4.attn.lora_A_v.10.weight'}
After trained on task 9 tensor(0.0254, device='cuda:0') tensor(0.0259, device='cuda:0')
After trained on task 9 tensor(0.0248, device='cuda:0') tensor(0.0320, device='cuda:0')
After trained on task 9 tensor(0.0270, device='cuda:0') tensor(0.0365, device='cuda:0')
After trained on task 9 tensor(0.0287, device='cuda:0') tensor(0.0385, device='cuda:0')
After trained on task 9 tensor(0.0304, device='cuda:0') tensor(0.0408, device='cuda:0')
After trained on task 9 tensor(0.0359, device='cuda:0') tensor(0.0448, device='cuda:0')
After trained on task 9 tensor(0.0373, device='cuda:0') tensor(0.0490, device='cuda:0')
After trained on task 9 tensor(0.0406, device='cuda:0') tensor(0.0510, device='cuda:0')
After trained on task 9 tensor(0.0426, device='cuda:0') tensor(0.0619, device='cuda:0')
After trained on task 9 tensor(0.0451, device='cuda:0') tensor(0.0631, device='cuda:0')
After trained on task 9 tensor(0.0484, device='cuda:0') tensor(0.0838, device='cuda:0')
After trained on task 9 tensor(0.0572, device='cuda:0') tensor(0.0837, device='cuda:0')
reserving basis 74/768; cond: 12748200083456.0, ratio:0.9916161298751831
reserving basis 74/768; cond: 12748200083456.0, ratio:0.9916161298751831
reserving basis 77/768; cond: 459581849600.0, ratio:0.9911125898361206
reserving basis 77/768; cond: 459581849600.0, ratio:0.9911125898361206
reserving basis 77/768; cond: 359326056448.0, ratio:0.9900875091552734
reserving basis 77/768; cond: 359326056448.0, ratio:0.9900875091552734
reserving basis 78/768; cond: 144238624768.0, ratio:0.9922135472297668
reserving basis 78/768; cond: 144238624768.0, ratio:0.9922135472297668
reserving basis 83/768; cond: 34587328512.0, ratio:0.9911376237869263
reserving basis 83/768; cond: 34587328512.0, ratio:0.9911376237869263
reserving basis 80/768; cond: 91921235968.0, ratio:0.9915916919708252
reserving basis 80/768; cond: 91921235968.0, ratio:0.9915916919708252
reserving basis 82/768; cond: 417254539264.0, ratio:0.9913548827171326
reserving basis 82/768; cond: 417254539264.0, ratio:0.9913548827171326
reserving basis 79/768; cond: 63335079936.0, ratio:0.9914864897727966
reserving basis 79/768; cond: 63335079936.0, ratio:0.9914864897727966
reserving basis 83/768; cond: 68782374912.0, ratio:0.9901472926139832
reserving basis 83/768; cond: 68782374912.0, ratio:0.9901472926139832
reserving basis 78/768; cond: 146667487232.0, ratio:0.9907499551773071
reserving basis 78/768; cond: 146667487232.0, ratio:0.9907499551773071
reserving basis 82/768; cond: 90103472128.0, ratio:0.9915255904197693
reserving basis 82/768; cond: 90103472128.0, ratio:0.9915255904197693
reserving basis 76/768; cond: 130314592256.0, ratio:0.9900563359260559
reserving basis 76/768; cond: 130314592256.0, ratio:0.9900563359260559
reserving basis 81/768; cond: 2977785446400.0, ratio:0.9901198744773865
reserving basis 81/768; cond: 2977785446400.0, ratio:0.9901198744773865
reserving basis 77/768; cond: 282633895936.0, ratio:0.9904420971870422
reserving basis 77/768; cond: 282633895936.0, ratio:0.9904420971870422
reserving basis 81/768; cond: 131406503936.0, ratio:0.9919742345809937
reserving basis 81/768; cond: 131406503936.0, ratio:0.9919742345809937
reserving basis 78/768; cond: 35290845184.0, ratio:0.9921757578849792
reserving basis 78/768; cond: 35290845184.0, ratio:0.9921757578849792
reserving basis 82/768; cond: 211384303616.0, ratio:0.9909407496452332
reserving basis 82/768; cond: 211384303616.0, ratio:0.9909407496452332
reserving basis 77/768; cond: 29782945792.0, ratio:0.9917526841163635
reserving basis 77/768; cond: 29782945792.0, ratio:0.9917526841163635
reserving basis 79/768; cond: 72017584128.0, ratio:0.9918581247329712
reserving basis 79/768; cond: 72017584128.0, ratio:0.9918581247329712
reserving basis 74/768; cond: 5988239802368.0, ratio:0.9925576448440552
reserving basis 74/768; cond: 5988239802368.0, ratio:0.9925576448440552
reserving basis 78/768; cond: 183307255808.0, ratio:0.9920229911804199
reserving basis 78/768; cond: 183307255808.0, ratio:0.9920229911804199
reserving basis 73/768; cond: 19306309632.0, ratio:0.9912717342376709
reserving basis 73/768; cond: 19306309632.0, ratio:0.9912717342376709
reserving basis 72/768; cond: 448014319616.0, ratio:0.9922025203704834
reserving basis 72/768; cond: 448014319616.0, ratio:0.9922025203704834
reserving basis 68/768; cond: 9586865152.0, ratio:0.9909131526947021
reserving basis 68/768; cond: 9586865152.0, ratio:0.9909131526947021
2026-04-27 20:25:20,020 [palora.py] => Task 10, Epoch 50/50 => Loss 0.566, Train_accy 95.72
2026-04-27 20:25:27,370 [trainer.py] => Time:211.47526025772095
1031 1031
2026-04-27 20:25:33,167 [trainer.py] => Time:5.7961626052856445
2026-04-27 20:25:33,167 [trainer.py] => ACC: {'total': 75.46, '00-07': 74.8, '08-15': 76.52, '16-23': 84.07, '24-31': 79.67, '32-39': 77.14, '40-47': 60.67, '48-55': 73.08, '56-63': 76.86, '64-71': 72.84, '72-79': 78.57, '80-87': 72.34, 'old': 75.61, 'new': 72.34}
2026-04-27 20:25:33,167 [trainer.py] => ACC top1 curve: [86.18, 85.1, 86.68, 82.89, 81.82, 79.69, 78.25, 77.6, 76.05, 75.81, 75.46]
Average Accuracy: 80.50272727272727
2026-04-27 20:25:33,167 [trainer.py] => Average Accuracy: 80.50272727272727
2026-04-27 20:25:33,172 [trainer.py] => All params: 116878051
2026-04-27 20:25:33,176 [trainer.py] => Trainable params: 374792
2026-04-27 20:25:33,176 [palora.py] => Learning on 88-96
Parameters to be updated: {'classifier_pool.11.bias', 'image_encoder.blocks.4.attn.lora_B_k.11.weight', 'image_encoder.blocks.2.attn.lora_B_v.11.weight', 'image_encoder.blocks.6.attn.lora_B_v.11.weight', 'image_encoder.blocks.1.attn.lora_B_v.11.weight', 'image_encoder.blocks.5.attn.lora_A_v.11.weight', 'image_encoder.blocks.9.attn.lora_B_v.11.weight', 'image_encoder.blocks.4.attn.lora_A_k.11.weight', 'image_encoder.blocks.8.attn.lora_B_v.11.weight', 'image_encoder.blocks.7.attn.lora_A_k.11.weight', 'classifier_pool.11.weight', 'image_encoder.blocks.2.attn.lora_A_v.11.weight', 'image_encoder.blocks.6.attn.lora_A_v.11.weight', 'image_encoder.blocks.7.attn.lora_B_v.11.weight', 'image_encoder.blocks.5.attn.lora_B_k.11.weight', 'image_encoder.blocks.9.attn.lora_A_v.11.weight', 'image_encoder.blocks.9.attn.lora_A_k.11.weight', 'image_encoder.blocks.3.attn.lora_A_v.11.weight', 'image_encoder.blocks.0.attn.lora_B_k.11.weight', 'image_encoder.blocks.4.attn.lora_A_v.11.weight', 'image_encoder.blocks.5.attn.lora_A_k.11.weight', 'image_encoder.blocks.2.attn.lora_A_k.11.weight', 'image_encoder.blocks.10.attn.lora_A_k.11.weight', 'image_encoder.blocks.11.attn.lora_A_k.11.weight', 'image_encoder.blocks.9.attn.lora_B_k.11.weight', 'image_encoder.blocks.1.attn.lora_B_k.11.weight', 'image_encoder.blocks.6.attn.lora_B_k.11.weight', 'image_encoder.blocks.4.attn.lora_B_v.11.weight', 'image_encoder.blocks.8.attn.lora_A_k.11.weight', 'image_encoder.blocks.7.attn.lora_A_v.11.weight', 'image_encoder.blocks.3.attn.lora_B_k.11.weight', 'image_encoder.blocks.11.attn.lora_B_v.11.weight', 'image_encoder.blocks.2.attn.lora_B_k.11.weight', 'image_encoder.blocks.10.attn.lora_B_k.11.weight', 'image_encoder.blocks.11.attn.lora_B_k.11.weight', 'image_encoder.blocks.6.attn.lora_A_k.11.weight', 'image_encoder.blocks.0.attn.lora_A_k.11.weight', 'image_encoder.blocks.10.attn.lora_A_v.11.weight', 'image_encoder.blocks.1.attn.lora_A_k.11.weight', 'image_encoder.blocks.5.attn.lora_B_v.11.weight', 'image_encoder.blocks.7.attn.lora_B_k.11.weight', 'image_encoder.blocks.3.attn.lora_A_k.11.weight', 'image_encoder.blocks.8.attn.lora_A_v.11.weight', 'image_encoder.blocks.1.attn.lora_A_v.11.weight', 'image_encoder.blocks.0.attn.lora_B_v.11.weight', 'image_encoder.blocks.8.attn.lora_B_k.11.weight', 'image_encoder.blocks.11.attn.lora_A_v.11.weight', 'image_encoder.blocks.0.attn.lora_A_v.11.weight', 'image_encoder.blocks.10.attn.lora_B_v.11.weight', 'image_encoder.blocks.3.attn.lora_B_v.11.weight'}
After trained on task 10 tensor(0.0353, device='cuda:0') tensor(0.0303, device='cuda:0')
After trained on task 10 tensor(0.0317, device='cuda:0') tensor(0.0372, device='cuda:0')
After trained on task 10 tensor(0.0295, device='cuda:0') tensor(0.0383, device='cuda:0')
After trained on task 10 tensor(0.0332, device='cuda:0') tensor(0.0492, device='cuda:0')
After trained on task 10 tensor(0.0369, device='cuda:0') tensor(0.0498, device='cuda:0')
After trained on task 10 tensor(0.0433, device='cuda:0') tensor(0.0581, device='cuda:0')
After trained on task 10 tensor(0.0432, device='cuda:0') tensor(0.0599, device='cuda:0')
After trained on task 10 tensor(0.0528, device='cuda:0') tensor(0.0673, device='cuda:0')
After trained on task 10 tensor(0.0533, device='cuda:0') tensor(0.0684, device='cuda:0')
After trained on task 10 tensor(0.0628, device='cuda:0') tensor(0.0954, device='cuda:0')
After trained on task 10 tensor(0.0688, device='cuda:0') tensor(0.1110, device='cuda:0')
After trained on task 10 tensor(0.0956, device='cuda:0') tensor(0.1373, device='cuda:0')
reserving basis 78/768; cond: 49614106624.0, ratio:0.9902443289756775
reserving basis 78/768; cond: 49614106624.0, ratio:0.9902443289756775
reserving basis 83/768; cond: 59569274880.0, ratio:0.9911988973617554
reserving basis 83/768; cond: 59569274880.0, ratio:0.9911988973617554
reserving basis 83/768; cond: 110763352064.0, ratio:0.9920035600662231
reserving basis 83/768; cond: 110763352064.0, ratio:0.9920035600662231
reserving basis 83/768; cond: 257493303296.0, ratio:0.9903725981712341
reserving basis 83/768; cond: 257493303296.0, ratio:0.9903725981712341
reserving basis 89/768; cond: 310317121536.0, ratio:0.9911163449287415
reserving basis 89/768; cond: 310317121536.0, ratio:0.9911163449287415
reserving basis 85/768; cond: 725030862848.0, ratio:0.990155816078186
reserving basis 85/768; cond: 725030862848.0, ratio:0.990155816078186
reserving basis 88/768; cond: 70397411328.0, ratio:0.9905855655670166
reserving basis 88/768; cond: 70397411328.0, ratio:0.9905855655670166
reserving basis 85/768; cond: 81755791360.0, ratio:0.9921593070030212
reserving basis 85/768; cond: 81755791360.0, ratio:0.9921593070030212
reserving basis 89/768; cond: 189090824192.0, ratio:0.9908949732780457
reserving basis 89/768; cond: 189090824192.0, ratio:0.9908949732780457
reserving basis 84/768; cond: 17928022016.0, ratio:0.992071807384491
reserving basis 84/768; cond: 17928022016.0, ratio:0.992071807384491
reserving basis 88/768; cond: 1167592783872.0, ratio:0.9912062883377075
reserving basis 88/768; cond: 1167592783872.0, ratio:0.9912062883377075
reserving basis 82/768; cond: 161107492864.0, ratio:0.9916650652885437
reserving basis 82/768; cond: 161107492864.0, ratio:0.9916650652885437
reserving basis 87/768; cond: 145292247040.0, ratio:0.9914859533309937
reserving basis 87/768; cond: 145292247040.0, ratio:0.9914859533309937
reserving basis 83/768; cond: 142155825152.0, ratio:0.9917521476745605
reserving basis 83/768; cond: 142155825152.0, ratio:0.9917521476745605
reserving basis 87/768; cond: 68382613504.0, ratio:0.9910069108009338
reserving basis 87/768; cond: 68382613504.0, ratio:0.9910069108009338
reserving basis 84/768; cond: 316564668416.0, ratio:0.9921627640724182
reserving basis 84/768; cond: 316564668416.0, ratio:0.9921627640724182
reserving basis 88/768; cond: 51212627968.0, ratio:0.9911718964576721
reserving basis 88/768; cond: 51212627968.0, ratio:0.9911718964576721
reserving basis 83/768; cond: 287983828992.0, ratio:0.991778552532196
reserving basis 83/768; cond: 287983828992.0, ratio:0.991778552532196
reserving basis 85/768; cond: 256322289664.0, ratio:0.9918442964553833
reserving basis 85/768; cond: 256322289664.0, ratio:0.9918442964553833
reserving basis 79/768; cond: 16835604480.0, ratio:0.9906851053237915
reserving basis 79/768; cond: 16835604480.0, ratio:0.9906851053237915
reserving basis 84/768; cond: 75404402688.0, ratio:0.9916186332702637
reserving basis 84/768; cond: 75404402688.0, ratio:0.9916186332702637
reserving basis 78/768; cond: 53337067520.0, ratio:0.9918350577354431
reserving basis 78/768; cond: 53337067520.0, ratio:0.9918350577354431
reserving basis 77/768; cond: 95458689024.0, ratio:0.9902642965316772
reserving basis 77/768; cond: 95458689024.0, ratio:0.9902642965316772
reserving basis 72/768; cond: 97922629632.0, ratio:0.9902166128158569
reserving basis 72/768; cond: 97922629632.0, ratio:0.9902166128158569
2026-04-27 20:28:57,576 [palora.py] => Task 11, Epoch 50/50 => Loss 0.538, Train_accy 96.93
2026-04-27 20:29:05,200 [trainer.py] => Time:212.02328085899353
1065 1065
2026-04-27 20:29:11,039 [trainer.py] => Time:5.838491678237915
2026-04-27 20:29:11,039 [trainer.py] => ACC: {'total': 74.08, '00-07': 73.98, '08-15': 76.52, '16-23': 84.07, '24-31': 78.86, '32-39': 74.29, '40-47': 60.67, '48-55': 71.15, '56-63': 76.86, '64-71': 70.37, '72-79': 78.57, '80-87': 70.21, '88-95': 58.82, 'old': 74.59, 'new': 58.82}
2026-04-27 20:29:11,039 [trainer.py] => ACC top1 curve: [86.18, 85.1, 86.68, 82.89, 81.82, 79.69, 78.25, 77.6, 76.05, 75.81, 75.46, 74.08]
Average Accuracy: 79.9675
2026-04-27 20:29:11,039 [trainer.py] => Average Accuracy: 79.9675
2026-04-27 20:29:11,044 [trainer.py] => All params: 116878051
2026-04-27 20:29:11,049 [trainer.py] => Trainable params: 374792
2026-04-27 20:29:11,049 [palora.py] => Learning on 96-104
Parameters to be updated: {'image_encoder.blocks.7.attn.lora_A_k.12.weight', 'image_encoder.blocks.8.attn.lora_A_k.12.weight', 'image_encoder.blocks.2.attn.lora_B_k.12.weight', 'image_encoder.blocks.2.attn.lora_A_v.12.weight', 'image_encoder.blocks.3.attn.lora_B_k.12.weight', 'image_encoder.blocks.10.attn.lora_B_k.12.weight', 'image_encoder.blocks.1.attn.lora_A_v.12.weight', 'image_encoder.blocks.6.attn.lora_B_k.12.weight', 'image_encoder.blocks.11.attn.lora_A_v.12.weight', 'image_encoder.blocks.8.attn.lora_A_v.12.weight', 'image_encoder.blocks.10.attn.lora_A_v.12.weight', 'image_encoder.blocks.2.attn.lora_A_k.12.weight', 'image_encoder.blocks.3.attn.lora_A_v.12.weight', 'image_encoder.blocks.7.attn.lora_B_k.12.weight', 'image_encoder.blocks.6.attn.lora_A_v.12.weight', 'image_encoder.blocks.11.attn.lora_B_k.12.weight', 'image_encoder.blocks.9.attn.lora_A_v.12.weight', 'image_encoder.blocks.0.attn.lora_A_v.12.weight', 'image_encoder.blocks.8.attn.lora_B_k.12.weight', 'image_encoder.blocks.5.attn.lora_B_k.12.weight', 'image_encoder.blocks.4.attn.lora_B_k.12.weight', 'image_encoder.blocks.1.attn.lora_B_k.12.weight', 'image_encoder.blocks.6.attn.lora_B_v.12.weight', 'image_encoder.blocks.0.attn.lora_B_k.12.weight', 'image_encoder.blocks.5.attn.lora_B_v.12.weight', 'image_encoder.blocks.4.attn.lora_A_v.12.weight', 'image_encoder.blocks.10.attn.lora_B_v.12.weight', 'image_encoder.blocks.7.attn.lora_B_v.12.weight', 'image_encoder.blocks.11.attn.lora_A_k.12.weight', 'image_encoder.blocks.6.attn.lora_A_k.12.weight', 'image_encoder.blocks.0.attn.lora_B_v.12.weight', 'image_encoder.blocks.4.attn.lora_A_k.12.weight', 'image_encoder.blocks.11.attn.lora_B_v.12.weight', 'classifier_pool.12.bias', 'image_encoder.blocks.1.attn.lora_B_v.12.weight', 'classifier_pool.12.weight', 'image_encoder.blocks.9.attn.lora_B_k.12.weight', 'image_encoder.blocks.10.attn.lora_A_k.12.weight', 'image_encoder.blocks.5.attn.lora_A_k.12.weight', 'image_encoder.blocks.3.attn.lora_B_v.12.weight', 'image_encoder.blocks.4.attn.lora_B_v.12.weight', 'image_encoder.blocks.1.attn.lora_A_k.12.weight', 'image_encoder.blocks.8.attn.lora_B_v.12.weight', 'image_encoder.blocks.9.attn.lora_A_k.12.weight', 'image_encoder.blocks.9.attn.lora_B_v.12.weight', 'image_encoder.blocks.7.attn.lora_A_v.12.weight', 'image_encoder.blocks.5.attn.lora_A_v.12.weight', 'image_encoder.blocks.3.attn.lora_A_k.12.weight', 'image_encoder.blocks.0.attn.lora_A_k.12.weight', 'image_encoder.blocks.2.attn.lora_B_v.12.weight'}
After trained on task 11 tensor(0.0312, device='cuda:0') tensor(0.0259, device='cuda:0')
After trained on task 11 tensor(0.0262, device='cuda:0') tensor(0.0354, device='cuda:0')
After trained on task 11 tensor(0.0254, device='cuda:0') tensor(0.0369, device='cuda:0')
After trained on task 11 tensor(0.0292, device='cuda:0') tensor(0.0439, device='cuda:0')
After trained on task 11 tensor(0.0311, device='cuda:0') tensor(0.0448, device='cuda:0')
After trained on task 11 tensor(0.0366, device='cuda:0') tensor(0.0517, device='cuda:0')
After trained on task 11 tensor(0.0407, device='cuda:0') tensor(0.0538, device='cuda:0')
After trained on task 11 tensor(0.0415, device='cuda:0') tensor(0.0634, device='cuda:0')
After trained on task 11 tensor(0.0455, device='cuda:0') tensor(0.0788, device='cuda:0')
After trained on task 11 tensor(0.0507, device='cuda:0') tensor(0.0846, device='cuda:0')
After trained on task 11 tensor(0.0538, device='cuda:0') tensor(0.0962, device='cuda:0')
After trained on task 11 tensor(0.0665, device='cuda:0') tensor(0.1226, device='cuda:0')
reserving basis 83/768; cond: 29933559808.0, ratio:0.9917256832122803
reserving basis 83/768; cond: 29933559808.0, ratio:0.9917256832122803
reserving basis 88/768; cond: 143810887680.0, ratio:0.9900559782981873
reserving basis 88/768; cond: 143810887680.0, ratio:0.9900559782981873
reserving basis 88/768; cond: 69593767936.0, ratio:0.9907410144805908
reserving basis 88/768; cond: 69593767936.0, ratio:0.9907410144805908
reserving basis 88/768; cond: 228501504000.0, ratio:0.9908204078674316
reserving basis 88/768; cond: 228501504000.0, ratio:0.9908204078674316
reserving basis 95/768; cond: 9800211456.0, ratio:0.9922137260437012
reserving basis 95/768; cond: 9800211456.0, ratio:0.9922137260437012
reserving basis 91/768; cond: 86709927936.0, ratio:0.9919655323028564
reserving basis 91/768; cond: 86709927936.0, ratio:0.9919655323028564
reserving basis 94/768; cond: 638416191488.0, ratio:0.9909547567367554
reserving basis 94/768; cond: 638416191488.0, ratio:0.9909547567367554
reserving basis 90/768; cond: 280004493312.0, ratio:0.9913821220397949
reserving basis 90/768; cond: 280004493312.0, ratio:0.9913821220397949
reserving basis 95/768; cond: 14510866432.0, ratio:0.9914716482162476
reserving basis 95/768; cond: 14510866432.0, ratio:0.9914716482162476
reserving basis 89/768; cond: 186873298944.0, ratio:0.9904590845108032
reserving basis 89/768; cond: 186873298944.0, ratio:0.9904590845108032
reserving basis 93/768; cond: 92628353024.0, ratio:0.9903635382652283
reserving basis 93/768; cond: 92628353024.0, ratio:0.9903635382652283
reserving basis 87/768; cond: 195205021696.0, ratio:0.9918167591094971
reserving basis 87/768; cond: 195205021696.0, ratio:0.9918167591094971
reserving basis 93/768; cond: 1282093088768.0, ratio:0.9911616444587708
reserving basis 93/768; cond: 1282093088768.0, ratio:0.9911616444587708
reserving basis 88/768; cond: 64740990976.0, ratio:0.9911198019981384
reserving basis 88/768; cond: 64740990976.0, ratio:0.9911198019981384
reserving basis 93/768; cond: 24789002240.0, ratio:0.992347240447998
reserving basis 93/768; cond: 24789002240.0, ratio:0.992347240447998
reserving basis 89/768; cond: 149491761152.0, ratio:0.9914326071739197
reserving basis 89/768; cond: 149491761152.0, ratio:0.9914326071739197
reserving basis 94/768; cond: 48136056832.0, ratio:0.9921486973762512
reserving basis 94/768; cond: 48136056832.0, ratio:0.9921486973762512
reserving basis 88/768; cond: 13264024576.0, ratio:0.991405189037323
reserving basis 88/768; cond: 13264024576.0, ratio:0.991405189037323
reserving basis 91/768; cond: 90110713856.0, ratio:0.9918491840362549
reserving basis 91/768; cond: 90110713856.0, ratio:0.9918491840362549
reserving basis 84/768; cond: 17295605760.0, ratio:0.9916543960571289
reserving basis 84/768; cond: 17295605760.0, ratio:0.9916543960571289
reserving basis 89/768; cond: 3023036481536.0, ratio:0.9902336597442627
reserving basis 89/768; cond: 3023036481536.0, ratio:0.9902336597442627
reserving basis 82/768; cond: 16911570944.0, ratio:0.9901263117790222
reserving basis 82/768; cond: 16911570944.0, ratio:0.9901263117790222
reserving basis 82/768; cond: 9586528485376.0, ratio:0.9901193976402283
reserving basis 82/768; cond: 9586528485376.0, ratio:0.9901193976402283
reserving basis 76/768; cond: 8817525915648.0, ratio:0.9901002049446106
reserving basis 76/768; cond: 8817525915648.0, ratio:0.9901002049446106
2026-04-27 20:32:36,784 [palora.py] => Task 12, Epoch 50/50 => Loss 0.655, Train_accy 94.53
2026-04-27 20:32:44,512 [trainer.py] => Time:213.46349930763245
1105 1105
2026-04-27 20:32:50,582 [trainer.py] => Time:6.0692057609558105
2026-04-27 20:32:50,582 [trainer.py] => ACC: {'total': 72.76, '00-07': 75.61, '08-15': 76.52, '16-23': 83.19, '24-31': 78.86, '32-39': 74.29, '40-47': 60.67, '48-55': 72.12, '56-63': 77.69, '64-71': 70.37, '72-79': 78.57, '80-87': 65.96, '88-95': 58.82, '96-103': 35.0, 'old': 74.18, 'new': 35.0}
2026-04-27 20:32:50,582 [trainer.py] => ACC top1 curve: [86.18, 85.1, 86.68, 82.89, 81.82, 79.69, 78.25, 77.6, 76.05, 75.81, 75.46, 74.08, 72.76]
Average Accuracy: 79.41307692307693
2026-04-27 20:32:50,582 [trainer.py] => Average Accuracy: 79.41307692307693
2026-04-27 20:32:50,587 [trainer.py] => All params: 116878051
2026-04-27 20:32:50,592 [trainer.py] => Trainable params: 374792
2026-04-27 20:32:50,592 [palora.py] => Learning on 104-112
Parameters to be updated: {'image_encoder.blocks.9.attn.lora_A_v.13.weight', 'image_encoder.blocks.10.attn.lora_A_k.13.weight', 'image_encoder.blocks.11.attn.lora_B_k.13.weight', 'image_encoder.blocks.8.attn.lora_B_k.13.weight', 'image_encoder.blocks.4.attn.lora_B_v.13.weight', 'image_encoder.blocks.2.attn.lora_B_v.13.weight', 'image_encoder.blocks.2.attn.lora_A_k.13.weight', 'image_encoder.blocks.8.attn.lora_A_v.13.weight', 'image_encoder.blocks.0.attn.lora_B_v.13.weight', 'image_encoder.blocks.6.attn.lora_B_k.13.weight', 'image_encoder.blocks.4.attn.lora_B_k.13.weight', 'image_encoder.blocks.2.attn.lora_A_v.13.weight', 'image_encoder.blocks.5.attn.lora_A_v.13.weight', 'image_encoder.blocks.3.attn.lora_A_k.13.weight', 'image_encoder.blocks.5.attn.lora_B_k.13.weight', 'image_encoder.blocks.7.attn.lora_A_k.13.weight', 'image_encoder.blocks.3.attn.lora_A_v.13.weight', 'image_encoder.blocks.2.attn.lora_B_k.13.weight', 'image_encoder.blocks.4.attn.lora_A_k.13.weight', 'image_encoder.blocks.10.attn.lora_A_v.13.weight', 'image_encoder.blocks.8.attn.lora_A_k.13.weight', 'image_encoder.blocks.3.attn.lora_B_v.13.weight', 'image_encoder.blocks.9.attn.lora_A_k.13.weight', 'image_encoder.blocks.1.attn.lora_A_v.13.weight', 'image_encoder.blocks.9.attn.lora_B_k.13.weight', 'image_encoder.blocks.0.attn.lora_A_k.13.weight', 'image_encoder.blocks.11.attn.lora_A_k.13.weight', 'image_encoder.blocks.6.attn.lora_B_v.13.weight', 'image_encoder.blocks.6.attn.lora_A_v.13.weight', 'image_encoder.blocks.8.attn.lora_B_v.13.weight', 'image_encoder.blocks.0.attn.lora_A_v.13.weight', 'image_encoder.blocks.0.attn.lora_B_k.13.weight', 'image_encoder.blocks.10.attn.lora_B_v.13.weight', 'image_encoder.blocks.7.attn.lora_B_v.13.weight', 'image_encoder.blocks.9.attn.lora_B_v.13.weight', 'image_encoder.blocks.10.attn.lora_B_k.13.weight', 'image_encoder.blocks.1.attn.lora_A_k.13.weight', 'classifier_pool.13.weight', 'image_encoder.blocks.1.attn.lora_B_v.13.weight', 'classifier_pool.13.bias', 'image_encoder.blocks.3.attn.lora_B_k.13.weight', 'image_encoder.blocks.4.attn.lora_A_v.13.weight', 'image_encoder.blocks.7.attn.lora_B_k.13.weight', 'image_encoder.blocks.7.attn.lora_A_v.13.weight', 'image_encoder.blocks.11.attn.lora_B_v.13.weight', 'image_encoder.blocks.11.attn.lora_A_v.13.weight', 'image_encoder.blocks.5.attn.lora_A_k.13.weight', 'image_encoder.blocks.1.attn.lora_B_k.13.weight', 'image_encoder.blocks.6.attn.lora_A_k.13.weight', 'image_encoder.blocks.5.attn.lora_B_v.13.weight'}
After trained on task 12 tensor(0.0281, device='cuda:0') tensor(0.0249, device='cuda:0')
After trained on task 12 tensor(0.0264, device='cuda:0') tensor(0.0313, device='cuda:0')
After trained on task 12 tensor(0.0245, device='cuda:0') tensor(0.0354, device='cuda:0')
After trained on task 12 tensor(0.0255, device='cuda:0') tensor(0.0369, device='cuda:0')
After trained on task 12 tensor(0.0317, device='cuda:0') tensor(0.0416, device='cuda:0')
After trained on task 12 tensor(0.0356, device='cuda:0') tensor(0.0424, device='cuda:0')
After trained on task 12 tensor(0.0384, device='cuda:0') tensor(0.0462, device='cuda:0')
After trained on task 12 tensor(0.0385, device='cuda:0') tensor(0.0502, device='cuda:0')
After trained on task 12 tensor(0.0416, device='cuda:0') tensor(0.0594, device='cuda:0')
After trained on task 12 tensor(0.0446, device='cuda:0') tensor(0.0639, device='cuda:0')
After trained on task 12 tensor(0.0445, device='cuda:0') tensor(0.0739, device='cuda:0')
After trained on task 12 tensor(0.0538, device='cuda:0') tensor(0.0765, device='cuda:0')
reserving basis 87/768; cond: 27005577216.0, ratio:0.9911036491394043
reserving basis 87/768; cond: 27005577216.0, ratio:0.9911036491394043
reserving basis 93/768; cond: 141297467392.0, ratio:0.9909310936927795
reserving basis 93/768; cond: 141297467392.0, ratio:0.9909310936927795
reserving basis 92/768; cond: 3285956165632.0, ratio:0.9908813238143921
reserving basis 92/768; cond: 3285956165632.0, ratio:0.9908813238143921
reserving basis 93/768; cond: 569274400768.0, ratio:0.9915659427642822
reserving basis 93/768; cond: 569274400768.0, ratio:0.9915659427642822
reserving basis 100/768; cond: 33804353536.0, ratio:0.9915770292282104
reserving basis 100/768; cond: 33804353536.0, ratio:0.9915770292282104
reserving basis 95/768; cond: 93297852416.0, ratio:0.9909525513648987
reserving basis 95/768; cond: 93297852416.0, ratio:0.9909525513648987
reserving basis 99/768; cond: 51460358144.0, ratio:0.990779459476471
reserving basis 99/768; cond: 51460358144.0, ratio:0.990779459476471
reserving basis 95/768; cond: 828712681472.0, ratio:0.9916442632675171
reserving basis 95/768; cond: 828712681472.0, ratio:0.9916442632675171
reserving basis 100/768; cond: 71825014784.0, ratio:0.9912163019180298
reserving basis 100/768; cond: 71825014784.0, ratio:0.9912163019180298
reserving basis 94/768; cond: 242468700160.0, ratio:0.9911587238311768
reserving basis 94/768; cond: 242468700160.0, ratio:0.9911587238311768
reserving basis 98/768; cond: 286601347072.0, ratio:0.9909271597862244
reserving basis 98/768; cond: 286601347072.0, ratio:0.9909271597862244
reserving basis 92/768; cond: 800951173120.0, ratio:0.9915667176246643
reserving basis 92/768; cond: 800951173120.0, ratio:0.9915667176246643
reserving basis 98/768; cond: 71507525632.0, ratio:0.9908444881439209
reserving basis 98/768; cond: 71507525632.0, ratio:0.9908444881439209
reserving basis 93/768; cond: 112258760704.0, ratio:0.9911965727806091
reserving basis 93/768; cond: 112258760704.0, ratio:0.9911965727806091
reserving basis 98/768; cond: 399634956288.0, ratio:0.9911229610443115
reserving basis 98/768; cond: 399634956288.0, ratio:0.9911229610443115
reserving basis 94/768; cond: 45116383232.0, ratio:0.9917954802513123
reserving basis 94/768; cond: 45116383232.0, ratio:0.9917954802513123
reserving basis 99/768; cond: 49287749632.0, ratio:0.9910340905189514
reserving basis 99/768; cond: 49287749632.0, ratio:0.9910340905189514
reserving basis 92/768; cond: 83898613760.0, ratio:0.9907597899436951
reserving basis 92/768; cond: 83898613760.0, ratio:0.9907597899436951
reserving basis 96/768; cond: 75318927360.0, ratio:0.9907843470573425
reserving basis 96/768; cond: 75318927360.0, ratio:0.9907843470573425
reserving basis 88/768; cond: 213959950336.0, ratio:0.9901934266090393
reserving basis 88/768; cond: 213959950336.0, ratio:0.9901934266090393
reserving basis 94/768; cond: 90396835840.0, ratio:0.9907644987106323
reserving basis 94/768; cond: 90396835840.0, ratio:0.9907644987106323
reserving basis 86/768; cond: 343278354432.0, ratio:0.9914966821670532
reserving basis 86/768; cond: 343278354432.0, ratio:0.9914966821670532
reserving basis 87/768; cond: 163757211648.0, ratio:0.9915920495986938
reserving basis 87/768; cond: 163757211648.0, ratio:0.9915920495986938
reserving basis 80/768; cond: 165213274112.0, ratio:0.9916359782218933
reserving basis 80/768; cond: 165213274112.0, ratio:0.9916359782218933
2026-04-27 20:36:29,290 [palora.py] => Task 13, Epoch 50/50 => Loss 0.622, Train_accy 95.58
2026-04-27 20:36:36,121 [trainer.py] => Time:225.52862763404846
1132 1132
2026-04-27 20:36:42,860 [trainer.py] => Time:6.739295721054077
2026-04-27 20:36:42,861 [trainer.py] => ACC: {'total': 71.73, '00-07': 74.8, '08-15': 76.52, '16-23': 82.3, '24-31': 78.86, '32-39': 74.29, '40-47': 60.67, '48-55': 72.12, '56-63': 77.69, '64-71': 70.37, '72-79': 71.43, '80-87': 59.57, '88-95': 58.82, '96-103': 35.0, '104-111': 55.56, 'old': 72.13, 'new': 55.56}
2026-04-27 20:36:42,861 [trainer.py] => ACC top1 curve: [86.18, 85.1, 86.68, 82.89, 81.82, 79.69, 78.25, 77.6, 76.05, 75.81, 75.46, 74.08, 72.76, 71.73]
Average Accuracy: 78.86428571428573
2026-04-27 20:36:42,861 [trainer.py] => Average Accuracy: 78.86428571428573
2026-04-27 20:36:42,866 [trainer.py] => All params: 116878051
2026-04-27 20:36:42,871 [trainer.py] => Trainable params: 374792
2026-04-27 20:36:42,871 [palora.py] => Learning on 112-120
Parameters to be updated: {'image_encoder.blocks.0.attn.lora_A_k.14.weight', 'image_encoder.blocks.11.attn.lora_A_v.14.weight', 'image_encoder.blocks.10.attn.lora_B_k.14.weight', 'image_encoder.blocks.11.attn.lora_A_k.14.weight', 'image_encoder.blocks.11.attn.lora_B_v.14.weight', 'image_encoder.blocks.1.attn.lora_B_k.14.weight', 'image_encoder.blocks.9.attn.lora_A_v.14.weight', 'image_encoder.blocks.6.attn.lora_A_k.14.weight', 'image_encoder.blocks.0.attn.lora_B_k.14.weight', 'image_encoder.blocks.3.attn.lora_A_v.14.weight', 'image_encoder.blocks.8.attn.lora_B_v.14.weight', 'image_encoder.blocks.2.attn.lora_B_k.14.weight', 'image_encoder.blocks.4.attn.lora_B_v.14.weight', 'image_encoder.blocks.7.attn.lora_B_k.14.weight', 'image_encoder.blocks.10.attn.lora_B_v.14.weight', 'classifier_pool.14.bias', 'image_encoder.blocks.4.attn.lora_A_k.14.weight', 'image_encoder.blocks.10.attn.lora_A_k.14.weight', 'image_encoder.blocks.5.attn.lora_A_v.14.weight', 'image_encoder.blocks.6.attn.lora_B_v.14.weight', 'image_encoder.blocks.10.attn.lora_A_v.14.weight', 'image_encoder.blocks.1.attn.lora_A_v.14.weight', 'image_encoder.blocks.7.attn.lora_A_k.14.weight', 'image_encoder.blocks.1.attn.lora_A_k.14.weight', 'image_encoder.blocks.7.attn.lora_A_v.14.weight', 'image_encoder.blocks.11.attn.lora_B_k.14.weight', 'image_encoder.blocks.8.attn.lora_B_k.14.weight', 'image_encoder.blocks.2.attn.lora_B_v.14.weight', 'image_encoder.blocks.5.attn.lora_A_k.14.weight', 'image_encoder.blocks.3.attn.lora_B_v.14.weight', 'image_encoder.blocks.3.attn.lora_B_k.14.weight', 'image_encoder.blocks.4.attn.lora_B_k.14.weight', 'image_encoder.blocks.2.attn.lora_A_v.14.weight', 'image_encoder.blocks.6.attn.lora_B_k.14.weight', 'classifier_pool.14.weight', 'image_encoder.blocks.7.attn.lora_B_v.14.weight', 'image_encoder.blocks.1.attn.lora_B_v.14.weight', 'image_encoder.blocks.2.attn.lora_A_k.14.weight', 'image_encoder.blocks.6.attn.lora_A_v.14.weight', 'image_encoder.blocks.8.attn.lora_A_v.14.weight', 'image_encoder.blocks.0.attn.lora_B_v.14.weight', 'image_encoder.blocks.5.attn.lora_B_v.14.weight', 'image_encoder.blocks.0.attn.lora_A_v.14.weight', 'image_encoder.blocks.4.attn.lora_A_v.14.weight', 'image_encoder.blocks.8.attn.lora_A_k.14.weight', 'image_encoder.blocks.9.attn.lora_B_v.14.weight', 'image_encoder.blocks.5.attn.lora_B_k.14.weight', 'image_encoder.blocks.9.attn.lora_B_k.14.weight', 'image_encoder.blocks.3.attn.lora_A_k.14.weight', 'image_encoder.blocks.9.attn.lora_A_k.14.weight'}
After trained on task 13 tensor(0.0182, device='cuda:0') tensor(0.0221, device='cuda:0')
After trained on task 13 tensor(0.0206, device='cuda:0') tensor(0.0236, device='cuda:0')
After trained on task 13 tensor(0.0199, device='cuda:0') tensor(0.0259, device='cuda:0')
After trained on task 13 tensor(0.0229, device='cuda:0') tensor(0.0309, device='cuda:0')
After trained on task 13 tensor(0.0260, device='cuda:0') tensor(0.0356, device='cuda:0')
After trained on task 13 tensor(0.0335, device='cuda:0') tensor(0.0397, device='cuda:0')
After trained on task 13 tensor(0.0328, device='cuda:0') tensor(0.0406, device='cuda:0')
After trained on task 13 tensor(0.0358, device='cuda:0') tensor(0.0430, device='cuda:0')
After trained on task 13 tensor(0.0347, device='cuda:0') tensor(0.0493, device='cuda:0')
After trained on task 13 tensor(0.0388, device='cuda:0') tensor(0.0573, device='cuda:0')
After trained on task 13 tensor(0.0420, device='cuda:0') tensor(0.0607, device='cuda:0')
After trained on task 13 tensor(0.0542, device='cuda:0') tensor(0.0698, device='cuda:0')
reserving basis 91/768; cond: 530564644864.0, ratio:0.990840494632721
reserving basis 91/768; cond: 530564644864.0, ratio:0.990840494632721
reserving basis 98/768; cond: 51767619584.0, ratio:0.9908705353736877
reserving basis 98/768; cond: 51767619584.0, ratio:0.9908705353736877
reserving basis 96/768; cond: 179473989632.0, ratio:0.9918270111083984
reserving basis 96/768; cond: 179473989632.0, ratio:0.9918270111083984
reserving basis 97/768; cond: 66414501888.0, ratio:0.9914883375167847
reserving basis 97/768; cond: 66414501888.0, ratio:0.9914883375167847
reserving basis 104/768; cond: 46992449536.0, ratio:0.9901670813560486
reserving basis 104/768; cond: 46992449536.0, ratio:0.9901670813560486
reserving basis 99/768; cond: 336998989824.0, ratio:0.9905510544776917
reserving basis 99/768; cond: 336998989824.0, ratio:0.9905510544776917
reserving basis 104/768; cond: 639048482816.0, ratio:0.9911106824874878
reserving basis 104/768; cond: 639048482816.0, ratio:0.9911106824874878
reserving basis 99/768; cond: 26908377088.0, ratio:0.9904360771179199
reserving basis 99/768; cond: 26908377088.0, ratio:0.9904360771179199
reserving basis 105/768; cond: 45068668928.0, ratio:0.9914071559906006
reserving basis 105/768; cond: 45068668928.0, ratio:0.9914071559906006
reserving basis 99/768; cond: 130556870656.0, ratio:0.9919075965881348
reserving basis 99/768; cond: 130556870656.0, ratio:0.9919075965881348
reserving basis 103/768; cond: 112329826304.0, ratio:0.9912537932395935
reserving basis 103/768; cond: 112329826304.0, ratio:0.9912537932395935
reserving basis 96/768; cond: 88866004992.0, ratio:0.9909040927886963
reserving basis 96/768; cond: 88866004992.0, ratio:0.9909040927886963
reserving basis 103/768; cond: 263136477184.0, ratio:0.9909489154815674
reserving basis 103/768; cond: 263136477184.0, ratio:0.9909489154815674
reserving basis 98/768; cond: 20664117248.0, ratio:0.9919813871383667
reserving basis 98/768; cond: 20664117248.0, ratio:0.9919813871383667
reserving basis 103/768; cond: 16643418112.0, ratio:0.9916486740112305
reserving basis 103/768; cond: 16643418112.0, ratio:0.9916486740112305
reserving basis 99/768; cond: 715033214976.0, ratio:0.9919201135635376
reserving basis 99/768; cond: 715033214976.0, ratio:0.9919201135635376
reserving basis 104/768; cond: 60478267392.0, ratio:0.9914411902427673
reserving basis 104/768; cond: 60478267392.0, ratio:0.9914411902427673
reserving basis 97/768; cond: 2620483960832.0, ratio:0.991281270980835
reserving basis 97/768; cond: 2620483960832.0, ratio:0.991281270980835
reserving basis 101/768; cond: 492989415424.0, ratio:0.9914717078208923
reserving basis 101/768; cond: 492989415424.0, ratio:0.9914717078208923
reserving basis 92/768; cond: 67321016320.0, ratio:0.9905731081962585
reserving basis 92/768; cond: 67321016320.0, ratio:0.9905731081962585
reserving basis 99/768; cond: 49158356992.0, ratio:0.9919325113296509
reserving basis 99/768; cond: 49158356992.0, ratio:0.9919325113296509
reserving basis 90/768; cond: 80012599296.0, ratio:0.9905423521995544
reserving basis 90/768; cond: 80012599296.0, ratio:0.9905423521995544
reserving basis 92/768; cond: 535646535680.0, ratio:0.9918966889381409
reserving basis 92/768; cond: 535646535680.0, ratio:0.9918966889381409
reserving basis 84/768; cond: 26194929664.0, ratio:0.9920344948768616
reserving basis 84/768; cond: 26194929664.0, ratio:0.9920344948768616
2026-04-27 20:40:33,296 [palora.py] => Task 14, Epoch 50/50 => Loss 0.514, Train_accy 97.89
2026-04-27 20:40:42,399 [trainer.py] => Time:239.52752327919006
1157 1157
2026-04-27 20:40:49,267 [trainer.py] => Time:6.8674352169036865
2026-04-27 20:40:49,267 [trainer.py] => ACC: {'total': 71.13, '00-07': 73.98, '08-15': 76.52, '16-23': 83.19, '24-31': 78.86, '32-39': 74.29, '40-47': 60.67, '48-55': 72.12, '56-63': 77.69, '64-71': 70.37, '72-79': 71.43, '80-87': 57.45, '88-95': 58.82, '96-103': 35.0, '104-111': 55.56, '112-119': 48.0, 'old': 71.64, 'new': 48.0}
2026-04-27 20:40:49,267 [trainer.py] => ACC top1 curve: [86.18, 85.1, 86.68, 82.89, 81.82, 79.69, 78.25, 77.6, 76.05, 75.81, 75.46, 74.08, 72.76, 71.73, 71.13]
Average Accuracy: 78.34866666666667
2026-04-27 20:40:49,267 [trainer.py] => Average Accuracy: 78.34866666666667
2026-04-27 20:40:49,272 [trainer.py] => All params: 116878051
2026-04-27 20:40:49,277 [trainer.py] => Trainable params: 374792
2026-04-27 20:40:49,277 [palora.py] => Learning on 120-128
Parameters to be updated: {'classifier_pool.15.weight', 'image_encoder.blocks.3.attn.lora_A_k.15.weight', 'image_encoder.blocks.10.attn.lora_B_v.15.weight', 'image_encoder.blocks.5.attn.lora_B_v.15.weight', 'image_encoder.blocks.10.attn.lora_B_k.15.weight', 'image_encoder.blocks.5.attn.lora_A_v.15.weight', 'image_encoder.blocks.6.attn.lora_B_v.15.weight', 'image_encoder.blocks.1.attn.lora_B_k.15.weight', 'image_encoder.blocks.2.attn.lora_B_v.15.weight', 'image_encoder.blocks.11.attn.lora_B_k.15.weight', 'image_encoder.blocks.4.attn.lora_A_v.15.weight', 'image_encoder.blocks.0.attn.lora_A_v.15.weight', 'image_encoder.blocks.0.attn.lora_B_k.15.weight', 'image_encoder.blocks.8.attn.lora_B_v.15.weight', 'image_encoder.blocks.11.attn.lora_B_v.15.weight', 'image_encoder.blocks.7.attn.lora_B_k.15.weight', 'image_encoder.blocks.6.attn.lora_A_k.15.weight', 'image_encoder.blocks.7.attn.lora_A_k.15.weight', 'image_encoder.blocks.1.attn.lora_B_v.15.weight', 'classifier_pool.15.bias', 'image_encoder.blocks.3.attn.lora_B_v.15.weight', 'image_encoder.blocks.9.attn.lora_B_v.15.weight', 'image_encoder.blocks.0.attn.lora_A_k.15.weight', 'image_encoder.blocks.2.attn.lora_A_k.15.weight', 'image_encoder.blocks.6.attn.lora_B_k.15.weight', 'image_encoder.blocks.9.attn.lora_A_v.15.weight', 'image_encoder.blocks.3.attn.lora_A_v.15.weight', 'image_encoder.blocks.0.attn.lora_B_v.15.weight', 'image_encoder.blocks.2.attn.lora_A_v.15.weight', 'image_encoder.blocks.9.attn.lora_B_k.15.weight', 'image_encoder.blocks.11.attn.lora_A_k.15.weight', 'image_encoder.blocks.9.attn.lora_A_k.15.weight', 'image_encoder.blocks.10.attn.lora_A_v.15.weight', 'image_encoder.blocks.1.attn.lora_A_v.15.weight', 'image_encoder.blocks.5.attn.lora_B_k.15.weight', 'image_encoder.blocks.11.attn.lora_A_v.15.weight', 'image_encoder.blocks.6.attn.lora_A_v.15.weight', 'image_encoder.blocks.4.attn.lora_A_k.15.weight', 'image_encoder.blocks.3.attn.lora_B_k.15.weight', 'image_encoder.blocks.4.attn.lora_B_v.15.weight', 'image_encoder.blocks.8.attn.lora_B_k.15.weight', 'image_encoder.blocks.4.attn.lora_B_k.15.weight', 'image_encoder.blocks.8.attn.lora_A_v.15.weight', 'image_encoder.blocks.7.attn.lora_B_v.15.weight', 'image_encoder.blocks.2.attn.lora_B_k.15.weight', 'image_encoder.blocks.5.attn.lora_A_k.15.weight', 'image_encoder.blocks.8.attn.lora_A_k.15.weight', 'image_encoder.blocks.1.attn.lora_A_k.15.weight', 'image_encoder.blocks.10.attn.lora_A_k.15.weight', 'image_encoder.blocks.7.attn.lora_A_v.15.weight'}
After trained on task 14 tensor(0.0261, device='cuda:0') tensor(0.0209, device='cuda:0')
After trained on task 14 tensor(0.0212, device='cuda:0') tensor(0.0244, device='cuda:0')
After trained on task 14 tensor(0.0221, device='cuda:0') tensor(0.0283, device='cuda:0')
After trained on task 14 tensor(0.0233, device='cuda:0') tensor(0.0326, device='cuda:0')
After trained on task 14 tensor(0.0242, device='cuda:0') tensor(0.0333, device='cuda:0')
After trained on task 14 tensor(0.0295, device='cuda:0') tensor(0.0361, device='cuda:0')
After trained on task 14 tensor(0.0305, device='cuda:0') tensor(0.0388, device='cuda:0')
After trained on task 14 tensor(0.0331, device='cuda:0') tensor(0.0437, device='cuda:0')
After trained on task 14 tensor(0.0349, device='cuda:0') tensor(0.0520, device='cuda:0')
After trained on task 14 tensor(0.0367, device='cuda:0') tensor(0.0567, device='cuda:0')
After trained on task 14 tensor(0.0378, device='cuda:0') tensor(0.0707, device='cuda:0')
After trained on task 14 tensor(0.0470, device='cuda:0') tensor(0.0697, device='cuda:0')
reserving basis 95/768; cond: 217258967040.0, ratio:0.9913961887359619
reserving basis 95/768; cond: 217258967040.0, ratio:0.9913961887359619
reserving basis 103/768; cond: 51434590208.0, ratio:0.9920858144760132
reserving basis 103/768; cond: 51434590208.0, ratio:0.9920858144760132
reserving basis 100/768; cond: 41142157312.0, ratio:0.9901535511016846
reserving basis 100/768; cond: 41142157312.0, ratio:0.9901535511016846
reserving basis 101/768; cond: 206243659776.0, ratio:0.9908734560012817
reserving basis 101/768; cond: 206243659776.0, ratio:0.9908734560012817
reserving basis 109/768; cond: 36314107904.0, ratio:0.9914016723632812
reserving basis 109/768; cond: 36314107904.0, ratio:0.9914016723632812
reserving basis 104/768; cond: 157175414784.0, ratio:0.991956889629364
reserving basis 104/768; cond: 157175414784.0, ratio:0.991956889629364
reserving basis 109/768; cond: 34753626112.0, ratio:0.9916312098503113
reserving basis 109/768; cond: 34753626112.0, ratio:0.9916312098503113
reserving basis 103/768; cond: 19451508736.0, ratio:0.9900011420249939
reserving basis 103/768; cond: 19451508736.0, ratio:0.9900011420249939
reserving basis 109/768; cond: 95321735168.0, ratio:0.9905399680137634
reserving basis 109/768; cond: 95321735168.0, ratio:0.9905399680137634
reserving basis 103/768; cond: 25120192512.0, ratio:0.9917462468147278
reserving basis 103/768; cond: 25120192512.0, ratio:0.9917462468147278
reserving basis 108/768; cond: 1743852535808.0, ratio:0.9918845891952515
reserving basis 108/768; cond: 1743852535808.0, ratio:0.9918845891952515
reserving basis 100/768; cond: 52178169856.0, ratio:0.9910054206848145
reserving basis 100/768; cond: 52178169856.0, ratio:0.9910054206848145
reserving basis 107/768; cond: 57197318144.0, ratio:0.9901527166366577
reserving basis 107/768; cond: 57197318144.0, ratio:0.9901527166366577
reserving basis 102/768; cond: 83591938048.0, ratio:0.9904871582984924
reserving basis 102/768; cond: 83591938048.0, ratio:0.9904871582984924
reserving basis 107/768; cond: 37010599936.0, ratio:0.990226686000824
reserving basis 107/768; cond: 37010599936.0, ratio:0.990226686000824
reserving basis 103/768; cond: 202118905856.0, ratio:0.9900857210159302
reserving basis 103/768; cond: 202118905856.0, ratio:0.9900857210159302
reserving basis 109/768; cond: 30158792704.0, ratio:0.991902232170105
reserving basis 109/768; cond: 30158792704.0, ratio:0.991902232170105
reserving basis 101/768; cond: 83307167744.0, ratio:0.99105304479599
reserving basis 101/768; cond: 83307167744.0, ratio:0.99105304479599
reserving basis 106/768; cond: 49635561472.0, ratio:0.9918904304504395
reserving basis 106/768; cond: 49635561472.0, ratio:0.9918904304504395
reserving basis 96/768; cond: 9553432576.0, ratio:0.9915302395820618
reserving basis 96/768; cond: 9553432576.0, ratio:0.9915302395820618
reserving basis 103/768; cond: 53417697280.0, ratio:0.9905253052711487
reserving basis 103/768; cond: 53417697280.0, ratio:0.9905253052711487
reserving basis 93/768; cond: 317598367744.0, ratio:0.9900782704353333
reserving basis 93/768; cond: 317598367744.0, ratio:0.9900782704353333
reserving basis 96/768; cond: 150484844544.0, ratio:0.9914343357086182
reserving basis 96/768; cond: 150484844544.0, ratio:0.9914343357086182
reserving basis 87/768; cond: 323248783360.0, ratio:0.9903199672698975
reserving basis 87/768; cond: 323248783360.0, ratio:0.9903199672698975
2026-04-27 20:45:01,496 [palora.py] => Task 15, Epoch 50/50 => Loss 0.499, Train_accy 95.56
2026-04-27 20:45:10,827 [trainer.py] => Time:261.5501227378845
1199 1199
2026-04-27 20:45:17,608 [trainer.py] => Time:6.780009508132935
2026-04-27 20:45:17,608 [trainer.py] => ACC: {'total': 69.39, '00-07': 74.8, '08-15': 76.52, '16-23': 82.3, '24-31': 78.86, '32-39': 74.29, '40-47': 61.8, '48-55': 71.15, '56-63': 76.86, '64-71': 70.37, '72-79': 71.43, '80-87': 51.06, '88-95': 55.88, '96-103': 32.5, '104-111': 40.74, '112-119': 48.0, '120-127': 45.24, 'old': 70.27, 'new': 45.24}
2026-04-27 20:45:17,608 [trainer.py] => ACC top1 curve: [86.18, 85.1, 86.68, 82.89, 81.82, 79.69, 78.25, 77.6, 76.05, 75.81, 75.46, 74.08, 72.76, 71.73, 71.13, 69.39]
Average Accuracy: 77.78875000000001
2026-04-27 20:45:17,608 [trainer.py] => Average Accuracy: 77.78875000000001
2026-04-27 20:45:17,613 [trainer.py] => All params: 116878051
2026-04-27 20:45:17,618 [trainer.py] => Trainable params: 374792
2026-04-27 20:45:17,618 [palora.py] => Learning on 128-136
Parameters to be updated: {'image_encoder.blocks.0.attn.lora_B_v.16.weight', 'image_encoder.blocks.0.attn.lora_A_v.16.weight', 'image_encoder.blocks.9.attn.lora_A_k.16.weight', 'image_encoder.blocks.0.attn.lora_B_k.16.weight', 'image_encoder.blocks.11.attn.lora_A_k.16.weight', 'image_encoder.blocks.6.attn.lora_B_k.16.weight', 'image_encoder.blocks.9.attn.lora_B_v.16.weight', 'image_encoder.blocks.1.attn.lora_B_k.16.weight', 'image_encoder.blocks.3.attn.lora_B_v.16.weight', 'classifier_pool.16.bias', 'image_encoder.blocks.2.attn.lora_A_v.16.weight', 'image_encoder.blocks.1.attn.lora_B_v.16.weight', 'image_encoder.blocks.7.attn.lora_B_k.16.weight', 'image_encoder.blocks.7.attn.lora_A_v.16.weight', 'image_encoder.blocks.8.attn.lora_B_v.16.weight', 'image_encoder.blocks.2.attn.lora_A_k.16.weight', 'image_encoder.blocks.6.attn.lora_A_k.16.weight', 'image_encoder.blocks.1.attn.lora_A_k.16.weight', 'image_encoder.blocks.2.attn.lora_B_v.16.weight', 'image_encoder.blocks.6.attn.lora_B_v.16.weight', 'image_encoder.blocks.10.attn.lora_B_k.16.weight', 'image_encoder.blocks.6.attn.lora_A_v.16.weight', 'image_encoder.blocks.9.attn.lora_A_v.16.weight', 'image_encoder.blocks.3.attn.lora_B_k.16.weight', 'image_encoder.blocks.4.attn.lora_B_v.16.weight', 'image_encoder.blocks.9.attn.lora_B_k.16.weight', 'image_encoder.blocks.10.attn.lora_B_v.16.weight', 'image_encoder.blocks.11.attn.lora_B_v.16.weight', 'image_encoder.blocks.4.attn.lora_A_k.16.weight', 'image_encoder.blocks.11.attn.lora_B_k.16.weight', 'image_encoder.blocks.5.attn.lora_B_v.16.weight', 'image_encoder.blocks.1.attn.lora_A_v.16.weight', 'classifier_pool.16.weight', 'image_encoder.blocks.11.attn.lora_A_v.16.weight', 'image_encoder.blocks.7.attn.lora_A_k.16.weight', 'image_encoder.blocks.3.attn.lora_A_v.16.weight', 'image_encoder.blocks.3.attn.lora_A_k.16.weight', 'image_encoder.blocks.5.attn.lora_B_k.16.weight', 'image_encoder.blocks.2.attn.lora_B_k.16.weight', 'image_encoder.blocks.5.attn.lora_A_k.16.weight', 'image_encoder.blocks.7.attn.lora_B_v.16.weight', 'image_encoder.blocks.10.attn.lora_A_k.16.weight', 'image_encoder.blocks.8.attn.lora_A_v.16.weight', 'image_encoder.blocks.8.attn.lora_B_k.16.weight', 'image_encoder.blocks.8.attn.lora_A_k.16.weight', 'image_encoder.blocks.5.attn.lora_A_v.16.weight', 'image_encoder.blocks.4.attn.lora_A_v.16.weight', 'image_encoder.blocks.10.attn.lora_A_v.16.weight', 'image_encoder.blocks.4.attn.lora_B_k.16.weight', 'image_encoder.blocks.0.attn.lora_A_k.16.weight'}
After trained on task 15 tensor(0.0317, device='cuda:0') tensor(0.0241, device='cuda:0')
After trained on task 15 tensor(0.0265, device='cuda:0') tensor(0.0292, device='cuda:0')
After trained on task 15 tensor(0.0236, device='cuda:0') tensor(0.0337, device='cuda:0')
After trained on task 15 tensor(0.0270, device='cuda:0') tensor(0.0394, device='cuda:0')
After trained on task 15 tensor(0.0347, device='cuda:0') tensor(0.0470, device='cuda:0')
After trained on task 15 tensor(0.0379, device='cuda:0') tensor(0.0476, device='cuda:0')
After trained on task 15 tensor(0.0361, device='cuda:0') tensor(0.0506, device='cuda:0')
After trained on task 15 tensor(0.0458, device='cuda:0') tensor(0.0596, device='cuda:0')
After trained on task 15 tensor(0.0451, device='cuda:0') tensor(0.0690, device='cuda:0')
After trained on task 15 tensor(0.0519, device='cuda:0') tensor(0.0887, device='cuda:0')
After trained on task 15 tensor(0.0517, device='cuda:0') tensor(0.1032, device='cuda:0')
After trained on task 15 tensor(0.0686, device='cuda:0') tensor(0.1309, device='cuda:0')
reserving basis 99/768; cond: 81806770176.0, ratio:0.990481436252594
reserving basis 99/768; cond: 81806770176.0, ratio:0.990481436252594
reserving basis 107/768; cond: 10840952832.0, ratio:0.991304337978363
reserving basis 107/768; cond: 10840952832.0, ratio:0.991304337978363
reserving basis 103/768; cond: 94069940224.0, ratio:0.9907746911048889
reserving basis 103/768; cond: 94069940224.0, ratio:0.9907746911048889
reserving basis 105/768; cond: 195103195136.0, ratio:0.990215003490448
reserving basis 105/768; cond: 195103195136.0, ratio:0.990215003490448
reserving basis 113/768; cond: 271000666112.0, ratio:0.9904115796089172
reserving basis 113/768; cond: 271000666112.0, ratio:0.9904115796089172
reserving basis 108/768; cond: 958515773440.0, ratio:0.9905659556388855
reserving basis 108/768; cond: 958515773440.0, ratio:0.9905659556388855
reserving basis 114/768; cond: 31130957824.0, ratio:0.991595447063446
reserving basis 114/768; cond: 31130957824.0, ratio:0.991595447063446
reserving basis 107/768; cond: 55346642944.0, ratio:0.9901968836784363
reserving basis 107/768; cond: 55346642944.0, ratio:0.9901968836784363
reserving basis 114/768; cond: 27387303936.0, ratio:0.9915938377380371
reserving basis 114/768; cond: 27387303936.0, ratio:0.9915938377380371
reserving basis 107/768; cond: 131963936768.0, ratio:0.9910460710525513
reserving basis 107/768; cond: 131963936768.0, ratio:0.9910460710525513
reserving basis 113/768; cond: 62775898112.0, ratio:0.9913195967674255
reserving basis 113/768; cond: 62775898112.0, ratio:0.9913195967674255
reserving basis 104/768; cond: 21037940736.0, ratio:0.9903687834739685
reserving basis 104/768; cond: 21037940736.0, ratio:0.9903687834739685
reserving basis 112/768; cond: 142730051584.0, ratio:0.9913136959075928
reserving basis 112/768; cond: 142730051584.0, ratio:0.9913136959075928
reserving basis 107/768; cond: 83039379456.0, ratio:0.9912004470825195
reserving basis 107/768; cond: 83039379456.0, ratio:0.9912004470825195
reserving basis 112/768; cond: 251564212224.0, ratio:0.9917138814926147
reserving basis 112/768; cond: 251564212224.0, ratio:0.9917138814926147
reserving basis 108/768; cond: 76838256640.0, ratio:0.991838276386261
reserving basis 108/768; cond: 76838256640.0, ratio:0.991838276386261
reserving basis 114/768; cond: 36472504320.0, ratio:0.9917439222335815
reserving basis 114/768; cond: 36472504320.0, ratio:0.9917439222335815
reserving basis 105/768; cond: 7298435072.0, ratio:0.9908396005630493
reserving basis 105/768; cond: 7298435072.0, ratio:0.9908396005630493
reserving basis 111/768; cond: 825423888384.0, ratio:0.9918468594551086
reserving basis 111/768; cond: 825423888384.0, ratio:0.9918468594551086
reserving basis 100/768; cond: 143082438656.0, ratio:0.9915201663970947
reserving basis 100/768; cond: 143082438656.0, ratio:0.9915201663970947
reserving basis 108/768; cond: 3832034623488.0, ratio:0.9912633299827576
reserving basis 108/768; cond: 3832034623488.0, ratio:0.9912633299827576
reserving basis 97/768; cond: 12200655872.0, ratio:0.9914447069168091
reserving basis 97/768; cond: 12200655872.0, ratio:0.9914447069168091
reserving basis 100/768; cond: 40483819520.0, ratio:0.9915487766265869
reserving basis 100/768; cond: 40483819520.0, ratio:0.9915487766265869
reserving basis 90/768; cond: 12169012224.0, ratio:0.9913726449012756
reserving basis 90/768; cond: 12169012224.0, ratio:0.9913726449012756
2026-04-27 20:49:18,925 [palora.py] => Task 16, Epoch 50/50 => Loss 0.613, Train_accy 93.60
2026-04-27 20:49:28,377 [trainer.py] => Time:250.75888776779175
1229 1229
2026-04-27 20:49:35,393 [trainer.py] => Time:7.01566481590271
2026-04-27 20:49:35,393 [trainer.py] => ACC: {'total': 68.43, '00-07': 73.98, '08-15': 76.52, '16-23': 82.3, '24-31': 78.86, '32-39': 74.29, '40-47': 60.67, '48-55': 72.12, '56-63': 77.69, '64-71': 70.37, '72-79': 71.43, '80-87': 44.68, '88-95': 52.94, '96-103': 27.5, '104-111': 40.74, '112-119': 48.0, '120-127': 42.86, '128-135': 53.33, 'old': 68.81, 'new': 53.33}
2026-04-27 20:49:35,393 [trainer.py] => ACC top1 curve: [86.18, 85.1, 86.68, 82.89, 81.82, 79.69, 78.25, 77.6, 76.05, 75.81, 75.46, 74.08, 72.76, 71.73, 71.13, 69.39, 68.43]
Average Accuracy: 77.23823529411766
2026-04-27 20:49:35,393 [trainer.py] => Average Accuracy: 77.23823529411766
2026-04-27 20:49:35,398 [trainer.py] => All params: 116878051
2026-04-27 20:49:35,403 [trainer.py] => Trainable params: 374792
2026-04-27 20:49:35,403 [palora.py] => Learning on 136-144
Parameters to be updated: {'image_encoder.blocks.9.attn.lora_A_v.17.weight', 'image_encoder.blocks.10.attn.lora_B_k.17.weight', 'image_encoder.blocks.2.attn.lora_B_v.17.weight', 'image_encoder.blocks.11.attn.lora_A_v.17.weight', 'image_encoder.blocks.6.attn.lora_B_k.17.weight', 'image_encoder.blocks.5.attn.lora_A_v.17.weight', 'image_encoder.blocks.10.attn.lora_A_v.17.weight', 'classifier_pool.17.weight', 'image_encoder.blocks.2.attn.lora_B_k.17.weight', 'image_encoder.blocks.3.attn.lora_A_k.17.weight', 'image_encoder.blocks.4.attn.lora_B_v.17.weight', 'image_encoder.blocks.2.attn.lora_A_k.17.weight', 'image_encoder.blocks.3.attn.lora_B_k.17.weight', 'image_encoder.blocks.1.attn.lora_A_k.17.weight', 'image_encoder.blocks.7.attn.lora_A_v.17.weight', 'image_encoder.blocks.8.attn.lora_A_v.17.weight', 'image_encoder.blocks.7.attn.lora_B_k.17.weight', 'image_encoder.blocks.10.attn.lora_A_k.17.weight', 'image_encoder.blocks.6.attn.lora_A_v.17.weight', 'image_encoder.blocks.7.attn.lora_A_k.17.weight', 'image_encoder.blocks.1.attn.lora_B_k.17.weight', 'image_encoder.blocks.4.attn.lora_B_k.17.weight', 'image_encoder.blocks.5.attn.lora_A_k.17.weight', 'image_encoder.blocks.0.attn.lora_B_k.17.weight', 'image_encoder.blocks.8.attn.lora_A_k.17.weight', 'image_encoder.blocks.8.attn.lora_B_v.17.weight', 'image_encoder.blocks.11.attn.lora_B_v.17.weight', 'image_encoder.blocks.9.attn.lora_A_k.17.weight', 'image_encoder.blocks.6.attn.lora_B_v.17.weight', 'image_encoder.blocks.10.attn.lora_B_v.17.weight', 'image_encoder.blocks.3.attn.lora_A_v.17.weight', 'image_encoder.blocks.5.attn.lora_B_k.17.weight', 'classifier_pool.17.bias', 'image_encoder.blocks.0.attn.lora_B_v.17.weight', 'image_encoder.blocks.1.attn.lora_A_v.17.weight', 'image_encoder.blocks.2.attn.lora_A_v.17.weight', 'image_encoder.blocks.0.attn.lora_A_k.17.weight', 'image_encoder.blocks.8.attn.lora_B_k.17.weight', 'image_encoder.blocks.11.attn.lora_A_k.17.weight', 'image_encoder.blocks.0.attn.lora_A_v.17.weight', 'image_encoder.blocks.7.attn.lora_B_v.17.weight', 'image_encoder.blocks.4.attn.lora_A_v.17.weight', 'image_encoder.blocks.5.attn.lora_B_v.17.weight', 'image_encoder.blocks.11.attn.lora_B_k.17.weight', 'image_encoder.blocks.9.attn.lora_B_v.17.weight', 'image_encoder.blocks.9.attn.lora_B_k.17.weight', 'image_encoder.blocks.1.attn.lora_B_v.17.weight', 'image_encoder.blocks.6.attn.lora_A_k.17.weight', 'image_encoder.blocks.3.attn.lora_B_v.17.weight', 'image_encoder.blocks.4.attn.lora_A_k.17.weight'}
After trained on task 16 tensor(0.0269, device='cuda:0') tensor(0.0213, device='cuda:0')
After trained on task 16 tensor(0.0230, device='cuda:0') tensor(0.0267, device='cuda:0')
After trained on task 16 tensor(0.0193, device='cuda:0') tensor(0.0288, device='cuda:0')
After trained on task 16 tensor(0.0232, device='cuda:0') tensor(0.0322, device='cuda:0')
After trained on task 16 tensor(0.0256, device='cuda:0') tensor(0.0339, device='cuda:0')
After trained on task 16 tensor(0.0300, device='cuda:0') tensor(0.0376, device='cuda:0')
After trained on task 16 tensor(0.0333, device='cuda:0') tensor(0.0417, device='cuda:0')
After trained on task 16 tensor(0.0329, device='cuda:0') tensor(0.0433, device='cuda:0')
After trained on task 16 tensor(0.0368, device='cuda:0') tensor(0.0470, device='cuda:0')
After trained on task 16 tensor(0.0377, device='cuda:0') tensor(0.0577, device='cuda:0')
After trained on task 16 tensor(0.0395, device='cuda:0') tensor(0.0639, device='cuda:0')
After trained on task 16 tensor(0.0437, device='cuda:0') tensor(0.0710, device='cuda:0')
reserving basis 102/768; cond: 70915301376.0, ratio:0.9902165532112122
reserving basis 102/768; cond: 70915301376.0, ratio:0.9902165532112122
reserving basis 111/768; cond: 827714633728.0, ratio:0.9911953806877136
reserving basis 111/768; cond: 827714633728.0, ratio:0.9911953806877136
reserving basis 106/768; cond: 53368344576.0, ratio:0.990022599697113
reserving basis 106/768; cond: 53368344576.0, ratio:0.990022599697113
reserving basis 109/768; cond: 8583128285184.0, ratio:0.9917505979537964
reserving basis 109/768; cond: 8583128285184.0, ratio:0.9917505979537964
reserving basis 117/768; cond: 38667534336.0, ratio:0.9912446141242981
reserving basis 117/768; cond: 38667534336.0, ratio:0.9912446141242981
reserving basis 112/768; cond: 150810591232.0, ratio:0.99132239818573
reserving basis 112/768; cond: 150810591232.0, ratio:0.99132239818573
reserving basis 118/768; cond: 50464968704.0, ratio:0.9907851815223694
reserving basis 118/768; cond: 50464968704.0, ratio:0.9907851815223694
reserving basis 111/768; cond: 234033594368.0, ratio:0.9916225671768188
reserving basis 111/768; cond: 234033594368.0, ratio:0.9916225671768188
reserving basis 118/768; cond: 38472388608.0, ratio:0.9909375309944153
reserving basis 118/768; cond: 38472388608.0, ratio:0.9909375309944153
reserving basis 111/768; cond: 62439907328.0, ratio:0.9916998147964478
reserving basis 111/768; cond: 62439907328.0, ratio:0.9916998147964478
reserving basis 117/768; cond: 58087751680.0, ratio:0.9909067749977112
reserving basis 117/768; cond: 58087751680.0, ratio:0.9909067749977112
reserving basis 108/768; cond: 74453893120.0, ratio:0.9908621907234192
reserving basis 108/768; cond: 74453893120.0, ratio:0.9908621907234192
reserving basis 116/768; cond: 88576253952.0, ratio:0.9905948638916016
reserving basis 116/768; cond: 88576253952.0, ratio:0.9905948638916016
reserving basis 111/768; cond: 76168830976.0, ratio:0.991104781627655
reserving basis 111/768; cond: 76168830976.0, ratio:0.991104781627655
reserving basis 116/768; cond: 13552812032.0, ratio:0.9902251958847046
reserving basis 116/768; cond: 13552812032.0, ratio:0.9902251958847046
reserving basis 112/768; cond: 43953225728.0, ratio:0.9914866089820862
reserving basis 112/768; cond: 43953225728.0, ratio:0.9914866089820862
reserving basis 118/768; cond: 251502346240.0, ratio:0.9905173778533936
reserving basis 118/768; cond: 251502346240.0, ratio:0.9905173778533936
reserving basis 109/768; cond: 13685855232.0, ratio:0.9913774728775024
reserving basis 109/768; cond: 13685855232.0, ratio:0.9913774728775024
reserving basis 115/768; cond: 171018010624.0, ratio:0.9910460710525513
reserving basis 115/768; cond: 171018010624.0, ratio:0.9910460710525513
reserving basis 103/768; cond: 23460186112.0, ratio:0.9901604652404785
reserving basis 103/768; cond: 23460186112.0, ratio:0.9901604652404785
reserving basis 112/768; cond: 37368537088.0, ratio:0.991136372089386
reserving basis 112/768; cond: 37368537088.0, ratio:0.991136372089386
reserving basis 100/768; cond: 101285117952.0, ratio:0.9905838966369629
reserving basis 100/768; cond: 101285117952.0, ratio:0.9905838966369629
reserving basis 104/768; cond: 216252891136.0, ratio:0.9910473823547363
reserving basis 104/768; cond: 216252891136.0, ratio:0.9910473823547363
reserving basis 93/768; cond: 634155565056.0, ratio:0.9915323853492737
reserving basis 93/768; cond: 634155565056.0, ratio:0.9915323853492737
2026-04-27 20:53:23,655 [palora.py] => Task 17, Epoch 50/50 => Loss 0.573, Train_accy 96.97
2026-04-27 20:53:32,697 [trainer.py] => Time:237.29461979866028
1254 1254
2026-04-27 20:53:39,703 [trainer.py] => Time:7.005496025085449
2026-04-27 20:53:39,704 [trainer.py] => ACC: {'total': 67.7, '00-07': 73.98, '08-15': 76.52, '16-23': 82.3, '24-31': 78.86, '32-39': 74.29, '40-47': 60.67, '48-55': 71.15, '56-63': 77.69, '64-71': 70.37, '72-79': 71.43, '80-87': 44.68, '88-95': 52.94, '96-103': 27.5, '104-111': 40.74, '112-119': 48.0, '120-127': 42.86, '128-135': 50.0, '136-143': 40.0, 'old': 68.27, 'new': 40.0}
2026-04-27 20:53:39,704 [trainer.py] => ACC top1 curve: [86.18, 85.1, 86.68, 82.89, 81.82, 79.69, 78.25, 77.6, 76.05, 75.81, 75.46, 74.08, 72.76, 71.73, 71.13, 69.39, 68.43, 67.7]
Average Accuracy: 76.70833333333334
2026-04-27 20:53:39,704 [trainer.py] => Average Accuracy: 76.70833333333334
2026-04-27 20:53:39,709 [trainer.py] => All params: 116878051
2026-04-27 20:53:39,713 [trainer.py] => Trainable params: 374792
2026-04-27 20:53:39,713 [palora.py] => Learning on 144-152
Parameters to be updated: {'image_encoder.blocks.7.attn.lora_A_v.18.weight', 'image_encoder.blocks.8.attn.lora_B_v.18.weight', 'image_encoder.blocks.6.attn.lora_A_v.18.weight', 'image_encoder.blocks.8.attn.lora_A_v.18.weight', 'image_encoder.blocks.11.attn.lora_B_k.18.weight', 'image_encoder.blocks.11.attn.lora_B_v.18.weight', 'image_encoder.blocks.3.attn.lora_B_v.18.weight', 'image_encoder.blocks.8.attn.lora_B_k.18.weight', 'image_encoder.blocks.7.attn.lora_B_v.18.weight', 'image_encoder.blocks.3.attn.lora_A_k.18.weight', 'image_encoder.blocks.3.attn.lora_B_k.18.weight', 'image_encoder.blocks.10.attn.lora_A_v.18.weight', 'image_encoder.blocks.9.attn.lora_B_k.18.weight', 'image_encoder.blocks.6.attn.lora_B_v.18.weight', 'image_encoder.blocks.9.attn.lora_A_k.18.weight', 'image_encoder.blocks.5.attn.lora_A_v.18.weight', 'image_encoder.blocks.1.attn.lora_B_k.18.weight', 'image_encoder.blocks.5.attn.lora_B_k.18.weight', 'image_encoder.blocks.4.attn.lora_B_k.18.weight', 'image_encoder.blocks.7.attn.lora_B_k.18.weight', 'image_encoder.blocks.10.attn.lora_A_k.18.weight', 'image_encoder.blocks.2.attn.lora_A_k.18.weight', 'image_encoder.blocks.7.attn.lora_A_k.18.weight', 'image_encoder.blocks.9.attn.lora_A_v.18.weight', 'image_encoder.blocks.10.attn.lora_B_k.18.weight', 'image_encoder.blocks.0.attn.lora_B_k.18.weight', 'image_encoder.blocks.6.attn.lora_A_k.18.weight', 'image_encoder.blocks.1.attn.lora_A_v.18.weight', 'image_encoder.blocks.9.attn.lora_B_v.18.weight', 'image_encoder.blocks.0.attn.lora_A_v.18.weight', 'image_encoder.blocks.11.attn.lora_A_k.18.weight', 'image_encoder.blocks.10.attn.lora_B_v.18.weight', 'image_encoder.blocks.4.attn.lora_B_v.18.weight', 'image_encoder.blocks.5.attn.lora_B_v.18.weight', 'image_encoder.blocks.8.attn.lora_A_k.18.weight', 'image_encoder.blocks.4.attn.lora_A_k.18.weight', 'image_encoder.blocks.1.attn.lora_A_k.18.weight', 'image_encoder.blocks.5.attn.lora_A_k.18.weight', 'classifier_pool.18.weight', 'image_encoder.blocks.2.attn.lora_B_v.18.weight', 'image_encoder.blocks.2.attn.lora_B_k.18.weight', 'image_encoder.blocks.6.attn.lora_B_k.18.weight', 'image_encoder.blocks.11.attn.lora_A_v.18.weight', 'image_encoder.blocks.0.attn.lora_B_v.18.weight', 'image_encoder.blocks.2.attn.lora_A_v.18.weight', 'image_encoder.blocks.3.attn.lora_A_v.18.weight', 'image_encoder.blocks.4.attn.lora_A_v.18.weight', 'image_encoder.blocks.0.attn.lora_A_k.18.weight', 'classifier_pool.18.bias', 'image_encoder.blocks.1.attn.lora_B_v.18.weight'}
After trained on task 17 tensor(0.0243, device='cuda:0') tensor(0.0236, device='cuda:0')
After trained on task 17 tensor(0.0248, device='cuda:0') tensor(0.0268, device='cuda:0')
After trained on task 17 tensor(0.0200, device='cuda:0') tensor(0.0276, device='cuda:0')
After trained on task 17 tensor(0.0207, device='cuda:0') tensor(0.0295, device='cuda:0')
After trained on task 17 tensor(0.0246, device='cuda:0') tensor(0.0321, device='cuda:0')
After trained on task 17 tensor(0.0267, device='cuda:0') tensor(0.0339, device='cuda:0')
After trained on task 17 tensor(0.0283, device='cuda:0') tensor(0.0358, device='cuda:0')
After trained on task 17 tensor(0.0314, device='cuda:0') tensor(0.0374, device='cuda:0')
After trained on task 17 tensor(0.0325, device='cuda:0') tensor(0.0434, device='cuda:0')
After trained on task 17 tensor(0.0351, device='cuda:0') tensor(0.0479, device='cuda:0')
After trained on task 17 tensor(0.0370, device='cuda:0') tensor(0.0537, device='cuda:0')
After trained on task 17 tensor(0.0420, device='cuda:0') tensor(0.0666, device='cuda:0')
reserving basis 106/768; cond: 82019778560.0, ratio:0.9912261962890625
reserving basis 106/768; cond: 82019778560.0, ratio:0.9912261962890625
reserving basis 115/768; cond: 68373524480.0, ratio:0.9909018278121948
reserving basis 115/768; cond: 68373524480.0, ratio:0.9909018278121948
reserving basis 110/768; cond: 70991233024.0, ratio:0.9913907051086426
reserving basis 110/768; cond: 70991233024.0, ratio:0.9913907051086426
reserving basis 113/768; cond: 109489881088.0, ratio:0.9918421506881714
reserving basis 113/768; cond: 109489881088.0, ratio:0.9918421506881714
reserving basis 121/768; cond: 7328113152.0, ratio:0.9911738038063049
reserving basis 121/768; cond: 7328113152.0, ratio:0.9911738038063049
reserving basis 116/768; cond: 203109842944.0, ratio:0.9918618202209473
reserving basis 116/768; cond: 203109842944.0, ratio:0.9918618202209473
reserving basis 121/768; cond: 38712561664.0, ratio:0.9904773831367493
reserving basis 121/768; cond: 38712561664.0, ratio:0.9904773831367493
reserving basis 115/768; cond: 802298068992.0, ratio:0.9916056394577026
reserving basis 115/768; cond: 802298068992.0, ratio:0.9916056394577026
reserving basis 122/768; cond: 123722088448.0, ratio:0.9906651377677917
reserving basis 122/768; cond: 123722088448.0, ratio:0.9906651377677917
reserving basis 114/768; cond: 8797249536.0, ratio:0.99000483751297
reserving basis 114/768; cond: 8797249536.0, ratio:0.99000483751297
reserving basis 121/768; cond: 85735989248.0, ratio:0.9914211630821228
reserving basis 121/768; cond: 85735989248.0, ratio:0.9914211630821228
reserving basis 112/768; cond: 204925534208.0, ratio:0.9915360808372498
reserving basis 112/768; cond: 204925534208.0, ratio:0.9915360808372498
reserving basis 119/768; cond: 684492980224.0, ratio:0.9901697039604187
reserving basis 119/768; cond: 684492980224.0, ratio:0.9901697039604187
reserving basis 115/768; cond: 101987000320.0, ratio:0.991382360458374
reserving basis 115/768; cond: 101987000320.0, ratio:0.991382360458374
reserving basis 120/768; cond: 11912170496.0, ratio:0.9914126396179199
reserving basis 120/768; cond: 11912170496.0, ratio:0.9914126396179199
reserving basis 115/768; cond: 26142697472.0, ratio:0.9904789924621582
reserving basis 115/768; cond: 26142697472.0, ratio:0.9904789924621582
reserving basis 122/768; cond: 24588681216.0, ratio:0.9914429783821106
reserving basis 122/768; cond: 24588681216.0, ratio:0.9914429783821106
reserving basis 113/768; cond: 9393539072.0, ratio:0.9912590384483337
reserving basis 113/768; cond: 9393539072.0, ratio:0.9912590384483337
reserving basis 119/768; cond: 72535064576.0, ratio:0.9913903474807739
reserving basis 119/768; cond: 72535064576.0, ratio:0.9913903474807739
reserving basis 106/768; cond: 51740266496.0, ratio:0.9902825951576233
reserving basis 106/768; cond: 51740266496.0, ratio:0.9902825951576233
reserving basis 116/768; cond: 36125818880.0, ratio:0.9916115403175354
reserving basis 116/768; cond: 36125818880.0, ratio:0.9916115403175354
reserving basis 103/768; cond: 54654980096.0, ratio:0.9905672669410706
reserving basis 103/768; cond: 54654980096.0, ratio:0.9905672669410706
reserving basis 108/768; cond: 454063226880.0, ratio:0.9915374517440796
reserving basis 108/768; cond: 454063226880.0, ratio:0.9915374517440796
reserving basis 96/768; cond: 58098597888.0, ratio:0.9916207194328308
reserving basis 96/768; cond: 58098597888.0, ratio:0.9916207194328308
2026-04-27 20:57:40,641 [palora.py] => Task 18, Epoch 50/50 => Loss 0.513, Train_accy 95.27
2026-04-27 20:57:48,317 [trainer.py] => Time:248.60425662994385
1299 1299
2026-04-27 20:57:54,779 [trainer.py] => Time:6.46084189414978
2026-04-27 20:57:54,779 [trainer.py] => ACC: {'total': 66.36, '00-07': 73.98, '08-15': 76.52, '16-23': 82.3, '24-31': 78.86, '32-39': 74.29, '40-47': 59.55, '48-55': 72.12, '56-63': 77.69, '64-71': 70.37, '72-79': 71.43, '80-87': 42.55, '88-95': 52.94, '96-103': 27.5, '104-111': 40.74, '112-119': 44.0, '120-127': 40.48, '128-135': 43.33, '136-143': 40.0, '144-151': 40.0, 'old': 67.3, 'new': 40.0}
2026-04-27 20:57:54,779 [trainer.py] => ACC top1 curve: [86.18, 85.1, 86.68, 82.89, 81.82, 79.69, 78.25, 77.6, 76.05, 75.81, 75.46, 74.08, 72.76, 71.73, 71.13, 69.39, 68.43, 67.7, 66.36]
Average Accuracy: 76.16368421052633
2026-04-27 20:57:54,779 [trainer.py] => Average Accuracy: 76.16368421052633
2026-04-27 20:57:54,784 [trainer.py] => All params: 116878051
2026-04-27 20:57:54,789 [trainer.py] => Trainable params: 374792
2026-04-27 20:57:54,789 [palora.py] => Learning on 152-160
Parameters to be updated: {'image_encoder.blocks.6.attn.lora_A_v.19.weight', 'image_encoder.blocks.0.attn.lora_A_v.19.weight', 'image_encoder.blocks.3.attn.lora_B_k.19.weight', 'image_encoder.blocks.1.attn.lora_B_k.19.weight', 'image_encoder.blocks.10.attn.lora_B_k.19.weight', 'image_encoder.blocks.5.attn.lora_A_v.19.weight', 'image_encoder.blocks.7.attn.lora_A_k.19.weight', 'image_encoder.blocks.7.attn.lora_B_k.19.weight', 'image_encoder.blocks.0.attn.lora_B_v.19.weight', 'image_encoder.blocks.7.attn.lora_B_v.19.weight', 'classifier_pool.19.bias', 'image_encoder.blocks.10.attn.lora_A_v.19.weight', 'image_encoder.blocks.4.attn.lora_A_k.19.weight', 'image_encoder.blocks.5.attn.lora_A_k.19.weight', 'image_encoder.blocks.8.attn.lora_A_k.19.weight', 'image_encoder.blocks.1.attn.lora_A_k.19.weight', 'image_encoder.blocks.9.attn.lora_A_k.19.weight', 'image_encoder.blocks.4.attn.lora_B_v.19.weight', 'image_encoder.blocks.3.attn.lora_B_v.19.weight', 'image_encoder.blocks.3.attn.lora_A_v.19.weight', 'image_encoder.blocks.4.attn.lora_B_k.19.weight', 'image_encoder.blocks.5.attn.lora_B_v.19.weight', 'image_encoder.blocks.8.attn.lora_A_v.19.weight', 'image_encoder.blocks.3.attn.lora_A_k.19.weight', 'image_encoder.blocks.6.attn.lora_B_v.19.weight', 'image_encoder.blocks.10.attn.lora_B_v.19.weight', 'image_encoder.blocks.2.attn.lora_A_v.19.weight', 'image_encoder.blocks.4.attn.lora_A_v.19.weight', 'image_encoder.blocks.11.attn.lora_B_v.19.weight', 'classifier_pool.19.weight', 'image_encoder.blocks.9.attn.lora_B_k.19.weight', 'image_encoder.blocks.7.attn.lora_A_v.19.weight', 'image_encoder.blocks.5.attn.lora_B_k.19.weight', 'image_encoder.blocks.6.attn.lora_B_k.19.weight', 'image_encoder.blocks.11.attn.lora_A_k.19.weight', 'image_encoder.blocks.2.attn.lora_A_k.19.weight', 'image_encoder.blocks.8.attn.lora_B_v.19.weight', 'image_encoder.blocks.0.attn.lora_B_k.19.weight', 'image_encoder.blocks.6.attn.lora_A_k.19.weight', 'image_encoder.blocks.10.attn.lora_A_k.19.weight', 'image_encoder.blocks.0.attn.lora_A_k.19.weight', 'image_encoder.blocks.11.attn.lora_A_v.19.weight', 'image_encoder.blocks.2.attn.lora_B_v.19.weight', 'image_encoder.blocks.9.attn.lora_B_v.19.weight', 'image_encoder.blocks.1.attn.lora_B_v.19.weight', 'image_encoder.blocks.11.attn.lora_B_k.19.weight', 'image_encoder.blocks.8.attn.lora_B_k.19.weight', 'image_encoder.blocks.1.attn.lora_A_v.19.weight', 'image_encoder.blocks.2.attn.lora_B_k.19.weight', 'image_encoder.blocks.9.attn.lora_A_v.19.weight'}
After trained on task 18 tensor(0.0273, device='cuda:0') tensor(0.0233, device='cuda:0')
After trained on task 18 tensor(0.0240, device='cuda:0') tensor(0.0274, device='cuda:0')
After trained on task 18 tensor(0.0238, device='cuda:0') tensor(0.0293, device='cuda:0')
After trained on task 18 tensor(0.0272, device='cuda:0') tensor(0.0315, device='cuda:0')
After trained on task 18 tensor(0.0256, device='cuda:0') tensor(0.0354, device='cuda:0')
After trained on task 18 tensor(0.0288, device='cuda:0') tensor(0.0389, device='cuda:0')
After trained on task 18 tensor(0.0345, device='cuda:0') tensor(0.0399, device='cuda:0')
After trained on task 18 tensor(0.0363, device='cuda:0') tensor(0.0459, device='cuda:0')
After trained on task 18 tensor(0.0350, device='cuda:0') tensor(0.0544, device='cuda:0')
After trained on task 18 tensor(0.0404, device='cuda:0') tensor(0.0611, device='cuda:0')
After trained on task 18 tensor(0.0401, device='cuda:0') tensor(0.0695, device='cuda:0')
After trained on task 18 tensor(0.0515, device='cuda:0') tensor(0.0914, device='cuda:0')
reserving basis 110/768; cond: 73571319808.0, ratio:0.9911457300186157
reserving basis 110/768; cond: 73571319808.0, ratio:0.9911457300186157
reserving basis 119/768; cond: 32461053952.0, ratio:0.9906734824180603
reserving basis 119/768; cond: 32461053952.0, ratio:0.9906734824180603
reserving basis 114/768; cond: 21833426944.0, ratio:0.9909804463386536
reserving basis 114/768; cond: 21833426944.0, ratio:0.9909804463386536
reserving basis 117/768; cond: 287902466048.0, ratio:0.9912856221199036
reserving basis 117/768; cond: 287902466048.0, ratio:0.9912856221199036
reserving basis 125/768; cond: 200007761920.0, ratio:0.9910033345222473
reserving basis 125/768; cond: 200007761920.0, ratio:0.9910033345222473
reserving basis 120/768; cond: 36237103104.0, ratio:0.9914258718490601
reserving basis 120/768; cond: 36237103104.0, ratio:0.9914258718490601
reserving basis 125/768; cond: 12988309504.0, ratio:0.9906013011932373
reserving basis 125/768; cond: 12988309504.0, ratio:0.9906013011932373
reserving basis 119/768; cond: 654288617472.0, ratio:0.9917085766792297
reserving basis 119/768; cond: 654288617472.0, ratio:0.9917085766792297
reserving basis 126/768; cond: 162035318784.0, ratio:0.9907695651054382
reserving basis 126/768; cond: 162035318784.0, ratio:0.9907695651054382
reserving basis 118/768; cond: 119599595520.0, ratio:0.9916359186172485
reserving basis 118/768; cond: 119599595520.0, ratio:0.9916359186172485
reserving basis 125/768; cond: 334552694784.0, ratio:0.9911867380142212
reserving basis 125/768; cond: 334552694784.0, ratio:0.9911867380142212
reserving basis 116/768; cond: 17140329472.0, ratio:0.9912378787994385
reserving basis 116/768; cond: 17140329472.0, ratio:0.9912378787994385
reserving basis 123/768; cond: 54736138240.0, ratio:0.9914222955703735
reserving basis 123/768; cond: 54736138240.0, ratio:0.9914222955703735
reserving basis 119/768; cond: 35917737984.0, ratio:0.9918212890625
reserving basis 119/768; cond: 35917737984.0, ratio:0.9918212890625
reserving basis 124/768; cond: 31884615680.0, ratio:0.9917262196540833
reserving basis 124/768; cond: 31884615680.0, ratio:0.9917262196540833
reserving basis 118/768; cond: 31083925504.0, ratio:0.9904950857162476
reserving basis 118/768; cond: 31083925504.0, ratio:0.9904950857162476
reserving basis 126/768; cond: 48962097152.0, ratio:0.9916054606437683
reserving basis 126/768; cond: 48962097152.0, ratio:0.9916054606437683
reserving basis 116/768; cond: 48070221824.0, ratio:0.9903988838195801
reserving basis 116/768; cond: 48070221824.0, ratio:0.9903988838195801
reserving basis 122/768; cond: 39781146624.0, ratio:0.9900615811347961
reserving basis 122/768; cond: 39781146624.0, ratio:0.9900615811347961
reserving basis 110/768; cond: 91106181120.0, ratio:0.9920481443405151
reserving basis 110/768; cond: 91106181120.0, ratio:0.9920481443405151
reserving basis 120/768; cond: 259567239168.0, ratio:0.991592526435852
reserving basis 120/768; cond: 259567239168.0, ratio:0.991592526435852
reserving basis 106/768; cond: 19051661312.0, ratio:0.9905108213424683
reserving basis 106/768; cond: 19051661312.0, ratio:0.9905108213424683
reserving basis 112/768; cond: 84654178304.0, ratio:0.9912865161895752
reserving basis 112/768; cond: 84654178304.0, ratio:0.9912865161895752
reserving basis 99/768; cond: 64804675584.0, ratio:0.9904462695121765
reserving basis 99/768; cond: 64804675584.0, ratio:0.9904462695121765
2026-04-27 21:01:11,741 [palora.py] => Task 19, Epoch 50/50 => Loss 0.577, Train_accy 94.26
2026-04-27 21:01:18,558 [trainer.py] => Time:203.76923394203186
1325 1325
2026-04-27 21:01:25,086 [trainer.py] => Time:6.527660369873047
2026-04-27 21:01:25,087 [trainer.py] => ACC: {'total': 66.04, '00-07': 73.98, '08-15': 76.52, '16-23': 82.3, '24-31': 79.67, '32-39': 74.29, '40-47': 60.67, '48-55': 72.12, '56-63': 76.86, '64-71': 70.37, '72-79': 71.43, '80-87': 40.43, '88-95': 52.94, '96-103': 25.0, '104-111': 40.74, '112-119': 44.0, '120-127': 42.86, '128-135': 43.33, '136-143': 40.0, '144-151': 35.56, '152-159': 57.69, 'old': 66.2, 'new': 57.69}
2026-04-27 21:01:25,087 [trainer.py] => ACC top1 curve: [86.18, 85.1, 86.68, 82.89, 81.82, 79.69, 78.25, 77.6, 76.05, 75.81, 75.46, 74.08, 72.76, 71.73, 71.13, 69.39, 68.43, 67.7, 66.36, 66.04]
Average Accuracy: 75.6575
2026-04-27 21:01:25,087 [trainer.py] => Average Accuracy: 75.6575
2026-04-27 21:01:25,092 [trainer.py] => All params: 116878051
2026-04-27 21:01:25,097 [trainer.py] => Trainable params: 374792
2026-04-27 21:01:25,097 [palora.py] => Learning on 160-168
Parameters to be updated: {'image_encoder.blocks.9.attn.lora_A_k.20.weight', 'image_encoder.blocks.3.attn.lora_B_v.20.weight', 'image_encoder.blocks.11.attn.lora_A_v.20.weight', 'image_encoder.blocks.0.attn.lora_B_k.20.weight', 'image_encoder.blocks.8.attn.lora_B_k.20.weight', 'classifier_pool.20.bias', 'image_encoder.blocks.7.attn.lora_A_v.20.weight', 'image_encoder.blocks.1.attn.lora_A_v.20.weight', 'image_encoder.blocks.5.attn.lora_B_v.20.weight', 'image_encoder.blocks.6.attn.lora_A_k.20.weight', 'image_encoder.blocks.9.attn.lora_B_v.20.weight', 'image_encoder.blocks.9.attn.lora_A_v.20.weight', 'image_encoder.blocks.2.attn.lora_A_k.20.weight', 'image_encoder.blocks.11.attn.lora_A_k.20.weight', 'image_encoder.blocks.5.attn.lora_A_v.20.weight', 'image_encoder.blocks.2.attn.lora_B_v.20.weight', 'image_encoder.blocks.0.attn.lora_B_v.20.weight', 'image_encoder.blocks.5.attn.lora_B_k.20.weight', 'image_encoder.blocks.2.attn.lora_B_k.20.weight', 'image_encoder.blocks.4.attn.lora_A_k.20.weight', 'image_encoder.blocks.7.attn.lora_B_k.20.weight', 'image_encoder.blocks.10.attn.lora_A_k.20.weight', 'image_encoder.blocks.6.attn.lora_B_v.20.weight', 'image_encoder.blocks.2.attn.lora_A_v.20.weight', 'image_encoder.blocks.8.attn.lora_A_k.20.weight', 'image_encoder.blocks.3.attn.lora_A_k.20.weight', 'image_encoder.blocks.6.attn.lora_B_k.20.weight', 'image_encoder.blocks.8.attn.lora_B_v.20.weight', 'image_encoder.blocks.4.attn.lora_B_v.20.weight', 'classifier_pool.20.weight', 'image_encoder.blocks.10.attn.lora_A_v.20.weight', 'image_encoder.blocks.4.attn.lora_B_k.20.weight', 'image_encoder.blocks.0.attn.lora_A_k.20.weight', 'image_encoder.blocks.3.attn.lora_A_v.20.weight', 'image_encoder.blocks.1.attn.lora_B_v.20.weight', 'image_encoder.blocks.1.attn.lora_A_k.20.weight', 'image_encoder.blocks.10.attn.lora_B_v.20.weight', 'image_encoder.blocks.5.attn.lora_A_k.20.weight', 'image_encoder.blocks.9.attn.lora_B_k.20.weight', 'image_encoder.blocks.1.attn.lora_B_k.20.weight', 'image_encoder.blocks.3.attn.lora_B_k.20.weight', 'image_encoder.blocks.11.attn.lora_B_v.20.weight', 'image_encoder.blocks.7.attn.lora_B_v.20.weight', 'image_encoder.blocks.10.attn.lora_B_k.20.weight', 'image_encoder.blocks.7.attn.lora_A_k.20.weight', 'image_encoder.blocks.11.attn.lora_B_k.20.weight', 'image_encoder.blocks.0.attn.lora_A_v.20.weight', 'image_encoder.blocks.6.attn.lora_A_v.20.weight', 'image_encoder.blocks.4.attn.lora_A_v.20.weight', 'image_encoder.blocks.8.attn.lora_A_v.20.weight'}
After trained on task 19 tensor(0.0219, device='cuda:0') tensor(0.0220, device='cuda:0')
After trained on task 19 tensor(0.0215, device='cuda:0') tensor(0.0273, device='cuda:0')
After trained on task 19 tensor(0.0240, device='cuda:0') tensor(0.0275, device='cuda:0')
After trained on task 19 tensor(0.0243, device='cuda:0') tensor(0.0325, device='cuda:0')
After trained on task 19 tensor(0.0237, device='cuda:0') tensor(0.0326, device='cuda:0')
After trained on task 19 tensor(0.0307, device='cuda:0') tensor(0.0359, device='cuda:0')
After trained on task 19 tensor(0.0304, device='cuda:0') tensor(0.0378, device='cuda:0')
After trained on task 19 tensor(0.0335, device='cuda:0') tensor(0.0426, device='cuda:0')
After trained on task 19 tensor(0.0354, device='cuda:0') tensor(0.0442, device='cuda:0')
After trained on task 19 tensor(0.0359, device='cuda:0') tensor(0.0505, device='cuda:0')
After trained on task 19 tensor(0.0380, device='cuda:0') tensor(0.0643, device='cuda:0')
After trained on task 19 tensor(0.0443, device='cuda:0') tensor(0.0647, device='cuda:0')
reserving basis 113/768; cond: 44634173440.0, ratio:0.990624189376831
reserving basis 113/768; cond: 44634173440.0, ratio:0.990624189376831
reserving basis 122/768; cond: 50394648576.0, ratio:0.9904013872146606
reserving basis 122/768; cond: 50394648576.0, ratio:0.9904013872146606
reserving basis 117/768; cond: 39696064512.0, ratio:0.9903774857521057
reserving basis 117/768; cond: 39696064512.0, ratio:0.9903774857521057
reserving basis 121/768; cond: 27537819648.0, ratio:0.9911138415336609
reserving basis 121/768; cond: 27537819648.0, ratio:0.9911138415336609
reserving basis 129/768; cond: 76614647808.0, ratio:0.9912395477294922
reserving basis 129/768; cond: 76614647808.0, ratio:0.9912395477294922
reserving basis 123/768; cond: 144502980608.0, ratio:0.990746796131134
reserving basis 123/768; cond: 144502980608.0, ratio:0.990746796131134
reserving basis 128/768; cond: 284779511808.0, ratio:0.9900009036064148
reserving basis 128/768; cond: 284779511808.0, ratio:0.9900009036064148
reserving basis 122/768; cond: 272830431232.0, ratio:0.9901628494262695
reserving basis 122/768; cond: 272830431232.0, ratio:0.9901628494262695
reserving basis 130/768; cond: 289477001216.0, ratio:0.9916496872901917
reserving basis 130/768; cond: 289477001216.0, ratio:0.9916496872901917
reserving basis 121/768; cond: 32963094528.0, ratio:0.9906982183456421
reserving basis 121/768; cond: 32963094528.0, ratio:0.9906982183456421
reserving basis 129/768; cond: 16375984128.0, ratio:0.9907686114311218
reserving basis 129/768; cond: 16375984128.0, ratio:0.9907686114311218
reserving basis 119/768; cond: 37296443392.0, ratio:0.9911483526229858
reserving basis 119/768; cond: 37296443392.0, ratio:0.9911483526229858
reserving basis 126/768; cond: 71787864064.0, ratio:0.9900763034820557
reserving basis 126/768; cond: 71787864064.0, ratio:0.9900763034820557
reserving basis 122/768; cond: 57962123264.0, ratio:0.9911861419677734
reserving basis 122/768; cond: 57962123264.0, ratio:0.9911861419677734
reserving basis 127/768; cond: 1624620269568.0, ratio:0.9903231263160706
reserving basis 127/768; cond: 1624620269568.0, ratio:0.9903231263160706
reserving basis 122/768; cond: 30189410304.0, ratio:0.9917321801185608
reserving basis 122/768; cond: 30189410304.0, ratio:0.9917321801185608
reserving basis 129/768; cond: 34523099136.0, ratio:0.9904230237007141
reserving basis 129/768; cond: 34523099136.0, ratio:0.9904230237007141
reserving basis 119/768; cond: 82027888640.0, ratio:0.9900509119033813
reserving basis 119/768; cond: 82027888640.0, ratio:0.9900509119033813
reserving basis 125/768; cond: 757053718528.0, ratio:0.9901291728019714
reserving basis 125/768; cond: 757053718528.0, ratio:0.9901291728019714
reserving basis 113/768; cond: 66974294016.0, ratio:0.9905952215194702
reserving basis 113/768; cond: 66974294016.0, ratio:0.9905952215194702
reserving basis 123/768; cond: 253808181248.0, ratio:0.990312933921814
reserving basis 123/768; cond: 253808181248.0, ratio:0.990312933921814
reserving basis 109/768; cond: 8201614848.0, ratio:0.9915289282798767
reserving basis 109/768; cond: 8201614848.0, ratio:0.9915289282798767
reserving basis 115/768; cond: 28526538752.0, ratio:0.9904989004135132
reserving basis 115/768; cond: 28526538752.0, ratio:0.9904989004135132
reserving basis 102/768; cond: 94498283520.0, ratio:0.9918231964111328
reserving basis 102/768; cond: 94498283520.0, ratio:0.9918231964111328
2026-04-27 21:04:59,037 [palora.py] => Task 20, Epoch 50/50 => Loss 0.600, Train_accy 96.13
2026-04-27 21:05:07,039 [trainer.py] => Time:221.94209337234497
1367 1367
2026-04-27 21:05:13,548 [trainer.py] => Time:6.508443593978882
2026-04-27 21:05:13,548 [trainer.py] => ACC: {'total': 64.52, '00-07': 73.98, '08-15': 77.27, '16-23': 82.3, '24-31': 78.86, '32-39': 74.29, '40-47': 57.3, '48-55': 72.12, '56-63': 76.86, '64-71': 70.37, '72-79': 67.86, '80-87': 40.43, '88-95': 50.0, '96-103': 22.5, '104-111': 33.33, '112-119': 44.0, '120-127': 42.86, '128-135': 43.33, '136-143': 40.0, '144-151': 33.33, '152-159': 50.0, '160-167': 42.86, 'old': 65.21, 'new': 42.86}
2026-04-27 21:05:13,548 [trainer.py] => ACC top1 curve: [86.18, 85.1, 86.68, 82.89, 81.82, 79.69, 78.25, 77.6, 76.05, 75.81, 75.46, 74.08, 72.76, 71.73, 71.13, 69.39, 68.43, 67.7, 66.36, 66.04, 64.52]
Average Accuracy: 75.12714285714286
2026-04-27 21:05:13,548 [trainer.py] => Average Accuracy: 75.12714285714286
2026-04-27 21:05:13,553 [trainer.py] => All params: 116878051
2026-04-27 21:05:13,558 [trainer.py] => Trainable params: 374792
2026-04-27 21:05:13,558 [palora.py] => Learning on 168-176
Parameters to be updated: {'image_encoder.blocks.5.attn.lora_B_v.21.weight', 'image_encoder.blocks.11.attn.lora_B_k.21.weight', 'image_encoder.blocks.7.attn.lora_A_v.21.weight', 'image_encoder.blocks.0.attn.lora_B_v.21.weight', 'image_encoder.blocks.8.attn.lora_B_k.21.weight', 'image_encoder.blocks.9.attn.lora_B_v.21.weight', 'image_encoder.blocks.2.attn.lora_A_k.21.weight', 'image_encoder.blocks.3.attn.lora_B_v.21.weight', 'image_encoder.blocks.6.attn.lora_A_v.21.weight', 'image_encoder.blocks.11.attn.lora_A_v.21.weight', 'image_encoder.blocks.10.attn.lora_B_k.21.weight', 'image_encoder.blocks.5.attn.lora_A_k.21.weight', 'image_encoder.blocks.7.attn.lora_B_v.21.weight', 'image_encoder.blocks.3.attn.lora_A_v.21.weight', 'classifier_pool.21.weight', 'image_encoder.blocks.6.attn.lora_B_v.21.weight', 'image_encoder.blocks.6.attn.lora_B_k.21.weight', 'image_encoder.blocks.10.attn.lora_A_v.21.weight', 'image_encoder.blocks.4.attn.lora_A_k.21.weight', 'image_encoder.blocks.2.attn.lora_A_v.21.weight', 'image_encoder.blocks.6.attn.lora_A_k.21.weight', 'image_encoder.blocks.4.attn.lora_B_k.21.weight', 'image_encoder.blocks.3.attn.lora_B_k.21.weight', 'image_encoder.blocks.2.attn.lora_B_k.21.weight', 'image_encoder.blocks.10.attn.lora_A_k.21.weight', 'image_encoder.blocks.4.attn.lora_B_v.21.weight', 'image_encoder.blocks.0.attn.lora_A_v.21.weight', 'image_encoder.blocks.1.attn.lora_B_v.21.weight', 'image_encoder.blocks.0.attn.lora_B_k.21.weight', 'image_encoder.blocks.9.attn.lora_B_k.21.weight', 'image_encoder.blocks.9.attn.lora_A_k.21.weight', 'image_encoder.blocks.10.attn.lora_B_v.21.weight', 'classifier_pool.21.bias', 'image_encoder.blocks.0.attn.lora_A_k.21.weight', 'image_encoder.blocks.9.attn.lora_A_v.21.weight', 'image_encoder.blocks.2.attn.lora_B_v.21.weight', 'image_encoder.blocks.1.attn.lora_A_k.21.weight', 'image_encoder.blocks.8.attn.lora_A_k.21.weight', 'image_encoder.blocks.8.attn.lora_A_v.21.weight', 'image_encoder.blocks.11.attn.lora_B_v.21.weight', 'image_encoder.blocks.3.attn.lora_A_k.21.weight', 'image_encoder.blocks.1.attn.lora_B_k.21.weight', 'image_encoder.blocks.5.attn.lora_B_k.21.weight', 'image_encoder.blocks.5.attn.lora_A_v.21.weight', 'image_encoder.blocks.11.attn.lora_A_k.21.weight', 'image_encoder.blocks.7.attn.lora_B_k.21.weight', 'image_encoder.blocks.8.attn.lora_B_v.21.weight', 'image_encoder.blocks.4.attn.lora_A_v.21.weight', 'image_encoder.blocks.1.attn.lora_A_v.21.weight', 'image_encoder.blocks.7.attn.lora_A_k.21.weight'}
After trained on task 20 tensor(0.0215, device='cuda:0') tensor(0.0210, device='cuda:0')
After trained on task 20 tensor(0.0200, device='cuda:0') tensor(0.0227, device='cuda:0')
After trained on task 20 tensor(0.0226, device='cuda:0') tensor(0.0264, device='cuda:0')
After trained on task 20 tensor(0.0216, device='cuda:0') tensor(0.0329, device='cuda:0')
After trained on task 20 tensor(0.0275, device='cuda:0') tensor(0.0366, device='cuda:0')
After trained on task 20 tensor(0.0307, device='cuda:0') tensor(0.0402, device='cuda:0')
After trained on task 20 tensor(0.0328, device='cuda:0') tensor(0.0439, device='cuda:0')
After trained on task 20 tensor(0.0372, device='cuda:0') tensor(0.0511, device='cuda:0')
After trained on task 20 tensor(0.0421, device='cuda:0') tensor(0.0604, device='cuda:0')
After trained on task 20 tensor(0.0455, device='cuda:0') tensor(0.0805, device='cuda:0')
After trained on task 20 tensor(0.0505, device='cuda:0') tensor(0.0951, device='cuda:0')
After trained on task 20 tensor(0.0546, device='cuda:0') tensor(0.1142, device='cuda:0')
reserving basis 117/768; cond: 71803084800.0, ratio:0.9917077422142029
reserving basis 117/768; cond: 71803084800.0, ratio:0.9917077422142029
reserving basis 126/768; cond: 9925950464.0, ratio:0.990850567817688
reserving basis 126/768; cond: 9925950464.0, ratio:0.990850567817688
reserving basis 120/768; cond: 109911605248.0, ratio:0.9916988611221313
reserving basis 120/768; cond: 109911605248.0, ratio:0.9916988611221313
reserving basis 124/768; cond: 44858081280.0, ratio:0.9915851354598999
reserving basis 124/768; cond: 44858081280.0, ratio:0.9915851354598999
reserving basis 132/768; cond: 895566151680.0, ratio:0.9902129173278809
reserving basis 132/768; cond: 895566151680.0, ratio:0.9902129173278809
reserving basis 126/768; cond: 36358320128.0, ratio:0.9905063509941101
reserving basis 126/768; cond: 36358320128.0, ratio:0.9905063509941101
reserving basis 132/768; cond: 40573018112.0, ratio:0.9910149574279785
reserving basis 132/768; cond: 40573018112.0, ratio:0.9910149574279785
reserving basis 125/768; cond: 105639567360.0, ratio:0.990461528301239
reserving basis 125/768; cond: 105639567360.0, ratio:0.990461528301239
reserving basis 134/768; cond: 99479519232.0, ratio:0.9912958145141602
reserving basis 134/768; cond: 99479519232.0, ratio:0.9912958145141602
reserving basis 125/768; cond: 26112247808.0, ratio:0.9914658665657043
reserving basis 125/768; cond: 26112247808.0, ratio:0.9914658665657043
reserving basis 132/768; cond: 341297037312.0, ratio:0.9901968836784363
reserving basis 132/768; cond: 341297037312.0, ratio:0.9901968836784363
reserving basis 123/768; cond: 105766633472.0, ratio:0.9915962219238281
reserving basis 123/768; cond: 105766633472.0, ratio:0.9915962219238281
reserving basis 129/768; cond: 44819922944.0, ratio:0.9903908371925354
reserving basis 129/768; cond: 44819922944.0, ratio:0.9903908371925354
reserving basis 126/768; cond: 25585958912.0, ratio:0.9913040995597839
reserving basis 126/768; cond: 25585958912.0, ratio:0.9913040995597839
reserving basis 131/768; cond: 63659302912.0, ratio:0.9915986061096191
reserving basis 131/768; cond: 63659302912.0, ratio:0.9915986061096191
reserving basis 125/768; cond: 12988699648.0, ratio:0.9901105165481567
reserving basis 125/768; cond: 12988699648.0, ratio:0.9901105165481567
reserving basis 133/768; cond: 13705449472.0, ratio:0.9912865161895752
reserving basis 133/768; cond: 13705449472.0, ratio:0.9912865161895752
reserving basis 123/768; cond: 12740175872.0, ratio:0.9908376932144165
reserving basis 123/768; cond: 12740175872.0, ratio:0.9908376932144165
reserving basis 129/768; cond: 132020363264.0, ratio:0.9912654757499695
reserving basis 129/768; cond: 132020363264.0, ratio:0.9912654757499695
reserving basis 116/768; cond: 63000285184.0, ratio:0.9908112287521362
reserving basis 116/768; cond: 63000285184.0, ratio:0.9908112287521362
reserving basis 127/768; cond: 18043435008.0, ratio:0.9913621544837952
reserving basis 127/768; cond: 18043435008.0, ratio:0.9913621544837952
reserving basis 112/768; cond: 13031602176.0, ratio:0.9918816089630127
reserving basis 112/768; cond: 13031602176.0, ratio:0.9918816089630127
reserving basis 119/768; cond: 989909352448.0, ratio:0.9912716150283813
reserving basis 119/768; cond: 989909352448.0, ratio:0.9912716150283813
reserving basis 105/768; cond: 27651463168.0, ratio:0.991500973701477
reserving basis 105/768; cond: 27651463168.0, ratio:0.991500973701477
2026-04-27 21:08:26,934 [palora.py] => Task 21, Epoch 50/50 => Loss 0.704, Train_accy 92.80
2026-04-27 21:08:34,420 [trainer.py] => Time:200.8622784614563
1397 1397
2026-04-27 21:08:41,070 [trainer.py] => Time:6.649189710617065
2026-04-27 21:08:41,070 [trainer.py] => ACC: {'total': 63.78, '00-07': 73.98, '08-15': 77.27, '16-23': 83.19, '24-31': 79.67, '32-39': 74.29, '40-47': 57.3, '48-55': 72.12, '56-63': 76.86, '64-71': 70.37, '72-79': 67.86, '80-87': 42.55, '88-95': 50.0, '96-103': 20.0, '104-111': 33.33, '112-119': 44.0, '120-127': 42.86, '128-135': 43.33, '136-143': 36.0, '144-151': 33.33, '152-159': 50.0, '160-167': 42.86, '168-175': 26.67, 'old': 64.59, 'new': 26.67}
2026-04-27 21:08:41,071 [trainer.py] => ACC top1 curve: [86.18, 85.1, 86.68, 82.89, 81.82, 79.69, 78.25, 77.6, 76.05, 75.81, 75.46, 74.08, 72.76, 71.73, 71.13, 69.39, 68.43, 67.7, 66.36, 66.04, 64.52, 63.78]
Average Accuracy: 74.61136363636363
2026-04-27 21:08:41,071 [trainer.py] => Average Accuracy: 74.61136363636363
2026-04-27 21:08:41,076 [trainer.py] => All params: 116878051
2026-04-27 21:08:41,081 [trainer.py] => Trainable params: 374792
2026-04-27 21:08:41,081 [palora.py] => Learning on 176-184
Parameters to be updated: {'image_encoder.blocks.11.attn.lora_B_v.22.weight', 'image_encoder.blocks.7.attn.lora_A_v.22.weight', 'image_encoder.blocks.3.attn.lora_B_v.22.weight', 'image_encoder.blocks.4.attn.lora_A_k.22.weight', 'image_encoder.blocks.2.attn.lora_B_v.22.weight', 'image_encoder.blocks.7.attn.lora_B_k.22.weight', 'image_encoder.blocks.10.attn.lora_A_k.22.weight', 'image_encoder.blocks.10.attn.lora_B_v.22.weight', 'image_encoder.blocks.11.attn.lora_B_k.22.weight', 'image_encoder.blocks.0.attn.lora_B_v.22.weight', 'image_encoder.blocks.6.attn.lora_B_k.22.weight', 'image_encoder.blocks.1.attn.lora_B_k.22.weight', 'image_encoder.blocks.8.attn.lora_B_v.22.weight', 'image_encoder.blocks.5.attn.lora_B_v.22.weight', 'image_encoder.blocks.0.attn.lora_A_k.22.weight', 'image_encoder.blocks.2.attn.lora_A_k.22.weight', 'image_encoder.blocks.11.attn.lora_A_v.22.weight', 'image_encoder.blocks.4.attn.lora_B_v.22.weight', 'image_encoder.blocks.4.attn.lora_B_k.22.weight', 'image_encoder.blocks.4.attn.lora_A_v.22.weight', 'image_encoder.blocks.5.attn.lora_B_k.22.weight', 'image_encoder.blocks.6.attn.lora_B_v.22.weight', 'image_encoder.blocks.11.attn.lora_A_k.22.weight', 'image_encoder.blocks.7.attn.lora_B_v.22.weight', 'image_encoder.blocks.10.attn.lora_B_k.22.weight', 'image_encoder.blocks.6.attn.lora_A_v.22.weight', 'image_encoder.blocks.1.attn.lora_A_k.22.weight', 'image_encoder.blocks.8.attn.lora_A_k.22.weight', 'image_encoder.blocks.9.attn.lora_B_v.22.weight', 'classifier_pool.22.weight', 'image_encoder.blocks.0.attn.lora_A_v.22.weight', 'image_encoder.blocks.1.attn.lora_B_v.22.weight', 'image_encoder.blocks.8.attn.lora_B_k.22.weight', 'image_encoder.blocks.10.attn.lora_A_v.22.weight', 'image_encoder.blocks.0.attn.lora_B_k.22.weight', 'classifier_pool.22.bias', 'image_encoder.blocks.3.attn.lora_A_k.22.weight', 'image_encoder.blocks.7.attn.lora_A_k.22.weight', 'image_encoder.blocks.9.attn.lora_A_k.22.weight', 'image_encoder.blocks.8.attn.lora_A_v.22.weight', 'image_encoder.blocks.9.attn.lora_A_v.22.weight', 'image_encoder.blocks.6.attn.lora_A_k.22.weight', 'image_encoder.blocks.9.attn.lora_B_k.22.weight', 'image_encoder.blocks.5.attn.lora_A_v.22.weight', 'image_encoder.blocks.3.attn.lora_B_k.22.weight', 'image_encoder.blocks.1.attn.lora_A_v.22.weight', 'image_encoder.blocks.2.attn.lora_A_v.22.weight', 'image_encoder.blocks.5.attn.lora_A_k.22.weight', 'image_encoder.blocks.3.attn.lora_A_v.22.weight', 'image_encoder.blocks.2.attn.lora_B_k.22.weight'}
After trained on task 21 tensor(0.0231, device='cuda:0') tensor(0.0211, device='cuda:0')
After trained on task 21 tensor(0.0219, device='cuda:0') tensor(0.0253, device='cuda:0')
After trained on task 21 tensor(0.0204, device='cuda:0') tensor(0.0282, device='cuda:0')
After trained on task 21 tensor(0.0218, device='cuda:0') tensor(0.0292, device='cuda:0')
After trained on task 21 tensor(0.0233, device='cuda:0') tensor(0.0309, device='cuda:0')
After trained on task 21 tensor(0.0256, device='cuda:0') tensor(0.0328, device='cuda:0')
After trained on task 21 tensor(0.0288, device='cuda:0') tensor(0.0363, device='cuda:0')
After trained on task 21 tensor(0.0301, device='cuda:0') tensor(0.0380, device='cuda:0')
After trained on task 21 tensor(0.0336, device='cuda:0') tensor(0.0428, device='cuda:0')
After trained on task 21 tensor(0.0343, device='cuda:0') tensor(0.0505, device='cuda:0')
After trained on task 21 tensor(0.0353, device='cuda:0') tensor(0.0556, device='cuda:0')
After trained on task 21 tensor(0.0421, device='cuda:0') tensor(0.0627, device='cuda:0')
reserving basis 120/768; cond: 24320559104.0, ratio:0.9902594685554504
reserving basis 120/768; cond: 24320559104.0, ratio:0.9902594685554504
reserving basis 129/768; cond: 12281135104.0, ratio:0.9905974268913269
reserving basis 129/768; cond: 12281135104.0, ratio:0.9905974268913269
reserving basis 123/768; cond: 166208028672.0, ratio:0.9909774661064148
reserving basis 123/768; cond: 166208028672.0, ratio:0.9909774661064148
reserving basis 127/768; cond: 868868292608.0, ratio:0.991593062877655
reserving basis 127/768; cond: 868868292608.0, ratio:0.991593062877655
reserving basis 135/768; cond: 26310891520.0, ratio:0.990317165851593
reserving basis 135/768; cond: 26310891520.0, ratio:0.990317165851593
reserving basis 130/768; cond: 140498927616.0, ratio:0.9916821122169495
reserving basis 130/768; cond: 140498927616.0, ratio:0.9916821122169495
reserving basis 135/768; cond: 421503467520.0, ratio:0.9913228750228882
reserving basis 135/768; cond: 421503467520.0, ratio:0.9913228750228882
reserving basis 128/768; cond: 34091216896.0, ratio:0.9902525544166565
reserving basis 128/768; cond: 34091216896.0, ratio:0.9902525544166565
reserving basis 137/768; cond: 55930720256.0, ratio:0.9901214838027954
reserving basis 137/768; cond: 55930720256.0, ratio:0.9901214838027954
reserving basis 127/768; cond: 50137468928.0, ratio:0.9909247756004333
reserving basis 127/768; cond: 50137468928.0, ratio:0.9909247756004333
reserving basis 135/768; cond: 135498563584.0, ratio:0.9910697937011719
reserving basis 135/768; cond: 135498563584.0, ratio:0.9910697937011719
reserving basis 126/768; cond: 81748844544.0, ratio:0.99150151014328
reserving basis 126/768; cond: 81748844544.0, ratio:0.99150151014328
reserving basis 132/768; cond: 15040182272.0, ratio:0.9910033941268921
reserving basis 132/768; cond: 15040182272.0, ratio:0.9910033941268921
reserving basis 129/768; cond: 44242108416.0, ratio:0.9913777709007263
reserving basis 129/768; cond: 44242108416.0, ratio:0.9913777709007263
reserving basis 133/768; cond: 35233611776.0, ratio:0.9903481006622314
reserving basis 133/768; cond: 35233611776.0, ratio:0.9903481006622314
reserving basis 128/768; cond: 14891778048.0, ratio:0.9907814860343933
reserving basis 128/768; cond: 14891778048.0, ratio:0.9907814860343933
reserving basis 136/768; cond: 20604770304.0, ratio:0.9905419945716858
reserving basis 136/768; cond: 20604770304.0, ratio:0.9905419945716858
reserving basis 126/768; cond: 94162264064.0, ratio:0.9904337525367737
reserving basis 126/768; cond: 94162264064.0, ratio:0.9904337525367737
reserving basis 132/768; cond: 34128314368.0, ratio:0.9904378056526184
reserving basis 132/768; cond: 34128314368.0, ratio:0.9904378056526184
reserving basis 119/768; cond: 28770402304.0, ratio:0.9901083111763
reserving basis 119/768; cond: 28770402304.0, ratio:0.9901083111763
reserving basis 130/768; cond: 171956355072.0, ratio:0.9906740784645081
reserving basis 130/768; cond: 171956355072.0, ratio:0.9906740784645081
reserving basis 115/768; cond: 22724395008.0, ratio:0.9914474487304688
reserving basis 115/768; cond: 22724395008.0, ratio:0.9914474487304688
reserving basis 122/768; cond: 135034822656.0, ratio:0.9909138679504395
reserving basis 122/768; cond: 135034822656.0, ratio:0.9909138679504395
reserving basis 107/768; cond: 56883707904.0, ratio:0.9905580282211304
reserving basis 107/768; cond: 56883707904.0, ratio:0.9905580282211304
2026-04-27 21:12:00,527 [palora.py] => Task 22, Epoch 50/50 => Loss 0.896, Train_accy 85.93
2026-04-27 21:12:08,104 [trainer.py] => Time:207.02238082885742
1423 1423
2026-04-27 21:12:14,913 [trainer.py] => Time:6.809132814407349
2026-04-27 21:12:14,914 [trainer.py] => ACC: {'total': 63.04, '00-07': 73.98, '08-15': 77.27, '16-23': 83.19, '24-31': 77.24, '32-39': 74.29, '40-47': 58.43, '48-55': 72.12, '56-63': 76.86, '64-71': 70.37, '72-79': 67.86, '80-87': 40.43, '88-95': 50.0, '96-103': 20.0, '104-111': 33.33, '112-119': 44.0, '120-127': 42.86, '128-135': 43.33, '136-143': 36.0, '144-151': 33.33, '152-159': 50.0, '160-167': 42.86, '168-175': 26.67, '176-183': 34.62, 'old': 63.56, 'new': 34.62}
2026-04-27 21:12:14,914 [trainer.py] => ACC top1 curve: [86.18, 85.1, 86.68, 82.89, 81.82, 79.69, 78.25, 77.6, 76.05, 75.81, 75.46, 74.08, 72.76, 71.73, 71.13, 69.39, 68.43, 67.7, 66.36, 66.04, 64.52, 63.78, 63.04]
Average Accuracy: 74.10826086956521
2026-04-27 21:12:14,914 [trainer.py] => Average Accuracy: 74.10826086956521
2026-04-27 21:12:14,919 [trainer.py] => All params: 116878051
2026-04-27 21:12:14,924 [trainer.py] => Trainable params: 374792
2026-04-27 21:12:14,924 [palora.py] => Learning on 184-192
Parameters to be updated: {'image_encoder.blocks.11.attn.lora_A_k.23.weight', 'image_encoder.blocks.2.attn.lora_A_k.23.weight', 'classifier_pool.23.bias', 'image_encoder.blocks.11.attn.lora_B_v.23.weight', 'image_encoder.blocks.3.attn.lora_A_v.23.weight', 'image_encoder.blocks.8.attn.lora_B_k.23.weight', 'image_encoder.blocks.7.attn.lora_B_v.23.weight', 'image_encoder.blocks.10.attn.lora_B_k.23.weight', 'image_encoder.blocks.10.attn.lora_A_v.23.weight', 'image_encoder.blocks.10.attn.lora_A_k.23.weight', 'image_encoder.blocks.4.attn.lora_B_k.23.weight', 'image_encoder.blocks.1.attn.lora_A_v.23.weight', 'image_encoder.blocks.10.attn.lora_B_v.23.weight', 'image_encoder.blocks.5.attn.lora_B_k.23.weight', 'image_encoder.blocks.5.attn.lora_B_v.23.weight', 'image_encoder.blocks.9.attn.lora_B_v.23.weight', 'image_encoder.blocks.3.attn.lora_B_k.23.weight', 'image_encoder.blocks.4.attn.lora_A_v.23.weight', 'image_encoder.blocks.0.attn.lora_A_k.23.weight', 'image_encoder.blocks.0.attn.lora_B_k.23.weight', 'image_encoder.blocks.7.attn.lora_B_k.23.weight', 'image_encoder.blocks.0.attn.lora_B_v.23.weight', 'image_encoder.blocks.7.attn.lora_A_v.23.weight', 'image_encoder.blocks.5.attn.lora_A_k.23.weight', 'image_encoder.blocks.11.attn.lora_B_k.23.weight', 'image_encoder.blocks.6.attn.lora_B_k.23.weight', 'image_encoder.blocks.8.attn.lora_A_v.23.weight', 'image_encoder.blocks.4.attn.lora_B_v.23.weight', 'classifier_pool.23.weight', 'image_encoder.blocks.5.attn.lora_A_v.23.weight', 'image_encoder.blocks.6.attn.lora_A_v.23.weight', 'image_encoder.blocks.9.attn.lora_A_v.23.weight', 'image_encoder.blocks.2.attn.lora_B_k.23.weight', 'image_encoder.blocks.3.attn.lora_A_k.23.weight', 'image_encoder.blocks.1.attn.lora_B_v.23.weight', 'image_encoder.blocks.1.attn.lora_A_k.23.weight', 'image_encoder.blocks.1.attn.lora_B_k.23.weight', 'image_encoder.blocks.8.attn.lora_A_k.23.weight', 'image_encoder.blocks.9.attn.lora_A_k.23.weight', 'image_encoder.blocks.9.attn.lora_B_k.23.weight', 'image_encoder.blocks.0.attn.lora_A_v.23.weight', 'image_encoder.blocks.6.attn.lora_B_v.23.weight', 'image_encoder.blocks.3.attn.lora_B_v.23.weight', 'image_encoder.blocks.2.attn.lora_B_v.23.weight', 'image_encoder.blocks.4.attn.lora_A_k.23.weight', 'image_encoder.blocks.2.attn.lora_A_v.23.weight', 'image_encoder.blocks.7.attn.lora_A_k.23.weight', 'image_encoder.blocks.8.attn.lora_B_v.23.weight', 'image_encoder.blocks.11.attn.lora_A_v.23.weight', 'image_encoder.blocks.6.attn.lora_A_k.23.weight'}
After trained on task 22 tensor(0.0200, device='cuda:0') tensor(0.0211, device='cuda:0')
After trained on task 22 tensor(0.0207, device='cuda:0') tensor(0.0219, device='cuda:0')
After trained on task 22 tensor(0.0208, device='cuda:0') tensor(0.0234, device='cuda:0')
After trained on task 22 tensor(0.0204, device='cuda:0') tensor(0.0266, device='cuda:0')
After trained on task 22 tensor(0.0230, device='cuda:0') tensor(0.0293, device='cuda:0')
After trained on task 22 tensor(0.0283, device='cuda:0') tensor(0.0297, device='cuda:0')
After trained on task 22 tensor(0.0272, device='cuda:0') tensor(0.0310, device='cuda:0')
After trained on task 22 tensor(0.0293, device='cuda:0') tensor(0.0381, device='cuda:0')
After trained on task 22 tensor(0.0297, device='cuda:0') tensor(0.0444, device='cuda:0')
After trained on task 22 tensor(0.0340, device='cuda:0') tensor(0.0500, device='cuda:0')
After trained on task 22 tensor(0.0307, device='cuda:0') tensor(0.0547, device='cuda:0')
After trained on task 22 tensor(0.0379, device='cuda:0') tensor(0.0653, device='cuda:0')
reserving basis 123/768; cond: 16006808576.0, ratio:0.9917271137237549
reserving basis 123/768; cond: 16006808576.0, ratio:0.9917271137237549
reserving basis 132/768; cond: 41555742720.0, ratio:0.9907659888267517
reserving basis 132/768; cond: 41555742720.0, ratio:0.9907659888267517
reserving basis 126/768; cond: 129224777728.0, ratio:0.9905986189842224
reserving basis 126/768; cond: 129224777728.0, ratio:0.9905986189842224
reserving basis 130/768; cond: 70017662976.0, ratio:0.9905823469161987
reserving basis 130/768; cond: 70017662976.0, ratio:0.9905823469161987
reserving basis 138/768; cond: 74240835584.0, ratio:0.9906459450721741
reserving basis 138/768; cond: 74240835584.0, ratio:0.9906459450721741
reserving basis 133/768; cond: 12764958720.0, ratio:0.9912217259407043
reserving basis 133/768; cond: 12764958720.0, ratio:0.9912217259407043
reserving basis 138/768; cond: 78500405248.0, ratio:0.9900834560394287
reserving basis 138/768; cond: 78500405248.0, ratio:0.9900834560394287
reserving basis 130/768; cond: 505262931968.0, ratio:0.9905056357383728
reserving basis 130/768; cond: 505262931968.0, ratio:0.9905056357383728
reserving basis 140/768; cond: 204027166720.0, ratio:0.9911437034606934
reserving basis 140/768; cond: 204027166720.0, ratio:0.9911437034606934
reserving basis 130/768; cond: 28628799488.0, ratio:0.9912195205688477
reserving basis 130/768; cond: 28628799488.0, ratio:0.9912195205688477
reserving basis 138/768; cond: 40329555968.0, ratio:0.9912723302841187
reserving basis 138/768; cond: 40329555968.0, ratio:0.9912723302841187
reserving basis 128/768; cond: 24404455424.0, ratio:0.9909728169441223
reserving basis 128/768; cond: 24404455424.0, ratio:0.9909728169441223
reserving basis 135/768; cond: 670723932160.0, ratio:0.9912861585617065
reserving basis 135/768; cond: 670723932160.0, ratio:0.9912861585617065
reserving basis 131/768; cond: 26521905152.0, ratio:0.9907423853874207
reserving basis 131/768; cond: 26521905152.0, ratio:0.9907423853874207
reserving basis 135/768; cond: 181877473280.0, ratio:0.9903076887130737
reserving basis 135/768; cond: 181877473280.0, ratio:0.9903076887130737
reserving basis 130/768; cond: 84182581248.0, ratio:0.990032434463501
reserving basis 130/768; cond: 84182581248.0, ratio:0.990032434463501
reserving basis 139/768; cond: 84412366848.0, ratio:0.9911019206047058
reserving basis 139/768; cond: 84412366848.0, ratio:0.9911019206047058
reserving basis 128/768; cond: 28091402240.0, ratio:0.9907301664352417
reserving basis 128/768; cond: 28091402240.0, ratio:0.9907301664352417
reserving basis 135/768; cond: 119859544064.0, ratio:0.9912429451942444
reserving basis 135/768; cond: 119859544064.0, ratio:0.9912429451942444
reserving basis 121/768; cond: 48556900352.0, ratio:0.9906236529350281
reserving basis 121/768; cond: 48556900352.0, ratio:0.9906236529350281
reserving basis 132/768; cond: 433783930880.0, ratio:0.9907116889953613
reserving basis 132/768; cond: 433783930880.0, ratio:0.9907116889953613
reserving basis 117/768; cond: 179699548160.0, ratio:0.990319013595581
reserving basis 117/768; cond: 179699548160.0, ratio:0.990319013595581
reserving basis 124/768; cond: 137225068544.0, ratio:0.9900895357131958
reserving basis 124/768; cond: 137225068544.0, ratio:0.9900895357131958
reserving basis 109/768; cond: 22509901824.0, ratio:0.9911220073699951
reserving basis 109/768; cond: 22509901824.0, ratio:0.9911220073699951
2026-04-27 21:16:11,531 [palora.py] => Task 23, Epoch 50/50 => Loss 0.527, Train_accy 97.77
2026-04-27 21:16:22,544 [trainer.py] => Time:247.620126247406
1480 1480
2026-04-27 21:16:29,934 [trainer.py] => Time:7.389943599700928
2026-04-27 21:16:29,935 [trainer.py] => ACC: {'total': 63.31, '00-07': 73.98, '08-15': 75.76, '16-23': 83.19, '24-31': 78.86, '32-39': 74.29, '40-47': 59.55, '48-55': 71.15, '56-63': 75.21, '64-71': 70.37, '72-79': 67.86, '80-87': 42.55, '88-95': 50.0, '96-103': 20.0, '104-111': 33.33, '112-119': 44.0, '120-127': 42.86, '128-135': 43.33, '136-143': 36.0, '144-151': 33.33, '152-159': 50.0, '160-167': 42.86, '168-175': 26.67, '176-183': 34.62, '184-191': 71.93, 'old': 62.97, 'new': 71.93}
2026-04-27 21:16:29,935 [trainer.py] => ACC top1 curve: [86.18, 85.1, 86.68, 82.89, 81.82, 79.69, 78.25, 77.6, 76.05, 75.81, 75.46, 74.08, 72.76, 71.73, 71.13, 69.39, 68.43, 67.7, 66.36, 66.04, 64.52, 63.78, 63.04, 63.31]
Average Accuracy: 73.65833333333333
2026-04-27 21:16:29,935 [trainer.py] => Average Accuracy: 73.65833333333333
2026-04-27 21:16:29,942 [trainer.py] => All params: 116878051
2026-04-27 21:16:29,946 [trainer.py] => Trainable params: 374792
2026-04-27 21:16:29,946 [palora.py] => Learning on 192-200
Parameters to be updated: {'classifier_pool.24.weight', 'image_encoder.blocks.8.attn.lora_B_k.24.weight', 'image_encoder.blocks.2.attn.lora_B_v.24.weight', 'image_encoder.blocks.6.attn.lora_B_k.24.weight', 'image_encoder.blocks.6.attn.lora_B_v.24.weight', 'image_encoder.blocks.9.attn.lora_B_v.24.weight', 'image_encoder.blocks.4.attn.lora_B_k.24.weight', 'image_encoder.blocks.8.attn.lora_A_v.24.weight', 'image_encoder.blocks.6.attn.lora_A_v.24.weight', 'image_encoder.blocks.11.attn.lora_A_k.24.weight', 'classifier_pool.24.bias', 'image_encoder.blocks.4.attn.lora_A_v.24.weight', 'image_encoder.blocks.7.attn.lora_A_v.24.weight', 'image_encoder.blocks.4.attn.lora_A_k.24.weight', 'image_encoder.blocks.0.attn.lora_A_v.24.weight', 'image_encoder.blocks.2.attn.lora_A_v.24.weight', 'image_encoder.blocks.10.attn.lora_A_v.24.weight', 'image_encoder.blocks.7.attn.lora_B_k.24.weight', 'image_encoder.blocks.10.attn.lora_B_k.24.weight', 'image_encoder.blocks.5.attn.lora_A_v.24.weight', 'image_encoder.blocks.8.attn.lora_A_k.24.weight', 'image_encoder.blocks.3.attn.lora_A_v.24.weight', 'image_encoder.blocks.3.attn.lora_B_k.24.weight', 'image_encoder.blocks.7.attn.lora_B_v.24.weight', 'image_encoder.blocks.8.attn.lora_B_v.24.weight', 'image_encoder.blocks.10.attn.lora_B_v.24.weight', 'image_encoder.blocks.7.attn.lora_A_k.24.weight', 'image_encoder.blocks.9.attn.lora_A_v.24.weight', 'image_encoder.blocks.2.attn.lora_A_k.24.weight', 'image_encoder.blocks.11.attn.lora_B_v.24.weight', 'image_encoder.blocks.1.attn.lora_B_k.24.weight', 'image_encoder.blocks.1.attn.lora_A_v.24.weight', 'image_encoder.blocks.0.attn.lora_A_k.24.weight', 'image_encoder.blocks.2.attn.lora_B_k.24.weight', 'image_encoder.blocks.0.attn.lora_B_k.24.weight', 'image_encoder.blocks.5.attn.lora_B_v.24.weight', 'image_encoder.blocks.10.attn.lora_A_k.24.weight', 'image_encoder.blocks.6.attn.lora_A_k.24.weight', 'image_encoder.blocks.3.attn.lora_A_k.24.weight', 'image_encoder.blocks.4.attn.lora_B_v.24.weight', 'image_encoder.blocks.9.attn.lora_B_k.24.weight', 'image_encoder.blocks.11.attn.lora_B_k.24.weight', 'image_encoder.blocks.11.attn.lora_A_v.24.weight', 'image_encoder.blocks.1.attn.lora_B_v.24.weight', 'image_encoder.blocks.1.attn.lora_A_k.24.weight', 'image_encoder.blocks.3.attn.lora_B_v.24.weight', 'image_encoder.blocks.5.attn.lora_A_k.24.weight', 'image_encoder.blocks.0.attn.lora_B_v.24.weight', 'image_encoder.blocks.5.attn.lora_B_k.24.weight', 'image_encoder.blocks.9.attn.lora_A_k.24.weight'}
After trained on task 23 tensor(0.0252, device='cuda:0') tensor(0.0238, device='cuda:0')
After trained on task 23 tensor(0.0260, device='cuda:0') tensor(0.0284, device='cuda:0')
After trained on task 23 tensor(0.0222, device='cuda:0') tensor(0.0301, device='cuda:0')
After trained on task 23 tensor(0.0226, device='cuda:0') tensor(0.0347, device='cuda:0')
After trained on task 23 tensor(0.0298, device='cuda:0') tensor(0.0396, device='cuda:0')
After trained on task 23 tensor(0.0317, device='cuda:0') tensor(0.0430, device='cuda:0')
After trained on task 23 tensor(0.0463, device='cuda:0') tensor(0.0477, device='cuda:0')
After trained on task 23 tensor(0.0396, device='cuda:0') tensor(0.0527, device='cuda:0')
After trained on task 23 tensor(0.0415, device='cuda:0') tensor(0.0654, device='cuda:0')
After trained on task 23 tensor(0.0574, device='cuda:0') tensor(0.0805, device='cuda:0')
After trained on task 23 tensor(0.0573, device='cuda:0') tensor(0.1010, device='cuda:0')
After trained on task 23 tensor(0.0770, device='cuda:0') tensor(0.1382, device='cuda:0')
reserving basis 126/768; cond: 15401413632.0, ratio:0.9908086657524109
reserving basis 126/768; cond: 15401413632.0, ratio:0.9908086657524109
reserving basis 135/768; cond: 19490973696.0, ratio:0.9909751415252686
reserving basis 135/768; cond: 19490973696.0, ratio:0.9909751415252686
reserving basis 129/768; cond: 42840891392.0, ratio:0.9909440279006958
reserving basis 129/768; cond: 42840891392.0, ratio:0.9909440279006958
reserving basis 134/768; cond: 19892301824.0, ratio:0.991610586643219
reserving basis 134/768; cond: 19892301824.0, ratio:0.991610586643219
reserving basis 142/768; cond: 25297063936.0, ratio:0.9916574954986572
reserving basis 142/768; cond: 25297063936.0, ratio:0.9916574954986572
reserving basis 136/768; cond: 71083606016.0, ratio:0.9908925890922546
reserving basis 136/768; cond: 71083606016.0, ratio:0.9908925890922546
reserving basis 142/768; cond: 57228201984.0, ratio:0.9916278123855591
reserving basis 142/768; cond: 57228201984.0, ratio:0.9916278123855591
reserving basis 133/768; cond: 60672999424.0, ratio:0.9900733232498169
reserving basis 133/768; cond: 60672999424.0, ratio:0.9900733232498169
reserving basis 144/768; cond: 10419836928.0, ratio:0.9913196563720703
reserving basis 144/768; cond: 10419836928.0, ratio:0.9913196563720703
reserving basis 133/768; cond: 37182619648.0, ratio:0.9910544157028198
reserving basis 133/768; cond: 37182619648.0, ratio:0.9910544157028198
reserving basis 141/768; cond: 648153333760.0, ratio:0.990896463394165
reserving basis 141/768; cond: 648153333760.0, ratio:0.990896463394165
reserving basis 131/768; cond: 72643485696.0, ratio:0.9908987879753113
reserving basis 131/768; cond: 72643485696.0, ratio:0.9908987879753113
reserving basis 138/768; cond: 177825529856.0, ratio:0.9905520081520081
reserving basis 138/768; cond: 177825529856.0, ratio:0.9905520081520081
reserving basis 134/768; cond: 176562307072.0, ratio:0.9901240468025208
reserving basis 134/768; cond: 176562307072.0, ratio:0.9901240468025208
reserving basis 138/768; cond: 81439186944.0, ratio:0.9901595115661621
reserving basis 138/768; cond: 81439186944.0, ratio:0.9901595115661621
reserving basis 133/768; cond: 65791303680.0, ratio:0.9910171627998352
reserving basis 133/768; cond: 65791303680.0, ratio:0.9910171627998352
reserving basis 142/768; cond: 42975985664.0, ratio:0.9900210499763489
reserving basis 142/768; cond: 42975985664.0, ratio:0.9900210499763489
reserving basis 131/768; cond: 619575181312.0, ratio:0.9915123581886292
reserving basis 131/768; cond: 619575181312.0, ratio:0.9915123581886292
reserving basis 138/768; cond: 88551358464.0, ratio:0.990742027759552
reserving basis 138/768; cond: 88551358464.0, ratio:0.990742027759552
reserving basis 124/768; cond: 272998432768.0, ratio:0.9913910031318665
reserving basis 124/768; cond: 272998432768.0, ratio:0.9913910031318665
reserving basis 135/768; cond: 92278153216.0, ratio:0.9907084107398987
reserving basis 135/768; cond: 92278153216.0, ratio:0.9907084107398987
reserving basis 119/768; cond: 10815451136.0, ratio:0.9901261925697327
reserving basis 119/768; cond: 10815451136.0, ratio:0.9901261925697327
reserving basis 127/768; cond: 114303451136.0, ratio:0.9913884997367859
reserving basis 127/768; cond: 114303451136.0, ratio:0.9913884997367859
reserving basis 110/768; cond: 509896065024.0, ratio:0.9901822805404663
reserving basis 110/768; cond: 509896065024.0, ratio:0.9901822805404663
2026-04-27 21:20:25,271 [palora.py] => Task 24, Epoch 50/50 => Loss 0.496, Train_accy 98.20
2026-04-27 21:20:32,032 [trainer.py] => Time:242.08630299568176
1519 1519
2026-04-27 21:20:38,629 [trainer.py] => Time:6.595782279968262
2026-04-27 21:20:38,629 [trainer.py] => ACC: {'total': 62.54, '00-07': 73.17, '08-15': 75.76, '16-23': 82.3, '24-31': 78.05, '32-39': 74.29, '40-47': 58.43, '48-55': 72.12, '56-63': 76.86, '64-71': 70.37, '72-79': 67.86, '80-87': 42.55, '88-95': 50.0, '96-103': 20.0, '104-111': 29.63, '112-119': 36.0, '120-127': 42.86, '128-135': 43.33, '136-143': 36.0, '144-151': 33.33, '152-159': 50.0, '160-167': 42.86, '168-175': 26.67, '176-183': 30.77, '184-191': 71.93, '192-199': 46.15, 'old': 62.97, 'new': 46.15}
2026-04-27 21:20:38,629 [trainer.py] => ACC top1 curve: [86.18, 85.1, 86.68, 82.89, 81.82, 79.69, 78.25, 77.6, 76.05, 75.81, 75.46, 74.08, 72.76, 71.73, 71.13, 69.39, 68.43, 67.7, 66.36, 66.04, 64.52, 63.78, 63.04, 63.31, 62.54]
Average Accuracy: 73.2136
2026-04-27 21:20:38,629 [trainer.py] => Average Accuracy: 73.2136
