logs/ImageNet_A/4_4_sip/palora/Adam/0
2026-04-27 21:20:41,278 [trainer.py] => config: configs/palora/ia50_palora.json
2026-04-27 21:20:41,278 [trainer.py] => device: [device(type='cuda', index=0)]
2026-04-27 21:20:41,278 [trainer.py] => eval: False
2026-04-27 21:20:41,278 [trainer.py] => p: 0.5
2026-04-27 21:20:41,278 [trainer.py] => prefix: reproduce
2026-04-27 21:20:41,278 [trainer.py] => dataset: ImageNet_A
2026-04-27 21:20:41,278 [trainer.py] => data_path: data/imagenet-a
2026-04-27 21:20:41,278 [trainer.py] => memory_size: 0
2026-04-27 21:20:41,278 [trainer.py] => memory_per_class: 0
2026-04-27 21:20:41,278 [trainer.py] => fixed_memory: True
2026-04-27 21:20:41,279 [trainer.py] => shuffle: False
2026-04-27 21:20:41,279 [trainer.py] => seed: 0
2026-04-27 21:20:41,279 [trainer.py] => init_cls: 4
2026-04-27 21:20:41,279 [trainer.py] => increment: 4
2026-04-27 21:20:41,279 [trainer.py] => total_sessions: 50
2026-04-27 21:20:41,279 [trainer.py] => model_name: palora
2026-04-27 21:20:41,279 [trainer.py] => net_type: sip
2026-04-27 21:20:41,279 [trainer.py] => embd_dim: 768
2026-04-27 21:20:41,279 [trainer.py] => num_heads: 12
2026-04-27 21:20:41,279 [trainer.py] => EPSILON: 1e-08
2026-04-27 21:20:41,279 [trainer.py] => init_epoch: 40
2026-04-27 21:20:41,279 [trainer.py] => optim: Adam
2026-04-27 21:20:41,279 [trainer.py] => init_lr: 0.0005
2026-04-27 21:20:41,279 [trainer.py] => init_lr_decay: 0.1
2026-04-27 21:20:41,279 [trainer.py] => init_weight_decay: 0.0
2026-04-27 21:20:41,279 [trainer.py] => epochs: 50
2026-04-27 21:20:41,279 [trainer.py] => fc_lrate: 0.0005
2026-04-27 21:20:41,279 [trainer.py] => lrate: 0.0005
2026-04-27 21:20:41,279 [trainer.py] => lrate_decay: 0.1
2026-04-27 21:20:41,279 [trainer.py] => batch_size: 128
2026-04-27 21:20:41,279 [trainer.py] => weight_decay: 0.0
2026-04-27 21:20:41,279 [trainer.py] => rank: 10
2026-04-27 21:20:41,279 [trainer.py] => margin_inter: 2.0
2026-04-27 21:20:41,279 [trainer.py] => lambada: 0.5
2026-04-27 21:20:41,279 [trainer.py] => num_workers: 16
2026-04-27 21:20:41,311 [data_manager.py] => [0, 1, 2, 3, 4, 5, 6, 7, 8, 9, 10, 11, 12, 13, 14, 15, 16, 17, 18, 19, 20, 21, 22, 23, 24, 25, 26, 27, 28, 29, 30, 31, 32, 33, 34, 35, 36, 37, 38, 39, 40, 41, 42, 43, 44, 45, 46, 47, 48, 49, 50, 51, 52, 53, 54, 55, 56, 57, 58, 59, 60, 61, 62, 63, 64, 65, 66, 67, 68, 69, 70, 71, 72, 73, 74, 75, 76, 77, 78, 79, 80, 81, 82, 83, 84, 85, 86, 87, 88, 89, 90, 91, 92, 93, 94, 95, 96, 97, 98, 99, 100, 101, 102, 103, 104, 105, 106, 107, 108, 109, 110, 111, 112, 113, 114, 115, 116, 117, 118, 119, 120, 121, 122, 123, 124, 125, 126, 127, 128, 129, 130, 131, 132, 133, 134, 135, 136, 137, 138, 139, 140, 141, 142, 143, 144, 145, 146, 147, 148, 149, 150, 151, 152, 153, 154, 155, 156, 157, 158, 159, 160, 161, 162, 163, 164, 165, 166, 167, 168, 169, 170, 171, 172, 173, 174, 175, 176, 177, 178, 179, 180, 181, 182, 183, 184, 185, 186, 187, 188, 189, 190, 191, 192, 193, 194, 195, 196, 197, 198, 199]
2026-04-27 21:20:44,651 [trainer.py] => All params: 126094051
2026-04-27 21:20:44,660 [trainer.py] => Trainable params: 126094051
2026-04-27 21:20:44,660 [palora.py] => Learning on 0-4
Parameters to be updated: {'image_encoder.blocks.1.attn.lora_A_k.0.weight', 'image_encoder.blocks.5.attn.lora_B_k.0.weight', 'image_encoder.blocks.10.attn.lora_B_v.0.weight', 'image_encoder.blocks.3.attn.lora_B_k.0.weight', 'image_encoder.blocks.8.attn.lora_B_k.0.weight', 'image_encoder.blocks.9.attn.lora_B_k.0.weight', 'image_encoder.blocks.3.attn.lora_A_v.0.weight', 'image_encoder.blocks.0.attn.lora_B_k.0.weight', 'image_encoder.blocks.11.attn.lora_B_v.0.weight', 'image_encoder.blocks.6.attn.lora_A_v.0.weight', 'image_encoder.blocks.6.attn.lora_B_k.0.weight', 'image_encoder.blocks.10.attn.lora_A_k.0.weight', 'image_encoder.blocks.3.attn.lora_B_v.0.weight', 'image_encoder.blocks.6.attn.lora_B_v.0.weight', 'image_encoder.blocks.10.attn.lora_A_v.0.weight', 'image_encoder.blocks.0.attn.lora_A_k.0.weight', 'image_encoder.blocks.1.attn.lora_B_v.0.weight', 'image_encoder.blocks.0.attn.lora_B_v.0.weight', 'image_encoder.blocks.10.attn.lora_B_k.0.weight', 'image_encoder.blocks.7.attn.lora_A_k.0.weight', 'image_encoder.blocks.9.attn.lora_B_v.0.weight', 'image_encoder.blocks.9.attn.lora_A_k.0.weight', 'classifier_pool.0.weight', 'image_encoder.blocks.2.attn.lora_A_k.0.weight', 'image_encoder.blocks.3.attn.lora_A_k.0.weight', 'image_encoder.blocks.1.attn.lora_B_k.0.weight', 'image_encoder.blocks.5.attn.lora_A_v.0.weight', 'image_encoder.blocks.8.attn.lora_B_v.0.weight', 'image_encoder.blocks.6.attn.lora_A_k.0.weight', 'image_encoder.blocks.11.attn.lora_A_v.0.weight', 'image_encoder.blocks.4.attn.lora_B_k.0.weight', 'image_encoder.blocks.2.attn.lora_B_v.0.weight', 'image_encoder.blocks.4.attn.lora_B_v.0.weight', 'image_encoder.blocks.7.attn.lora_B_k.0.weight', 'image_encoder.blocks.2.attn.lora_A_v.0.weight', 'image_encoder.blocks.0.attn.lora_A_v.0.weight', 'image_encoder.blocks.5.attn.lora_A_k.0.weight', 'image_encoder.blocks.7.attn.lora_A_v.0.weight', 'image_encoder.blocks.9.attn.lora_A_v.0.weight', 'image_encoder.blocks.11.attn.lora_A_k.0.weight', 'image_encoder.blocks.4.attn.lora_A_v.0.weight', 'image_encoder.blocks.1.attn.lora_A_v.0.weight', 'image_encoder.blocks.8.attn.lora_A_v.0.weight', 'image_encoder.blocks.8.attn.lora_A_k.0.weight', 'classifier_pool.0.bias', 'image_encoder.blocks.7.attn.lora_B_v.0.weight', 'image_encoder.blocks.4.attn.lora_A_k.0.weight', 'image_encoder.blocks.2.attn.lora_B_k.0.weight', 'image_encoder.blocks.11.attn.lora_B_k.0.weight', 'image_encoder.blocks.5.attn.lora_B_v.0.weight'}
2026-04-27 21:24:05,874 [palora.py] => Task 0, Epoch 40/40 => Loss 0.498, Train_accy 95.74
2026-04-27 21:24:11,732 [trainer.py] => Time:207.07236218452454
71 71
2026-04-27 21:24:15,021 [trainer.py] => Time:3.2881500720977783
2026-04-27 21:24:15,021 [trainer.py] => ACC: {'total': 90.14, '00-03': 90.14, 'old': 0, 'new': 90.14}
2026-04-27 21:24:15,021 [trainer.py] => ACC top1 curve: [90.14]
Average Accuracy: 90.14
2026-04-27 21:24:15,021 [trainer.py] => Average Accuracy: 90.14
2026-04-27 21:24:15,030 [trainer.py] => All params: 126094051
2026-04-27 21:24:15,038 [trainer.py] => Trainable params: 371716
2026-04-27 21:24:15,038 [palora.py] => Learning on 4-8
Parameters to be updated: {'image_encoder.blocks.8.attn.lora_A_v.1.weight', 'image_encoder.blocks.6.attn.lora_B_k.1.weight', 'image_encoder.blocks.3.attn.lora_B_v.1.weight', 'image_encoder.blocks.11.attn.lora_B_k.1.weight', 'image_encoder.blocks.1.attn.lora_A_v.1.weight', 'image_encoder.blocks.10.attn.lora_A_v.1.weight', 'image_encoder.blocks.7.attn.lora_B_v.1.weight', 'image_encoder.blocks.8.attn.lora_A_k.1.weight', 'image_encoder.blocks.1.attn.lora_B_k.1.weight', 'image_encoder.blocks.4.attn.lora_A_v.1.weight', 'image_encoder.blocks.8.attn.lora_B_k.1.weight', 'image_encoder.blocks.2.attn.lora_A_v.1.weight', 'image_encoder.blocks.11.attn.lora_A_v.1.weight', 'image_encoder.blocks.9.attn.lora_A_k.1.weight', 'image_encoder.blocks.5.attn.lora_A_v.1.weight', 'image_encoder.blocks.3.attn.lora_B_k.1.weight', 'image_encoder.blocks.4.attn.lora_B_v.1.weight', 'image_encoder.blocks.6.attn.lora_B_v.1.weight', 'image_encoder.blocks.10.attn.lora_A_k.1.weight', 'image_encoder.blocks.10.attn.lora_B_v.1.weight', 'image_encoder.blocks.3.attn.lora_A_k.1.weight', 'image_encoder.blocks.4.attn.lora_A_k.1.weight', 'image_encoder.blocks.4.attn.lora_B_k.1.weight', 'image_encoder.blocks.7.attn.lora_A_v.1.weight', 'classifier_pool.1.bias', 'image_encoder.blocks.5.attn.lora_B_v.1.weight', 'image_encoder.blocks.7.attn.lora_A_k.1.weight', 'image_encoder.blocks.10.attn.lora_B_k.1.weight', 'image_encoder.blocks.2.attn.lora_B_k.1.weight', 'image_encoder.blocks.5.attn.lora_A_k.1.weight', 'classifier_pool.1.weight', 'image_encoder.blocks.1.attn.lora_A_k.1.weight', 'image_encoder.blocks.7.attn.lora_B_k.1.weight', 'image_encoder.blocks.5.attn.lora_B_k.1.weight', 'image_encoder.blocks.2.attn.lora_A_k.1.weight', 'image_encoder.blocks.2.attn.lora_B_v.1.weight', 'image_encoder.blocks.3.attn.lora_A_v.1.weight', 'image_encoder.blocks.0.attn.lora_A_k.1.weight', 'image_encoder.blocks.9.attn.lora_B_v.1.weight', 'image_encoder.blocks.11.attn.lora_A_k.1.weight', 'image_encoder.blocks.11.attn.lora_B_v.1.weight', 'image_encoder.blocks.0.attn.lora_A_v.1.weight', 'image_encoder.blocks.8.attn.lora_B_v.1.weight', 'image_encoder.blocks.0.attn.lora_B_k.1.weight', 'image_encoder.blocks.0.attn.lora_B_v.1.weight', 'image_encoder.blocks.6.attn.lora_A_k.1.weight', 'image_encoder.blocks.6.attn.lora_A_v.1.weight', 'image_encoder.blocks.1.attn.lora_B_v.1.weight', 'image_encoder.blocks.9.attn.lora_B_k.1.weight', 'image_encoder.blocks.9.attn.lora_A_v.1.weight'}
After trained on task 0 tensor(0.1275, device='cuda:0') tensor(0.1455, device='cuda:0')
After trained on task 0 tensor(0.1461, device='cuda:0') tensor(0.2090, device='cuda:0')
After trained on task 0 tensor(0.1537, device='cuda:0') tensor(0.2312, device='cuda:0')
After trained on task 0 tensor(0.2047, device='cuda:0') tensor(0.3385, device='cuda:0')
After trained on task 0 tensor(0.2167, device='cuda:0') tensor(0.3144, device='cuda:0')
After trained on task 0 tensor(0.2416, device='cuda:0') tensor(0.3047, device='cuda:0')
After trained on task 0 tensor(0.2668, device='cuda:0') tensor(0.3486, device='cuda:0')
After trained on task 0 tensor(0.2343, device='cuda:0') tensor(0.3368, device='cuda:0')
After trained on task 0 tensor(0.2795, device='cuda:0') tensor(0.3577, device='cuda:0')
After trained on task 0 tensor(0.3143, device='cuda:0') tensor(0.3848, device='cuda:0')
After trained on task 0 tensor(0.4514, device='cuda:0') tensor(0.4531, device='cuda:0')
After trained on task 0 tensor(0.5670, device='cuda:0') tensor(0.5218, device='cuda:0')
reserving basis 10/768; cond: 1612999688192.0, ratio:0.9999992847442627
reserving basis 10/768; cond: 1612999688192.0, ratio:0.9999992847442627
reserving basis 10/768; cond: 1861015568384.0, ratio:0.9999992251396179
reserving basis 10/768; cond: 1861015568384.0, ratio:0.9999992251396179
reserving basis 10/768; cond: 7444268843008.0, ratio:0.9999991059303284
reserving basis 10/768; cond: 7444268843008.0, ratio:0.9999991059303284
reserving basis 10/768; cond: 672900644864.0, ratio:0.9999990463256836
reserving basis 10/768; cond: 672900644864.0, ratio:0.9999990463256836
reserving basis 10/768; cond: 2144197804032.0, ratio:0.9999991655349731
reserving basis 10/768; cond: 2144197804032.0, ratio:0.9999991655349731
reserving basis 10/768; cond: 1542911950848.0, ratio:0.9999991059303284
reserving basis 10/768; cond: 1542911950848.0, ratio:0.9999991059303284
reserving basis 10/768; cond: 7481347538944.0, ratio:0.9999991059303284
reserving basis 10/768; cond: 7481347538944.0, ratio:0.9999991059303284
reserving basis 10/768; cond: 182543978594304.0, ratio:0.9999991655349731
reserving basis 10/768; cond: 182543978594304.0, ratio:0.9999991655349731
reserving basis 10/768; cond: 527336570880.0, ratio:0.9999991655349731
reserving basis 10/768; cond: 527336570880.0, ratio:0.9999991655349731
reserving basis 10/768; cond: 4216587550720.0, ratio:0.9999993443489075
reserving basis 10/768; cond: 4216587550720.0, ratio:0.9999993443489075
reserving basis 10/768; cond: 8280393908224.0, ratio:0.9999992847442627
reserving basis 10/768; cond: 8280393908224.0, ratio:0.9999992847442627
reserving basis 10/768; cond: 1243557527552.0, ratio:0.9999991655349731
reserving basis 10/768; cond: 1243557527552.0, ratio:0.9999991655349731
reserving basis 10/768; cond: 32651132010496.0, ratio:0.9999993443489075
reserving basis 10/768; cond: 32651132010496.0, ratio:0.9999993443489075
reserving basis 10/768; cond: 71817213509632.0, ratio:0.9999989867210388
reserving basis 10/768; cond: 71817213509632.0, ratio:0.9999989867210388
reserving basis 10/768; cond: 2622570102784.0, ratio:0.999998927116394
reserving basis 10/768; cond: 2622570102784.0, ratio:0.999998927116394
reserving basis 10/768; cond: 39206743179264.0, ratio:0.9999991059303284
reserving basis 10/768; cond: 39206743179264.0, ratio:0.9999991059303284
reserving basis 10/768; cond: 1962621009920.0, ratio:0.9999989867210388
reserving basis 10/768; cond: 1962621009920.0, ratio:0.9999989867210388
reserving basis 10/768; cond: 747717197824.0, ratio:0.9999989867210388
reserving basis 10/768; cond: 747717197824.0, ratio:0.9999989867210388
reserving basis 10/768; cond: 15173340364800.0, ratio:0.9999991059303284
reserving basis 10/768; cond: 15173340364800.0, ratio:0.9999991059303284
reserving basis 10/768; cond: 1417042067456.0, ratio:0.9999991655349731
reserving basis 10/768; cond: 1417042067456.0, ratio:0.9999991655349731
reserving basis 10/768; cond: 5331539197952.0, ratio:0.9999992251396179
reserving basis 10/768; cond: 5331539197952.0, ratio:0.9999992251396179
reserving basis 10/768; cond: 7005915316224.0, ratio:0.9999991059303284
reserving basis 10/768; cond: 7005915316224.0, ratio:0.9999991059303284
reserving basis 10/768; cond: 1531454291968.0, ratio:0.9999991059303284
reserving basis 10/768; cond: 1531454291968.0, ratio:0.9999991059303284
reserving basis 10/768; cond: 4350819172352.0, ratio:0.9999990463256836
reserving basis 10/768; cond: 4350819172352.0, ratio:0.9999990463256836
2026-04-27 21:28:12,902 [palora.py] => Task 1, Epoch 50/50 => Loss 0.455, Train_accy 98.66
2026-04-27 21:28:19,563 [trainer.py] => Time:244.5250301361084
123 123
2026-04-27 21:28:24,319 [trainer.py] => Time:4.755162000656128
2026-04-27 21:28:24,319 [trainer.py] => ACC: {'total': 86.99, '00-03': 87.32, '04-07': 86.54, 'old': 87.32, 'new': 86.54}
2026-04-27 21:28:24,320 [trainer.py] => ACC top1 curve: [90.14, 86.99]
Average Accuracy: 88.565
2026-04-27 21:28:24,320 [trainer.py] => Average Accuracy: 88.565
2026-04-27 21:28:24,330 [trainer.py] => All params: 126094051
2026-04-27 21:28:24,340 [trainer.py] => Trainable params: 371716
2026-04-27 21:28:24,340 [palora.py] => Learning on 8-12
Parameters to be updated: {'image_encoder.blocks.5.attn.lora_B_v.2.weight', 'image_encoder.blocks.2.attn.lora_B_k.2.weight', 'image_encoder.blocks.11.attn.lora_A_v.2.weight', 'image_encoder.blocks.9.attn.lora_B_v.2.weight', 'image_encoder.blocks.11.attn.lora_B_k.2.weight', 'image_encoder.blocks.1.attn.lora_A_v.2.weight', 'image_encoder.blocks.6.attn.lora_A_v.2.weight', 'image_encoder.blocks.10.attn.lora_A_k.2.weight', 'image_encoder.blocks.6.attn.lora_B_k.2.weight', 'classifier_pool.2.bias', 'classifier_pool.2.weight', 'image_encoder.blocks.10.attn.lora_A_v.2.weight', 'image_encoder.blocks.4.attn.lora_A_k.2.weight', 'image_encoder.blocks.5.attn.lora_B_k.2.weight', 'image_encoder.blocks.7.attn.lora_A_k.2.weight', 'image_encoder.blocks.3.attn.lora_A_k.2.weight', 'image_encoder.blocks.3.attn.lora_B_v.2.weight', 'image_encoder.blocks.9.attn.lora_A_k.2.weight', 'image_encoder.blocks.2.attn.lora_A_v.2.weight', 'image_encoder.blocks.4.attn.lora_A_v.2.weight', 'image_encoder.blocks.10.attn.lora_B_v.2.weight', 'image_encoder.blocks.10.attn.lora_B_k.2.weight', 'image_encoder.blocks.6.attn.lora_A_k.2.weight', 'image_encoder.blocks.8.attn.lora_B_v.2.weight', 'image_encoder.blocks.8.attn.lora_A_k.2.weight', 'image_encoder.blocks.11.attn.lora_B_v.2.weight', 'image_encoder.blocks.0.attn.lora_B_k.2.weight', 'image_encoder.blocks.1.attn.lora_A_k.2.weight', 'image_encoder.blocks.0.attn.lora_A_v.2.weight', 'image_encoder.blocks.0.attn.lora_B_v.2.weight', 'image_encoder.blocks.4.attn.lora_B_v.2.weight', 'image_encoder.blocks.7.attn.lora_B_k.2.weight', 'image_encoder.blocks.1.attn.lora_B_v.2.weight', 'image_encoder.blocks.0.attn.lora_A_k.2.weight', 'image_encoder.blocks.1.attn.lora_B_k.2.weight', 'image_encoder.blocks.3.attn.lora_B_k.2.weight', 'image_encoder.blocks.3.attn.lora_A_v.2.weight', 'image_encoder.blocks.5.attn.lora_A_v.2.weight', 'image_encoder.blocks.8.attn.lora_A_v.2.weight', 'image_encoder.blocks.8.attn.lora_B_k.2.weight', 'image_encoder.blocks.6.attn.lora_B_v.2.weight', 'image_encoder.blocks.7.attn.lora_A_v.2.weight', 'image_encoder.blocks.9.attn.lora_A_v.2.weight', 'image_encoder.blocks.11.attn.lora_A_k.2.weight', 'image_encoder.blocks.5.attn.lora_A_k.2.weight', 'image_encoder.blocks.2.attn.lora_B_v.2.weight', 'image_encoder.blocks.9.attn.lora_B_k.2.weight', 'image_encoder.blocks.2.attn.lora_A_k.2.weight', 'image_encoder.blocks.4.attn.lora_B_k.2.weight', 'image_encoder.blocks.7.attn.lora_B_v.2.weight'}
After trained on task 1 tensor(0.0797, device='cuda:0') tensor(0.0771, device='cuda:0')
After trained on task 1 tensor(0.0872, device='cuda:0') tensor(0.1069, device='cuda:0')
After trained on task 1 tensor(0.0878, device='cuda:0') tensor(0.1226, device='cuda:0')
After trained on task 1 tensor(0.0936, device='cuda:0') tensor(0.1261, device='cuda:0')
After trained on task 1 tensor(0.0954, device='cuda:0') tensor(0.1524, device='cuda:0')
After trained on task 1 tensor(0.1133, device='cuda:0') tensor(0.2262, device='cuda:0')
After trained on task 1 tensor(0.1392, device='cuda:0') tensor(0.2207, device='cuda:0')
After trained on task 1 tensor(0.1398, device='cuda:0') tensor(0.2095, device='cuda:0')
After trained on task 1 tensor(0.1529, device='cuda:0') tensor(0.1835, device='cuda:0')
After trained on task 1 tensor(0.1703, device='cuda:0') tensor(0.2092, device='cuda:0')
After trained on task 1 tensor(0.2150, device='cuda:0') tensor(0.2443, device='cuda:0')
After trained on task 1 tensor(0.1983, device='cuda:0') tensor(0.3235, device='cuda:0')
reserving basis 19/768; cond: 502752509952.0, ratio:0.991470992565155
reserving basis 19/768; cond: 502752509952.0, ratio:0.991470992565155
reserving basis 20/768; cond: 11371096834048.0, ratio:0.9999986290931702
reserving basis 20/768; cond: 11371096834048.0, ratio:0.9999986290931702
reserving basis 20/768; cond: 655687614464.0, ratio:0.9999986290931702
reserving basis 20/768; cond: 655687614464.0, ratio:0.9999986290931702
reserving basis 20/768; cond: 6083102375936.0, ratio:0.9999989867210388
reserving basis 20/768; cond: 6083102375936.0, ratio:0.9999989867210388
reserving basis 20/768; cond: 248877072384.0, ratio:0.9999986290931702
reserving basis 20/768; cond: 248877072384.0, ratio:0.9999986290931702
reserving basis 20/768; cond: 514796027904.0, ratio:0.9999988079071045
reserving basis 20/768; cond: 514796027904.0, ratio:0.9999988079071045
reserving basis 20/768; cond: 2844999286784.0, ratio:0.999998927116394
reserving basis 20/768; cond: 2844999286784.0, ratio:0.999998927116394
reserving basis 20/768; cond: 564467662848.0, ratio:0.9999990463256836
reserving basis 20/768; cond: 564467662848.0, ratio:0.9999990463256836
reserving basis 20/768; cond: 1676336037888.0, ratio:0.9999988079071045
reserving basis 20/768; cond: 1676336037888.0, ratio:0.9999988079071045
reserving basis 20/768; cond: 8222805590016.0, ratio:0.9999988675117493
reserving basis 20/768; cond: 8222805590016.0, ratio:0.9999988675117493
reserving basis 20/768; cond: 249927057408.0, ratio:0.9999986886978149
reserving basis 20/768; cond: 249927057408.0, ratio:0.9999986886978149
reserving basis 19/768; cond: 531501711360.0, ratio:0.9915618896484375
reserving basis 19/768; cond: 531501711360.0, ratio:0.9915618896484375
reserving basis 20/768; cond: 2962820956160.0, ratio:0.9999988675117493
reserving basis 20/768; cond: 2962820956160.0, ratio:0.9999988675117493
reserving basis 19/768; cond: 775500595200.0, ratio:0.9918701648712158
reserving basis 19/768; cond: 775500595200.0, ratio:0.9918701648712158
reserving basis 20/768; cond: 3091658440704.0, ratio:0.9999986290931702
reserving basis 20/768; cond: 3091658440704.0, ratio:0.9999986290931702
reserving basis 20/768; cond: 3935687147520.0, ratio:0.9999988675117493
reserving basis 20/768; cond: 3935687147520.0, ratio:0.9999988675117493
reserving basis 20/768; cond: 923395883008.0, ratio:0.9999986290931702
reserving basis 20/768; cond: 923395883008.0, ratio:0.9999986290931702
reserving basis 20/768; cond: 21177902825472.0, ratio:0.9999986290931702
reserving basis 20/768; cond: 21177902825472.0, ratio:0.9999986290931702
reserving basis 20/768; cond: 483689857024.0, ratio:0.9999986886978149
reserving basis 20/768; cond: 483689857024.0, ratio:0.9999986886978149
reserving basis 19/768; cond: 17503428280320.0, ratio:0.9907354116439819
reserving basis 19/768; cond: 17503428280320.0, ratio:0.9907354116439819
reserving basis 20/768; cond: 3379224903680.0, ratio:0.9999989867210388
reserving basis 20/768; cond: 3379224903680.0, ratio:0.9999989867210388
reserving basis 19/768; cond: 503932813312.0, ratio:0.9913145899772644
reserving basis 19/768; cond: 503932813312.0, ratio:0.9913145899772644
reserving basis 20/768; cond: 6005580627968.0, ratio:0.9999987483024597
reserving basis 20/768; cond: 6005580627968.0, ratio:0.9999987483024597
reserving basis 19/768; cond: 3800596480000.0, ratio:0.9916889667510986
reserving basis 19/768; cond: 3800596480000.0, ratio:0.9916889667510986
2026-04-27 21:33:07,087 [palora.py] => Task 2, Epoch 50/50 => Loss 0.595, Train_accy 93.68
2026-04-27 21:33:13,703 [trainer.py] => Time:289.36274123191833
188 188
2026-04-27 21:33:18,432 [trainer.py] => Time:4.728996276855469
2026-04-27 21:33:18,433 [trainer.py] => ACC: {'total': 88.3, '00-03': 88.73, '04-07': 86.54, '08-11': 89.23, 'old': 87.8, 'new': 89.23}
2026-04-27 21:33:18,433 [trainer.py] => ACC top1 curve: [90.14, 86.99, 88.3]
Average Accuracy: 88.47666666666667
2026-04-27 21:33:18,433 [trainer.py] => Average Accuracy: 88.47666666666667
2026-04-27 21:33:18,450 [trainer.py] => All params: 126094051
2026-04-27 21:33:18,460 [trainer.py] => Trainable params: 371716
2026-04-27 21:33:18,460 [palora.py] => Learning on 12-16
Parameters to be updated: {'image_encoder.blocks.11.attn.lora_A_k.3.weight', 'image_encoder.blocks.0.attn.lora_A_k.3.weight', 'image_encoder.blocks.1.attn.lora_A_v.3.weight', 'image_encoder.blocks.1.attn.lora_B_k.3.weight', 'image_encoder.blocks.3.attn.lora_B_k.3.weight', 'image_encoder.blocks.6.attn.lora_A_v.3.weight', 'image_encoder.blocks.3.attn.lora_A_v.3.weight', 'image_encoder.blocks.8.attn.lora_B_k.3.weight', 'image_encoder.blocks.5.attn.lora_A_k.3.weight', 'image_encoder.blocks.9.attn.lora_A_v.3.weight', 'image_encoder.blocks.10.attn.lora_B_k.3.weight', 'image_encoder.blocks.11.attn.lora_A_v.3.weight', 'image_encoder.blocks.7.attn.lora_B_k.3.weight', 'image_encoder.blocks.2.attn.lora_A_k.3.weight', 'image_encoder.blocks.10.attn.lora_A_k.3.weight', 'image_encoder.blocks.8.attn.lora_B_v.3.weight', 'classifier_pool.3.weight', 'image_encoder.blocks.8.attn.lora_A_v.3.weight', 'image_encoder.blocks.10.attn.lora_B_v.3.weight', 'image_encoder.blocks.2.attn.lora_A_v.3.weight', 'image_encoder.blocks.5.attn.lora_B_v.3.weight', 'image_encoder.blocks.5.attn.lora_B_k.3.weight', 'image_encoder.blocks.7.attn.lora_A_k.3.weight', 'image_encoder.blocks.4.attn.lora_B_v.3.weight', 'image_encoder.blocks.11.attn.lora_B_v.3.weight', 'image_encoder.blocks.0.attn.lora_B_k.3.weight', 'image_encoder.blocks.1.attn.lora_A_k.3.weight', 'image_encoder.blocks.7.attn.lora_B_v.3.weight', 'image_encoder.blocks.7.attn.lora_A_v.3.weight', 'image_encoder.blocks.9.attn.lora_B_k.3.weight', 'image_encoder.blocks.11.attn.lora_B_k.3.weight', 'image_encoder.blocks.2.attn.lora_B_k.3.weight', 'image_encoder.blocks.3.attn.lora_A_k.3.weight', 'image_encoder.blocks.4.attn.lora_A_v.3.weight', 'image_encoder.blocks.4.attn.lora_A_k.3.weight', 'image_encoder.blocks.2.attn.lora_B_v.3.weight', 'image_encoder.blocks.6.attn.lora_B_k.3.weight', 'image_encoder.blocks.6.attn.lora_B_v.3.weight', 'classifier_pool.3.bias', 'image_encoder.blocks.0.attn.lora_B_v.3.weight', 'image_encoder.blocks.9.attn.lora_B_v.3.weight', 'image_encoder.blocks.8.attn.lora_A_k.3.weight', 'image_encoder.blocks.0.attn.lora_A_v.3.weight', 'image_encoder.blocks.1.attn.lora_B_v.3.weight', 'image_encoder.blocks.6.attn.lora_A_k.3.weight', 'image_encoder.blocks.10.attn.lora_A_v.3.weight', 'image_encoder.blocks.4.attn.lora_B_k.3.weight', 'image_encoder.blocks.3.attn.lora_B_v.3.weight', 'image_encoder.blocks.9.attn.lora_A_k.3.weight', 'image_encoder.blocks.5.attn.lora_A_v.3.weight'}
After trained on task 2 tensor(0.0752, device='cuda:0') tensor(0.0632, device='cuda:0')
After trained on task 2 tensor(0.0913, device='cuda:0') tensor(0.0856, device='cuda:0')
After trained on task 2 tensor(0.0679, device='cuda:0') tensor(0.0986, device='cuda:0')
After trained on task 2 tensor(0.1103, device='cuda:0') tensor(0.1320, device='cuda:0')
After trained on task 2 tensor(0.0769, device='cuda:0') tensor(0.1276, device='cuda:0')
After trained on task 2 tensor(0.0927, device='cuda:0') tensor(0.1319, device='cuda:0')
After trained on task 2 tensor(0.1116, device='cuda:0') tensor(0.1375, device='cuda:0')
After trained on task 2 tensor(0.0908, device='cuda:0') tensor(0.1239, device='cuda:0')
After trained on task 2 tensor(0.1000, device='cuda:0') tensor(0.1479, device='cuda:0')
After trained on task 2 tensor(0.1179, device='cuda:0') tensor(0.1714, device='cuda:0')
After trained on task 2 tensor(0.1397, device='cuda:0') tensor(0.2110, device='cuda:0')
After trained on task 2 tensor(0.1659, device='cuda:0') tensor(0.2860, device='cuda:0')
reserving basis 28/768; cond: 2123306106880.0, ratio:0.9931665658950806
reserving basis 28/768; cond: 2123306106880.0, ratio:0.9931665658950806
reserving basis 29/768; cond: 378133643264.0, ratio:0.9923360347747803
reserving basis 29/768; cond: 378133643264.0, ratio:0.9923360347747803
reserving basis 29/768; cond: 497589616640.0, ratio:0.9925869703292847
reserving basis 29/768; cond: 497589616640.0, ratio:0.9925869703292847
reserving basis 29/768; cond: 1312297975808.0, ratio:0.9920759201049805
reserving basis 29/768; cond: 1312297975808.0, ratio:0.9920759201049805
reserving basis 29/768; cond: 324948328448.0, ratio:0.990484893321991
reserving basis 29/768; cond: 324948328448.0, ratio:0.990484893321991
reserving basis 29/768; cond: 272570351616.0, ratio:0.9925304651260376
reserving basis 29/768; cond: 272570351616.0, ratio:0.9925304651260376
reserving basis 29/768; cond: 2562310799360.0, ratio:0.9925360083580017
reserving basis 29/768; cond: 2562310799360.0, ratio:0.9925360083580017
reserving basis 29/768; cond: 920378867712.0, ratio:0.9935304522514343
reserving basis 29/768; cond: 920378867712.0, ratio:0.9935304522514343
reserving basis 29/768; cond: 1659207286784.0, ratio:0.9902933239936829
reserving basis 29/768; cond: 1659207286784.0, ratio:0.9902933239936829
reserving basis 29/768; cond: 789193031680.0, ratio:0.9935985803604126
reserving basis 29/768; cond: 789193031680.0, ratio:0.9935985803604126
reserving basis 29/768; cond: 214356279296.0, ratio:0.9925927519798279
reserving basis 29/768; cond: 214356279296.0, ratio:0.9925927519798279
reserving basis 28/768; cond: 1079542349824.0, ratio:0.9950408339500427
reserving basis 28/768; cond: 1079542349824.0, ratio:0.9950408339500427
reserving basis 29/768; cond: 421132238848.0, ratio:0.9922465085983276
reserving basis 29/768; cond: 421132238848.0, ratio:0.9922465085983276
reserving basis 28/768; cond: 20663972659200.0, ratio:0.9944651126861572
reserving basis 28/768; cond: 20663972659200.0, ratio:0.9944651126861572
reserving basis 30/768; cond: 162644000768.0, ratio:0.9999983310699463
reserving basis 30/768; cond: 162644000768.0, ratio:0.9999983310699463
reserving basis 29/768; cond: 313858654208.0, ratio:0.9928057193756104
reserving basis 29/768; cond: 313858654208.0, ratio:0.9928057193756104
reserving basis 29/768; cond: 925140647936.0, ratio:0.9906591176986694
reserving basis 29/768; cond: 925140647936.0, ratio:0.9906591176986694
reserving basis 29/768; cond: 1859049357312.0, ratio:0.9938560128211975
reserving basis 29/768; cond: 1859049357312.0, ratio:0.9938560128211975
reserving basis 29/768; cond: 1254678069248.0, ratio:0.9923655986785889
reserving basis 29/768; cond: 1254678069248.0, ratio:0.9923655986785889
reserving basis 28/768; cond: 906469113856.0, ratio:0.9932621121406555
reserving basis 28/768; cond: 906469113856.0, ratio:0.9932621121406555
reserving basis 29/768; cond: 232226865152.0, ratio:0.9932592511177063
reserving basis 29/768; cond: 232226865152.0, ratio:0.9932592511177063
reserving basis 28/768; cond: 85203050496.0, ratio:0.9946660995483398
reserving basis 28/768; cond: 85203050496.0, ratio:0.9946660995483398
reserving basis 29/768; cond: 2579683082240.0, ratio:0.9937335252761841
reserving basis 29/768; cond: 2579683082240.0, ratio:0.9937335252761841
reserving basis 27/768; cond: 401170825216.0, ratio:0.9917145371437073
reserving basis 27/768; cond: 401170825216.0, ratio:0.9917145371437073
2026-04-27 21:37:50,486 [palora.py] => Task 3, Epoch 50/50 => Loss 0.481, Train_accy 97.06
2026-04-27 21:37:56,843 [trainer.py] => Time:278.38263034820557
255 255
2026-04-27 21:38:01,750 [trainer.py] => Time:4.907322645187378
2026-04-27 21:38:01,750 [trainer.py] => ACC: {'total': 87.45, '00-03': 88.73, '04-07': 90.38, '08-11': 87.69, '12-15': 83.58, 'old': 88.83, 'new': 83.58}
2026-04-27 21:38:01,750 [trainer.py] => ACC top1 curve: [90.14, 86.99, 88.3, 87.45]
Average Accuracy: 88.22
2026-04-27 21:38:01,751 [trainer.py] => Average Accuracy: 88.22
2026-04-27 21:38:01,760 [trainer.py] => All params: 126094051
2026-04-27 21:38:01,768 [trainer.py] => Trainable params: 371716
2026-04-27 21:38:01,768 [palora.py] => Learning on 16-20
Parameters to be updated: {'image_encoder.blocks.1.attn.lora_A_v.4.weight', 'image_encoder.blocks.7.attn.lora_A_k.4.weight', 'image_encoder.blocks.11.attn.lora_A_k.4.weight', 'image_encoder.blocks.5.attn.lora_A_v.4.weight', 'image_encoder.blocks.4.attn.lora_A_v.4.weight', 'image_encoder.blocks.9.attn.lora_A_k.4.weight', 'image_encoder.blocks.11.attn.lora_A_v.4.weight', 'image_encoder.blocks.8.attn.lora_B_k.4.weight', 'image_encoder.blocks.2.attn.lora_A_k.4.weight', 'image_encoder.blocks.3.attn.lora_B_v.4.weight', 'image_encoder.blocks.10.attn.lora_B_k.4.weight', 'image_encoder.blocks.1.attn.lora_A_k.4.weight', 'image_encoder.blocks.2.attn.lora_B_k.4.weight', 'image_encoder.blocks.4.attn.lora_B_k.4.weight', 'image_encoder.blocks.6.attn.lora_A_v.4.weight', 'image_encoder.blocks.7.attn.lora_A_v.4.weight', 'image_encoder.blocks.8.attn.lora_A_v.4.weight', 'image_encoder.blocks.7.attn.lora_B_k.4.weight', 'classifier_pool.4.bias', 'image_encoder.blocks.3.attn.lora_A_k.4.weight', 'image_encoder.blocks.10.attn.lora_A_k.4.weight', 'image_encoder.blocks.0.attn.lora_B_k.4.weight', 'image_encoder.blocks.1.attn.lora_B_k.4.weight', 'image_encoder.blocks.4.attn.lora_A_k.4.weight', 'image_encoder.blocks.5.attn.lora_B_v.4.weight', 'image_encoder.blocks.10.attn.lora_A_v.4.weight', 'image_encoder.blocks.2.attn.lora_B_v.4.weight', 'image_encoder.blocks.0.attn.lora_A_v.4.weight', 'image_encoder.blocks.1.attn.lora_B_v.4.weight', 'image_encoder.blocks.0.attn.lora_B_v.4.weight', 'image_encoder.blocks.2.attn.lora_A_v.4.weight', 'image_encoder.blocks.9.attn.lora_A_v.4.weight', 'image_encoder.blocks.8.attn.lora_B_v.4.weight', 'image_encoder.blocks.6.attn.lora_B_v.4.weight', 'image_encoder.blocks.11.attn.lora_B_v.4.weight', 'image_encoder.blocks.11.attn.lora_B_k.4.weight', 'image_encoder.blocks.8.attn.lora_A_k.4.weight', 'image_encoder.blocks.0.attn.lora_A_k.4.weight', 'image_encoder.blocks.5.attn.lora_B_k.4.weight', 'image_encoder.blocks.9.attn.lora_B_k.4.weight', 'image_encoder.blocks.6.attn.lora_A_k.4.weight', 'image_encoder.blocks.9.attn.lora_B_v.4.weight', 'image_encoder.blocks.3.attn.lora_A_v.4.weight', 'image_encoder.blocks.3.attn.lora_B_k.4.weight', 'image_encoder.blocks.5.attn.lora_A_k.4.weight', 'image_encoder.blocks.7.attn.lora_B_v.4.weight', 'image_encoder.blocks.4.attn.lora_B_v.4.weight', 'image_encoder.blocks.6.attn.lora_B_k.4.weight', 'image_encoder.blocks.10.attn.lora_B_v.4.weight', 'classifier_pool.4.weight'}
After trained on task 3 tensor(0.0533, device='cuda:0') tensor(0.0502, device='cuda:0')
After trained on task 3 tensor(0.0644, device='cuda:0') tensor(0.0740, device='cuda:0')
After trained on task 3 tensor(0.0542, device='cuda:0') tensor(0.0810, device='cuda:0')
After trained on task 3 tensor(0.0575, device='cuda:0') tensor(0.0862, device='cuda:0')
After trained on task 3 tensor(0.0660, device='cuda:0') tensor(0.1101, device='cuda:0')
After trained on task 3 tensor(0.0709, device='cuda:0') tensor(0.1059, device='cuda:0')
After trained on task 3 tensor(0.0814, device='cuda:0') tensor(0.1161, device='cuda:0')
After trained on task 3 tensor(0.0954, device='cuda:0') tensor(0.1360, device='cuda:0')
After trained on task 3 tensor(0.0974, device='cuda:0') tensor(0.1285, device='cuda:0')
After trained on task 3 tensor(0.1189, device='cuda:0') tensor(0.1559, device='cuda:0')
After trained on task 3 tensor(0.1614, device='cuda:0') tensor(0.1688, device='cuda:0')
After trained on task 3 tensor(0.1407, device='cuda:0') tensor(0.2368, device='cuda:0')
reserving basis 36/768; cond: 214811279360.0, ratio:0.9913075566291809
reserving basis 36/768; cond: 214811279360.0, ratio:0.9913075566291809
reserving basis 38/768; cond: 59494764544.0, ratio:0.9949164390563965
reserving basis 38/768; cond: 59494764544.0, ratio:0.9949164390563965
reserving basis 37/768; cond: 414206033920.0, ratio:0.9900111556053162
reserving basis 37/768; cond: 414206033920.0, ratio:0.9900111556053162
reserving basis 38/768; cond: 177160945664.0, ratio:0.9948928356170654
reserving basis 38/768; cond: 177160945664.0, ratio:0.9948928356170654
reserving basis 38/768; cond: 559562162176.0, ratio:0.9934490323066711
reserving basis 38/768; cond: 559562162176.0, ratio:0.9934490323066711
reserving basis 38/768; cond: 436544405504.0, ratio:0.9947421550750732
reserving basis 38/768; cond: 436544405504.0, ratio:0.9947421550750732
reserving basis 38/768; cond: 595991592960.0, ratio:0.993544340133667
reserving basis 38/768; cond: 595991592960.0, ratio:0.993544340133667
reserving basis 38/768; cond: 2316261130240.0, ratio:0.9952781200408936
reserving basis 38/768; cond: 2316261130240.0, ratio:0.9952781200408936
reserving basis 38/768; cond: 2036985364480.0, ratio:0.9935363531112671
reserving basis 38/768; cond: 2036985364480.0, ratio:0.9935363531112671
reserving basis 37/768; cond: 370781847552.0, ratio:0.9902925491333008
reserving basis 37/768; cond: 370781847552.0, ratio:0.9902925491333008
reserving basis 38/768; cond: 827659780096.0, ratio:0.9947545528411865
reserving basis 38/768; cond: 827659780096.0, ratio:0.9947545528411865
reserving basis 37/768; cond: 331619237888.0, ratio:0.9948366284370422
reserving basis 37/768; cond: 331619237888.0, ratio:0.9948366284370422
reserving basis 38/768; cond: 253485957120.0, ratio:0.9940518140792847
reserving basis 38/768; cond: 253485957120.0, ratio:0.9940518140792847
reserving basis 37/768; cond: 503046209536.0, ratio:0.9952169060707092
reserving basis 37/768; cond: 503046209536.0, ratio:0.9952169060707092
reserving basis 39/768; cond: 79421456384.0, ratio:0.9930774569511414
reserving basis 39/768; cond: 79421456384.0, ratio:0.9930774569511414
reserving basis 38/768; cond: 174323859456.0, ratio:0.9946861267089844
reserving basis 38/768; cond: 174323859456.0, ratio:0.9946861267089844
reserving basis 38/768; cond: 505175375872.0, ratio:0.9933147430419922
reserving basis 38/768; cond: 505175375872.0, ratio:0.9933147430419922
reserving basis 37/768; cond: 1992251408384.0, ratio:0.9900383353233337
reserving basis 37/768; cond: 1992251408384.0, ratio:0.9900383353233337
reserving basis 38/768; cond: 29053949952.0, ratio:0.9935933947563171
reserving basis 38/768; cond: 29053949952.0, ratio:0.9935933947563171
reserving basis 36/768; cond: 2082044641280.0, ratio:0.9906982779502869
reserving basis 36/768; cond: 2082044641280.0, ratio:0.9906982779502869
reserving basis 38/768; cond: 565736374272.0, ratio:0.9950524568557739
reserving basis 38/768; cond: 565736374272.0, ratio:0.9950524568557739
reserving basis 36/768; cond: 1156710531072.0, ratio:0.9931326508522034
reserving basis 36/768; cond: 1156710531072.0, ratio:0.9931326508522034
reserving basis 37/768; cond: 1543266500608.0, ratio:0.9903826713562012
reserving basis 37/768; cond: 1543266500608.0, ratio:0.9903826713562012
reserving basis 34/768; cond: 235241488384.0, ratio:0.9908568859100342
reserving basis 34/768; cond: 235241488384.0, ratio:0.9908568859100342
2026-04-27 21:42:28,291 [palora.py] => Task 4, Epoch 50/50 => Loss 0.493, Train_accy 95.96
2026-04-27 21:42:34,271 [trainer.py] => Time:272.5027620792389
307 307
2026-04-27 21:42:39,301 [trainer.py] => Time:5.030235052108765
2026-04-27 21:42:39,302 [trainer.py] => ACC: {'total': 85.99, '00-03': 88.73, '04-07': 86.54, '08-11': 86.15, '12-15': 80.6, '16-19': 88.46, 'old': 85.49, 'new': 88.46}
2026-04-27 21:42:39,302 [trainer.py] => ACC top1 curve: [90.14, 86.99, 88.3, 87.45, 85.99]
Average Accuracy: 87.774
2026-04-27 21:42:39,302 [trainer.py] => Average Accuracy: 87.774
2026-04-27 21:42:39,312 [trainer.py] => All params: 126094051
2026-04-27 21:42:39,320 [trainer.py] => Trainable params: 371716
2026-04-27 21:42:39,321 [palora.py] => Learning on 20-24
Parameters to be updated: {'image_encoder.blocks.5.attn.lora_B_k.5.weight', 'classifier_pool.5.weight', 'image_encoder.blocks.2.attn.lora_A_k.5.weight', 'image_encoder.blocks.0.attn.lora_A_k.5.weight', 'image_encoder.blocks.9.attn.lora_B_v.5.weight', 'image_encoder.blocks.4.attn.lora_A_v.5.weight', 'image_encoder.blocks.7.attn.lora_A_k.5.weight', 'image_encoder.blocks.1.attn.lora_B_v.5.weight', 'image_encoder.blocks.9.attn.lora_A_v.5.weight', 'image_encoder.blocks.11.attn.lora_A_k.5.weight', 'image_encoder.blocks.8.attn.lora_B_v.5.weight', 'image_encoder.blocks.10.attn.lora_B_v.5.weight', 'image_encoder.blocks.11.attn.lora_B_k.5.weight', 'image_encoder.blocks.6.attn.lora_B_v.5.weight', 'image_encoder.blocks.2.attn.lora_B_k.5.weight', 'image_encoder.blocks.9.attn.lora_B_k.5.weight', 'image_encoder.blocks.5.attn.lora_A_k.5.weight', 'image_encoder.blocks.7.attn.lora_B_k.5.weight', 'image_encoder.blocks.4.attn.lora_B_k.5.weight', 'image_encoder.blocks.11.attn.lora_B_v.5.weight', 'image_encoder.blocks.8.attn.lora_A_k.5.weight', 'image_encoder.blocks.4.attn.lora_A_k.5.weight', 'image_encoder.blocks.5.attn.lora_A_v.5.weight', 'image_encoder.blocks.6.attn.lora_A_v.5.weight', 'classifier_pool.5.bias', 'image_encoder.blocks.3.attn.lora_B_v.5.weight', 'image_encoder.blocks.3.attn.lora_B_k.5.weight', 'image_encoder.blocks.0.attn.lora_B_k.5.weight', 'image_encoder.blocks.0.attn.lora_A_v.5.weight', 'image_encoder.blocks.2.attn.lora_B_v.5.weight', 'image_encoder.blocks.3.attn.lora_A_k.5.weight', 'image_encoder.blocks.6.attn.lora_B_k.5.weight', 'image_encoder.blocks.2.attn.lora_A_v.5.weight', 'image_encoder.blocks.8.attn.lora_A_v.5.weight', 'image_encoder.blocks.11.attn.lora_A_v.5.weight', 'image_encoder.blocks.6.attn.lora_A_k.5.weight', 'image_encoder.blocks.10.attn.lora_B_k.5.weight', 'image_encoder.blocks.7.attn.lora_B_v.5.weight', 'image_encoder.blocks.9.attn.lora_A_k.5.weight', 'image_encoder.blocks.10.attn.lora_A_v.5.weight', 'image_encoder.blocks.3.attn.lora_A_v.5.weight', 'image_encoder.blocks.8.attn.lora_B_k.5.weight', 'image_encoder.blocks.1.attn.lora_A_v.5.weight', 'image_encoder.blocks.1.attn.lora_B_k.5.weight', 'image_encoder.blocks.5.attn.lora_B_v.5.weight', 'image_encoder.blocks.10.attn.lora_A_k.5.weight', 'image_encoder.blocks.0.attn.lora_B_v.5.weight', 'image_encoder.blocks.4.attn.lora_B_v.5.weight', 'image_encoder.blocks.7.attn.lora_A_v.5.weight', 'image_encoder.blocks.1.attn.lora_A_k.5.weight'}
After trained on task 4 tensor(0.0436, device='cuda:0') tensor(0.0444, device='cuda:0')
After trained on task 4 tensor(0.0489, device='cuda:0') tensor(0.0615, device='cuda:0')
After trained on task 4 tensor(0.0430, device='cuda:0') tensor(0.0607, device='cuda:0')
After trained on task 4 tensor(0.0515, device='cuda:0') tensor(0.0671, device='cuda:0')
After trained on task 4 tensor(0.0589, device='cuda:0') tensor(0.0761, device='cuda:0')
After trained on task 4 tensor(0.0836, device='cuda:0') tensor(0.0882, device='cuda:0')
After trained on task 4 tensor(0.0707, device='cuda:0') tensor(0.0956, device='cuda:0')
After trained on task 4 tensor(0.0876, device='cuda:0') tensor(0.1010, device='cuda:0')
After trained on task 4 tensor(0.0793, device='cuda:0') tensor(0.1162, device='cuda:0')
After trained on task 4 tensor(0.0946, device='cuda:0') tensor(0.1417, device='cuda:0')
After trained on task 4 tensor(0.1129, device='cuda:0') tensor(0.1605, device='cuda:0')
After trained on task 4 tensor(0.1660, device='cuda:0') tensor(0.1624, device='cuda:0')
reserving basis 44/768; cond: 446014881792.0, ratio:0.9918032288551331
reserving basis 44/768; cond: 446014881792.0, ratio:0.9918032288551331
reserving basis 46/768; cond: 115934003200.0, ratio:0.990803062915802
reserving basis 46/768; cond: 115934003200.0, ratio:0.990803062915802
reserving basis 45/768; cond: 112099557376.0, ratio:0.991647481918335
reserving basis 45/768; cond: 112099557376.0, ratio:0.991647481918335
reserving basis 46/768; cond: 59490902016.0, ratio:0.9930525422096252
reserving basis 46/768; cond: 59490902016.0, ratio:0.9930525422096252
reserving basis 47/768; cond: 110419165184.0, ratio:0.9943141937255859
reserving basis 47/768; cond: 110419165184.0, ratio:0.9943141937255859
reserving basis 46/768; cond: 8215423614976.0, ratio:0.9906242489814758
reserving basis 46/768; cond: 8215423614976.0, ratio:0.9906242489814758
reserving basis 47/768; cond: 124956123136.0, ratio:0.9953659176826477
reserving basis 47/768; cond: 124956123136.0, ratio:0.9953659176826477
reserving basis 46/768; cond: 209169334272.0, ratio:0.9911705851554871
reserving basis 46/768; cond: 209169334272.0, ratio:0.9911705851554871
reserving basis 47/768; cond: 541589274624.0, ratio:0.9948893189430237
reserving basis 47/768; cond: 541589274624.0, ratio:0.9948893189430237
reserving basis 45/768; cond: 348843737088.0, ratio:0.9905687570571899
reserving basis 45/768; cond: 348843737088.0, ratio:0.9905687570571899
reserving basis 46/768; cond: 404634796032.0, ratio:0.9908332228660583
reserving basis 46/768; cond: 404634796032.0, ratio:0.9908332228660583
reserving basis 45/768; cond: 221287120896.0, ratio:0.9910721778869629
reserving basis 45/768; cond: 221287120896.0, ratio:0.9910721778869629
reserving basis 46/768; cond: 557007896576.0, ratio:0.9906962513923645
reserving basis 46/768; cond: 557007896576.0, ratio:0.9906962513923645
reserving basis 45/768; cond: 166609076224.0, ratio:0.9922716021537781
reserving basis 45/768; cond: 166609076224.0, ratio:0.9922716021537781
reserving basis 47/768; cond: 2792320663552.0, ratio:0.9905609488487244
reserving basis 47/768; cond: 2792320663552.0, ratio:0.9905609488487244
reserving basis 46/768; cond: 54266286080.0, ratio:0.9918596148490906
reserving basis 46/768; cond: 54266286080.0, ratio:0.9918596148490906
reserving basis 47/768; cond: 1212744204288.0, ratio:0.9940140247344971
reserving basis 47/768; cond: 1212744204288.0, ratio:0.9940140247344971
reserving basis 45/768; cond: 550165807104.0, ratio:0.9920285940170288
reserving basis 45/768; cond: 550165807104.0, ratio:0.9920285940170288
reserving basis 46/768; cond: 700718776320.0, ratio:0.9903485774993896
reserving basis 46/768; cond: 700718776320.0, ratio:0.9903485774993896
reserving basis 44/768; cond: 94031044608.0, ratio:0.9931156039237976
reserving basis 44/768; cond: 94031044608.0, ratio:0.9931156039237976
reserving basis 46/768; cond: 773129175040.0, ratio:0.9918792247772217
reserving basis 46/768; cond: 773129175040.0, ratio:0.9918792247772217
reserving basis 44/768; cond: 247355768832.0, ratio:0.9936705231666565
reserving basis 44/768; cond: 247355768832.0, ratio:0.9936705231666565
reserving basis 45/768; cond: 789210923008.0, ratio:0.9927719235420227
reserving basis 45/768; cond: 789210923008.0, ratio:0.9927719235420227
reserving basis 41/768; cond: 208023715840.0, ratio:0.9918287396430969
reserving basis 41/768; cond: 208023715840.0, ratio:0.9918287396430969
2026-04-27 21:47:14,563 [palora.py] => Task 5, Epoch 50/50 => Loss 0.520, Train_accy 96.40
2026-04-27 21:47:21,060 [trainer.py] => Time:281.7396619319916
368 368
2026-04-27 21:47:26,449 [trainer.py] => Time:5.38824725151062
2026-04-27 21:47:26,449 [trainer.py] => ACC: {'total': 86.41, '00-03': 87.32, '04-07': 82.69, '08-11': 87.69, '12-15': 82.09, '16-19': 86.54, '20-23': 91.8, 'old': 85.34, 'new': 91.8}
2026-04-27 21:47:26,449 [trainer.py] => ACC top1 curve: [90.14, 86.99, 88.3, 87.45, 85.99, 86.41]
Average Accuracy: 87.54666666666667
2026-04-27 21:47:26,449 [trainer.py] => Average Accuracy: 87.54666666666667
2026-04-27 21:47:26,460 [trainer.py] => All params: 126094051
2026-04-27 21:47:26,468 [trainer.py] => Trainable params: 371716
2026-04-27 21:47:26,468 [palora.py] => Learning on 24-28
Parameters to be updated: {'image_encoder.blocks.1.attn.lora_A_v.6.weight', 'image_encoder.blocks.7.attn.lora_A_v.6.weight', 'image_encoder.blocks.4.attn.lora_B_k.6.weight', 'image_encoder.blocks.3.attn.lora_A_k.6.weight', 'classifier_pool.6.weight', 'image_encoder.blocks.6.attn.lora_A_k.6.weight', 'image_encoder.blocks.9.attn.lora_B_v.6.weight', 'image_encoder.blocks.6.attn.lora_A_v.6.weight', 'image_encoder.blocks.4.attn.lora_B_v.6.weight', 'image_encoder.blocks.2.attn.lora_B_k.6.weight', 'image_encoder.blocks.6.attn.lora_B_v.6.weight', 'image_encoder.blocks.3.attn.lora_B_k.6.weight', 'image_encoder.blocks.5.attn.lora_A_v.6.weight', 'image_encoder.blocks.2.attn.lora_A_k.6.weight', 'image_encoder.blocks.10.attn.lora_B_v.6.weight', 'classifier_pool.6.bias', 'image_encoder.blocks.1.attn.lora_B_k.6.weight', 'image_encoder.blocks.8.attn.lora_B_k.6.weight', 'image_encoder.blocks.0.attn.lora_A_v.6.weight', 'image_encoder.blocks.5.attn.lora_B_v.6.weight', 'image_encoder.blocks.9.attn.lora_B_k.6.weight', 'image_encoder.blocks.1.attn.lora_B_v.6.weight', 'image_encoder.blocks.8.attn.lora_A_v.6.weight', 'image_encoder.blocks.0.attn.lora_B_v.6.weight', 'image_encoder.blocks.4.attn.lora_A_k.6.weight', 'image_encoder.blocks.3.attn.lora_A_v.6.weight', 'image_encoder.blocks.7.attn.lora_A_k.6.weight', 'image_encoder.blocks.4.attn.lora_A_v.6.weight', 'image_encoder.blocks.9.attn.lora_A_k.6.weight', 'image_encoder.blocks.8.attn.lora_B_v.6.weight', 'image_encoder.blocks.10.attn.lora_A_v.6.weight', 'image_encoder.blocks.2.attn.lora_A_v.6.weight', 'image_encoder.blocks.7.attn.lora_B_v.6.weight', 'image_encoder.blocks.9.attn.lora_A_v.6.weight', 'image_encoder.blocks.5.attn.lora_B_k.6.weight', 'image_encoder.blocks.6.attn.lora_B_k.6.weight', 'image_encoder.blocks.8.attn.lora_A_k.6.weight', 'image_encoder.blocks.11.attn.lora_A_k.6.weight', 'image_encoder.blocks.11.attn.lora_B_k.6.weight', 'image_encoder.blocks.5.attn.lora_A_k.6.weight', 'image_encoder.blocks.1.attn.lora_A_k.6.weight', 'image_encoder.blocks.0.attn.lora_B_k.6.weight', 'image_encoder.blocks.11.attn.lora_A_v.6.weight', 'image_encoder.blocks.0.attn.lora_A_k.6.weight', 'image_encoder.blocks.11.attn.lora_B_v.6.weight', 'image_encoder.blocks.10.attn.lora_A_k.6.weight', 'image_encoder.blocks.7.attn.lora_B_k.6.weight', 'image_encoder.blocks.3.attn.lora_B_v.6.weight', 'image_encoder.blocks.10.attn.lora_B_k.6.weight', 'image_encoder.blocks.2.attn.lora_B_v.6.weight'}
After trained on task 5 tensor(0.0373, device='cuda:0') tensor(0.0422, device='cuda:0')
After trained on task 5 tensor(0.0434, device='cuda:0') tensor(0.0605, device='cuda:0')
After trained on task 5 tensor(0.0415, device='cuda:0') tensor(0.0594, device='cuda:0')
After trained on task 5 tensor(0.0434, device='cuda:0') tensor(0.0662, device='cuda:0')
After trained on task 5 tensor(0.0528, device='cuda:0') tensor(0.0721, device='cuda:0')
After trained on task 5 tensor(0.0595, device='cuda:0') tensor(0.0772, device='cuda:0')
After trained on task 5 tensor(0.0570, device='cuda:0') tensor(0.0900, device='cuda:0')
After trained on task 5 tensor(0.0738, device='cuda:0') tensor(0.1035, device='cuda:0')
After trained on task 5 tensor(0.0744, device='cuda:0') tensor(0.1440, device='cuda:0')
After trained on task 5 tensor(0.0843, device='cuda:0') tensor(0.1386, device='cuda:0')
After trained on task 5 tensor(0.0874, device='cuda:0') tensor(0.1446, device='cuda:0')
After trained on task 5 tensor(0.1161, device='cuda:0') tensor(0.2091, device='cuda:0')
reserving basis 52/768; cond: 67238264832.0, ratio:0.9939903020858765
reserving basis 52/768; cond: 67238264832.0, ratio:0.9939903020858765
reserving basis 53/768; cond: 23098030080.0, ratio:0.9905357956886292
reserving basis 53/768; cond: 23098030080.0, ratio:0.9905357956886292
reserving basis 53/768; cond: 114979037184.0, ratio:0.9921247363090515
reserving basis 53/768; cond: 114979037184.0, ratio:0.9921247363090515
reserving basis 54/768; cond: 75858149376.0, ratio:0.9935930967330933
reserving basis 54/768; cond: 75858149376.0, ratio:0.9935930967330933
reserving basis 55/768; cond: 51796066304.0, ratio:0.9916850924491882
reserving basis 55/768; cond: 51796066304.0, ratio:0.9916850924491882
reserving basis 54/768; cond: 47725469696.0, ratio:0.9930727481842041
reserving basis 54/768; cond: 47725469696.0, ratio:0.9930727481842041
reserving basis 55/768; cond: 626963644416.0, ratio:0.992605984210968
reserving basis 55/768; cond: 626963644416.0, ratio:0.992605984210968
reserving basis 54/768; cond: 6850414116864.0, ratio:0.9925894141197205
reserving basis 54/768; cond: 6850414116864.0, ratio:0.9925894141197205
reserving basis 55/768; cond: 545694154752.0, ratio:0.9908900260925293
reserving basis 55/768; cond: 545694154752.0, ratio:0.9908900260925293
reserving basis 53/768; cond: 643216769024.0, ratio:0.9926955103874207
reserving basis 53/768; cond: 643216769024.0, ratio:0.9926955103874207
reserving basis 54/768; cond: 68428726272.0, ratio:0.9919419884681702
reserving basis 54/768; cond: 68428726272.0, ratio:0.9919419884681702
reserving basis 53/768; cond: 104369782784.0, ratio:0.992586612701416
reserving basis 53/768; cond: 104369782784.0, ratio:0.992586612701416
reserving basis 54/768; cond: 176245489664.0, ratio:0.9922657012939453
reserving basis 54/768; cond: 176245489664.0, ratio:0.9922657012939453
reserving basis 53/768; cond: 879871000576.0, ratio:0.9930144548416138
reserving basis 53/768; cond: 879871000576.0, ratio:0.9930144548416138
reserving basis 55/768; cond: 111355871232.0, ratio:0.9919553995132446
reserving basis 55/768; cond: 111355871232.0, ratio:0.9919553995132446
reserving basis 54/768; cond: 3005812834304.0, ratio:0.9929155707359314
reserving basis 54/768; cond: 3005812834304.0, ratio:0.9929155707359314
reserving basis 55/768; cond: 65781886976.0, ratio:0.9905068874359131
reserving basis 55/768; cond: 65781886976.0, ratio:0.9905068874359131
reserving basis 53/768; cond: 50139217920.0, ratio:0.9932990074157715
reserving basis 53/768; cond: 50139217920.0, ratio:0.9932990074157715
reserving basis 54/768; cond: 719801942016.0, ratio:0.9916985630989075
reserving basis 54/768; cond: 719801942016.0, ratio:0.9916985630989075
reserving basis 51/768; cond: 338567266304.0, ratio:0.9902037382125854
reserving basis 51/768; cond: 338567266304.0, ratio:0.9902037382125854
reserving basis 54/768; cond: 462713421824.0, ratio:0.9927992820739746
reserving basis 54/768; cond: 462713421824.0, ratio:0.9927992820739746
reserving basis 51/768; cond: 179244105728.0, ratio:0.9923598170280457
reserving basis 51/768; cond: 179244105728.0, ratio:0.9923598170280457
reserving basis 53/768; cond: 2777628278784.0, ratio:0.9935188889503479
reserving basis 53/768; cond: 2777628278784.0, ratio:0.9935188889503479
reserving basis 47/768; cond: 1206717382656.0, ratio:0.9902939200401306
reserving basis 47/768; cond: 1206717382656.0, ratio:0.9902939200401306
2026-04-27 21:52:06,717 [palora.py] => Task 6, Epoch 50/50 => Loss 0.530, Train_accy 95.56
2026-04-27 21:52:13,111 [trainer.py] => Time:286.64297819137573
430 430
2026-04-27 21:52:18,438 [trainer.py] => Time:5.32646107673645
2026-04-27 21:52:18,438 [trainer.py] => ACC: {'total': 84.19, '00-03': 84.51, '04-07': 78.85, '08-11': 84.62, '12-15': 80.6, '16-19': 84.62, '20-23': 88.52, '24-27': 87.1, 'old': 83.7, 'new': 87.1}
2026-04-27 21:52:18,438 [trainer.py] => ACC top1 curve: [90.14, 86.99, 88.3, 87.45, 85.99, 86.41, 84.19]
Average Accuracy: 87.06714285714285
2026-04-27 21:52:18,438 [trainer.py] => Average Accuracy: 87.06714285714285
2026-04-27 21:52:18,448 [trainer.py] => All params: 126094051
2026-04-27 21:52:18,457 [trainer.py] => Trainable params: 371716
2026-04-27 21:52:18,457 [palora.py] => Learning on 28-32
Parameters to be updated: {'image_encoder.blocks.2.attn.lora_B_k.7.weight', 'image_encoder.blocks.1.attn.lora_B_k.7.weight', 'image_encoder.blocks.7.attn.lora_A_k.7.weight', 'image_encoder.blocks.11.attn.lora_A_k.7.weight', 'image_encoder.blocks.2.attn.lora_A_v.7.weight', 'image_encoder.blocks.2.attn.lora_B_v.7.weight', 'image_encoder.blocks.0.attn.lora_B_k.7.weight', 'image_encoder.blocks.3.attn.lora_A_v.7.weight', 'image_encoder.blocks.8.attn.lora_B_k.7.weight', 'image_encoder.blocks.8.attn.lora_B_v.7.weight', 'image_encoder.blocks.9.attn.lora_A_v.7.weight', 'image_encoder.blocks.9.attn.lora_B_v.7.weight', 'image_encoder.blocks.5.attn.lora_A_v.7.weight', 'image_encoder.blocks.1.attn.lora_A_k.7.weight', 'image_encoder.blocks.11.attn.lora_B_v.7.weight', 'image_encoder.blocks.10.attn.lora_A_k.7.weight', 'image_encoder.blocks.9.attn.lora_B_k.7.weight', 'classifier_pool.7.bias', 'image_encoder.blocks.5.attn.lora_B_k.7.weight', 'image_encoder.blocks.4.attn.lora_A_v.7.weight', 'image_encoder.blocks.10.attn.lora_B_v.7.weight', 'image_encoder.blocks.0.attn.lora_A_v.7.weight', 'image_encoder.blocks.10.attn.lora_A_v.7.weight', 'image_encoder.blocks.0.attn.lora_B_v.7.weight', 'image_encoder.blocks.8.attn.lora_A_k.7.weight', 'image_encoder.blocks.4.attn.lora_A_k.7.weight', 'image_encoder.blocks.6.attn.lora_B_v.7.weight', 'image_encoder.blocks.7.attn.lora_B_v.7.weight', 'image_encoder.blocks.5.attn.lora_A_k.7.weight', 'image_encoder.blocks.8.attn.lora_A_v.7.weight', 'image_encoder.blocks.3.attn.lora_A_k.7.weight', 'image_encoder.blocks.6.attn.lora_B_k.7.weight', 'image_encoder.blocks.3.attn.lora_B_v.7.weight', 'image_encoder.blocks.11.attn.lora_B_k.7.weight', 'classifier_pool.7.weight', 'image_encoder.blocks.7.attn.lora_B_k.7.weight', 'image_encoder.blocks.7.attn.lora_A_v.7.weight', 'image_encoder.blocks.6.attn.lora_A_k.7.weight', 'image_encoder.blocks.2.attn.lora_A_k.7.weight', 'image_encoder.blocks.0.attn.lora_A_k.7.weight', 'image_encoder.blocks.6.attn.lora_A_v.7.weight', 'image_encoder.blocks.10.attn.lora_B_k.7.weight', 'image_encoder.blocks.1.attn.lora_A_v.7.weight', 'image_encoder.blocks.5.attn.lora_B_v.7.weight', 'image_encoder.blocks.4.attn.lora_B_k.7.weight', 'image_encoder.blocks.11.attn.lora_A_v.7.weight', 'image_encoder.blocks.1.attn.lora_B_v.7.weight', 'image_encoder.blocks.4.attn.lora_B_v.7.weight', 'image_encoder.blocks.3.attn.lora_B_k.7.weight', 'image_encoder.blocks.9.attn.lora_A_k.7.weight'}
After trained on task 6 tensor(0.0486, device='cuda:0') tensor(0.0383, device='cuda:0')
After trained on task 6 tensor(0.0473, device='cuda:0') tensor(0.0473, device='cuda:0')
After trained on task 6 tensor(0.0418, device='cuda:0') tensor(0.0569, device='cuda:0')
After trained on task 6 tensor(0.0371, device='cuda:0') tensor(0.0625, device='cuda:0')
After trained on task 6 tensor(0.0530, device='cuda:0') tensor(0.0691, device='cuda:0')
After trained on task 6 tensor(0.0535, device='cuda:0') tensor(0.0704, device='cuda:0')
After trained on task 6 tensor(0.0607, device='cuda:0') tensor(0.0770, device='cuda:0')
After trained on task 6 tensor(0.0661, device='cuda:0') tensor(0.0933, device='cuda:0')
After trained on task 6 tensor(0.0787, device='cuda:0') tensor(0.1197, device='cuda:0')
After trained on task 6 tensor(0.0755, device='cuda:0') tensor(0.1529, device='cuda:0')
After trained on task 6 tensor(0.0801, device='cuda:0') tensor(0.1546, device='cuda:0')
After trained on task 6 tensor(0.1150, device='cuda:0') tensor(0.1602, device='cuda:0')
reserving basis 58/768; cond: 5992265809920.0, ratio:0.9906378388404846
reserving basis 58/768; cond: 5992265809920.0, ratio:0.9906378388404846
reserving basis 60/768; cond: 107753046016.0, ratio:0.9901797771453857
reserving basis 60/768; cond: 107753046016.0, ratio:0.9901797771453857
reserving basis 60/768; cond: 70207332352.0, ratio:0.9901859760284424
reserving basis 60/768; cond: 70207332352.0, ratio:0.9901859760284424
reserving basis 61/768; cond: 22043738112.0, ratio:0.9916844964027405
reserving basis 61/768; cond: 22043738112.0, ratio:0.9916844964027405
reserving basis 63/768; cond: 101493121024.0, ratio:0.9932510852813721
reserving basis 63/768; cond: 101493121024.0, ratio:0.9932510852813721
reserving basis 61/768; cond: 239380365312.0, ratio:0.9901351928710938
reserving basis 61/768; cond: 239380365312.0, ratio:0.9901351928710938
reserving basis 63/768; cond: 90242818048.0, ratio:0.9928821921348572
reserving basis 63/768; cond: 90242818048.0, ratio:0.9928821921348572
reserving basis 61/768; cond: 297601925120.0, ratio:0.9910826683044434
reserving basis 61/768; cond: 297601925120.0, ratio:0.9910826683044434
reserving basis 63/768; cond: 336780525568.0, ratio:0.9922164678573608
reserving basis 63/768; cond: 336780525568.0, ratio:0.9922164678573608
reserving basis 60/768; cond: 2218510516224.0, ratio:0.9901208281517029
reserving basis 60/768; cond: 2218510516224.0, ratio:0.9901208281517029
reserving basis 62/768; cond: 116737736704.0, ratio:0.9930571913719177
reserving basis 62/768; cond: 116737736704.0, ratio:0.9930571913719177
reserving basis 60/768; cond: 53957038080.0, ratio:0.9903921484947205
reserving basis 60/768; cond: 53957038080.0, ratio:0.9903921484947205
reserving basis 62/768; cond: 111547449344.0, ratio:0.9925986528396606
reserving basis 62/768; cond: 111547449344.0, ratio:0.9925986528396606
reserving basis 60/768; cond: 59571384320.0, ratio:0.9906030297279358
reserving basis 60/768; cond: 59571384320.0, ratio:0.9906030297279358
reserving basis 63/768; cond: 51889897472.0, ratio:0.9923902750015259
reserving basis 63/768; cond: 51889897472.0, ratio:0.9923902750015259
reserving basis 61/768; cond: 32108670976.0, ratio:0.9913865327835083
reserving basis 61/768; cond: 32108670976.0, ratio:0.9913865327835083
reserving basis 63/768; cond: 58281246720.0, ratio:0.9931013584136963
reserving basis 63/768; cond: 58281246720.0, ratio:0.9931013584136963
reserving basis 60/768; cond: 126096310272.0, ratio:0.9919070601463318
reserving basis 60/768; cond: 126096310272.0, ratio:0.9919070601463318
reserving basis 62/768; cond: 153721192448.0, ratio:0.9925323724746704
reserving basis 62/768; cond: 153721192448.0, ratio:0.9925323724746704
reserving basis 58/768; cond: 102433095680.0, ratio:0.9922344088554382
reserving basis 58/768; cond: 102433095680.0, ratio:0.9922344088554382
reserving basis 62/768; cond: 307201540096.0, ratio:0.9934608340263367
reserving basis 62/768; cond: 307201540096.0, ratio:0.9934608340263367
reserving basis 57/768; cond: 183963205632.0, ratio:0.9906692504882812
reserving basis 57/768; cond: 183963205632.0, ratio:0.9906692504882812
reserving basis 60/768; cond: 226533851136.0, ratio:0.9922228455543518
reserving basis 60/768; cond: 226533851136.0, ratio:0.9922228455543518
reserving basis 53/768; cond: 60256468992.0, ratio:0.9926028251647949
reserving basis 53/768; cond: 60256468992.0, ratio:0.9926028251647949
2026-04-27 21:56:57,306 [palora.py] => Task 7, Epoch 50/50 => Loss 0.507, Train_accy 97.44
2026-04-27 21:57:03,927 [trainer.py] => Time:285.470050573349
491 491
2026-04-27 21:57:09,546 [trainer.py] => Time:5.618372678756714
2026-04-27 21:57:09,547 [trainer.py] => ACC: {'total': 81.67, '00-03': 84.51, '04-07': 78.85, '08-11': 83.08, '12-15': 77.61, '16-19': 82.69, '20-23': 88.52, '24-27': 87.1, '28-31': 70.49, 'old': 83.26, 'new': 70.49}
2026-04-27 21:57:09,547 [trainer.py] => ACC top1 curve: [90.14, 86.99, 88.3, 87.45, 85.99, 86.41, 84.19, 81.67]
Average Accuracy: 86.3925
2026-04-27 21:57:09,547 [trainer.py] => Average Accuracy: 86.3925
2026-04-27 21:57:09,559 [trainer.py] => All params: 126094051
2026-04-27 21:57:09,572 [trainer.py] => Trainable params: 371716
2026-04-27 21:57:09,572 [palora.py] => Learning on 32-36
Parameters to be updated: {'image_encoder.blocks.1.attn.lora_B_k.8.weight', 'image_encoder.blocks.3.attn.lora_A_k.8.weight', 'image_encoder.blocks.6.attn.lora_A_k.8.weight', 'image_encoder.blocks.4.attn.lora_B_k.8.weight', 'image_encoder.blocks.4.attn.lora_A_v.8.weight', 'image_encoder.blocks.9.attn.lora_B_k.8.weight', 'image_encoder.blocks.0.attn.lora_A_k.8.weight', 'image_encoder.blocks.6.attn.lora_B_v.8.weight', 'image_encoder.blocks.7.attn.lora_B_v.8.weight', 'image_encoder.blocks.2.attn.lora_A_k.8.weight', 'image_encoder.blocks.10.attn.lora_A_v.8.weight', 'image_encoder.blocks.6.attn.lora_B_k.8.weight', 'image_encoder.blocks.8.attn.lora_B_k.8.weight', 'image_encoder.blocks.11.attn.lora_B_v.8.weight', 'image_encoder.blocks.0.attn.lora_B_v.8.weight', 'image_encoder.blocks.11.attn.lora_A_k.8.weight', 'classifier_pool.8.weight', 'classifier_pool.8.bias', 'image_encoder.blocks.2.attn.lora_B_k.8.weight', 'image_encoder.blocks.3.attn.lora_B_v.8.weight', 'image_encoder.blocks.5.attn.lora_A_k.8.weight', 'image_encoder.blocks.5.attn.lora_B_v.8.weight', 'image_encoder.blocks.11.attn.lora_B_k.8.weight', 'image_encoder.blocks.1.attn.lora_B_v.8.weight', 'image_encoder.blocks.10.attn.lora_B_v.8.weight', 'image_encoder.blocks.4.attn.lora_A_k.8.weight', 'image_encoder.blocks.4.attn.lora_B_v.8.weight', 'image_encoder.blocks.0.attn.lora_A_v.8.weight', 'image_encoder.blocks.5.attn.lora_A_v.8.weight', 'image_encoder.blocks.6.attn.lora_A_v.8.weight', 'image_encoder.blocks.7.attn.lora_A_v.8.weight', 'image_encoder.blocks.5.attn.lora_B_k.8.weight', 'image_encoder.blocks.9.attn.lora_A_k.8.weight', 'image_encoder.blocks.8.attn.lora_A_v.8.weight', 'image_encoder.blocks.1.attn.lora_A_k.8.weight', 'image_encoder.blocks.7.attn.lora_A_k.8.weight', 'image_encoder.blocks.10.attn.lora_A_k.8.weight', 'image_encoder.blocks.0.attn.lora_B_k.8.weight', 'image_encoder.blocks.3.attn.lora_A_v.8.weight', 'image_encoder.blocks.2.attn.lora_B_v.8.weight', 'image_encoder.blocks.2.attn.lora_A_v.8.weight', 'image_encoder.blocks.1.attn.lora_A_v.8.weight', 'image_encoder.blocks.9.attn.lora_A_v.8.weight', 'image_encoder.blocks.9.attn.lora_B_v.8.weight', 'image_encoder.blocks.8.attn.lora_B_v.8.weight', 'image_encoder.blocks.7.attn.lora_B_k.8.weight', 'image_encoder.blocks.11.attn.lora_A_v.8.weight', 'image_encoder.blocks.8.attn.lora_A_k.8.weight', 'image_encoder.blocks.3.attn.lora_B_k.8.weight', 'image_encoder.blocks.10.attn.lora_B_k.8.weight'}
After trained on task 7 tensor(0.0303, device='cuda:0') tensor(0.0324, device='cuda:0')
After trained on task 7 tensor(0.0369, device='cuda:0') tensor(0.0403, device='cuda:0')
After trained on task 7 tensor(0.0363, device='cuda:0') tensor(0.0511, device='cuda:0')
After trained on task 7 tensor(0.0366, device='cuda:0') tensor(0.0528, device='cuda:0')
After trained on task 7 tensor(0.0422, device='cuda:0') tensor(0.0568, device='cuda:0')
After trained on task 7 tensor(0.0490, device='cuda:0') tensor(0.0681, device='cuda:0')
After trained on task 7 tensor(0.0494, device='cuda:0') tensor(0.0647, device='cuda:0')
After trained on task 7 tensor(0.0594, device='cuda:0') tensor(0.0873, device='cuda:0')
After trained on task 7 tensor(0.0703, device='cuda:0') tensor(0.1257, device='cuda:0')
After trained on task 7 tensor(0.0719, device='cuda:0') tensor(0.1430, device='cuda:0')
After trained on task 7 tensor(0.0768, device='cuda:0') tensor(0.1718, device='cuda:0')
After trained on task 7 tensor(0.0861, device='cuda:0') tensor(0.1731, device='cuda:0')
reserving basis 64/768; cond: 219348664320.0, ratio:0.9902265071868896
reserving basis 64/768; cond: 219348664320.0, ratio:0.9902265071868896
reserving basis 67/768; cond: 19191273472.0, ratio:0.9912033677101135
reserving basis 67/768; cond: 19191273472.0, ratio:0.9912033677101135
reserving basis 67/768; cond: 151060545536.0, ratio:0.9922484159469604
reserving basis 67/768; cond: 151060545536.0, ratio:0.9922484159469604
reserving basis 68/768; cond: 527911321600.0, ratio:0.9916923642158508
reserving basis 68/768; cond: 527911321600.0, ratio:0.9916923642158508
reserving basis 70/768; cond: 124349399040.0, ratio:0.9915099740028381
reserving basis 70/768; cond: 124349399040.0, ratio:0.9915099740028381
reserving basis 68/768; cond: 230731808768.0, ratio:0.9911398887634277
reserving basis 68/768; cond: 230731808768.0, ratio:0.9911398887634277
reserving basis 70/768; cond: 6262630645760.0, ratio:0.9900252819061279
reserving basis 70/768; cond: 6262630645760.0, ratio:0.9900252819061279
reserving basis 68/768; cond: 207801532416.0, ratio:0.9907326102256775
reserving basis 68/768; cond: 207801532416.0, ratio:0.9907326102256775
reserving basis 70/768; cond: 22878892032.0, ratio:0.9900382161140442
reserving basis 70/768; cond: 22878892032.0, ratio:0.9900382161140442
reserving basis 67/768; cond: 286646697984.0, ratio:0.9907324910163879
reserving basis 67/768; cond: 286646697984.0, ratio:0.9907324910163879
reserving basis 69/768; cond: 82498281472.0, ratio:0.9903203248977661
reserving basis 69/768; cond: 82498281472.0, ratio:0.9903203248977661
reserving basis 67/768; cond: 39952261120.0, ratio:0.9922162890434265
reserving basis 67/768; cond: 39952261120.0, ratio:0.9922162890434265
reserving basis 70/768; cond: 2269809737728.0, ratio:0.9936286211013794
reserving basis 70/768; cond: 2269809737728.0, ratio:0.9936286211013794
reserving basis 67/768; cond: 252699672576.0, ratio:0.9909710884094238
reserving basis 67/768; cond: 252699672576.0, ratio:0.9909710884094238
reserving basis 71/768; cond: 44466147328.0, ratio:0.993387758731842
reserving basis 71/768; cond: 44466147328.0, ratio:0.993387758731842
reserving basis 68/768; cond: 41355554816.0, ratio:0.9915046691894531
reserving basis 68/768; cond: 41355554816.0, ratio:0.9915046691894531
reserving basis 70/768; cond: 21174542336.0, ratio:0.9904335737228394
reserving basis 70/768; cond: 21174542336.0, ratio:0.9904335737228394
reserving basis 66/768; cond: 181165670400.0, ratio:0.9909434914588928
reserving basis 66/768; cond: 181165670400.0, ratio:0.9909434914588928
reserving basis 69/768; cond: 195887906816.0, ratio:0.9902108907699585
reserving basis 69/768; cond: 195887906816.0, ratio:0.9902108907699585
reserving basis 64/768; cond: 199719436288.0, ratio:0.990820050239563
reserving basis 64/768; cond: 199719436288.0, ratio:0.990820050239563
reserving basis 69/768; cond: 1340531933184.0, ratio:0.9918801188468933
reserving basis 69/768; cond: 1340531933184.0, ratio:0.9918801188468933
reserving basis 63/768; cond: 141357563904.0, ratio:0.9922084808349609
reserving basis 63/768; cond: 141357563904.0, ratio:0.9922084808349609
reserving basis 67/768; cond: 6148324851712.0, ratio:0.9921531677246094
reserving basis 67/768; cond: 6148324851712.0, ratio:0.9921531677246094
reserving basis 58/768; cond: 36298104832.0, ratio:0.9903208017349243
reserving basis 58/768; cond: 36298104832.0, ratio:0.9903208017349243
2026-04-27 22:01:33,782 [palora.py] => Task 8, Epoch 50/50 => Loss 0.545, Train_accy 94.48
2026-04-27 22:01:39,716 [trainer.py] => Time:270.1445732116699
532 532
2026-04-27 22:01:45,332 [trainer.py] => Time:5.61539626121521
2026-04-27 22:01:45,332 [trainer.py] => ACC: {'total': 81.39, '00-03': 84.51, '04-07': 73.08, '08-11': 83.08, '12-15': 77.61, '16-19': 80.77, '20-23': 88.52, '24-27': 87.1, '28-31': 70.49, '32-35': 87.8, 'old': 80.86, 'new': 87.8}
2026-04-27 22:01:45,332 [trainer.py] => ACC top1 curve: [90.14, 86.99, 88.3, 87.45, 85.99, 86.41, 84.19, 81.67, 81.39]
Average Accuracy: 85.83666666666666
2026-04-27 22:01:45,332 [trainer.py] => Average Accuracy: 85.83666666666666
2026-04-27 22:01:45,342 [trainer.py] => All params: 126094051
2026-04-27 22:01:45,349 [trainer.py] => Trainable params: 371716
2026-04-27 22:01:45,350 [palora.py] => Learning on 36-40
Parameters to be updated: {'image_encoder.blocks.3.attn.lora_A_k.9.weight', 'image_encoder.blocks.10.attn.lora_A_v.9.weight', 'image_encoder.blocks.4.attn.lora_A_k.9.weight', 'classifier_pool.9.bias', 'image_encoder.blocks.3.attn.lora_A_v.9.weight', 'image_encoder.blocks.4.attn.lora_B_v.9.weight', 'image_encoder.blocks.9.attn.lora_B_k.9.weight', 'image_encoder.blocks.0.attn.lora_B_v.9.weight', 'image_encoder.blocks.5.attn.lora_A_k.9.weight', 'image_encoder.blocks.6.attn.lora_A_v.9.weight', 'image_encoder.blocks.3.attn.lora_B_k.9.weight', 'image_encoder.blocks.9.attn.lora_A_k.9.weight', 'image_encoder.blocks.11.attn.lora_B_v.9.weight', 'image_encoder.blocks.10.attn.lora_B_v.9.weight', 'image_encoder.blocks.2.attn.lora_A_k.9.weight', 'image_encoder.blocks.0.attn.lora_A_v.9.weight', 'image_encoder.blocks.1.attn.lora_A_k.9.weight', 'image_encoder.blocks.3.attn.lora_B_v.9.weight', 'image_encoder.blocks.6.attn.lora_B_v.9.weight', 'image_encoder.blocks.7.attn.lora_B_k.9.weight', 'image_encoder.blocks.8.attn.lora_B_k.9.weight', 'image_encoder.blocks.8.attn.lora_A_v.9.weight', 'image_encoder.blocks.8.attn.lora_A_k.9.weight', 'image_encoder.blocks.9.attn.lora_B_v.9.weight', 'image_encoder.blocks.1.attn.lora_B_v.9.weight', 'image_encoder.blocks.4.attn.lora_B_k.9.weight', 'classifier_pool.9.weight', 'image_encoder.blocks.7.attn.lora_A_v.9.weight', 'image_encoder.blocks.9.attn.lora_A_v.9.weight', 'image_encoder.blocks.1.attn.lora_B_k.9.weight', 'image_encoder.blocks.7.attn.lora_A_k.9.weight', 'image_encoder.blocks.7.attn.lora_B_v.9.weight', 'image_encoder.blocks.0.attn.lora_B_k.9.weight', 'image_encoder.blocks.6.attn.lora_B_k.9.weight', 'image_encoder.blocks.10.attn.lora_B_k.9.weight', 'image_encoder.blocks.2.attn.lora_B_v.9.weight', 'image_encoder.blocks.10.attn.lora_A_k.9.weight', 'image_encoder.blocks.2.attn.lora_B_k.9.weight', 'image_encoder.blocks.5.attn.lora_B_v.9.weight', 'image_encoder.blocks.1.attn.lora_A_v.9.weight', 'image_encoder.blocks.4.attn.lora_A_v.9.weight', 'image_encoder.blocks.5.attn.lora_A_v.9.weight', 'image_encoder.blocks.5.attn.lora_B_k.9.weight', 'image_encoder.blocks.11.attn.lora_A_k.9.weight', 'image_encoder.blocks.11.attn.lora_A_v.9.weight', 'image_encoder.blocks.6.attn.lora_A_k.9.weight', 'image_encoder.blocks.11.attn.lora_B_k.9.weight', 'image_encoder.blocks.0.attn.lora_A_k.9.weight', 'image_encoder.blocks.2.attn.lora_A_v.9.weight', 'image_encoder.blocks.8.attn.lora_B_v.9.weight'}
After trained on task 8 tensor(0.0376, device='cuda:0') tensor(0.0332, device='cuda:0')
After trained on task 8 tensor(0.0355, device='cuda:0') tensor(0.0390, device='cuda:0')
After trained on task 8 tensor(0.0323, device='cuda:0') tensor(0.0446, device='cuda:0')
After trained on task 8 tensor(0.0330, device='cuda:0') tensor(0.0505, device='cuda:0')
After trained on task 8 tensor(0.0421, device='cuda:0') tensor(0.0555, device='cuda:0')
After trained on task 8 tensor(0.0436, device='cuda:0') tensor(0.0598, device='cuda:0')
After trained on task 8 tensor(0.0491, device='cuda:0') tensor(0.0597, device='cuda:0')
After trained on task 8 tensor(0.0581, device='cuda:0') tensor(0.0761, device='cuda:0')
After trained on task 8 tensor(0.0626, device='cuda:0') tensor(0.0752, device='cuda:0')
After trained on task 8 tensor(0.0768, device='cuda:0') tensor(0.1207, device='cuda:0')
After trained on task 8 tensor(0.0713, device='cuda:0') tensor(0.1297, device='cuda:0')
After trained on task 8 tensor(0.1110, device='cuda:0') tensor(0.1445, device='cuda:0')
reserving basis 70/768; cond: 129734852608.0, ratio:0.990261971950531
reserving basis 70/768; cond: 129734852608.0, ratio:0.990261971950531
reserving basis 74/768; cond: 24101177344.0, ratio:0.9923967123031616
reserving basis 74/768; cond: 24101177344.0, ratio:0.9923967123031616
reserving basis 74/768; cond: 30892001280.0, ratio:0.9924373626708984
reserving basis 74/768; cond: 30892001280.0, ratio:0.9924373626708984
reserving basis 74/768; cond: 89338306560.0, ratio:0.9905709624290466
reserving basis 74/768; cond: 89338306560.0, ratio:0.9905709624290466
reserving basis 77/768; cond: 114859171840.0, ratio:0.9911656379699707
reserving basis 77/768; cond: 114859171840.0, ratio:0.9911656379699707
reserving basis 75/768; cond: 190916902912.0, ratio:0.9920790791511536
reserving basis 75/768; cond: 190916902912.0, ratio:0.9920790791511536
reserving basis 77/768; cond: 84368441344.0, ratio:0.9910113215446472
reserving basis 77/768; cond: 84368441344.0, ratio:0.9910113215446472
reserving basis 75/768; cond: 66476310528.0, ratio:0.9922887086868286
reserving basis 75/768; cond: 66476310528.0, ratio:0.9922887086868286
reserving basis 77/768; cond: 1459250528256.0, ratio:0.9909647703170776
reserving basis 77/768; cond: 1459250528256.0, ratio:0.9909647703170776
reserving basis 74/768; cond: 464061956096.0, ratio:0.9929295778274536
reserving basis 74/768; cond: 464061956096.0, ratio:0.9929295778274536
reserving basis 76/768; cond: 143630843904.0, ratio:0.9916536808013916
reserving basis 76/768; cond: 143630843904.0, ratio:0.9916536808013916
reserving basis 74/768; cond: 343751819264.0, ratio:0.9929506778717041
reserving basis 74/768; cond: 343751819264.0, ratio:0.9929506778717041
reserving basis 77/768; cond: 178985844736.0, ratio:0.9916584491729736
reserving basis 77/768; cond: 178985844736.0, ratio:0.9916584491729736
reserving basis 74/768; cond: 189361831936.0, ratio:0.9924302101135254
reserving basis 74/768; cond: 189361831936.0, ratio:0.9924302101135254
reserving basis 78/768; cond: 425947103232.0, ratio:0.9914484620094299
reserving basis 78/768; cond: 425947103232.0, ratio:0.9914484620094299
reserving basis 74/768; cond: 87900782592.0, ratio:0.9908133149147034
reserving basis 74/768; cond: 87900782592.0, ratio:0.9908133149147034
reserving basis 77/768; cond: 430879506432.0, ratio:0.9909578561782837
reserving basis 77/768; cond: 430879506432.0, ratio:0.9909578561782837
reserving basis 72/768; cond: 177865801728.0, ratio:0.9907599091529846
reserving basis 72/768; cond: 177865801728.0, ratio:0.9907599091529846
reserving basis 76/768; cond: 24090423296.0, ratio:0.9919036626815796
reserving basis 76/768; cond: 24090423296.0, ratio:0.9919036626815796
reserving basis 70/768; cond: 75388502016.0, ratio:0.9917177557945251
reserving basis 70/768; cond: 75388502016.0, ratio:0.9917177557945251
reserving basis 76/768; cond: 174729822208.0, ratio:0.9927998781204224
reserving basis 76/768; cond: 174729822208.0, ratio:0.9927998781204224
reserving basis 68/768; cond: 63835373568.0, ratio:0.9911599159240723
reserving basis 68/768; cond: 63835373568.0, ratio:0.9911599159240723
reserving basis 73/768; cond: 664555683840.0, ratio:0.9921266436576843
reserving basis 73/768; cond: 664555683840.0, ratio:0.9921266436576843
reserving basis 62/768; cond: 132065624064.0, ratio:0.9905825853347778
reserving basis 62/768; cond: 132065624064.0, ratio:0.9905825853347778
2026-04-27 22:05:29,727 [palora.py] => Task 9, Epoch 50/50 => Loss 0.498, Train_accy 95.24
2026-04-27 22:05:34,732 [trainer.py] => Time:229.38188242912292
561 561
2026-04-27 22:05:40,306 [trainer.py] => Time:5.574434041976929
2026-04-27 22:05:40,307 [trainer.py] => ACC: {'total': 80.39, '00-03': 84.51, '04-07': 73.08, '08-11': 83.08, '12-15': 77.61, '16-19': 80.77, '20-23': 86.89, '24-27': 88.71, '28-31': 70.49, '32-35': 80.49, '36-39': 72.41, 'old': 80.83, 'new': 72.41}
2026-04-27 22:05:40,307 [trainer.py] => ACC top1 curve: [90.14, 86.99, 88.3, 87.45, 85.99, 86.41, 84.19, 81.67, 81.39, 80.39]
Average Accuracy: 85.292
2026-04-27 22:05:40,307 [trainer.py] => Average Accuracy: 85.292
2026-04-27 22:05:40,316 [trainer.py] => All params: 126094051
2026-04-27 22:05:40,324 [trainer.py] => Trainable params: 371716
2026-04-27 22:05:40,324 [palora.py] => Learning on 40-44
Parameters to be updated: {'image_encoder.blocks.0.attn.lora_A_v.10.weight', 'image_encoder.blocks.10.attn.lora_A_k.10.weight', 'image_encoder.blocks.11.attn.lora_B_v.10.weight', 'image_encoder.blocks.2.attn.lora_A_k.10.weight', 'image_encoder.blocks.9.attn.lora_B_v.10.weight', 'image_encoder.blocks.1.attn.lora_A_k.10.weight', 'image_encoder.blocks.11.attn.lora_A_v.10.weight', 'image_encoder.blocks.3.attn.lora_B_k.10.weight', 'image_encoder.blocks.3.attn.lora_A_k.10.weight', 'image_encoder.blocks.7.attn.lora_B_v.10.weight', 'image_encoder.blocks.10.attn.lora_A_v.10.weight', 'image_encoder.blocks.2.attn.lora_B_k.10.weight', 'image_encoder.blocks.10.attn.lora_B_k.10.weight', 'image_encoder.blocks.5.attn.lora_B_k.10.weight', 'image_encoder.blocks.8.attn.lora_B_k.10.weight', 'image_encoder.blocks.1.attn.lora_B_k.10.weight', 'image_encoder.blocks.2.attn.lora_A_v.10.weight', 'image_encoder.blocks.10.attn.lora_B_v.10.weight', 'image_encoder.blocks.6.attn.lora_A_k.10.weight', 'image_encoder.blocks.11.attn.lora_B_k.10.weight', 'image_encoder.blocks.5.attn.lora_B_v.10.weight', 'image_encoder.blocks.9.attn.lora_B_k.10.weight', 'image_encoder.blocks.0.attn.lora_B_k.10.weight', 'classifier_pool.10.weight', 'image_encoder.blocks.8.attn.lora_A_v.10.weight', 'image_encoder.blocks.6.attn.lora_B_k.10.weight', 'image_encoder.blocks.7.attn.lora_B_k.10.weight', 'image_encoder.blocks.3.attn.lora_A_v.10.weight', 'image_encoder.blocks.2.attn.lora_B_v.10.weight', 'image_encoder.blocks.8.attn.lora_A_k.10.weight', 'image_encoder.blocks.9.attn.lora_A_k.10.weight', 'image_encoder.blocks.3.attn.lora_B_v.10.weight', 'image_encoder.blocks.4.attn.lora_B_k.10.weight', 'image_encoder.blocks.4.attn.lora_B_v.10.weight', 'image_encoder.blocks.4.attn.lora_A_v.10.weight', 'image_encoder.blocks.6.attn.lora_B_v.10.weight', 'image_encoder.blocks.1.attn.lora_B_v.10.weight', 'image_encoder.blocks.9.attn.lora_A_v.10.weight', 'image_encoder.blocks.7.attn.lora_A_k.10.weight', 'image_encoder.blocks.5.attn.lora_A_v.10.weight', 'image_encoder.blocks.4.attn.lora_A_k.10.weight', 'image_encoder.blocks.8.attn.lora_B_v.10.weight', 'classifier_pool.10.bias', 'image_encoder.blocks.5.attn.lora_A_k.10.weight', 'image_encoder.blocks.1.attn.lora_A_v.10.weight', 'image_encoder.blocks.11.attn.lora_A_k.10.weight', 'image_encoder.blocks.7.attn.lora_A_v.10.weight', 'image_encoder.blocks.6.attn.lora_A_v.10.weight', 'image_encoder.blocks.0.attn.lora_A_k.10.weight', 'image_encoder.blocks.0.attn.lora_B_v.10.weight'}
After trained on task 9 tensor(0.0258, device='cuda:0') tensor(0.0255, device='cuda:0')
After trained on task 9 tensor(0.0272, device='cuda:0') tensor(0.0322, device='cuda:0')
After trained on task 9 tensor(0.0233, device='cuda:0') tensor(0.0328, device='cuda:0')
After trained on task 9 tensor(0.0267, device='cuda:0') tensor(0.0378, device='cuda:0')
After trained on task 9 tensor(0.0348, device='cuda:0') tensor(0.0417, device='cuda:0')
After trained on task 9 tensor(0.0342, device='cuda:0') tensor(0.0441, device='cuda:0')
After trained on task 9 tensor(0.0349, device='cuda:0') tensor(0.0441, device='cuda:0')
After trained on task 9 tensor(0.0371, device='cuda:0') tensor(0.0490, device='cuda:0')
After trained on task 9 tensor(0.0429, device='cuda:0') tensor(0.0554, device='cuda:0')
After trained on task 9 tensor(0.0422, device='cuda:0') tensor(0.0712, device='cuda:0')
After trained on task 9 tensor(0.0439, device='cuda:0') tensor(0.0793, device='cuda:0')
After trained on task 9 tensor(0.0569, device='cuda:0') tensor(0.0889, device='cuda:0')
reserving basis 76/768; cond: 108390744064.0, ratio:0.9924283623695374
reserving basis 76/768; cond: 108390744064.0, ratio:0.9924283623695374
reserving basis 80/768; cond: 78022828032.0, ratio:0.9928361177444458
reserving basis 80/768; cond: 78022828032.0, ratio:0.9928361177444458
reserving basis 80/768; cond: 95493464064.0, ratio:0.9919527173042297
reserving basis 80/768; cond: 95493464064.0, ratio:0.9919527173042297
reserving basis 80/768; cond: 14954734592.0, ratio:0.990159809589386
reserving basis 80/768; cond: 14954734592.0, ratio:0.990159809589386
reserving basis 83/768; cond: 89902489600.0, ratio:0.9903905987739563
reserving basis 83/768; cond: 89902489600.0, ratio:0.9903905987739563
reserving basis 81/768; cond: 96992075776.0, ratio:0.9910380840301514
reserving basis 81/768; cond: 96992075776.0, ratio:0.9910380840301514
reserving basis 84/768; cond: 163643490304.0, ratio:0.9916863441467285
reserving basis 84/768; cond: 163643490304.0, ratio:0.9916863441467285
reserving basis 81/768; cond: 64035930112.0, ratio:0.9912816286087036
reserving basis 81/768; cond: 64035930112.0, ratio:0.9912816286087036
reserving basis 84/768; cond: 93737517056.0, ratio:0.9927113652229309
reserving basis 84/768; cond: 93737517056.0, ratio:0.9927113652229309
reserving basis 80/768; cond: 353090437120.0, ratio:0.9901997447013855
reserving basis 80/768; cond: 353090437120.0, ratio:0.9901997447013855
reserving basis 82/768; cond: 80068747264.0, ratio:0.9906914234161377
reserving basis 82/768; cond: 80068747264.0, ratio:0.9906914234161377
reserving basis 81/768; cond: 66112208896.0, ratio:0.9927435517311096
reserving basis 81/768; cond: 66112208896.0, ratio:0.9927435517311096
reserving basis 83/768; cond: 63907975168.0, ratio:0.9910967946052551
reserving basis 83/768; cond: 63907975168.0, ratio:0.9910967946052551
reserving basis 80/768; cond: 76261384192.0, ratio:0.9902894496917725
reserving basis 80/768; cond: 76261384192.0, ratio:0.9902894496917725
reserving basis 85/768; cond: 24304881664.0, ratio:0.9923027157783508
reserving basis 85/768; cond: 24304881664.0, ratio:0.9923027157783508
reserving basis 80/768; cond: 2647733043200.0, ratio:0.9909117221832275
reserving basis 80/768; cond: 2647733043200.0, ratio:0.9909117221832275
reserving basis 84/768; cond: 18454036480.0, ratio:0.9926758408546448
reserving basis 84/768; cond: 18454036480.0, ratio:0.9926758408546448
reserving basis 78/768; cond: 51801346048.0, ratio:0.990801215171814
reserving basis 78/768; cond: 51801346048.0, ratio:0.990801215171814
reserving basis 83/768; cond: 10864678912.0, ratio:0.9923787713050842
reserving basis 83/768; cond: 10864678912.0, ratio:0.9923787713050842
reserving basis 75/768; cond: 29967411200.0, ratio:0.9907736778259277
reserving basis 75/768; cond: 29967411200.0, ratio:0.9907736778259277
reserving basis 83/768; cond: 947191349248.0, ratio:0.9926313757896423
reserving basis 83/768; cond: 947191349248.0, ratio:0.9926313757896423
reserving basis 73/768; cond: 89585614848.0, ratio:0.9912807941436768
reserving basis 73/768; cond: 89585614848.0, ratio:0.9912807941436768
reserving basis 78/768; cond: 521762832384.0, ratio:0.9901870489120483
reserving basis 78/768; cond: 521762832384.0, ratio:0.9901870489120483
reserving basis 66/768; cond: 27287889920.0, ratio:0.9905056357383728
reserving basis 66/768; cond: 27287889920.0, ratio:0.9905056357383728
2026-04-27 22:09:54,126 [palora.py] => Task 10, Epoch 50/50 => Loss 0.713, Train_accy 92.03
2026-04-27 22:09:59,905 [trainer.py] => Time:259.580584526062
603 603
2026-04-27 22:10:05,432 [trainer.py] => Time:5.526545524597168
2026-04-27 22:10:05,432 [trainer.py] => ACC: {'total': 79.77, '00-03': 84.51, '04-07': 69.23, '08-11': 81.54, '12-15': 79.1, '16-19': 78.85, '20-23': 88.52, '24-27': 87.1, '28-31': 70.49, '32-35': 80.49, '36-39': 68.97, '40-43': 80.95, 'old': 79.68, 'new': 80.95}
2026-04-27 22:10:05,432 [trainer.py] => ACC top1 curve: [90.14, 86.99, 88.3, 87.45, 85.99, 86.41, 84.19, 81.67, 81.39, 80.39, 79.77]
Average Accuracy: 84.78999999999999
2026-04-27 22:10:05,432 [trainer.py] => Average Accuracy: 84.78999999999999
2026-04-27 22:10:05,442 [trainer.py] => All params: 126094051
2026-04-27 22:10:05,450 [trainer.py] => Trainable params: 371716
2026-04-27 22:10:05,451 [palora.py] => Learning on 44-48
Parameters to be updated: {'image_encoder.blocks.11.attn.lora_A_v.11.weight', 'image_encoder.blocks.6.attn.lora_B_v.11.weight', 'image_encoder.blocks.5.attn.lora_B_k.11.weight', 'image_encoder.blocks.9.attn.lora_A_k.11.weight', 'image_encoder.blocks.6.attn.lora_B_k.11.weight', 'image_encoder.blocks.8.attn.lora_A_k.11.weight', 'image_encoder.blocks.3.attn.lora_B_v.11.weight', 'image_encoder.blocks.10.attn.lora_B_k.11.weight', 'image_encoder.blocks.1.attn.lora_B_v.11.weight', 'image_encoder.blocks.0.attn.lora_A_k.11.weight', 'image_encoder.blocks.11.attn.lora_A_k.11.weight', 'image_encoder.blocks.2.attn.lora_A_v.11.weight', 'image_encoder.blocks.1.attn.lora_A_k.11.weight', 'image_encoder.blocks.4.attn.lora_B_v.11.weight', 'image_encoder.blocks.7.attn.lora_A_k.11.weight', 'image_encoder.blocks.8.attn.lora_A_v.11.weight', 'image_encoder.blocks.5.attn.lora_B_v.11.weight', 'image_encoder.blocks.11.attn.lora_B_v.11.weight', 'image_encoder.blocks.2.attn.lora_A_k.11.weight', 'image_encoder.blocks.0.attn.lora_B_k.11.weight', 'image_encoder.blocks.7.attn.lora_B_v.11.weight', 'image_encoder.blocks.0.attn.lora_B_v.11.weight', 'image_encoder.blocks.2.attn.lora_B_k.11.weight', 'image_encoder.blocks.3.attn.lora_B_k.11.weight', 'classifier_pool.11.weight', 'image_encoder.blocks.4.attn.lora_A_v.11.weight', 'image_encoder.blocks.9.attn.lora_A_v.11.weight', 'image_encoder.blocks.4.attn.lora_A_k.11.weight', 'image_encoder.blocks.8.attn.lora_B_k.11.weight', 'image_encoder.blocks.6.attn.lora_A_k.11.weight', 'image_encoder.blocks.8.attn.lora_B_v.11.weight', 'image_encoder.blocks.10.attn.lora_B_v.11.weight', 'image_encoder.blocks.1.attn.lora_B_k.11.weight', 'image_encoder.blocks.6.attn.lora_A_v.11.weight', 'image_encoder.blocks.9.attn.lora_B_v.11.weight', 'classifier_pool.11.bias', 'image_encoder.blocks.4.attn.lora_B_k.11.weight', 'image_encoder.blocks.0.attn.lora_A_v.11.weight', 'image_encoder.blocks.1.attn.lora_A_v.11.weight', 'image_encoder.blocks.5.attn.lora_A_k.11.weight', 'image_encoder.blocks.10.attn.lora_A_k.11.weight', 'image_encoder.blocks.9.attn.lora_B_k.11.weight', 'image_encoder.blocks.3.attn.lora_A_v.11.weight', 'image_encoder.blocks.10.attn.lora_A_v.11.weight', 'image_encoder.blocks.11.attn.lora_B_k.11.weight', 'image_encoder.blocks.7.attn.lora_B_k.11.weight', 'image_encoder.blocks.2.attn.lora_B_v.11.weight', 'image_encoder.blocks.3.attn.lora_A_k.11.weight', 'image_encoder.blocks.7.attn.lora_A_v.11.weight', 'image_encoder.blocks.5.attn.lora_A_v.11.weight'}
After trained on task 10 tensor(0.0247, device='cuda:0') tensor(0.0258, device='cuda:0')
After trained on task 10 tensor(0.0280, device='cuda:0') tensor(0.0307, device='cuda:0')
After trained on task 10 tensor(0.0292, device='cuda:0') tensor(0.0331, device='cuda:0')
After trained on task 10 tensor(0.0294, device='cuda:0') tensor(0.0348, device='cuda:0')
After trained on task 10 tensor(0.0294, device='cuda:0') tensor(0.0412, device='cuda:0')
After trained on task 10 tensor(0.0332, device='cuda:0') tensor(0.0455, device='cuda:0')
After trained on task 10 tensor(0.0379, device='cuda:0') tensor(0.0444, device='cuda:0')
After trained on task 10 tensor(0.0363, device='cuda:0') tensor(0.0501, device='cuda:0')
After trained on task 10 tensor(0.0378, device='cuda:0') tensor(0.0610, device='cuda:0')
After trained on task 10 tensor(0.0411, device='cuda:0') tensor(0.0811, device='cuda:0')
After trained on task 10 tensor(0.0487, device='cuda:0') tensor(0.0939, device='cuda:0')
After trained on task 10 tensor(0.0639, device='cuda:0') tensor(0.1326, device='cuda:0')
reserving basis 82/768; cond: 65748787200.0, ratio:0.9914253354072571
reserving basis 82/768; cond: 65748787200.0, ratio:0.9914253354072571
reserving basis 86/768; cond: 18513336320.0, ratio:0.9917009472846985
reserving basis 86/768; cond: 18513336320.0, ratio:0.9917009472846985
reserving basis 86/768; cond: 48154185728.0, ratio:0.9923025965690613
reserving basis 86/768; cond: 48154185728.0, ratio:0.9923025965690613
reserving basis 86/768; cond: 444792242176.0, ratio:0.9911941289901733
reserving basis 86/768; cond: 444792242176.0, ratio:0.9911941289901733
reserving basis 90/768; cond: 65678368768.0, ratio:0.9926048517227173
reserving basis 90/768; cond: 65678368768.0, ratio:0.9926048517227173
reserving basis 87/768; cond: 125831512064.0, ratio:0.9910200238227844
reserving basis 87/768; cond: 125831512064.0, ratio:0.9910200238227844
reserving basis 90/768; cond: 101675900928.0, ratio:0.9911460280418396
reserving basis 90/768; cond: 101675900928.0, ratio:0.9911460280418396
reserving basis 87/768; cond: 2490777731072.0, ratio:0.9917359352111816
reserving basis 87/768; cond: 2490777731072.0, ratio:0.9917359352111816
reserving basis 90/768; cond: 27553832960.0, ratio:0.9910634160041809
reserving basis 90/768; cond: 27553832960.0, ratio:0.9910634160041809
reserving basis 86/768; cond: 215224352768.0, ratio:0.992041826248169
reserving basis 86/768; cond: 215224352768.0, ratio:0.992041826248169
reserving basis 88/768; cond: 765410213888.0, ratio:0.9913864731788635
reserving basis 88/768; cond: 765410213888.0, ratio:0.9913864731788635
reserving basis 87/768; cond: 18677510438912.0, ratio:0.992336630821228
reserving basis 87/768; cond: 18677510438912.0, ratio:0.992336630821228
reserving basis 89/768; cond: 10778482573312.0, ratio:0.9911796450614929
reserving basis 89/768; cond: 10778482573312.0, ratio:0.9911796450614929
reserving basis 86/768; cond: 669084024832.0, ratio:0.9920260310173035
reserving basis 86/768; cond: 669084024832.0, ratio:0.9920260310173035
reserving basis 91/768; cond: 130110128128.0, ratio:0.9904670119285583
reserving basis 91/768; cond: 130110128128.0, ratio:0.9904670119285583
reserving basis 85/768; cond: 122851434496.0, ratio:0.9905436635017395
reserving basis 85/768; cond: 122851434496.0, ratio:0.9905436635017395
reserving basis 90/768; cond: 41211477884928.0, ratio:0.9912223815917969
reserving basis 90/768; cond: 41211477884928.0, ratio:0.9912223815917969
reserving basis 84/768; cond: 365553713152.0, ratio:0.9918212890625
reserving basis 84/768; cond: 365553713152.0, ratio:0.9918212890625
reserving basis 89/768; cond: 214807281664.0, ratio:0.9912813305854797
reserving basis 89/768; cond: 214807281664.0, ratio:0.9912813305854797
reserving basis 80/768; cond: 28442722304.0, ratio:0.991218626499176
reserving basis 80/768; cond: 28442722304.0, ratio:0.991218626499176
reserving basis 89/768; cond: 391172620288.0, ratio:0.992289662361145
reserving basis 89/768; cond: 391172620288.0, ratio:0.992289662361145
reserving basis 77/768; cond: 139707318272.0, ratio:0.9903267025947571
reserving basis 77/768; cond: 139707318272.0, ratio:0.9903267025947571
reserving basis 83/768; cond: 49155018752.0, ratio:0.990344762802124
reserving basis 83/768; cond: 49155018752.0, ratio:0.990344762802124
reserving basis 70/768; cond: 45245452288.0, ratio:0.9917941093444824
reserving basis 70/768; cond: 45245452288.0, ratio:0.9917941093444824
2026-04-27 22:14:21,990 [palora.py] => Task 11, Epoch 50/50 => Loss 0.631, Train_accy 91.89
2026-04-27 22:14:27,859 [trainer.py] => Time:262.4080693721771
650 650
2026-04-27 22:14:33,644 [trainer.py] => Time:5.785107851028442
2026-04-27 22:14:33,644 [trainer.py] => ACC: {'total': 78.92, '00-03': 85.92, '04-07': 71.15, '08-11': 80.0, '12-15': 79.1, '16-19': 82.69, '20-23': 86.89, '24-27': 88.71, '28-31': 70.49, '32-35': 78.05, '36-39': 65.52, '40-43': 78.57, '44-47': 68.09, 'old': 79.77, 'new': 68.09}
2026-04-27 22:14:33,644 [trainer.py] => ACC top1 curve: [90.14, 86.99, 88.3, 87.45, 85.99, 86.41, 84.19, 81.67, 81.39, 80.39, 79.77, 78.92]
Average Accuracy: 84.30083333333333
2026-04-27 22:14:33,644 [trainer.py] => Average Accuracy: 84.30083333333333
2026-04-27 22:14:33,653 [trainer.py] => All params: 126094051
2026-04-27 22:14:33,661 [trainer.py] => Trainable params: 371716
2026-04-27 22:14:33,661 [palora.py] => Learning on 48-52
Parameters to be updated: {'image_encoder.blocks.9.attn.lora_B_k.12.weight', 'image_encoder.blocks.9.attn.lora_A_k.12.weight', 'image_encoder.blocks.4.attn.lora_A_k.12.weight', 'image_encoder.blocks.1.attn.lora_A_k.12.weight', 'image_encoder.blocks.6.attn.lora_B_v.12.weight', 'image_encoder.blocks.7.attn.lora_B_v.12.weight', 'image_encoder.blocks.9.attn.lora_A_v.12.weight', 'image_encoder.blocks.4.attn.lora_B_k.12.weight', 'image_encoder.blocks.2.attn.lora_B_v.12.weight', 'image_encoder.blocks.0.attn.lora_B_v.12.weight', 'image_encoder.blocks.3.attn.lora_B_v.12.weight', 'image_encoder.blocks.11.attn.lora_A_v.12.weight', 'image_encoder.blocks.4.attn.lora_A_v.12.weight', 'image_encoder.blocks.9.attn.lora_B_v.12.weight', 'image_encoder.blocks.8.attn.lora_B_k.12.weight', 'image_encoder.blocks.4.attn.lora_B_v.12.weight', 'image_encoder.blocks.6.attn.lora_A_k.12.weight', 'image_encoder.blocks.2.attn.lora_A_v.12.weight', 'image_encoder.blocks.10.attn.lora_A_k.12.weight', 'classifier_pool.12.weight', 'image_encoder.blocks.0.attn.lora_A_v.12.weight', 'image_encoder.blocks.6.attn.lora_A_v.12.weight', 'image_encoder.blocks.7.attn.lora_A_v.12.weight', 'image_encoder.blocks.8.attn.lora_B_v.12.weight', 'image_encoder.blocks.3.attn.lora_B_k.12.weight', 'image_encoder.blocks.5.attn.lora_A_k.12.weight', 'image_encoder.blocks.11.attn.lora_B_k.12.weight', 'image_encoder.blocks.10.attn.lora_A_v.12.weight', 'image_encoder.blocks.2.attn.lora_A_k.12.weight', 'image_encoder.blocks.1.attn.lora_B_k.12.weight', 'image_encoder.blocks.8.attn.lora_A_k.12.weight', 'image_encoder.blocks.10.attn.lora_B_v.12.weight', 'image_encoder.blocks.6.attn.lora_B_k.12.weight', 'image_encoder.blocks.8.attn.lora_A_v.12.weight', 'image_encoder.blocks.5.attn.lora_A_v.12.weight', 'image_encoder.blocks.3.attn.lora_A_v.12.weight', 'image_encoder.blocks.1.attn.lora_A_v.12.weight', 'image_encoder.blocks.5.attn.lora_B_v.12.weight', 'image_encoder.blocks.7.attn.lora_A_k.12.weight', 'image_encoder.blocks.7.attn.lora_B_k.12.weight', 'image_encoder.blocks.1.attn.lora_B_v.12.weight', 'image_encoder.blocks.0.attn.lora_B_k.12.weight', 'image_encoder.blocks.0.attn.lora_A_k.12.weight', 'image_encoder.blocks.11.attn.lora_A_k.12.weight', 'image_encoder.blocks.10.attn.lora_B_k.12.weight', 'classifier_pool.12.bias', 'image_encoder.blocks.11.attn.lora_B_v.12.weight', 'image_encoder.blocks.3.attn.lora_A_k.12.weight', 'image_encoder.blocks.2.attn.lora_B_k.12.weight', 'image_encoder.blocks.5.attn.lora_B_k.12.weight'}
After trained on task 11 tensor(0.0419, device='cuda:0') tensor(0.0308, device='cuda:0')
After trained on task 11 tensor(0.0354, device='cuda:0') tensor(0.0386, device='cuda:0')
After trained on task 11 tensor(0.0289, device='cuda:0') tensor(0.0398, device='cuda:0')
After trained on task 11 tensor(0.0308, device='cuda:0') tensor(0.0449, device='cuda:0')
After trained on task 11 tensor(0.0381, device='cuda:0') tensor(0.0517, device='cuda:0')
After trained on task 11 tensor(0.0407, device='cuda:0') tensor(0.0599, device='cuda:0')
After trained on task 11 tensor(0.0442, device='cuda:0') tensor(0.0587, device='cuda:0')
After trained on task 11 tensor(0.0490, device='cuda:0') tensor(0.0672, device='cuda:0')
After trained on task 11 tensor(0.0531, device='cuda:0') tensor(0.0806, device='cuda:0')
After trained on task 11 tensor(0.0599, device='cuda:0') tensor(0.1193, device='cuda:0')
After trained on task 11 tensor(0.0656, device='cuda:0') tensor(0.1192, device='cuda:0')
After trained on task 11 tensor(0.0776, device='cuda:0') tensor(0.1367, device='cuda:0')
reserving basis 87/768; cond: 1037063356416.0, ratio:0.9909135699272156
reserving basis 87/768; cond: 1037063356416.0, ratio:0.9909135699272156
reserving basis 92/768; cond: 304101359616.0, ratio:0.9919405579566956
reserving basis 92/768; cond: 304101359616.0, ratio:0.9919405579566956
reserving basis 92/768; cond: 13463510319104.0, ratio:0.9914963841438293
reserving basis 92/768; cond: 13463510319104.0, ratio:0.9914963841438293
reserving basis 92/768; cond: 120138178560.0, ratio:0.9917927980422974
reserving basis 92/768; cond: 120138178560.0, ratio:0.9917927980422974
reserving basis 97/768; cond: 2472817459200.0, ratio:0.9927082061767578
reserving basis 97/768; cond: 2472817459200.0, ratio:0.9927082061767578
reserving basis 93/768; cond: 86356041728.0, ratio:0.9915503263473511
reserving basis 93/768; cond: 86356041728.0, ratio:0.9915503263473511
reserving basis 96/768; cond: 52231172096.0, ratio:0.9900537729263306
reserving basis 96/768; cond: 52231172096.0, ratio:0.9900537729263306
reserving basis 93/768; cond: 139437162496.0, ratio:0.9913750886917114
reserving basis 93/768; cond: 139437162496.0, ratio:0.9913750886917114
reserving basis 97/768; cond: 87810793472.0, ratio:0.9926429986953735
reserving basis 97/768; cond: 87810793472.0, ratio:0.9926429986953735
reserving basis 91/768; cond: 32660830208.0, ratio:0.990088164806366
reserving basis 91/768; cond: 32660830208.0, ratio:0.990088164806366
reserving basis 94/768; cond: 53834682368.0, ratio:0.990729033946991
reserving basis 94/768; cond: 53834682368.0, ratio:0.990729033946991
reserving basis 93/768; cond: 93077274624.0, ratio:0.9917716979980469
reserving basis 93/768; cond: 93077274624.0, ratio:0.9917716979980469
reserving basis 95/768; cond: 557742227456.0, ratio:0.9906710982322693
reserving basis 95/768; cond: 557742227456.0, ratio:0.9906710982322693
reserving basis 91/768; cond: 168280965120.0, ratio:0.990315854549408
reserving basis 91/768; cond: 168280965120.0, ratio:0.990315854549408
reserving basis 97/768; cond: 131626721280.0, ratio:0.9907037615776062
reserving basis 97/768; cond: 131626721280.0, ratio:0.9907037615776062
reserving basis 91/768; cond: 175877521408.0, ratio:0.9915711283683777
reserving basis 91/768; cond: 175877521408.0, ratio:0.9915711283683777
reserving basis 96/768; cond: 430437433344.0, ratio:0.9909628033638
reserving basis 96/768; cond: 430437433344.0, ratio:0.9909628033638
reserving basis 90/768; cond: 2239390023680.0, ratio:0.9918197393417358
reserving basis 90/768; cond: 2239390023680.0, ratio:0.9918197393417358
reserving basis 95/768; cond: 38225510400.0, ratio:0.9918080568313599
reserving basis 95/768; cond: 38225510400.0, ratio:0.9918080568313599
reserving basis 85/768; cond: 397341786112.0, ratio:0.9914312362670898
reserving basis 85/768; cond: 397341786112.0, ratio:0.9914312362670898
reserving basis 94/768; cond: 51072536576.0, ratio:0.9901689291000366
reserving basis 94/768; cond: 51072536576.0, ratio:0.9901689291000366
reserving basis 81/768; cond: 25208850432.0, ratio:0.9903367757797241
reserving basis 81/768; cond: 25208850432.0, ratio:0.9903367757797241
reserving basis 88/768; cond: 496326836224.0, ratio:0.9904670715332031
reserving basis 88/768; cond: 496326836224.0, ratio:0.9904670715332031
reserving basis 74/768; cond: 568027774976.0, ratio:0.9911725521087646
reserving basis 74/768; cond: 568027774976.0, ratio:0.9911725521087646
2026-04-27 22:18:53,320 [palora.py] => Task 12, Epoch 50/50 => Loss 0.506, Train_accy 91.53
2026-04-27 22:18:59,342 [trainer.py] => Time:265.68067240715027
687 687
2026-04-27 22:19:05,253 [trainer.py] => Time:5.910558223724365
2026-04-27 22:19:05,253 [trainer.py] => ACC: {'total': 79.04, '00-03': 85.92, '04-07': 71.15, '08-11': 80.0, '12-15': 79.1, '16-19': 78.85, '20-23': 90.16, '24-27': 87.1, '28-31': 70.49, '32-35': 78.05, '36-39': 68.97, '40-43': 78.57, '44-47': 70.21, '48-51': 78.38, 'old': 79.08, 'new': 78.38}
2026-04-27 22:19:05,253 [trainer.py] => ACC top1 curve: [90.14, 86.99, 88.3, 87.45, 85.99, 86.41, 84.19, 81.67, 81.39, 80.39, 79.77, 78.92, 79.04]
Average Accuracy: 83.89615384615384
2026-04-27 22:19:05,253 [trainer.py] => Average Accuracy: 83.89615384615384
2026-04-27 22:19:05,262 [trainer.py] => All params: 126094051
2026-04-27 22:19:05,270 [trainer.py] => Trainable params: 371716
2026-04-27 22:19:05,270 [palora.py] => Learning on 52-56
Parameters to be updated: {'image_encoder.blocks.5.attn.lora_B_v.13.weight', 'image_encoder.blocks.3.attn.lora_A_k.13.weight', 'image_encoder.blocks.7.attn.lora_A_k.13.weight', 'image_encoder.blocks.8.attn.lora_A_k.13.weight', 'image_encoder.blocks.6.attn.lora_A_k.13.weight', 'image_encoder.blocks.10.attn.lora_A_k.13.weight', 'image_encoder.blocks.5.attn.lora_B_k.13.weight', 'image_encoder.blocks.1.attn.lora_A_k.13.weight', 'image_encoder.blocks.4.attn.lora_B_k.13.weight', 'image_encoder.blocks.11.attn.lora_A_v.13.weight', 'image_encoder.blocks.5.attn.lora_A_v.13.weight', 'image_encoder.blocks.3.attn.lora_B_k.13.weight', 'image_encoder.blocks.9.attn.lora_A_k.13.weight', 'image_encoder.blocks.10.attn.lora_A_v.13.weight', 'image_encoder.blocks.10.attn.lora_B_v.13.weight', 'image_encoder.blocks.0.attn.lora_B_v.13.weight', 'image_encoder.blocks.6.attn.lora_B_k.13.weight', 'image_encoder.blocks.6.attn.lora_A_v.13.weight', 'image_encoder.blocks.0.attn.lora_B_k.13.weight', 'image_encoder.blocks.3.attn.lora_B_v.13.weight', 'image_encoder.blocks.9.attn.lora_B_k.13.weight', 'image_encoder.blocks.5.attn.lora_A_k.13.weight', 'image_encoder.blocks.9.attn.lora_B_v.13.weight', 'image_encoder.blocks.11.attn.lora_A_k.13.weight', 'image_encoder.blocks.4.attn.lora_B_v.13.weight', 'image_encoder.blocks.8.attn.lora_A_v.13.weight', 'image_encoder.blocks.11.attn.lora_B_v.13.weight', 'image_encoder.blocks.4.attn.lora_A_v.13.weight', 'image_encoder.blocks.8.attn.lora_B_k.13.weight', 'image_encoder.blocks.2.attn.lora_B_v.13.weight', 'image_encoder.blocks.9.attn.lora_A_v.13.weight', 'image_encoder.blocks.10.attn.lora_B_k.13.weight', 'image_encoder.blocks.7.attn.lora_B_k.13.weight', 'image_encoder.blocks.0.attn.lora_A_k.13.weight', 'image_encoder.blocks.4.attn.lora_A_k.13.weight', 'image_encoder.blocks.6.attn.lora_B_v.13.weight', 'classifier_pool.13.weight', 'image_encoder.blocks.0.attn.lora_A_v.13.weight', 'image_encoder.blocks.2.attn.lora_B_k.13.weight', 'classifier_pool.13.bias', 'image_encoder.blocks.8.attn.lora_B_v.13.weight', 'image_encoder.blocks.11.attn.lora_B_k.13.weight', 'image_encoder.blocks.1.attn.lora_A_v.13.weight', 'image_encoder.blocks.2.attn.lora_A_v.13.weight', 'image_encoder.blocks.3.attn.lora_A_v.13.weight', 'image_encoder.blocks.1.attn.lora_B_k.13.weight', 'image_encoder.blocks.1.attn.lora_B_v.13.weight', 'image_encoder.blocks.2.attn.lora_A_k.13.weight', 'image_encoder.blocks.7.attn.lora_A_v.13.weight', 'image_encoder.blocks.7.attn.lora_B_v.13.weight'}
After trained on task 12 tensor(0.0294, device='cuda:0') tensor(0.0257, device='cuda:0')
After trained on task 12 tensor(0.0285, device='cuda:0') tensor(0.0317, device='cuda:0')
After trained on task 12 tensor(0.0279, device='cuda:0') tensor(0.0386, device='cuda:0')
After trained on task 12 tensor(0.0297, device='cuda:0') tensor(0.0421, device='cuda:0')
After trained on task 12 tensor(0.0322, device='cuda:0') tensor(0.0452, device='cuda:0')
After trained on task 12 tensor(0.0365, device='cuda:0') tensor(0.0521, device='cuda:0')
After trained on task 12 tensor(0.0397, device='cuda:0') tensor(0.0525, device='cuda:0')
After trained on task 12 tensor(0.0443, device='cuda:0') tensor(0.0620, device='cuda:0')
After trained on task 12 tensor(0.0495, device='cuda:0') tensor(0.0774, device='cuda:0')
After trained on task 12 tensor(0.0509, device='cuda:0') tensor(0.0880, device='cuda:0')
After trained on task 12 tensor(0.0603, device='cuda:0') tensor(0.1143, device='cuda:0')
After trained on task 12 tensor(0.0946, device='cuda:0') tensor(0.1224, device='cuda:0')
reserving basis 91/768; cond: 168046411776.0, ratio:0.9902285933494568
reserving basis 91/768; cond: 168046411776.0, ratio:0.9902285933494568
reserving basis 97/768; cond: 166942212096.0, ratio:0.9903168678283691
reserving basis 97/768; cond: 166942212096.0, ratio:0.9903168678283691
reserving basis 97/768; cond: 36010373120.0, ratio:0.9910188317298889
reserving basis 97/768; cond: 36010373120.0, ratio:0.9910188317298889
reserving basis 97/768; cond: 36978573312.0, ratio:0.9915687441825867
reserving basis 97/768; cond: 36978573312.0, ratio:0.9915687441825867
reserving basis 102/768; cond: 264938979328.0, ratio:0.9900404810905457
reserving basis 102/768; cond: 264938979328.0, ratio:0.9900404810905457
reserving basis 98/768; cond: 30080929792.0, ratio:0.9905019998550415
reserving basis 98/768; cond: 30080929792.0, ratio:0.9905019998550415
reserving basis 102/768; cond: 1252087431168.0, ratio:0.9911079406738281
reserving basis 102/768; cond: 1252087431168.0, ratio:0.9911079406738281
reserving basis 99/768; cond: 67917742080.0, ratio:0.992241621017456
reserving basis 99/768; cond: 67917742080.0, ratio:0.992241621017456
reserving basis 103/768; cond: 76861906944.0, ratio:0.9908049702644348
reserving basis 103/768; cond: 76861906944.0, ratio:0.9908049702644348
reserving basis 96/768; cond: 138695376896.0, ratio:0.9905425906181335
reserving basis 96/768; cond: 138695376896.0, ratio:0.9905425906181335
reserving basis 100/768; cond: 28268642304.0, ratio:0.9912254810333252
reserving basis 100/768; cond: 28268642304.0, ratio:0.9912254810333252
reserving basis 99/768; cond: 112817750016.0, ratio:0.9920628070831299
reserving basis 99/768; cond: 112817750016.0, ratio:0.9920628070831299
reserving basis 101/768; cond: 44079464448.0, ratio:0.9912098050117493
reserving basis 101/768; cond: 44079464448.0, ratio:0.9912098050117493
reserving basis 97/768; cond: 55978762240.0, ratio:0.9922276735305786
reserving basis 97/768; cond: 55978762240.0, ratio:0.9922276735305786
reserving basis 103/768; cond: 614598836224.0, ratio:0.9915773868560791
reserving basis 103/768; cond: 614598836224.0, ratio:0.9915773868560791
reserving basis 97/768; cond: 46532145152.0, ratio:0.9920033812522888
reserving basis 97/768; cond: 46532145152.0, ratio:0.9920033812522888
reserving basis 102/768; cond: 62730846208.0, ratio:0.9911401867866516
reserving basis 102/768; cond: 62730846208.0, ratio:0.9911401867866516
reserving basis 95/768; cond: 32807583744.0, ratio:0.9909682273864746
reserving basis 95/768; cond: 32807583744.0, ratio:0.9909682273864746
reserving basis 101/768; cond: 89871892480.0, ratio:0.9918089509010315
reserving basis 101/768; cond: 89871892480.0, ratio:0.9918089509010315
reserving basis 90/768; cond: 119640113152.0, ratio:0.99209064245224
reserving basis 90/768; cond: 119640113152.0, ratio:0.99209064245224
reserving basis 99/768; cond: 783733555200.0, ratio:0.9902169704437256
reserving basis 99/768; cond: 783733555200.0, ratio:0.9902169704437256
reserving basis 85/768; cond: 151050649600.0, ratio:0.9910117983818054
reserving basis 85/768; cond: 151050649600.0, ratio:0.9910117983818054
reserving basis 92/768; cond: 165592776704.0, ratio:0.9900821447372437
reserving basis 92/768; cond: 165592776704.0, ratio:0.9900821447372437
reserving basis 77/768; cond: 77674291200.0, ratio:0.9903876185417175
reserving basis 77/768; cond: 77674291200.0, ratio:0.9903876185417175
2026-04-27 22:23:47,095 [palora.py] => Task 13, Epoch 50/50 => Loss 0.771, Train_accy 89.23
2026-04-27 22:23:53,843 [trainer.py] => Time:288.5729115009308
754 754
2026-04-27 22:23:59,950 [trainer.py] => Time:6.106271743774414
2026-04-27 22:23:59,950 [trainer.py] => ACC: {'total': 77.19, '00-03': 85.92, '04-07': 71.15, '08-11': 80.0, '12-15': 76.12, '16-19': 73.08, '20-23': 90.16, '24-27': 87.1, '28-31': 72.13, '32-35': 78.05, '36-39': 65.52, '40-43': 78.57, '44-47': 70.21, '48-51': 70.27, '52-55': 70.15, 'old': 77.87, 'new': 70.15}
2026-04-27 22:23:59,950 [trainer.py] => ACC top1 curve: [90.14, 86.99, 88.3, 87.45, 85.99, 86.41, 84.19, 81.67, 81.39, 80.39, 79.77, 78.92, 79.04, 77.19]
Average Accuracy: 83.41714285714285
2026-04-27 22:23:59,950 [trainer.py] => Average Accuracy: 83.41714285714285
2026-04-27 22:23:59,960 [trainer.py] => All params: 126094051
2026-04-27 22:23:59,968 [trainer.py] => Trainable params: 371716
2026-04-27 22:23:59,968 [palora.py] => Learning on 56-60
Parameters to be updated: {'image_encoder.blocks.10.attn.lora_A_k.14.weight', 'image_encoder.blocks.11.attn.lora_B_k.14.weight', 'image_encoder.blocks.6.attn.lora_B_k.14.weight', 'image_encoder.blocks.7.attn.lora_A_v.14.weight', 'image_encoder.blocks.5.attn.lora_A_k.14.weight', 'classifier_pool.14.bias', 'image_encoder.blocks.3.attn.lora_B_v.14.weight', 'image_encoder.blocks.1.attn.lora_B_k.14.weight', 'image_encoder.blocks.9.attn.lora_A_k.14.weight', 'image_encoder.blocks.9.attn.lora_A_v.14.weight', 'classifier_pool.14.weight', 'image_encoder.blocks.11.attn.lora_A_v.14.weight', 'image_encoder.blocks.6.attn.lora_A_k.14.weight', 'image_encoder.blocks.1.attn.lora_B_v.14.weight', 'image_encoder.blocks.4.attn.lora_B_v.14.weight', 'image_encoder.blocks.5.attn.lora_A_v.14.weight', 'image_encoder.blocks.2.attn.lora_A_v.14.weight', 'image_encoder.blocks.1.attn.lora_A_k.14.weight', 'image_encoder.blocks.8.attn.lora_B_v.14.weight', 'image_encoder.blocks.5.attn.lora_B_k.14.weight', 'image_encoder.blocks.4.attn.lora_B_k.14.weight', 'image_encoder.blocks.3.attn.lora_B_k.14.weight', 'image_encoder.blocks.10.attn.lora_B_v.14.weight', 'image_encoder.blocks.4.attn.lora_A_k.14.weight', 'image_encoder.blocks.3.attn.lora_A_k.14.weight', 'image_encoder.blocks.4.attn.lora_A_v.14.weight', 'image_encoder.blocks.10.attn.lora_A_v.14.weight', 'image_encoder.blocks.0.attn.lora_A_k.14.weight', 'image_encoder.blocks.7.attn.lora_B_v.14.weight', 'image_encoder.blocks.10.attn.lora_B_k.14.weight', 'image_encoder.blocks.5.attn.lora_B_v.14.weight', 'image_encoder.blocks.0.attn.lora_B_k.14.weight', 'image_encoder.blocks.0.attn.lora_B_v.14.weight', 'image_encoder.blocks.7.attn.lora_A_k.14.weight', 'image_encoder.blocks.8.attn.lora_A_v.14.weight', 'image_encoder.blocks.9.attn.lora_B_v.14.weight', 'image_encoder.blocks.6.attn.lora_B_v.14.weight', 'image_encoder.blocks.8.attn.lora_A_k.14.weight', 'image_encoder.blocks.7.attn.lora_B_k.14.weight', 'image_encoder.blocks.6.attn.lora_A_v.14.weight', 'image_encoder.blocks.2.attn.lora_B_k.14.weight', 'image_encoder.blocks.1.attn.lora_A_v.14.weight', 'image_encoder.blocks.11.attn.lora_B_v.14.weight', 'image_encoder.blocks.3.attn.lora_A_v.14.weight', 'image_encoder.blocks.9.attn.lora_B_k.14.weight', 'image_encoder.blocks.8.attn.lora_B_k.14.weight', 'image_encoder.blocks.0.attn.lora_A_v.14.weight', 'image_encoder.blocks.11.attn.lora_A_k.14.weight', 'image_encoder.blocks.2.attn.lora_A_k.14.weight', 'image_encoder.blocks.2.attn.lora_B_v.14.weight'}
After trained on task 13 tensor(0.0294, device='cuda:0') tensor(0.0267, device='cuda:0')
After trained on task 13 tensor(0.0275, device='cuda:0') tensor(0.0275, device='cuda:0')
After trained on task 13 tensor(0.0250, device='cuda:0') tensor(0.0324, device='cuda:0')
After trained on task 13 tensor(0.0306, device='cuda:0') tensor(0.0345, device='cuda:0')
After trained on task 13 tensor(0.0319, device='cuda:0') tensor(0.0438, device='cuda:0')
After trained on task 13 tensor(0.0336, device='cuda:0') tensor(0.0394, device='cuda:0')
After trained on task 13 tensor(0.0355, device='cuda:0') tensor(0.0421, device='cuda:0')
After trained on task 13 tensor(0.0352, device='cuda:0') tensor(0.0533, device='cuda:0')
After trained on task 13 tensor(0.0427, device='cuda:0') tensor(0.0587, device='cuda:0')
After trained on task 13 tensor(0.0490, device='cuda:0') tensor(0.0622, device='cuda:0')
After trained on task 13 tensor(0.0470, device='cuda:0') tensor(0.0765, device='cuda:0')
After trained on task 13 tensor(0.0652, device='cuda:0') tensor(0.1121, device='cuda:0')
reserving basis 96/768; cond: 227217637376.0, ratio:0.9908285737037659
reserving basis 96/768; cond: 227217637376.0, ratio:0.9908285737037659
reserving basis 103/768; cond: 54104113152.0, ratio:0.9922457933425903
reserving basis 103/768; cond: 54104113152.0, ratio:0.9922457933425903
reserving basis 103/768; cond: 79122718720.0, ratio:0.9918821454048157
reserving basis 103/768; cond: 79122718720.0, ratio:0.9918821454048157
reserving basis 102/768; cond: 97029488640.0, ratio:0.9909374713897705
reserving basis 102/768; cond: 97029488640.0, ratio:0.9909374713897705
reserving basis 108/768; cond: 23291308032.0, ratio:0.9914865493774414
reserving basis 108/768; cond: 23291308032.0, ratio:0.9914865493774414
reserving basis 103/768; cond: 34341457920.0, ratio:0.9902529716491699
reserving basis 103/768; cond: 34341457920.0, ratio:0.9902529716491699
reserving basis 108/768; cond: 34908934144.0, ratio:0.9912430644035339
reserving basis 108/768; cond: 34908934144.0, ratio:0.9912430644035339
reserving basis 104/768; cond: 67051151360.0, ratio:0.9902797341346741
reserving basis 104/768; cond: 67051151360.0, ratio:0.9902797341346741
reserving basis 109/768; cond: 56957259776.0, ratio:0.9917346835136414
reserving basis 109/768; cond: 56957259776.0, ratio:0.9917346835136414
reserving basis 101/768; cond: 329065267200.0, ratio:0.99107825756073
reserving basis 101/768; cond: 329065267200.0, ratio:0.99107825756073
reserving basis 106/768; cond: 29678049280.0, ratio:0.9915968775749207
reserving basis 106/768; cond: 29678049280.0, ratio:0.9915968775749207
reserving basis 103/768; cond: 18635067392.0, ratio:0.9902531504631042
reserving basis 103/768; cond: 18635067392.0, ratio:0.9902531504631042
reserving basis 107/768; cond: 67822018560.0, ratio:0.9922159910202026
reserving basis 107/768; cond: 67822018560.0, ratio:0.9922159910202026
reserving basis 102/768; cond: 27957467136.0, ratio:0.9905113577842712
reserving basis 102/768; cond: 27957467136.0, ratio:0.9905113577842712
reserving basis 109/768; cond: 39388725248.0, ratio:0.9919977188110352
reserving basis 109/768; cond: 39388725248.0, ratio:0.9919977188110352
reserving basis 102/768; cond: 50443739136.0, ratio:0.991725742816925
reserving basis 102/768; cond: 50443739136.0, ratio:0.991725742816925
reserving basis 108/768; cond: 109943357440.0, ratio:0.9921108484268188
reserving basis 108/768; cond: 109943357440.0, ratio:0.9921108484268188
reserving basis 100/768; cond: 130123571200.0, ratio:0.9911421537399292
reserving basis 100/768; cond: 130123571200.0, ratio:0.9911421537399292
reserving basis 107/768; cond: 15968706560.0, ratio:0.9922186136245728
reserving basis 107/768; cond: 15968706560.0, ratio:0.9922186136245728
reserving basis 94/768; cond: 33175539712.0, ratio:0.9903901815414429
reserving basis 94/768; cond: 33175539712.0, ratio:0.9903901815414429
reserving basis 104/768; cond: 272283877376.0, ratio:0.9914364218711853
reserving basis 104/768; cond: 272283877376.0, ratio:0.9914364218711853
reserving basis 89/768; cond: 33831655424.0, ratio:0.9902820587158203
reserving basis 89/768; cond: 33831655424.0, ratio:0.9902820587158203
reserving basis 96/768; cond: 184323178496.0, ratio:0.9901529550552368
reserving basis 96/768; cond: 184323178496.0, ratio:0.9901529550552368
reserving basis 80/768; cond: 333115752448.0, ratio:0.9901708960533142
reserving basis 80/768; cond: 333115752448.0, ratio:0.9901708960533142
2026-04-27 22:28:26,290 [palora.py] => Task 14, Epoch 50/50 => Loss 0.573, Train_accy 92.31
2026-04-27 22:28:32,424 [trainer.py] => Time:272.45547437667847
819 819
2026-04-27 22:28:38,647 [trainer.py] => Time:6.223489761352539
2026-04-27 22:28:38,648 [trainer.py] => ACC: {'total': 77.05, '00-03': 85.92, '04-07': 71.15, '08-11': 80.0, '12-15': 76.12, '16-19': 75.0, '20-23': 90.16, '24-27': 85.48, '28-31': 73.77, '32-35': 78.05, '36-39': 68.97, '40-43': 78.57, '44-47': 70.21, '48-51': 72.97, '52-55': 67.16, '56-59': 73.85, 'old': 77.32, 'new': 73.85}
2026-04-27 22:28:38,648 [trainer.py] => ACC top1 curve: [90.14, 86.99, 88.3, 87.45, 85.99, 86.41, 84.19, 81.67, 81.39, 80.39, 79.77, 78.92, 79.04, 77.19, 77.05]
Average Accuracy: 82.99266666666666
2026-04-27 22:28:38,648 [trainer.py] => Average Accuracy: 82.99266666666666
2026-04-27 22:28:38,661 [trainer.py] => All params: 126094051
2026-04-27 22:28:38,670 [trainer.py] => Trainable params: 371716
2026-04-27 22:28:38,670 [palora.py] => Learning on 60-64
Parameters to be updated: {'image_encoder.blocks.2.attn.lora_A_v.15.weight', 'image_encoder.blocks.7.attn.lora_A_v.15.weight', 'image_encoder.blocks.0.attn.lora_A_k.15.weight', 'image_encoder.blocks.3.attn.lora_B_v.15.weight', 'image_encoder.blocks.8.attn.lora_B_k.15.weight', 'image_encoder.blocks.10.attn.lora_A_k.15.weight', 'image_encoder.blocks.4.attn.lora_B_k.15.weight', 'image_encoder.blocks.11.attn.lora_B_v.15.weight', 'image_encoder.blocks.1.attn.lora_B_k.15.weight', 'image_encoder.blocks.8.attn.lora_A_k.15.weight', 'image_encoder.blocks.6.attn.lora_A_v.15.weight', 'image_encoder.blocks.9.attn.lora_B_k.15.weight', 'image_encoder.blocks.9.attn.lora_B_v.15.weight', 'image_encoder.blocks.1.attn.lora_A_k.15.weight', 'image_encoder.blocks.10.attn.lora_B_k.15.weight', 'image_encoder.blocks.9.attn.lora_A_k.15.weight', 'image_encoder.blocks.5.attn.lora_B_k.15.weight', 'image_encoder.blocks.6.attn.lora_B_v.15.weight', 'image_encoder.blocks.8.attn.lora_B_v.15.weight', 'image_encoder.blocks.2.attn.lora_A_k.15.weight', 'image_encoder.blocks.9.attn.lora_A_v.15.weight', 'image_encoder.blocks.4.attn.lora_A_v.15.weight', 'image_encoder.blocks.6.attn.lora_B_k.15.weight', 'image_encoder.blocks.5.attn.lora_B_v.15.weight', 'image_encoder.blocks.7.attn.lora_B_k.15.weight', 'image_encoder.blocks.6.attn.lora_A_k.15.weight', 'image_encoder.blocks.8.attn.lora_A_v.15.weight', 'image_encoder.blocks.0.attn.lora_B_k.15.weight', 'image_encoder.blocks.7.attn.lora_B_v.15.weight', 'classifier_pool.15.weight', 'image_encoder.blocks.7.attn.lora_A_k.15.weight', 'image_encoder.blocks.1.attn.lora_A_v.15.weight', 'image_encoder.blocks.2.attn.lora_B_v.15.weight', 'image_encoder.blocks.11.attn.lora_A_k.15.weight', 'image_encoder.blocks.3.attn.lora_B_k.15.weight', 'image_encoder.blocks.4.attn.lora_A_k.15.weight', 'image_encoder.blocks.11.attn.lora_B_k.15.weight', 'image_encoder.blocks.4.attn.lora_B_v.15.weight', 'image_encoder.blocks.5.attn.lora_A_v.15.weight', 'image_encoder.blocks.11.attn.lora_A_v.15.weight', 'image_encoder.blocks.10.attn.lora_A_v.15.weight', 'classifier_pool.15.bias', 'image_encoder.blocks.2.attn.lora_B_k.15.weight', 'image_encoder.blocks.3.attn.lora_A_k.15.weight', 'image_encoder.blocks.0.attn.lora_A_v.15.weight', 'image_encoder.blocks.10.attn.lora_B_v.15.weight', 'image_encoder.blocks.1.attn.lora_B_v.15.weight', 'image_encoder.blocks.0.attn.lora_B_v.15.weight', 'image_encoder.blocks.5.attn.lora_A_k.15.weight', 'image_encoder.blocks.3.attn.lora_A_v.15.weight'}
After trained on task 14 tensor(0.0290, device='cuda:0') tensor(0.0241, device='cuda:0')
After trained on task 14 tensor(0.0256, device='cuda:0') tensor(0.0315, device='cuda:0')
After trained on task 14 tensor(0.0248, device='cuda:0') tensor(0.0322, device='cuda:0')
After trained on task 14 tensor(0.0273, device='cuda:0') tensor(0.0370, device='cuda:0')
After trained on task 14 tensor(0.0330, device='cuda:0') tensor(0.0431, device='cuda:0')
After trained on task 14 tensor(0.0352, device='cuda:0') tensor(0.0472, device='cuda:0')
After trained on task 14 tensor(0.0408, device='cuda:0') tensor(0.0547, device='cuda:0')
After trained on task 14 tensor(0.0458, device='cuda:0') tensor(0.0650, device='cuda:0')
After trained on task 14 tensor(0.0453, device='cuda:0') tensor(0.0756, device='cuda:0')
After trained on task 14 tensor(0.0480, device='cuda:0') tensor(0.0961, device='cuda:0')
After trained on task 14 tensor(0.0532, device='cuda:0') tensor(0.1220, device='cuda:0')
After trained on task 14 tensor(0.0817, device='cuda:0') tensor(0.1413, device='cuda:0')
reserving basis 101/768; cond: 31548379136.0, ratio:0.9905005693435669
reserving basis 101/768; cond: 31548379136.0, ratio:0.9905005693435669
reserving basis 108/768; cond: 84680417280.0, ratio:0.9910163283348083
reserving basis 108/768; cond: 84680417280.0, ratio:0.9910163283348083
reserving basis 108/768; cond: 30249420800.0, ratio:0.9909616112709045
reserving basis 108/768; cond: 30249420800.0, ratio:0.9909616112709045
reserving basis 107/768; cond: 44657455104.0, ratio:0.9910791516304016
reserving basis 107/768; cond: 44657455104.0, ratio:0.9910791516304016
reserving basis 113/768; cond: 56430018560.0, ratio:0.9909853339195251
reserving basis 113/768; cond: 56430018560.0, ratio:0.9909853339195251
reserving basis 108/768; cond: 233763913728.0, ratio:0.990527331829071
reserving basis 108/768; cond: 233763913728.0, ratio:0.990527331829071
reserving basis 114/768; cond: 41077739520.0, ratio:0.9922400116920471
reserving basis 114/768; cond: 41077739520.0, ratio:0.9922400116920471
reserving basis 109/768; cond: 63902052352.0, ratio:0.9901124835014343
reserving basis 109/768; cond: 63902052352.0, ratio:0.9901124835014343
reserving basis 115/768; cond: 21539428352.0, ratio:0.9917640686035156
reserving basis 115/768; cond: 21539428352.0, ratio:0.9917640686035156
reserving basis 106/768; cond: 65107910656.0, ratio:0.9904183745384216
reserving basis 106/768; cond: 65107910656.0, ratio:0.9904183745384216
reserving basis 111/768; cond: 305906810880.0, ratio:0.990809977054596
reserving basis 111/768; cond: 305906810880.0, ratio:0.990809977054596
reserving basis 108/768; cond: 58594992128.0, ratio:0.9911956191062927
reserving basis 108/768; cond: 58594992128.0, ratio:0.9911956191062927
reserving basis 112/768; cond: 19880359936.0, ratio:0.9907864332199097
reserving basis 112/768; cond: 19880359936.0, ratio:0.9907864332199097
reserving basis 107/768; cond: 48234086400.0, ratio:0.9909982681274414
reserving basis 107/768; cond: 48234086400.0, ratio:0.9909982681274414
reserving basis 114/768; cond: 30633740288.0, ratio:0.9902063012123108
reserving basis 114/768; cond: 30633740288.0, ratio:0.9902063012123108
reserving basis 107/768; cond: 81548656640.0, ratio:0.9917194247245789
reserving basis 107/768; cond: 81548656640.0, ratio:0.9917194247245789
reserving basis 113/768; cond: 14328192000.0, ratio:0.9901356101036072
reserving basis 113/768; cond: 14328192000.0, ratio:0.9901356101036072
reserving basis 105/768; cond: 258818965504.0, ratio:0.9919970631599426
reserving basis 105/768; cond: 258818965504.0, ratio:0.9919970631599426
reserving basis 112/768; cond: 55997501440.0, ratio:0.990355372428894
reserving basis 112/768; cond: 55997501440.0, ratio:0.990355372428894
reserving basis 98/768; cond: 115047636992.0, ratio:0.990062952041626
reserving basis 98/768; cond: 115047636992.0, ratio:0.990062952041626
reserving basis 109/768; cond: 161210548224.0, ratio:0.9918196201324463
reserving basis 109/768; cond: 161210548224.0, ratio:0.9918196201324463
reserving basis 92/768; cond: 42594914304.0, ratio:0.9905270934104919
reserving basis 92/768; cond: 42594914304.0, ratio:0.9905270934104919
reserving basis 100/768; cond: 129868398592.0, ratio:0.9903043508529663
reserving basis 100/768; cond: 129868398592.0, ratio:0.9903043508529663
reserving basis 83/768; cond: 14768097280.0, ratio:0.9908390045166016
reserving basis 83/768; cond: 14768097280.0, ratio:0.9908390045166016
2026-04-27 22:33:01,696 [palora.py] => Task 15, Epoch 50/50 => Loss 0.516, Train_accy 95.52
2026-04-27 22:33:07,230 [trainer.py] => Time:268.55977964401245
875 875
2026-04-27 22:33:13,378 [trainer.py] => Time:6.1474769115448
2026-04-27 22:33:13,379 [trainer.py] => ACC: {'total': 76.69, '00-03': 87.32, '04-07': 71.15, '08-11': 78.46, '12-15': 76.12, '16-19': 75.0, '20-23': 90.16, '24-27': 80.65, '28-31': 72.13, '32-35': 78.05, '36-39': 68.97, '40-43': 78.57, '44-47': 74.47, '48-51': 72.97, '52-55': 68.66, '56-59': 72.31, '60-63': 75.0, 'old': 76.8, 'new': 75.0}
2026-04-27 22:33:13,379 [trainer.py] => ACC top1 curve: [90.14, 86.99, 88.3, 87.45, 85.99, 86.41, 84.19, 81.67, 81.39, 80.39, 79.77, 78.92, 79.04, 77.19, 77.05, 76.69]
Average Accuracy: 82.59875
2026-04-27 22:33:13,379 [trainer.py] => Average Accuracy: 82.59875
2026-04-27 22:33:13,388 [trainer.py] => All params: 126094051
2026-04-27 22:33:13,396 [trainer.py] => Trainable params: 371716
2026-04-27 22:33:13,396 [palora.py] => Learning on 64-68
Parameters to be updated: {'image_encoder.blocks.7.attn.lora_B_k.16.weight', 'image_encoder.blocks.0.attn.lora_B_v.16.weight', 'image_encoder.blocks.2.attn.lora_A_k.16.weight', 'image_encoder.blocks.1.attn.lora_B_k.16.weight', 'image_encoder.blocks.10.attn.lora_B_k.16.weight', 'image_encoder.blocks.5.attn.lora_B_k.16.weight', 'image_encoder.blocks.8.attn.lora_A_k.16.weight', 'image_encoder.blocks.7.attn.lora_A_v.16.weight', 'image_encoder.blocks.10.attn.lora_A_v.16.weight', 'image_encoder.blocks.9.attn.lora_A_k.16.weight', 'image_encoder.blocks.9.attn.lora_A_v.16.weight', 'image_encoder.blocks.7.attn.lora_A_k.16.weight', 'image_encoder.blocks.9.attn.lora_B_v.16.weight', 'image_encoder.blocks.11.attn.lora_B_k.16.weight', 'image_encoder.blocks.11.attn.lora_B_v.16.weight', 'image_encoder.blocks.9.attn.lora_B_k.16.weight', 'image_encoder.blocks.5.attn.lora_A_k.16.weight', 'classifier_pool.16.bias', 'image_encoder.blocks.6.attn.lora_A_k.16.weight', 'image_encoder.blocks.11.attn.lora_A_k.16.weight', 'image_encoder.blocks.8.attn.lora_B_v.16.weight', 'image_encoder.blocks.2.attn.lora_B_v.16.weight', 'image_encoder.blocks.1.attn.lora_A_v.16.weight', 'image_encoder.blocks.4.attn.lora_B_k.16.weight', 'image_encoder.blocks.6.attn.lora_B_k.16.weight', 'image_encoder.blocks.11.attn.lora_A_v.16.weight', 'image_encoder.blocks.2.attn.lora_B_k.16.weight', 'image_encoder.blocks.1.attn.lora_A_k.16.weight', 'image_encoder.blocks.4.attn.lora_A_v.16.weight', 'image_encoder.blocks.0.attn.lora_B_k.16.weight', 'image_encoder.blocks.1.attn.lora_B_v.16.weight', 'image_encoder.blocks.8.attn.lora_A_v.16.weight', 'image_encoder.blocks.4.attn.lora_B_v.16.weight', 'image_encoder.blocks.3.attn.lora_B_k.16.weight', 'image_encoder.blocks.10.attn.lora_A_k.16.weight', 'image_encoder.blocks.0.attn.lora_A_v.16.weight', 'image_encoder.blocks.0.attn.lora_A_k.16.weight', 'image_encoder.blocks.3.attn.lora_A_k.16.weight', 'image_encoder.blocks.3.attn.lora_B_v.16.weight', 'image_encoder.blocks.5.attn.lora_B_v.16.weight', 'image_encoder.blocks.2.attn.lora_A_v.16.weight', 'image_encoder.blocks.6.attn.lora_A_v.16.weight', 'image_encoder.blocks.7.attn.lora_B_v.16.weight', 'image_encoder.blocks.4.attn.lora_A_k.16.weight', 'image_encoder.blocks.10.attn.lora_B_v.16.weight', 'image_encoder.blocks.3.attn.lora_A_v.16.weight', 'image_encoder.blocks.5.attn.lora_A_v.16.weight', 'image_encoder.blocks.6.attn.lora_B_v.16.weight', 'classifier_pool.16.weight', 'image_encoder.blocks.8.attn.lora_B_k.16.weight'}
After trained on task 15 tensor(0.0260, device='cuda:0') tensor(0.0250, device='cuda:0')
After trained on task 15 tensor(0.0230, device='cuda:0') tensor(0.0320, device='cuda:0')
After trained on task 15 tensor(0.0260, device='cuda:0') tensor(0.0339, device='cuda:0')
After trained on task 15 tensor(0.0283, device='cuda:0') tensor(0.0353, device='cuda:0')
After trained on task 15 tensor(0.0306, device='cuda:0') tensor(0.0425, device='cuda:0')
After trained on task 15 tensor(0.0337, device='cuda:0') tensor(0.0443, device='cuda:0')
After trained on task 15 tensor(0.0362, device='cuda:0') tensor(0.0472, device='cuda:0')
After trained on task 15 tensor(0.0429, device='cuda:0') tensor(0.0570, device='cuda:0')
After trained on task 15 tensor(0.0542, device='cuda:0') tensor(0.0712, device='cuda:0')
After trained on task 15 tensor(0.0622, device='cuda:0') tensor(0.0847, device='cuda:0')
After trained on task 15 tensor(0.0620, device='cuda:0') tensor(0.1143, device='cuda:0')
After trained on task 15 tensor(0.0841, device='cuda:0') tensor(0.1193, device='cuda:0')
reserving basis 105/768; cond: 421750276096.0, ratio:0.9901013374328613
reserving basis 105/768; cond: 421750276096.0, ratio:0.9901013374328613
reserving basis 113/768; cond: 49269010432.0, ratio:0.9913473129272461
reserving basis 113/768; cond: 49269010432.0, ratio:0.9913473129272461
reserving basis 112/768; cond: 60055994368.0, ratio:0.9914317727088928
reserving basis 112/768; cond: 60055994368.0, ratio:0.9914317727088928
reserving basis 112/768; cond: 729558941696.0, ratio:0.9910863637924194
reserving basis 112/768; cond: 729558941696.0, ratio:0.9910863637924194
reserving basis 118/768; cond: 141476249600.0, ratio:0.9912811517715454
reserving basis 118/768; cond: 141476249600.0, ratio:0.9912811517715454
reserving basis 113/768; cond: 36450648064.0, ratio:0.990547239780426
reserving basis 113/768; cond: 36450648064.0, ratio:0.990547239780426
reserving basis 119/768; cond: 101242339328.0, ratio:0.9900918006896973
reserving basis 119/768; cond: 101242339328.0, ratio:0.9900918006896973
reserving basis 114/768; cond: 930006433792.0, ratio:0.9915280342102051
reserving basis 114/768; cond: 930006433792.0, ratio:0.9915280342102051
reserving basis 120/768; cond: 109701750784.0, ratio:0.9904783964157104
reserving basis 120/768; cond: 109701750784.0, ratio:0.9904783964157104
reserving basis 111/768; cond: 28361957376.0, ratio:0.991654634475708
reserving basis 111/768; cond: 28361957376.0, ratio:0.991654634475708
reserving basis 116/768; cond: 108103745536.0, ratio:0.9912917613983154
reserving basis 116/768; cond: 108103745536.0, ratio:0.9912917613983154
reserving basis 112/768; cond: 112376381440.0, ratio:0.9906018376350403
reserving basis 112/768; cond: 112376381440.0, ratio:0.9906018376350403
reserving basis 117/768; cond: 33635129344.0, ratio:0.9908146858215332
reserving basis 117/768; cond: 33635129344.0, ratio:0.9908146858215332
reserving basis 112/768; cond: 205924958208.0, ratio:0.9921090006828308
reserving basis 112/768; cond: 205924958208.0, ratio:0.9921090006828308
reserving basis 119/768; cond: 173297074176.0, ratio:0.9907641410827637
reserving basis 119/768; cond: 173297074176.0, ratio:0.9907641410827637
reserving basis 112/768; cond: 204461588480.0, ratio:0.9910550713539124
reserving basis 112/768; cond: 204461588480.0, ratio:0.9910550713539124
reserving basis 118/768; cond: 39362916352.0, ratio:0.9913161993026733
reserving basis 118/768; cond: 39362916352.0, ratio:0.9913161993026733
reserving basis 109/768; cond: 43858640896.0, ratio:0.9906025528907776
reserving basis 109/768; cond: 43858640896.0, ratio:0.9906025528907776
reserving basis 117/768; cond: 251030208512.0, ratio:0.9918555021286011
reserving basis 117/768; cond: 251030208512.0, ratio:0.9918555021286011
reserving basis 102/768; cond: 91316846592.0, ratio:0.9907125234603882
reserving basis 102/768; cond: 91316846592.0, ratio:0.9907125234603882
reserving basis 113/768; cond: 78974828544.0, ratio:0.9906436800956726
reserving basis 113/768; cond: 78974828544.0, ratio:0.9906436800956726
reserving basis 95/768; cond: 454239485952.0, ratio:0.9908921122550964
reserving basis 95/768; cond: 454239485952.0, ratio:0.9908921122550964
reserving basis 104/768; cond: 64306577408.0, ratio:0.9911946654319763
reserving basis 104/768; cond: 64306577408.0, ratio:0.9911946654319763
reserving basis 86/768; cond: 19522836480.0, ratio:0.9906173348426819
reserving basis 86/768; cond: 19522836480.0, ratio:0.9906173348426819
2026-04-27 22:37:33,709 [palora.py] => Task 16, Epoch 50/50 => Loss 0.565, Train_accy 94.54
2026-04-27 22:37:39,537 [trainer.py] => Time:266.1406044960022
932 932
2026-04-27 22:37:45,924 [trainer.py] => Time:6.38732123374939
2026-04-27 22:37:45,925 [trainer.py] => ACC: {'total': 75.64, '00-03': 84.51, '04-07': 71.15, '08-11': 78.46, '12-15': 76.12, '16-19': 73.08, '20-23': 90.16, '24-27': 87.1, '28-31': 70.49, '32-35': 78.05, '36-39': 68.97, '40-43': 71.43, '44-47': 68.09, '48-51': 72.97, '52-55': 68.66, '56-59': 72.31, '60-63': 75.0, '64-67': 70.18, 'old': 76.0, 'new': 70.18}
2026-04-27 22:37:45,925 [trainer.py] => ACC top1 curve: [90.14, 86.99, 88.3, 87.45, 85.99, 86.41, 84.19, 81.67, 81.39, 80.39, 79.77, 78.92, 79.04, 77.19, 77.05, 76.69, 75.64]
Average Accuracy: 82.18941176470588
2026-04-27 22:37:45,925 [trainer.py] => Average Accuracy: 82.18941176470588
2026-04-27 22:37:45,934 [trainer.py] => All params: 126094051
2026-04-27 22:37:45,942 [trainer.py] => Trainable params: 371716
2026-04-27 22:37:45,942 [palora.py] => Learning on 68-72
Parameters to be updated: {'image_encoder.blocks.9.attn.lora_B_v.17.weight', 'image_encoder.blocks.10.attn.lora_A_k.17.weight', 'image_encoder.blocks.9.attn.lora_A_k.17.weight', 'image_encoder.blocks.11.attn.lora_B_v.17.weight', 'image_encoder.blocks.10.attn.lora_B_k.17.weight', 'image_encoder.blocks.9.attn.lora_B_k.17.weight', 'image_encoder.blocks.2.attn.lora_A_v.17.weight', 'image_encoder.blocks.1.attn.lora_B_v.17.weight', 'image_encoder.blocks.7.attn.lora_A_v.17.weight', 'image_encoder.blocks.5.attn.lora_A_k.17.weight', 'image_encoder.blocks.5.attn.lora_B_v.17.weight', 'image_encoder.blocks.9.attn.lora_A_v.17.weight', 'image_encoder.blocks.6.attn.lora_A_v.17.weight', 'image_encoder.blocks.3.attn.lora_B_v.17.weight', 'image_encoder.blocks.1.attn.lora_B_k.17.weight', 'image_encoder.blocks.7.attn.lora_A_k.17.weight', 'image_encoder.blocks.0.attn.lora_A_v.17.weight', 'image_encoder.blocks.3.attn.lora_B_k.17.weight', 'image_encoder.blocks.8.attn.lora_A_k.17.weight', 'image_encoder.blocks.3.attn.lora_A_v.17.weight', 'classifier_pool.17.weight', 'image_encoder.blocks.4.attn.lora_A_v.17.weight', 'image_encoder.blocks.3.attn.lora_A_k.17.weight', 'image_encoder.blocks.4.attn.lora_B_k.17.weight', 'image_encoder.blocks.5.attn.lora_A_v.17.weight', 'image_encoder.blocks.4.attn.lora_B_v.17.weight', 'image_encoder.blocks.8.attn.lora_B_k.17.weight', 'image_encoder.blocks.11.attn.lora_A_v.17.weight', 'image_encoder.blocks.10.attn.lora_B_v.17.weight', 'image_encoder.blocks.6.attn.lora_B_v.17.weight', 'image_encoder.blocks.2.attn.lora_A_k.17.weight', 'image_encoder.blocks.0.attn.lora_B_v.17.weight', 'image_encoder.blocks.10.attn.lora_A_v.17.weight', 'image_encoder.blocks.8.attn.lora_A_v.17.weight', 'image_encoder.blocks.11.attn.lora_B_k.17.weight', 'image_encoder.blocks.8.attn.lora_B_v.17.weight', 'image_encoder.blocks.6.attn.lora_B_k.17.weight', 'image_encoder.blocks.5.attn.lora_B_k.17.weight', 'image_encoder.blocks.1.attn.lora_A_v.17.weight', 'image_encoder.blocks.4.attn.lora_A_k.17.weight', 'classifier_pool.17.bias', 'image_encoder.blocks.2.attn.lora_B_k.17.weight', 'image_encoder.blocks.7.attn.lora_B_k.17.weight', 'image_encoder.blocks.7.attn.lora_B_v.17.weight', 'image_encoder.blocks.0.attn.lora_A_k.17.weight', 'image_encoder.blocks.11.attn.lora_A_k.17.weight', 'image_encoder.blocks.6.attn.lora_A_k.17.weight', 'image_encoder.blocks.1.attn.lora_A_k.17.weight', 'image_encoder.blocks.0.attn.lora_B_k.17.weight', 'image_encoder.blocks.2.attn.lora_B_v.17.weight'}
After trained on task 16 tensor(0.0265, device='cuda:0') tensor(0.0246, device='cuda:0')
After trained on task 16 tensor(0.0261, device='cuda:0') tensor(0.0279, device='cuda:0')
After trained on task 16 tensor(0.0233, device='cuda:0') tensor(0.0338, device='cuda:0')
After trained on task 16 tensor(0.0261, device='cuda:0') tensor(0.0323, device='cuda:0')
After trained on task 16 tensor(0.0304, device='cuda:0') tensor(0.0368, device='cuda:0')
After trained on task 16 tensor(0.0366, device='cuda:0') tensor(0.0423, device='cuda:0')
After trained on task 16 tensor(0.0377, device='cuda:0') tensor(0.0468, device='cuda:0')
After trained on task 16 tensor(0.0413, device='cuda:0') tensor(0.0538, device='cuda:0')
After trained on task 16 tensor(0.0424, device='cuda:0') tensor(0.0592, device='cuda:0')
After trained on task 16 tensor(0.0455, device='cuda:0') tensor(0.0693, device='cuda:0')
After trained on task 16 tensor(0.0496, device='cuda:0') tensor(0.0944, device='cuda:0')
After trained on task 16 tensor(0.0626, device='cuda:0') tensor(0.1022, device='cuda:0')
reserving basis 110/768; cond: 253269147648.0, ratio:0.9918688535690308
reserving basis 110/768; cond: 253269147648.0, ratio:0.9918688535690308
reserving basis 118/768; cond: 11460457472.0, ratio:0.990966260433197
reserving basis 118/768; cond: 11460457472.0, ratio:0.990966260433197
reserving basis 116/768; cond: 54579781632.0, ratio:0.9911906719207764
reserving basis 116/768; cond: 54579781632.0, ratio:0.9911906719207764
reserving basis 117/768; cond: 38623633408.0, ratio:0.9920248985290527
reserving basis 117/768; cond: 38623633408.0, ratio:0.9920248985290527
reserving basis 123/768; cond: 69583421440.0, ratio:0.990912139415741
reserving basis 123/768; cond: 69583421440.0, ratio:0.990912139415741
reserving basis 118/768; cond: 67428245504.0, ratio:0.9916800260543823
reserving basis 118/768; cond: 67428245504.0, ratio:0.9916800260543823
reserving basis 124/768; cond: 36851515392.0, ratio:0.9909341931343079
reserving basis 124/768; cond: 36851515392.0, ratio:0.9909341931343079
reserving basis 118/768; cond: 33004470272.0, ratio:0.9906885027885437
reserving basis 118/768; cond: 33004470272.0, ratio:0.9906885027885437
reserving basis 125/768; cond: 32458657792.0, ratio:0.9914363026618958
reserving basis 125/768; cond: 32458657792.0, ratio:0.9914363026618958
reserving basis 115/768; cond: 17805965312.0, ratio:0.990254282951355
reserving basis 115/768; cond: 17805965312.0, ratio:0.990254282951355
reserving basis 121/768; cond: 53116338176.0, ratio:0.9917770028114319
reserving basis 121/768; cond: 53116338176.0, ratio:0.9917770028114319
reserving basis 116/768; cond: 189407526912.0, ratio:0.9904629588127136
reserving basis 116/768; cond: 189407526912.0, ratio:0.9904629588127136
reserving basis 122/768; cond: 43800412160.0, ratio:0.9917842745780945
reserving basis 122/768; cond: 43800412160.0, ratio:0.9917842745780945
reserving basis 116/768; cond: 48858406912.0, ratio:0.9903179407119751
reserving basis 116/768; cond: 48858406912.0, ratio:0.9903179407119751
reserving basis 124/768; cond: 5812589056.0, ratio:0.9910469651222229
reserving basis 124/768; cond: 5812589056.0, ratio:0.9910469651222229
reserving basis 116/768; cond: 88401051648.0, ratio:0.990660548210144
reserving basis 116/768; cond: 88401051648.0, ratio:0.990660548210144
reserving basis 123/768; cond: 240519364608.0, ratio:0.9912942051887512
reserving basis 123/768; cond: 240519364608.0, ratio:0.9912942051887512
reserving basis 113/768; cond: 1054203379712.0, ratio:0.9909641742706299
reserving basis 113/768; cond: 1054203379712.0, ratio:0.9909641742706299
reserving basis 122/768; cond: 599489052672.0, ratio:0.991823136806488
reserving basis 122/768; cond: 599489052672.0, ratio:0.991823136806488
reserving basis 106/768; cond: 35226226688.0, ratio:0.9908400177955627
reserving basis 106/768; cond: 35226226688.0, ratio:0.9908400177955627
reserving basis 117/768; cond: 146375507968.0, ratio:0.990682065486908
reserving basis 117/768; cond: 146375507968.0, ratio:0.990682065486908
reserving basis 98/768; cond: 94790328320.0, ratio:0.9906767010688782
reserving basis 98/768; cond: 94790328320.0, ratio:0.9906767010688782
reserving basis 108/768; cond: 306601721856.0, ratio:0.990672767162323
reserving basis 108/768; cond: 306601721856.0, ratio:0.990672767162323
reserving basis 89/768; cond: 42752212992.0, ratio:0.991168737411499
reserving basis 89/768; cond: 42752212992.0, ratio:0.991168737411499
2026-04-27 22:41:30,722 [palora.py] => Task 17, Epoch 50/50 => Loss 0.674, Train_accy 93.18
2026-04-27 22:41:35,506 [trainer.py] => Time:229.5636487007141
956 956
2026-04-27 22:41:41,785 [trainer.py] => Time:6.278323173522949
2026-04-27 22:41:41,785 [trainer.py] => ACC: {'total': 74.58, '00-03': 84.51, '04-07': 71.15, '08-11': 78.46, '12-15': 74.63, '16-19': 73.08, '20-23': 90.16, '24-27': 85.48, '28-31': 70.49, '32-35': 80.49, '36-39': 68.97, '40-43': 71.43, '44-47': 65.96, '48-51': 72.97, '52-55': 67.16, '56-59': 72.31, '60-63': 75.0, '64-67': 68.42, '68-71': 50.0, 'old': 75.21, 'new': 50.0}
2026-04-27 22:41:41,785 [trainer.py] => ACC top1 curve: [90.14, 86.99, 88.3, 87.45, 85.99, 86.41, 84.19, 81.67, 81.39, 80.39, 79.77, 78.92, 79.04, 77.19, 77.05, 76.69, 75.64, 74.58]
Average Accuracy: 81.76666666666667
2026-04-27 22:41:41,785 [trainer.py] => Average Accuracy: 81.76666666666667
2026-04-27 22:41:41,799 [trainer.py] => All params: 126094051
2026-04-27 22:41:41,812 [trainer.py] => Trainable params: 371716
2026-04-27 22:41:41,812 [palora.py] => Learning on 72-76
Parameters to be updated: {'image_encoder.blocks.7.attn.lora_B_k.18.weight', 'image_encoder.blocks.8.attn.lora_B_v.18.weight', 'image_encoder.blocks.1.attn.lora_B_k.18.weight', 'image_encoder.blocks.0.attn.lora_A_v.18.weight', 'image_encoder.blocks.11.attn.lora_B_v.18.weight', 'image_encoder.blocks.2.attn.lora_B_v.18.weight', 'image_encoder.blocks.4.attn.lora_B_k.18.weight', 'image_encoder.blocks.11.attn.lora_A_k.18.weight', 'classifier_pool.18.weight', 'image_encoder.blocks.3.attn.lora_B_k.18.weight', 'image_encoder.blocks.3.attn.lora_A_v.18.weight', 'image_encoder.blocks.3.attn.lora_B_v.18.weight', 'image_encoder.blocks.10.attn.lora_B_v.18.weight', 'image_encoder.blocks.2.attn.lora_A_k.18.weight', 'image_encoder.blocks.3.attn.lora_A_k.18.weight', 'image_encoder.blocks.0.attn.lora_A_k.18.weight', 'image_encoder.blocks.10.attn.lora_A_k.18.weight', 'classifier_pool.18.bias', 'image_encoder.blocks.7.attn.lora_B_v.18.weight', 'image_encoder.blocks.8.attn.lora_A_v.18.weight', 'image_encoder.blocks.9.attn.lora_B_k.18.weight', 'image_encoder.blocks.6.attn.lora_B_k.18.weight', 'image_encoder.blocks.7.attn.lora_A_k.18.weight', 'image_encoder.blocks.2.attn.lora_A_v.18.weight', 'image_encoder.blocks.4.attn.lora_A_k.18.weight', 'image_encoder.blocks.11.attn.lora_B_k.18.weight', 'image_encoder.blocks.1.attn.lora_A_v.18.weight', 'image_encoder.blocks.8.attn.lora_B_k.18.weight', 'image_encoder.blocks.0.attn.lora_B_v.18.weight', 'image_encoder.blocks.6.attn.lora_A_k.18.weight', 'image_encoder.blocks.9.attn.lora_B_v.18.weight', 'image_encoder.blocks.6.attn.lora_A_v.18.weight', 'image_encoder.blocks.6.attn.lora_B_v.18.weight', 'image_encoder.blocks.4.attn.lora_A_v.18.weight', 'image_encoder.blocks.9.attn.lora_A_k.18.weight', 'image_encoder.blocks.5.attn.lora_B_k.18.weight', 'image_encoder.blocks.1.attn.lora_B_v.18.weight', 'image_encoder.blocks.10.attn.lora_A_v.18.weight', 'image_encoder.blocks.11.attn.lora_A_v.18.weight', 'image_encoder.blocks.0.attn.lora_B_k.18.weight', 'image_encoder.blocks.5.attn.lora_A_k.18.weight', 'image_encoder.blocks.4.attn.lora_B_v.18.weight', 'image_encoder.blocks.10.attn.lora_B_k.18.weight', 'image_encoder.blocks.2.attn.lora_B_k.18.weight', 'image_encoder.blocks.9.attn.lora_A_v.18.weight', 'image_encoder.blocks.1.attn.lora_A_k.18.weight', 'image_encoder.blocks.8.attn.lora_A_k.18.weight', 'image_encoder.blocks.5.attn.lora_A_v.18.weight', 'image_encoder.blocks.5.attn.lora_B_v.18.weight', 'image_encoder.blocks.7.attn.lora_A_v.18.weight'}
After trained on task 17 tensor(0.0215, device='cuda:0') tensor(0.0218, device='cuda:0')
After trained on task 17 tensor(0.0211, device='cuda:0') tensor(0.0249, device='cuda:0')
After trained on task 17 tensor(0.0206, device='cuda:0') tensor(0.0260, device='cuda:0')
After trained on task 17 tensor(0.0206, device='cuda:0') tensor(0.0267, device='cuda:0')
After trained on task 17 tensor(0.0251, device='cuda:0') tensor(0.0286, device='cuda:0')
After trained on task 17 tensor(0.0260, device='cuda:0') tensor(0.0308, device='cuda:0')
After trained on task 17 tensor(0.0289, device='cuda:0') tensor(0.0335, device='cuda:0')
After trained on task 17 tensor(0.0278, device='cuda:0') tensor(0.0371, device='cuda:0')
After trained on task 17 tensor(0.0308, device='cuda:0') tensor(0.0372, device='cuda:0')
After trained on task 17 tensor(0.0355, device='cuda:0') tensor(0.0455, device='cuda:0')
After trained on task 17 tensor(0.0323, device='cuda:0') tensor(0.0542, device='cuda:0')
After trained on task 17 tensor(0.0402, device='cuda:0') tensor(0.0614, device='cuda:0')
reserving basis 114/768; cond: 116212752384.0, ratio:0.990669846534729
reserving basis 114/768; cond: 116212752384.0, ratio:0.990669846534729
reserving basis 122/768; cond: 197924454400.0, ratio:0.9904306530952454
reserving basis 122/768; cond: 197924454400.0, ratio:0.9904306530952454
reserving basis 120/768; cond: 565958541312.0, ratio:0.9916598200798035
reserving basis 120/768; cond: 565958541312.0, ratio:0.9916598200798035
reserving basis 121/768; cond: 19637493760.0, ratio:0.9908835291862488
reserving basis 121/768; cond: 19637493760.0, ratio:0.9908835291862488
reserving basis 127/768; cond: 13703786496.0, ratio:0.9909173250198364
reserving basis 127/768; cond: 13703786496.0, ratio:0.9909173250198364
reserving basis 122/768; cond: 76941344768.0, ratio:0.9911763072013855
reserving basis 122/768; cond: 76941344768.0, ratio:0.9911763072013855
reserving basis 128/768; cond: 25900562432.0, ratio:0.9900729656219482
reserving basis 128/768; cond: 25900562432.0, ratio:0.9900729656219482
reserving basis 122/768; cond: 168265924608.0, ratio:0.9917328357696533
reserving basis 122/768; cond: 168265924608.0, ratio:0.9917328357696533
reserving basis 129/768; cond: 597072674816.0, ratio:0.9902452230453491
reserving basis 129/768; cond: 597072674816.0, ratio:0.9902452230453491
reserving basis 119/768; cond: 170179051520.0, ratio:0.9911922216415405
reserving basis 119/768; cond: 170179051520.0, ratio:0.9911922216415405
reserving basis 126/768; cond: 46492748349440.0, ratio:0.9917831420898438
reserving basis 126/768; cond: 46492748349440.0, ratio:0.9917831420898438
reserving basis 119/768; cond: 17392105472.0, ratio:0.9900676012039185
reserving basis 119/768; cond: 17392105472.0, ratio:0.9900676012039185
reserving basis 126/768; cond: 82743820288.0, ratio:0.990803062915802
reserving basis 126/768; cond: 82743820288.0, ratio:0.990803062915802
reserving basis 120/768; cond: 40536850432.0, ratio:0.9909052848815918
reserving basis 120/768; cond: 40536850432.0, ratio:0.9909052848815918
reserving basis 128/768; cond: 20190431232.0, ratio:0.9911215901374817
reserving basis 128/768; cond: 20190431232.0, ratio:0.9911215901374817
reserving basis 120/768; cond: 288266420224.0, ratio:0.9912531971931458
reserving basis 120/768; cond: 288266420224.0, ratio:0.9912531971931458
reserving basis 127/768; cond: 86455459840.0, ratio:0.9907227158546448
reserving basis 127/768; cond: 86455459840.0, ratio:0.9907227158546448
reserving basis 116/768; cond: 11015741440.0, ratio:0.9901938438415527
reserving basis 116/768; cond: 11015741440.0, ratio:0.9901938438415527
reserving basis 125/768; cond: 75628969984.0, ratio:0.990012526512146
reserving basis 125/768; cond: 75628969984.0, ratio:0.990012526512146
reserving basis 109/768; cond: 59403444224.0, ratio:0.9912723302841187
reserving basis 109/768; cond: 59403444224.0, ratio:0.9912723302841187
reserving basis 121/768; cond: 116573028352.0, ratio:0.9911957383155823
reserving basis 121/768; cond: 116573028352.0, ratio:0.9911957383155823
reserving basis 101/768; cond: 46582669312.0, ratio:0.9914376139640808
reserving basis 101/768; cond: 46582669312.0, ratio:0.9914376139640808
reserving basis 111/768; cond: 76669730816.0, ratio:0.9903566837310791
reserving basis 111/768; cond: 76669730816.0, ratio:0.9903566837310791
reserving basis 91/768; cond: 19589304320.0, ratio:0.991553008556366
reserving basis 91/768; cond: 19589304320.0, ratio:0.991553008556366
2026-04-27 22:45:16,493 [palora.py] => Task 18, Epoch 50/50 => Loss 0.365, Train_accy 100.00
2026-04-27 22:45:21,238 [trainer.py] => Time:219.4261577129364
974 974
2026-04-27 22:45:27,660 [trainer.py] => Time:6.421275615692139
2026-04-27 22:45:27,660 [trainer.py] => ACC: {'total': 74.02, '00-03': 84.51, '04-07': 71.15, '08-11': 78.46, '12-15': 73.13, '16-19': 73.08, '20-23': 88.52, '24-27': 87.1, '28-31': 70.49, '32-35': 80.49, '36-39': 68.97, '40-43': 71.43, '44-47': 55.32, '48-51': 72.97, '52-55': 67.16, '56-59': 70.77, '60-63': 75.0, '64-67': 68.42, '68-71': 54.17, '72-75': 77.78, 'old': 73.95, 'new': 77.78}
2026-04-27 22:45:27,660 [trainer.py] => ACC top1 curve: [90.14, 86.99, 88.3, 87.45, 85.99, 86.41, 84.19, 81.67, 81.39, 80.39, 79.77, 78.92, 79.04, 77.19, 77.05, 76.69, 75.64, 74.58, 74.02]
Average Accuracy: 81.35894736842106
2026-04-27 22:45:27,660 [trainer.py] => Average Accuracy: 81.35894736842106
2026-04-27 22:45:27,669 [trainer.py] => All params: 126094051
2026-04-27 22:45:27,677 [trainer.py] => Trainable params: 371716
2026-04-27 22:45:27,677 [palora.py] => Learning on 76-80
Parameters to be updated: {'image_encoder.blocks.0.attn.lora_A_v.19.weight', 'image_encoder.blocks.4.attn.lora_A_v.19.weight', 'image_encoder.blocks.9.attn.lora_B_v.19.weight', 'image_encoder.blocks.3.attn.lora_A_k.19.weight', 'image_encoder.blocks.8.attn.lora_A_v.19.weight', 'image_encoder.blocks.1.attn.lora_B_k.19.weight', 'image_encoder.blocks.11.attn.lora_A_v.19.weight', 'image_encoder.blocks.7.attn.lora_B_k.19.weight', 'image_encoder.blocks.11.attn.lora_B_k.19.weight', 'image_encoder.blocks.1.attn.lora_A_k.19.weight', 'image_encoder.blocks.2.attn.lora_A_k.19.weight', 'image_encoder.blocks.4.attn.lora_A_k.19.weight', 'image_encoder.blocks.11.attn.lora_A_k.19.weight', 'image_encoder.blocks.7.attn.lora_A_k.19.weight', 'image_encoder.blocks.4.attn.lora_B_k.19.weight', 'image_encoder.blocks.4.attn.lora_B_v.19.weight', 'image_encoder.blocks.10.attn.lora_B_v.19.weight', 'image_encoder.blocks.3.attn.lora_A_v.19.weight', 'image_encoder.blocks.10.attn.lora_A_k.19.weight', 'image_encoder.blocks.0.attn.lora_B_k.19.weight', 'image_encoder.blocks.9.attn.lora_A_v.19.weight', 'image_encoder.blocks.6.attn.lora_A_k.19.weight', 'image_encoder.blocks.6.attn.lora_B_k.19.weight', 'image_encoder.blocks.2.attn.lora_B_v.19.weight', 'image_encoder.blocks.7.attn.lora_B_v.19.weight', 'image_encoder.blocks.7.attn.lora_A_v.19.weight', 'image_encoder.blocks.0.attn.lora_A_k.19.weight', 'image_encoder.blocks.9.attn.lora_B_k.19.weight', 'image_encoder.blocks.10.attn.lora_B_k.19.weight', 'image_encoder.blocks.5.attn.lora_A_k.19.weight', 'image_encoder.blocks.3.attn.lora_B_k.19.weight', 'image_encoder.blocks.3.attn.lora_B_v.19.weight', 'classifier_pool.19.weight', 'image_encoder.blocks.9.attn.lora_A_k.19.weight', 'image_encoder.blocks.8.attn.lora_A_k.19.weight', 'image_encoder.blocks.1.attn.lora_A_v.19.weight', 'image_encoder.blocks.10.attn.lora_A_v.19.weight', 'image_encoder.blocks.5.attn.lora_B_k.19.weight', 'image_encoder.blocks.11.attn.lora_B_v.19.weight', 'image_encoder.blocks.8.attn.lora_B_k.19.weight', 'image_encoder.blocks.1.attn.lora_B_v.19.weight', 'image_encoder.blocks.5.attn.lora_A_v.19.weight', 'image_encoder.blocks.0.attn.lora_B_v.19.weight', 'image_encoder.blocks.6.attn.lora_B_v.19.weight', 'image_encoder.blocks.2.attn.lora_B_k.19.weight', 'classifier_pool.19.bias', 'image_encoder.blocks.6.attn.lora_A_v.19.weight', 'image_encoder.blocks.8.attn.lora_B_v.19.weight', 'image_encoder.blocks.2.attn.lora_A_v.19.weight', 'image_encoder.blocks.5.attn.lora_B_v.19.weight'}
After trained on task 18 tensor(0.0215, device='cuda:0') tensor(0.0199, device='cuda:0')
After trained on task 18 tensor(0.0213, device='cuda:0') tensor(0.0246, device='cuda:0')
After trained on task 18 tensor(0.0202, device='cuda:0') tensor(0.0277, device='cuda:0')
After trained on task 18 tensor(0.0205, device='cuda:0') tensor(0.0325, device='cuda:0')
After trained on task 18 tensor(0.0239, device='cuda:0') tensor(0.0301, device='cuda:0')
After trained on task 18 tensor(0.0268, device='cuda:0') tensor(0.0329, device='cuda:0')
After trained on task 18 tensor(0.0313, device='cuda:0') tensor(0.0325, device='cuda:0')
After trained on task 18 tensor(0.0283, device='cuda:0') tensor(0.0355, device='cuda:0')
After trained on task 18 tensor(0.0302, device='cuda:0') tensor(0.0386, device='cuda:0')
After trained on task 18 tensor(0.0291, device='cuda:0') tensor(0.0440, device='cuda:0')
After trained on task 18 tensor(0.0317, device='cuda:0') tensor(0.0535, device='cuda:0')
After trained on task 18 tensor(0.0399, device='cuda:0') tensor(0.0584, device='cuda:0')
reserving basis 118/768; cond: 45244149760.0, ratio:0.9911089539527893
reserving basis 118/768; cond: 45244149760.0, ratio:0.9911089539527893
reserving basis 126/768; cond: 75784265728.0, ratio:0.9913024306297302
reserving basis 126/768; cond: 75784265728.0, ratio:0.9913024306297302
reserving basis 124/768; cond: 10385994285056.0, ratio:0.99146568775177
reserving basis 124/768; cond: 10385994285056.0, ratio:0.99146568775177
reserving basis 124/768; cond: 116013408256.0, ratio:0.9903182983398438
reserving basis 124/768; cond: 116013408256.0, ratio:0.9903182983398438
reserving basis 131/768; cond: 139207622656.0, ratio:0.990578293800354
reserving basis 131/768; cond: 139207622656.0, ratio:0.990578293800354
reserving basis 126/768; cond: 545225408512.0, ratio:0.9915581345558167
reserving basis 126/768; cond: 545225408512.0, ratio:0.9915581345558167
reserving basis 132/768; cond: 563211534336.0, ratio:0.9910726547241211
reserving basis 132/768; cond: 563211534336.0, ratio:0.9910726547241211
reserving basis 125/768; cond: 45629808640.0, ratio:0.9907354712486267
reserving basis 125/768; cond: 45629808640.0, ratio:0.9907354712486267
reserving basis 132/768; cond: 323080454144.0, ratio:0.9901339411735535
reserving basis 132/768; cond: 323080454144.0, ratio:0.9901339411735535
reserving basis 123/768; cond: 72226193408.0, ratio:0.9917128682136536
reserving basis 123/768; cond: 72226193408.0, ratio:0.9917128682136536
reserving basis 129/768; cond: 114601984000.0, ratio:0.9903503060340881
reserving basis 129/768; cond: 114601984000.0, ratio:0.9903503060340881
reserving basis 122/768; cond: 305742577664.0, ratio:0.9906397461891174
reserving basis 122/768; cond: 305742577664.0, ratio:0.9906397461891174
reserving basis 130/768; cond: 678968623104.0, ratio:0.9914708137512207
reserving basis 130/768; cond: 678968623104.0, ratio:0.9914708137512207
reserving basis 123/768; cond: 367973761024.0, ratio:0.9907862544059753
reserving basis 123/768; cond: 367973761024.0, ratio:0.9907862544059753
reserving basis 132/768; cond: 23361171456.0, ratio:0.9907836318016052
reserving basis 132/768; cond: 23361171456.0, ratio:0.9907836318016052
reserving basis 123/768; cond: 47536865280.0, ratio:0.9906271696090698
reserving basis 123/768; cond: 47536865280.0, ratio:0.9906271696090698
reserving basis 130/768; cond: 109600145408.0, ratio:0.9904478192329407
reserving basis 130/768; cond: 109600145408.0, ratio:0.9904478192329407
reserving basis 119/768; cond: 16128302080.0, ratio:0.9900529384613037
reserving basis 119/768; cond: 16128302080.0, ratio:0.9900529384613037
reserving basis 128/768; cond: 42338934784.0, ratio:0.9901504516601562
reserving basis 128/768; cond: 42338934784.0, ratio:0.9901504516601562
reserving basis 111/768; cond: 16321347584.0, ratio:0.9900921583175659
reserving basis 111/768; cond: 16321347584.0, ratio:0.9900921583175659
reserving basis 124/768; cond: 38319480832.0, ratio:0.9901344776153564
reserving basis 124/768; cond: 38319480832.0, ratio:0.9901344776153564
reserving basis 103/768; cond: 247638949888.0, ratio:0.9905725717544556
reserving basis 103/768; cond: 247638949888.0, ratio:0.9905725717544556
reserving basis 114/768; cond: 172448808960.0, ratio:0.9906049370765686
reserving basis 114/768; cond: 172448808960.0, ratio:0.9906049370765686
reserving basis 92/768; cond: 25800071168.0, ratio:0.9905297756195068
reserving basis 92/768; cond: 25800071168.0, ratio:0.9905297756195068
2026-04-27 22:48:49,209 [palora.py] => Task 19, Epoch 50/50 => Loss 0.478, Train_accy 93.88
2026-04-27 22:48:53,588 [trainer.py] => Time:205.91092371940613
984 984
2026-04-27 22:48:59,929 [trainer.py] => Time:6.340347528457642
2026-04-27 22:48:59,930 [trainer.py] => ACC: {'total': 74.09, '00-03': 84.51, '04-07': 73.08, '08-11': 78.46, '12-15': 74.63, '16-19': 75.0, '20-23': 86.89, '24-27': 85.48, '28-31': 70.49, '32-35': 80.49, '36-39': 68.97, '40-43': 69.05, '44-47': 53.19, '48-51': 72.97, '52-55': 67.16, '56-59': 70.77, '60-63': 76.79, '64-67': 66.67, '68-71': 54.17, '72-75': 77.78, '76-79': 90.0, 'old': 73.92, 'new': 90.0}
2026-04-27 22:48:59,930 [trainer.py] => ACC top1 curve: [90.14, 86.99, 88.3, 87.45, 85.99, 86.41, 84.19, 81.67, 81.39, 80.39, 79.77, 78.92, 79.04, 77.19, 77.05, 76.69, 75.64, 74.58, 74.02, 74.09]
Average Accuracy: 80.99549999999999
2026-04-27 22:48:59,930 [trainer.py] => Average Accuracy: 80.99549999999999
2026-04-27 22:48:59,939 [trainer.py] => All params: 126094051
2026-04-27 22:48:59,946 [trainer.py] => Trainable params: 371716
2026-04-27 22:48:59,946 [palora.py] => Learning on 80-84
Parameters to be updated: {'image_encoder.blocks.10.attn.lora_B_v.20.weight', 'image_encoder.blocks.6.attn.lora_A_k.20.weight', 'image_encoder.blocks.1.attn.lora_A_v.20.weight', 'image_encoder.blocks.6.attn.lora_B_k.20.weight', 'image_encoder.blocks.5.attn.lora_A_k.20.weight', 'image_encoder.blocks.6.attn.lora_A_v.20.weight', 'image_encoder.blocks.8.attn.lora_A_v.20.weight', 'image_encoder.blocks.0.attn.lora_A_k.20.weight', 'image_encoder.blocks.5.attn.lora_A_v.20.weight', 'image_encoder.blocks.2.attn.lora_B_k.20.weight', 'classifier_pool.20.bias', 'image_encoder.blocks.5.attn.lora_B_k.20.weight', 'image_encoder.blocks.8.attn.lora_B_k.20.weight', 'image_encoder.blocks.9.attn.lora_A_k.20.weight', 'image_encoder.blocks.4.attn.lora_A_v.20.weight', 'classifier_pool.20.weight', 'image_encoder.blocks.2.attn.lora_A_k.20.weight', 'image_encoder.blocks.10.attn.lora_A_v.20.weight', 'image_encoder.blocks.11.attn.lora_B_v.20.weight', 'image_encoder.blocks.3.attn.lora_B_k.20.weight', 'image_encoder.blocks.7.attn.lora_B_k.20.weight', 'image_encoder.blocks.9.attn.lora_B_v.20.weight', 'image_encoder.blocks.4.attn.lora_B_k.20.weight', 'image_encoder.blocks.4.attn.lora_B_v.20.weight', 'image_encoder.blocks.11.attn.lora_A_v.20.weight', 'image_encoder.blocks.0.attn.lora_A_v.20.weight', 'image_encoder.blocks.1.attn.lora_B_k.20.weight', 'image_encoder.blocks.0.attn.lora_B_v.20.weight', 'image_encoder.blocks.7.attn.lora_A_k.20.weight', 'image_encoder.blocks.3.attn.lora_A_v.20.weight', 'image_encoder.blocks.1.attn.lora_B_v.20.weight', 'image_encoder.blocks.7.attn.lora_B_v.20.weight', 'image_encoder.blocks.11.attn.lora_B_k.20.weight', 'image_encoder.blocks.2.attn.lora_B_v.20.weight', 'image_encoder.blocks.9.attn.lora_A_v.20.weight', 'image_encoder.blocks.0.attn.lora_B_k.20.weight', 'image_encoder.blocks.11.attn.lora_A_k.20.weight', 'image_encoder.blocks.2.attn.lora_A_v.20.weight', 'image_encoder.blocks.3.attn.lora_B_v.20.weight', 'image_encoder.blocks.7.attn.lora_A_v.20.weight', 'image_encoder.blocks.6.attn.lora_B_v.20.weight', 'image_encoder.blocks.8.attn.lora_B_v.20.weight', 'image_encoder.blocks.9.attn.lora_B_k.20.weight', 'image_encoder.blocks.10.attn.lora_A_k.20.weight', 'image_encoder.blocks.4.attn.lora_A_k.20.weight', 'image_encoder.blocks.1.attn.lora_A_k.20.weight', 'image_encoder.blocks.10.attn.lora_B_k.20.weight', 'image_encoder.blocks.5.attn.lora_B_v.20.weight', 'image_encoder.blocks.8.attn.lora_A_k.20.weight', 'image_encoder.blocks.3.attn.lora_A_k.20.weight'}
After trained on task 19 tensor(0.0186, device='cuda:0') tensor(0.0185, device='cuda:0')
After trained on task 19 tensor(0.0201, device='cuda:0') tensor(0.0211, device='cuda:0')
After trained on task 19 tensor(0.0178, device='cuda:0') tensor(0.0238, device='cuda:0')
After trained on task 19 tensor(0.0200, device='cuda:0') tensor(0.0272, device='cuda:0')
After trained on task 19 tensor(0.0228, device='cuda:0') tensor(0.0302, device='cuda:0')
After trained on task 19 tensor(0.0266, device='cuda:0') tensor(0.0315, device='cuda:0')
After trained on task 19 tensor(0.0243, device='cuda:0') tensor(0.0332, device='cuda:0')
After trained on task 19 tensor(0.0275, device='cuda:0') tensor(0.0345, device='cuda:0')
After trained on task 19 tensor(0.0289, device='cuda:0') tensor(0.0418, device='cuda:0')
After trained on task 19 tensor(0.0299, device='cuda:0') tensor(0.0502, device='cuda:0')
After trained on task 19 tensor(0.0321, device='cuda:0') tensor(0.0566, device='cuda:0')
After trained on task 19 tensor(0.0413, device='cuda:0') tensor(0.0655, device='cuda:0')
reserving basis 121/768; cond: 45346816000.0, ratio:0.9910629391670227
reserving basis 121/768; cond: 45346816000.0, ratio:0.9910629391670227
reserving basis 130/768; cond: 70655369216.0, ratio:0.9916534423828125
reserving basis 130/768; cond: 70655369216.0, ratio:0.9916534423828125
reserving basis 127/768; cond: 384447873024.0, ratio:0.9904634356498718
reserving basis 127/768; cond: 384447873024.0, ratio:0.9904634356498718
reserving basis 127/768; cond: 1882040303616.0, ratio:0.9910529255867004
reserving basis 127/768; cond: 1882040303616.0, ratio:0.9910529255867004
reserving basis 135/768; cond: 1176629542912.0, ratio:0.9912706017494202
reserving basis 135/768; cond: 1176629542912.0, ratio:0.9912706017494202
reserving basis 130/768; cond: 241323589632.0, ratio:0.9913650751113892
reserving basis 130/768; cond: 241323589632.0, ratio:0.9913650751113892
reserving basis 136/768; cond: 142111916032.0, ratio:0.9911912083625793
reserving basis 136/768; cond: 142111916032.0, ratio:0.9911912083625793
reserving basis 128/768; cond: 157589225472.0, ratio:0.990024745464325
reserving basis 128/768; cond: 157589225472.0, ratio:0.990024745464325
reserving basis 136/768; cond: 347996258304.0, ratio:0.991072416305542
reserving basis 136/768; cond: 347996258304.0, ratio:0.991072416305542
reserving basis 126/768; cond: 157249552384.0, ratio:0.9905593991279602
reserving basis 126/768; cond: 157249552384.0, ratio:0.9905593991279602
reserving basis 133/768; cond: 17637797888.0, ratio:0.9916149377822876
reserving basis 133/768; cond: 17637797888.0, ratio:0.9916149377822876
reserving basis 126/768; cond: 169730981888.0, ratio:0.9912421703338623
reserving basis 126/768; cond: 169730981888.0, ratio:0.9912421703338623
reserving basis 134/768; cond: 625982701568.0, ratio:0.9916151762008667
reserving basis 134/768; cond: 625982701568.0, ratio:0.9916151762008667
reserving basis 126/768; cond: 498329812992.0, ratio:0.9904331564903259
reserving basis 126/768; cond: 498329812992.0, ratio:0.9904331564903259
reserving basis 135/768; cond: 1482727096320.0, ratio:0.9901201128959656
reserving basis 135/768; cond: 1482727096320.0, ratio:0.9901201128959656
reserving basis 126/768; cond: 15608899584.0, ratio:0.9908596277236938
reserving basis 126/768; cond: 15608899584.0, ratio:0.9908596277236938
reserving basis 134/768; cond: 42002550784.0, ratio:0.9914951324462891
reserving basis 134/768; cond: 42002550784.0, ratio:0.9914951324462891
reserving basis 122/768; cond: 80239648768.0, ratio:0.9913663268089294
reserving basis 122/768; cond: 80239648768.0, ratio:0.9913663268089294
reserving basis 132/768; cond: 19049000960.0, ratio:0.9916041493415833
reserving basis 132/768; cond: 19049000960.0, ratio:0.9916041493415833
reserving basis 113/768; cond: 35376885760.0, ratio:0.9902560114860535
reserving basis 113/768; cond: 35376885760.0, ratio:0.9902560114860535
reserving basis 127/768; cond: 49677144064.0, ratio:0.9901318550109863
reserving basis 127/768; cond: 49677144064.0, ratio:0.9901318550109863
reserving basis 106/768; cond: 73885376512.0, ratio:0.9910898804664612
reserving basis 106/768; cond: 73885376512.0, ratio:0.9910898804664612
reserving basis 117/768; cond: 250826194944.0, ratio:0.9910959005355835
reserving basis 117/768; cond: 250826194944.0, ratio:0.9910959005355835
reserving basis 94/768; cond: 14718568448.0, ratio:0.9906435608863831
reserving basis 94/768; cond: 14718568448.0, ratio:0.9906435608863831
2026-04-27 22:52:32,574 [palora.py] => Task 20, Epoch 50/50 => Loss 0.567, Train_accy 97.22
2026-04-27 22:52:37,332 [trainer.py] => Time:217.38614320755005
1007 1007
2026-04-27 22:52:43,886 [trainer.py] => Time:6.553542375564575
2026-04-27 22:52:43,886 [trainer.py] => ACC: {'total': 73.98, '00-03': 83.1, '04-07': 73.08, '08-11': 78.46, '12-15': 74.63, '16-19': 73.08, '20-23': 86.89, '24-27': 85.48, '28-31': 70.49, '32-35': 80.49, '36-39': 68.97, '40-43': 69.05, '44-47': 55.32, '48-51': 70.27, '52-55': 67.16, '56-59': 70.77, '60-63': 76.79, '64-67': 68.42, '68-71': 50.0, '72-75': 77.78, '76-79': 80.0, '80-83': 82.61, 'old': 73.78, 'new': 82.61}
2026-04-27 22:52:43,887 [trainer.py] => ACC top1 curve: [90.14, 86.99, 88.3, 87.45, 85.99, 86.41, 84.19, 81.67, 81.39, 80.39, 79.77, 78.92, 79.04, 77.19, 77.05, 76.69, 75.64, 74.58, 74.02, 74.09, 73.98]
Average Accuracy: 80.66142857142856
2026-04-27 22:52:43,887 [trainer.py] => Average Accuracy: 80.66142857142856
2026-04-27 22:52:43,896 [trainer.py] => All params: 126094051
2026-04-27 22:52:43,904 [trainer.py] => Trainable params: 371716
2026-04-27 22:52:43,904 [palora.py] => Learning on 84-88
Parameters to be updated: {'image_encoder.blocks.1.attn.lora_A_v.21.weight', 'image_encoder.blocks.10.attn.lora_B_k.21.weight', 'image_encoder.blocks.2.attn.lora_B_v.21.weight', 'image_encoder.blocks.8.attn.lora_A_v.21.weight', 'image_encoder.blocks.8.attn.lora_B_v.21.weight', 'image_encoder.blocks.4.attn.lora_A_k.21.weight', 'image_encoder.blocks.9.attn.lora_A_v.21.weight', 'classifier_pool.21.bias', 'image_encoder.blocks.11.attn.lora_B_v.21.weight', 'image_encoder.blocks.11.attn.lora_A_k.21.weight', 'image_encoder.blocks.7.attn.lora_A_k.21.weight', 'image_encoder.blocks.1.attn.lora_B_k.21.weight', 'image_encoder.blocks.9.attn.lora_B_v.21.weight', 'image_encoder.blocks.7.attn.lora_B_k.21.weight', 'image_encoder.blocks.6.attn.lora_B_k.21.weight', 'image_encoder.blocks.6.attn.lora_B_v.21.weight', 'image_encoder.blocks.5.attn.lora_B_v.21.weight', 'image_encoder.blocks.3.attn.lora_B_v.21.weight', 'image_encoder.blocks.0.attn.lora_A_v.21.weight', 'image_encoder.blocks.0.attn.lora_A_k.21.weight', 'image_encoder.blocks.8.attn.lora_A_k.21.weight', 'image_encoder.blocks.9.attn.lora_A_k.21.weight', 'classifier_pool.21.weight', 'image_encoder.blocks.2.attn.lora_A_k.21.weight', 'image_encoder.blocks.2.attn.lora_A_v.21.weight', 'image_encoder.blocks.5.attn.lora_B_k.21.weight', 'image_encoder.blocks.5.attn.lora_A_v.21.weight', 'image_encoder.blocks.7.attn.lora_A_v.21.weight', 'image_encoder.blocks.3.attn.lora_B_k.21.weight', 'image_encoder.blocks.0.attn.lora_B_v.21.weight', 'image_encoder.blocks.3.attn.lora_A_k.21.weight', 'image_encoder.blocks.7.attn.lora_B_v.21.weight', 'image_encoder.blocks.9.attn.lora_B_k.21.weight', 'image_encoder.blocks.6.attn.lora_A_k.21.weight', 'image_encoder.blocks.10.attn.lora_A_k.21.weight', 'image_encoder.blocks.11.attn.lora_A_v.21.weight', 'image_encoder.blocks.6.attn.lora_A_v.21.weight', 'image_encoder.blocks.4.attn.lora_A_v.21.weight', 'image_encoder.blocks.1.attn.lora_A_k.21.weight', 'image_encoder.blocks.0.attn.lora_B_k.21.weight', 'image_encoder.blocks.1.attn.lora_B_v.21.weight', 'image_encoder.blocks.5.attn.lora_A_k.21.weight', 'image_encoder.blocks.4.attn.lora_B_v.21.weight', 'image_encoder.blocks.4.attn.lora_B_k.21.weight', 'image_encoder.blocks.8.attn.lora_B_k.21.weight', 'image_encoder.blocks.10.attn.lora_A_v.21.weight', 'image_encoder.blocks.11.attn.lora_B_k.21.weight', 'image_encoder.blocks.3.attn.lora_A_v.21.weight', 'image_encoder.blocks.2.attn.lora_B_k.21.weight', 'image_encoder.blocks.10.attn.lora_B_v.21.weight'}
After trained on task 20 tensor(0.0215, device='cuda:0') tensor(0.0178, device='cuda:0')
After trained on task 20 tensor(0.0187, device='cuda:0') tensor(0.0210, device='cuda:0')
After trained on task 20 tensor(0.0188, device='cuda:0') tensor(0.0233, device='cuda:0')
After trained on task 20 tensor(0.0190, device='cuda:0') tensor(0.0271, device='cuda:0')
After trained on task 20 tensor(0.0220, device='cuda:0') tensor(0.0304, device='cuda:0')
After trained on task 20 tensor(0.0242, device='cuda:0') tensor(0.0319, device='cuda:0')
After trained on task 20 tensor(0.0260, device='cuda:0') tensor(0.0346, device='cuda:0')
After trained on task 20 tensor(0.0297, device='cuda:0') tensor(0.0371, device='cuda:0')
After trained on task 20 tensor(0.0294, device='cuda:0') tensor(0.0454, device='cuda:0')
After trained on task 20 tensor(0.0317, device='cuda:0') tensor(0.0510, device='cuda:0')
After trained on task 20 tensor(0.0330, device='cuda:0') tensor(0.0592, device='cuda:0')
After trained on task 20 tensor(0.0410, device='cuda:0') tensor(0.0831, device='cuda:0')
reserving basis 124/768; cond: 13727082496.0, ratio:0.9909870624542236
reserving basis 124/768; cond: 13727082496.0, ratio:0.9909870624542236
reserving basis 134/768; cond: 173123682304.0, ratio:0.9916236400604248
reserving basis 134/768; cond: 173123682304.0, ratio:0.9916236400604248
reserving basis 131/768; cond: 434984583168.0, ratio:0.9916202425956726
reserving basis 131/768; cond: 434984583168.0, ratio:0.9916202425956726
reserving basis 131/768; cond: 75956731904.0, ratio:0.9913011789321899
reserving basis 131/768; cond: 75956731904.0, ratio:0.9913011789321899
reserving basis 138/768; cond: 4477960704.0, ratio:0.9907259941101074
reserving basis 138/768; cond: 4477960704.0, ratio:0.9907259941101074
reserving basis 133/768; cond: 56624869376.0, ratio:0.9908331036567688
reserving basis 133/768; cond: 56624869376.0, ratio:0.9908331036567688
reserving basis 140/768; cond: 482881503232.0, ratio:0.9915960431098938
reserving basis 140/768; cond: 482881503232.0, ratio:0.9915960431098938
reserving basis 131/768; cond: 74156892160.0, ratio:0.990418016910553
reserving basis 131/768; cond: 74156892160.0, ratio:0.990418016910553
reserving basis 140/768; cond: 46798598144.0, ratio:0.9911719560623169
reserving basis 140/768; cond: 46798598144.0, ratio:0.9911719560623169
reserving basis 130/768; cond: 244032913408.0, ratio:0.9915860295295715
reserving basis 130/768; cond: 244032913408.0, ratio:0.9915860295295715
reserving basis 137/768; cond: 90115751936.0, ratio:0.991597592830658
reserving basis 137/768; cond: 90115751936.0, ratio:0.991597592830658
reserving basis 130/768; cond: 69516820480.0, ratio:0.9916534423828125
reserving basis 130/768; cond: 69516820480.0, ratio:0.9916534423828125
reserving basis 137/768; cond: 82055413760.0, ratio:0.9900910258293152
reserving basis 137/768; cond: 82055413760.0, ratio:0.9900910258293152
reserving basis 130/768; cond: 521124544512.0, ratio:0.9917357563972473
reserving basis 130/768; cond: 521124544512.0, ratio:0.9917357563972473
reserving basis 139/768; cond: 12400122880.0, ratio:0.991155207157135
reserving basis 139/768; cond: 12400122880.0, ratio:0.991155207157135
reserving basis 130/768; cond: 36987363328.0, ratio:0.9911951422691345
reserving basis 130/768; cond: 36987363328.0, ratio:0.9911951422691345
reserving basis 138/768; cond: 14410851328.0, ratio:0.991155743598938
reserving basis 138/768; cond: 14410851328.0, ratio:0.991155743598938
reserving basis 125/768; cond: 14757114880.0, ratio:0.9900667667388916
reserving basis 125/768; cond: 14757114880.0, ratio:0.9900667667388916
reserving basis 136/768; cond: 93119102976.0, ratio:0.9912256002426147
reserving basis 136/768; cond: 93119102976.0, ratio:0.9912256002426147
reserving basis 116/768; cond: 86797500416.0, ratio:0.9904391169548035
reserving basis 116/768; cond: 86797500416.0, ratio:0.9904391169548035
reserving basis 131/768; cond: 161499103232.0, ratio:0.9914902448654175
reserving basis 131/768; cond: 161499103232.0, ratio:0.9914902448654175
reserving basis 108/768; cond: 12178621440.0, ratio:0.9906207323074341
reserving basis 108/768; cond: 12178621440.0, ratio:0.9906207323074341
reserving basis 121/768; cond: 1749490728960.0, ratio:0.9917009472846985
reserving basis 121/768; cond: 1749490728960.0, ratio:0.9917009472846985
reserving basis 96/768; cond: 316436021248.0, ratio:0.9901342391967773
reserving basis 96/768; cond: 316436021248.0, ratio:0.9901342391967773
2026-04-27 22:56:37,781 [palora.py] => Task 21, Epoch 50/50 => Loss 0.619, Train_accy 93.04
2026-04-27 22:56:42,842 [trainer.py] => Time:238.93758273124695
1031 1031
2026-04-27 22:56:49,644 [trainer.py] => Time:6.8023083209991455
2026-04-27 22:56:49,645 [trainer.py] => ACC: {'total': 73.71, '00-03': 83.1, '04-07': 73.08, '08-11': 78.46, '12-15': 73.13, '16-19': 73.08, '20-23': 88.52, '24-27': 87.1, '28-31': 70.49, '32-35': 80.49, '36-39': 62.07, '40-43': 69.05, '44-47': 55.32, '48-51': 72.97, '52-55': 67.16, '56-59': 69.23, '60-63': 76.79, '64-67': 68.42, '68-71': 54.17, '72-75': 77.78, '76-79': 70.0, '80-83': 69.57, '84-87': 79.17, 'old': 73.58, 'new': 79.17}
2026-04-27 22:56:49,645 [trainer.py] => ACC top1 curve: [90.14, 86.99, 88.3, 87.45, 85.99, 86.41, 84.19, 81.67, 81.39, 80.39, 79.77, 78.92, 79.04, 77.19, 77.05, 76.69, 75.64, 74.58, 74.02, 74.09, 73.98, 73.71]
Average Accuracy: 80.34545454545454
2026-04-27 22:56:49,645 [trainer.py] => Average Accuracy: 80.34545454545454
2026-04-27 22:56:49,654 [trainer.py] => All params: 126094051
2026-04-27 22:56:49,662 [trainer.py] => Trainable params: 371716
2026-04-27 22:56:49,662 [palora.py] => Learning on 88-92
Parameters to be updated: {'image_encoder.blocks.3.attn.lora_B_v.22.weight', 'image_encoder.blocks.1.attn.lora_A_v.22.weight', 'image_encoder.blocks.4.attn.lora_B_k.22.weight', 'image_encoder.blocks.3.attn.lora_B_k.22.weight', 'image_encoder.blocks.7.attn.lora_B_k.22.weight', 'image_encoder.blocks.1.attn.lora_B_k.22.weight', 'image_encoder.blocks.0.attn.lora_A_v.22.weight', 'image_encoder.blocks.0.attn.lora_A_k.22.weight', 'image_encoder.blocks.9.attn.lora_B_v.22.weight', 'image_encoder.blocks.3.attn.lora_A_k.22.weight', 'image_encoder.blocks.8.attn.lora_A_k.22.weight', 'image_encoder.blocks.4.attn.lora_A_v.22.weight', 'image_encoder.blocks.11.attn.lora_A_k.22.weight', 'image_encoder.blocks.7.attn.lora_B_v.22.weight', 'image_encoder.blocks.6.attn.lora_B_k.22.weight', 'image_encoder.blocks.2.attn.lora_A_k.22.weight', 'image_encoder.blocks.5.attn.lora_A_v.22.weight', 'image_encoder.blocks.4.attn.lora_B_v.22.weight', 'image_encoder.blocks.2.attn.lora_A_v.22.weight', 'image_encoder.blocks.10.attn.lora_A_k.22.weight', 'classifier_pool.22.weight', 'image_encoder.blocks.1.attn.lora_A_k.22.weight', 'image_encoder.blocks.6.attn.lora_A_v.22.weight', 'image_encoder.blocks.9.attn.lora_A_k.22.weight', 'image_encoder.blocks.8.attn.lora_A_v.22.weight', 'image_encoder.blocks.8.attn.lora_B_k.22.weight', 'image_encoder.blocks.6.attn.lora_B_v.22.weight', 'image_encoder.blocks.9.attn.lora_A_v.22.weight', 'image_encoder.blocks.5.attn.lora_B_k.22.weight', 'image_encoder.blocks.11.attn.lora_A_v.22.weight', 'image_encoder.blocks.1.attn.lora_B_v.22.weight', 'image_encoder.blocks.11.attn.lora_B_k.22.weight', 'image_encoder.blocks.10.attn.lora_B_k.22.weight', 'classifier_pool.22.bias', 'image_encoder.blocks.5.attn.lora_A_k.22.weight', 'image_encoder.blocks.10.attn.lora_B_v.22.weight', 'image_encoder.blocks.0.attn.lora_B_k.22.weight', 'image_encoder.blocks.3.attn.lora_A_v.22.weight', 'image_encoder.blocks.7.attn.lora_A_k.22.weight', 'image_encoder.blocks.7.attn.lora_A_v.22.weight', 'image_encoder.blocks.5.attn.lora_B_v.22.weight', 'image_encoder.blocks.2.attn.lora_B_k.22.weight', 'image_encoder.blocks.4.attn.lora_A_k.22.weight', 'image_encoder.blocks.2.attn.lora_B_v.22.weight', 'image_encoder.blocks.0.attn.lora_B_v.22.weight', 'image_encoder.blocks.8.attn.lora_B_v.22.weight', 'image_encoder.blocks.9.attn.lora_B_k.22.weight', 'image_encoder.blocks.6.attn.lora_A_k.22.weight', 'image_encoder.blocks.10.attn.lora_A_v.22.weight', 'image_encoder.blocks.11.attn.lora_B_v.22.weight'}
After trained on task 21 tensor(0.0225, device='cuda:0') tensor(0.0212, device='cuda:0')
After trained on task 21 tensor(0.0202, device='cuda:0') tensor(0.0223, device='cuda:0')
After trained on task 21 tensor(0.0183, device='cuda:0') tensor(0.0255, device='cuda:0')
After trained on task 21 tensor(0.0181, device='cuda:0') tensor(0.0265, device='cuda:0')
After trained on task 21 tensor(0.0217, device='cuda:0') tensor(0.0301, device='cuda:0')
After trained on task 21 tensor(0.0258, device='cuda:0') tensor(0.0314, device='cuda:0')
After trained on task 21 tensor(0.0243, device='cuda:0') tensor(0.0336, device='cuda:0')
After trained on task 21 tensor(0.0279, device='cuda:0') tensor(0.0358, device='cuda:0')
After trained on task 21 tensor(0.0287, device='cuda:0') tensor(0.0394, device='cuda:0')
After trained on task 21 tensor(0.0313, device='cuda:0') tensor(0.0492, device='cuda:0')
After trained on task 21 tensor(0.0343, device='cuda:0') tensor(0.0590, device='cuda:0')
After trained on task 21 tensor(0.0428, device='cuda:0') tensor(0.0762, device='cuda:0')
reserving basis 127/768; cond: 238545928192.0, ratio:0.9906516671180725
reserving basis 127/768; cond: 238545928192.0, ratio:0.9906516671180725
reserving basis 138/768; cond: 146612338688.0, ratio:0.9916378259658813
reserving basis 138/768; cond: 146612338688.0, ratio:0.9916378259658813
reserving basis 134/768; cond: 117205794816.0, ratio:0.9906736016273499
reserving basis 134/768; cond: 117205794816.0, ratio:0.9906736016273499
reserving basis 134/768; cond: 123406327808.0, ratio:0.9906609654426575
reserving basis 134/768; cond: 123406327808.0, ratio:0.9906609654426575
reserving basis 141/768; cond: 95402352640.0, ratio:0.991145133972168
reserving basis 141/768; cond: 95402352640.0, ratio:0.991145133972168
reserving basis 137/768; cond: 72440348672.0, ratio:0.9908764362335205
reserving basis 137/768; cond: 72440348672.0, ratio:0.9908764362335205
reserving basis 143/768; cond: 97065213952.0, ratio:0.9908574819564819
reserving basis 143/768; cond: 97065213952.0, ratio:0.9908574819564819
reserving basis 134/768; cond: 157484793856.0, ratio:0.9908511638641357
reserving basis 134/768; cond: 157484793856.0, ratio:0.9908511638641357
reserving basis 144/768; cond: 150375989248.0, ratio:0.9908980131149292
reserving basis 144/768; cond: 150375989248.0, ratio:0.9908980131149292
reserving basis 133/768; cond: 32075110400.0, ratio:0.990576446056366
reserving basis 133/768; cond: 32075110400.0, ratio:0.990576446056366
reserving basis 140/768; cond: 22155057152.0, ratio:0.9906927943229675
reserving basis 140/768; cond: 22155057152.0, ratio:0.9906927943229675
reserving basis 133/768; cond: 516825513984.0, ratio:0.9905853867530823
reserving basis 133/768; cond: 516825513984.0, ratio:0.9905853867530823
reserving basis 140/768; cond: 187431944192.0, ratio:0.9904655814170837
reserving basis 140/768; cond: 187431944192.0, ratio:0.9904655814170837
reserving basis 133/768; cond: 233575514112.0, ratio:0.9902849793434143
reserving basis 133/768; cond: 233575514112.0, ratio:0.9902849793434143
reserving basis 143/768; cond: 290818424832.0, ratio:0.9915552139282227
reserving basis 143/768; cond: 290818424832.0, ratio:0.9915552139282227
reserving basis 133/768; cond: 34826838016.0, ratio:0.9902653694152832
reserving basis 133/768; cond: 34826838016.0, ratio:0.9902653694152832
reserving basis 142/768; cond: 4610003042304.0, ratio:0.9913488030433655
reserving basis 142/768; cond: 4610003042304.0, ratio:0.9913488030433655
reserving basis 128/768; cond: 46509297664.0, ratio:0.9903144240379333
reserving basis 128/768; cond: 46509297664.0, ratio:0.9903144240379333
reserving basis 140/768; cond: 80346349568.0, ratio:0.9914618730545044
reserving basis 140/768; cond: 80346349568.0, ratio:0.9914618730545044
reserving basis 119/768; cond: 17245001728.0, ratio:0.9909271001815796
reserving basis 119/768; cond: 17245001728.0, ratio:0.9909271001815796
reserving basis 134/768; cond: 60482433024.0, ratio:0.9900772571563721
reserving basis 134/768; cond: 60482433024.0, ratio:0.9900772571563721
reserving basis 111/768; cond: 24284530688.0, ratio:0.9917939305305481
reserving basis 111/768; cond: 24284530688.0, ratio:0.9917939305305481
reserving basis 124/768; cond: 872245690368.0, ratio:0.9903367757797241
reserving basis 124/768; cond: 872245690368.0, ratio:0.9903367757797241
reserving basis 98/768; cond: 49093111808.0, ratio:0.9903673529624939
reserving basis 98/768; cond: 49093111808.0, ratio:0.9903673529624939
2026-04-27 23:00:20,999 [palora.py] => Task 22, Epoch 50/50 => Loss 0.432, Train_accy 98.53
2026-04-27 23:00:25,662 [trainer.py] => Time:216.0002989768982
1044 1044
2026-04-27 23:00:32,363 [trainer.py] => Time:6.700537919998169
2026-04-27 23:00:32,363 [trainer.py] => ACC: {'total': 73.75, '00-03': 83.1, '04-07': 73.08, '08-11': 78.46, '12-15': 76.12, '16-19': 73.08, '20-23': 88.52, '24-27': 85.48, '28-31': 70.49, '32-35': 82.93, '36-39': 62.07, '40-43': 69.05, '44-47': 55.32, '48-51': 72.97, '52-55': 67.16, '56-59': 69.23, '60-63': 76.79, '64-67': 68.42, '68-71': 54.17, '72-75': 77.78, '76-79': 70.0, '80-83': 65.22, '84-87': 79.17, '88-91': 69.23, 'old': 73.81, 'new': 69.23}
2026-04-27 23:00:32,363 [trainer.py] => ACC top1 curve: [90.14, 86.99, 88.3, 87.45, 85.99, 86.41, 84.19, 81.67, 81.39, 80.39, 79.77, 78.92, 79.04, 77.19, 77.05, 76.69, 75.64, 74.58, 74.02, 74.09, 73.98, 73.71, 73.75]
Average Accuracy: 80.05869565217391
2026-04-27 23:00:32,363 [trainer.py] => Average Accuracy: 80.05869565217391
2026-04-27 23:00:32,373 [trainer.py] => All params: 126094051
2026-04-27 23:00:32,381 [trainer.py] => Trainable params: 371716
2026-04-27 23:00:32,381 [palora.py] => Learning on 92-96
Parameters to be updated: {'image_encoder.blocks.0.attn.lora_A_k.23.weight', 'image_encoder.blocks.1.attn.lora_A_v.23.weight', 'image_encoder.blocks.7.attn.lora_B_v.23.weight', 'image_encoder.blocks.9.attn.lora_A_k.23.weight', 'image_encoder.blocks.4.attn.lora_B_k.23.weight', 'image_encoder.blocks.5.attn.lora_B_k.23.weight', 'image_encoder.blocks.10.attn.lora_B_k.23.weight', 'image_encoder.blocks.5.attn.lora_B_v.23.weight', 'image_encoder.blocks.1.attn.lora_B_k.23.weight', 'image_encoder.blocks.9.attn.lora_B_v.23.weight', 'image_encoder.blocks.4.attn.lora_A_k.23.weight', 'image_encoder.blocks.4.attn.lora_A_v.23.weight', 'image_encoder.blocks.11.attn.lora_B_k.23.weight', 'image_encoder.blocks.11.attn.lora_A_v.23.weight', 'image_encoder.blocks.7.attn.lora_A_v.23.weight', 'image_encoder.blocks.3.attn.lora_A_k.23.weight', 'image_encoder.blocks.3.attn.lora_B_v.23.weight', 'image_encoder.blocks.3.attn.lora_A_v.23.weight', 'image_encoder.blocks.4.attn.lora_B_v.23.weight', 'image_encoder.blocks.0.attn.lora_B_k.23.weight', 'image_encoder.blocks.5.attn.lora_A_k.23.weight', 'image_encoder.blocks.8.attn.lora_B_k.23.weight', 'image_encoder.blocks.11.attn.lora_B_v.23.weight', 'image_encoder.blocks.2.attn.lora_B_v.23.weight', 'image_encoder.blocks.1.attn.lora_B_v.23.weight', 'image_encoder.blocks.6.attn.lora_A_k.23.weight', 'classifier_pool.23.bias', 'image_encoder.blocks.2.attn.lora_B_k.23.weight', 'image_encoder.blocks.6.attn.lora_B_k.23.weight', 'image_encoder.blocks.7.attn.lora_A_k.23.weight', 'image_encoder.blocks.10.attn.lora_B_v.23.weight', 'classifier_pool.23.weight', 'image_encoder.blocks.9.attn.lora_B_k.23.weight', 'image_encoder.blocks.6.attn.lora_B_v.23.weight', 'image_encoder.blocks.0.attn.lora_A_v.23.weight', 'image_encoder.blocks.1.attn.lora_A_k.23.weight', 'image_encoder.blocks.9.attn.lora_A_v.23.weight', 'image_encoder.blocks.2.attn.lora_A_v.23.weight', 'image_encoder.blocks.10.attn.lora_A_k.23.weight', 'image_encoder.blocks.7.attn.lora_B_k.23.weight', 'image_encoder.blocks.6.attn.lora_A_v.23.weight', 'image_encoder.blocks.8.attn.lora_A_v.23.weight', 'image_encoder.blocks.10.attn.lora_A_v.23.weight', 'image_encoder.blocks.2.attn.lora_A_k.23.weight', 'image_encoder.blocks.3.attn.lora_B_k.23.weight', 'image_encoder.blocks.5.attn.lora_A_v.23.weight', 'image_encoder.blocks.0.attn.lora_B_v.23.weight', 'image_encoder.blocks.8.attn.lora_A_k.23.weight', 'image_encoder.blocks.11.attn.lora_A_k.23.weight', 'image_encoder.blocks.8.attn.lora_B_v.23.weight'}
After trained on task 22 tensor(0.0194, device='cuda:0') tensor(0.0174, device='cuda:0')
After trained on task 22 tensor(0.0222, device='cuda:0') tensor(0.0223, device='cuda:0')
After trained on task 22 tensor(0.0179, device='cuda:0') tensor(0.0239, device='cuda:0')
After trained on task 22 tensor(0.0196, device='cuda:0') tensor(0.0284, device='cuda:0')
After trained on task 22 tensor(0.0228, device='cuda:0') tensor(0.0291, device='cuda:0')
After trained on task 22 tensor(0.0280, device='cuda:0') tensor(0.0319, device='cuda:0')
After trained on task 22 tensor(0.0324, device='cuda:0') tensor(0.0318, device='cuda:0')
After trained on task 22 tensor(0.0292, device='cuda:0') tensor(0.0340, device='cuda:0')
After trained on task 22 tensor(0.0284, device='cuda:0') tensor(0.0382, device='cuda:0')
After trained on task 22 tensor(0.0326, device='cuda:0') tensor(0.0472, device='cuda:0')
After trained on task 22 tensor(0.0324, device='cuda:0') tensor(0.0547, device='cuda:0')
After trained on task 22 tensor(0.0398, device='cuda:0') tensor(0.0632, device='cuda:0')
reserving basis 131/768; cond: 493825458176.0, ratio:0.9916214942932129
reserving basis 131/768; cond: 493825458176.0, ratio:0.9916214942932129
reserving basis 141/768; cond: 54730592256.0, ratio:0.9904298782348633
reserving basis 141/768; cond: 54730592256.0, ratio:0.9904298782348633
reserving basis 138/768; cond: 520574894080.0, ratio:0.9914752244949341
reserving basis 138/768; cond: 520574894080.0, ratio:0.9914752244949341
reserving basis 137/768; cond: 69223923712.0, ratio:0.9901866912841797
reserving basis 137/768; cond: 69223923712.0, ratio:0.9901866912841797
reserving basis 144/768; cond: 26044719104.0, ratio:0.9912134408950806
reserving basis 144/768; cond: 26044719104.0, ratio:0.9912134408950806
reserving basis 140/768; cond: 29611212800.0, ratio:0.9910213947296143
reserving basis 140/768; cond: 29611212800.0, ratio:0.9910213947296143
reserving basis 147/768; cond: 19163049984.0, ratio:0.991165041923523
reserving basis 147/768; cond: 19163049984.0, ratio:0.991165041923523
reserving basis 137/768; cond: 1404943597568.0, ratio:0.9907931089401245
reserving basis 137/768; cond: 1404943597568.0, ratio:0.9907931089401245
reserving basis 147/768; cond: 56788389888.0, ratio:0.9905851483345032
reserving basis 147/768; cond: 56788389888.0, ratio:0.9905851483345032
reserving basis 136/768; cond: 166960988160.0, ratio:0.9903852939605713
reserving basis 136/768; cond: 166960988160.0, ratio:0.9903852939605713
reserving basis 143/768; cond: 35900522496.0, ratio:0.9907012581825256
reserving basis 143/768; cond: 35900522496.0, ratio:0.9907012581825256
reserving basis 135/768; cond: 267024662528.0, ratio:0.9907894134521484
reserving basis 135/768; cond: 267024662528.0, ratio:0.9907894134521484
reserving basis 143/768; cond: 25356412928.0, ratio:0.9910871982574463
reserving basis 143/768; cond: 25356412928.0, ratio:0.9910871982574463
reserving basis 136/768; cond: 227747168256.0, ratio:0.991000235080719
reserving basis 136/768; cond: 227747168256.0, ratio:0.991000235080719
reserving basis 147/768; cond: 238782054400.0, ratio:0.9912323355674744
reserving basis 147/768; cond: 238782054400.0, ratio:0.9912323355674744
reserving basis 136/768; cond: 107730239488.0, ratio:0.99075847864151
reserving basis 136/768; cond: 107730239488.0, ratio:0.99075847864151
reserving basis 145/768; cond: 73545842688.0, ratio:0.9904146194458008
reserving basis 145/768; cond: 73545842688.0, ratio:0.9904146194458008
reserving basis 131/768; cond: 18271385600.0, ratio:0.9913911819458008
reserving basis 131/768; cond: 18271385600.0, ratio:0.9913911819458008
reserving basis 144/768; cond: 39185956864.0, ratio:0.9916464686393738
reserving basis 144/768; cond: 39185956864.0, ratio:0.9916464686393738
reserving basis 121/768; cond: 47127883776.0, ratio:0.9901348352432251
reserving basis 121/768; cond: 47127883776.0, ratio:0.9901348352432251
reserving basis 137/768; cond: 252493856768.0, ratio:0.9903098344802856
reserving basis 137/768; cond: 252493856768.0, ratio:0.9903098344802856
reserving basis 113/768; cond: 9137542144.0, ratio:0.9905401468276978
reserving basis 113/768; cond: 9137542144.0, ratio:0.9905401468276978
reserving basis 127/768; cond: 350484365312.0, ratio:0.9902859330177307
reserving basis 127/768; cond: 350484365312.0, ratio:0.9902859330177307
reserving basis 100/768; cond: 58263789568.0, ratio:0.9908518195152283
reserving basis 100/768; cond: 58263789568.0, ratio:0.9908518195152283
2026-04-27 23:04:14,850 [palora.py] => Task 23, Epoch 50/50 => Loss 0.538, Train_accy 95.79
2026-04-27 23:04:19,934 [trainer.py] => Time:227.55221819877625
1065 1065
2026-04-27 23:04:26,543 [trainer.py] => Time:6.609353542327881
2026-04-27 23:04:26,544 [trainer.py] => ACC: {'total': 73.15, '00-03': 83.1, '04-07': 73.08, '08-11': 78.46, '12-15': 76.12, '16-19': 73.08, '20-23': 90.16, '24-27': 83.87, '28-31': 70.49, '32-35': 82.93, '36-39': 62.07, '40-43': 69.05, '44-47': 55.32, '48-51': 72.97, '52-55': 67.16, '56-59': 69.23, '60-63': 76.79, '64-67': 68.42, '68-71': 54.17, '72-75': 77.78, '76-79': 60.0, '80-83': 65.22, '84-87': 75.0, '88-91': 61.54, '92-95': 57.14, 'old': 73.47, 'new': 57.14}
2026-04-27 23:04:26,544 [trainer.py] => ACC top1 curve: [90.14, 86.99, 88.3, 87.45, 85.99, 86.41, 84.19, 81.67, 81.39, 80.39, 79.77, 78.92, 79.04, 77.19, 77.05, 76.69, 75.64, 74.58, 74.02, 74.09, 73.98, 73.71, 73.75, 73.15]
Average Accuracy: 79.77083333333333
2026-04-27 23:04:26,544 [trainer.py] => Average Accuracy: 79.77083333333333
2026-04-27 23:04:26,552 [trainer.py] => All params: 126094051
2026-04-27 23:04:26,561 [trainer.py] => Trainable params: 371716
2026-04-27 23:04:26,561 [palora.py] => Learning on 96-100
Parameters to be updated: {'image_encoder.blocks.1.attn.lora_B_k.24.weight', 'image_encoder.blocks.8.attn.lora_B_v.24.weight', 'image_encoder.blocks.2.attn.lora_A_v.24.weight', 'image_encoder.blocks.1.attn.lora_A_v.24.weight', 'image_encoder.blocks.7.attn.lora_A_k.24.weight', 'image_encoder.blocks.0.attn.lora_B_k.24.weight', 'image_encoder.blocks.9.attn.lora_B_v.24.weight', 'image_encoder.blocks.0.attn.lora_B_v.24.weight', 'image_encoder.blocks.0.attn.lora_A_k.24.weight', 'image_encoder.blocks.8.attn.lora_A_k.24.weight', 'classifier_pool.24.bias', 'image_encoder.blocks.3.attn.lora_B_k.24.weight', 'image_encoder.blocks.11.attn.lora_A_v.24.weight', 'image_encoder.blocks.6.attn.lora_A_k.24.weight', 'image_encoder.blocks.3.attn.lora_A_v.24.weight', 'image_encoder.blocks.5.attn.lora_B_v.24.weight', 'image_encoder.blocks.6.attn.lora_B_k.24.weight', 'image_encoder.blocks.3.attn.lora_B_v.24.weight', 'image_encoder.blocks.11.attn.lora_B_k.24.weight', 'image_encoder.blocks.4.attn.lora_B_v.24.weight', 'image_encoder.blocks.10.attn.lora_A_k.24.weight', 'image_encoder.blocks.5.attn.lora_B_k.24.weight', 'image_encoder.blocks.9.attn.lora_A_k.24.weight', 'image_encoder.blocks.10.attn.lora_B_k.24.weight', 'image_encoder.blocks.11.attn.lora_B_v.24.weight', 'image_encoder.blocks.10.attn.lora_B_v.24.weight', 'image_encoder.blocks.6.attn.lora_A_v.24.weight', 'image_encoder.blocks.7.attn.lora_A_v.24.weight', 'image_encoder.blocks.1.attn.lora_A_k.24.weight', 'image_encoder.blocks.2.attn.lora_B_k.24.weight', 'image_encoder.blocks.6.attn.lora_B_v.24.weight', 'image_encoder.blocks.7.attn.lora_B_k.24.weight', 'image_encoder.blocks.4.attn.lora_A_k.24.weight', 'classifier_pool.24.weight', 'image_encoder.blocks.10.attn.lora_A_v.24.weight', 'image_encoder.blocks.7.attn.lora_B_v.24.weight', 'image_encoder.blocks.4.attn.lora_A_v.24.weight', 'image_encoder.blocks.1.attn.lora_B_v.24.weight', 'image_encoder.blocks.3.attn.lora_A_k.24.weight', 'image_encoder.blocks.11.attn.lora_A_k.24.weight', 'image_encoder.blocks.9.attn.lora_A_v.24.weight', 'image_encoder.blocks.2.attn.lora_B_v.24.weight', 'image_encoder.blocks.0.attn.lora_A_v.24.weight', 'image_encoder.blocks.9.attn.lora_B_k.24.weight', 'image_encoder.blocks.8.attn.lora_B_k.24.weight', 'image_encoder.blocks.4.attn.lora_B_k.24.weight', 'image_encoder.blocks.8.attn.lora_A_v.24.weight', 'image_encoder.blocks.2.attn.lora_A_k.24.weight', 'image_encoder.blocks.5.attn.lora_A_v.24.weight', 'image_encoder.blocks.5.attn.lora_A_k.24.weight'}
After trained on task 23 tensor(0.0211, device='cuda:0') tensor(0.0188, device='cuda:0')
After trained on task 23 tensor(0.0207, device='cuda:0') tensor(0.0219, device='cuda:0')
After trained on task 23 tensor(0.0187, device='cuda:0') tensor(0.0233, device='cuda:0')
After trained on task 23 tensor(0.0186, device='cuda:0') tensor(0.0272, device='cuda:0')
After trained on task 23 tensor(0.0212, device='cuda:0') tensor(0.0311, device='cuda:0')
After trained on task 23 tensor(0.0240, device='cuda:0') tensor(0.0307, device='cuda:0')
After trained on task 23 tensor(0.0253, device='cuda:0') tensor(0.0353, device='cuda:0')
After trained on task 23 tensor(0.0256, device='cuda:0') tensor(0.0355, device='cuda:0')
After trained on task 23 tensor(0.0275, device='cuda:0') tensor(0.0418, device='cuda:0')
After trained on task 23 tensor(0.0281, device='cuda:0') tensor(0.0479, device='cuda:0')
After trained on task 23 tensor(0.0293, device='cuda:0') tensor(0.0497, device='cuda:0')
After trained on task 23 tensor(0.0375, device='cuda:0') tensor(0.0686, device='cuda:0')
reserving basis 134/768; cond: 1311237210112.0, ratio:0.990975558757782
reserving basis 134/768; cond: 1311237210112.0, ratio:0.990975558757782
reserving basis 144/768; cond: 15479905280.0, ratio:0.9910653233528137
reserving basis 144/768; cond: 15479905280.0, ratio:0.9910653233528137
reserving basis 141/768; cond: 70372548608.0, ratio:0.9904051423072815
reserving basis 141/768; cond: 70372548608.0, ratio:0.9904051423072815
reserving basis 140/768; cond: 88821383168.0, ratio:0.9908355474472046
reserving basis 140/768; cond: 88821383168.0, ratio:0.9908355474472046
reserving basis 147/768; cond: 36329484288.0, ratio:0.9907115697860718
reserving basis 147/768; cond: 36329484288.0, ratio:0.9907115697860718
reserving basis 143/768; cond: 23322544128.0, ratio:0.9914830923080444
reserving basis 143/768; cond: 23322544128.0, ratio:0.9914830923080444
reserving basis 150/768; cond: 348302409728.0, ratio:0.9911727905273438
reserving basis 150/768; cond: 348302409728.0, ratio:0.9911727905273438
reserving basis 140/768; cond: 23424817152.0, ratio:0.990475058555603
reserving basis 140/768; cond: 23424817152.0, ratio:0.990475058555603
reserving basis 150/768; cond: 26417954816.0, ratio:0.9906574487686157
reserving basis 150/768; cond: 26417954816.0, ratio:0.9906574487686157
reserving basis 139/768; cond: 132018323456.0, ratio:0.9912859797477722
reserving basis 139/768; cond: 132018323456.0, ratio:0.9912859797477722
reserving basis 146/768; cond: 148525563904.0, ratio:0.9905632734298706
reserving basis 146/768; cond: 148525563904.0, ratio:0.9905632734298706
reserving basis 137/768; cond: 64874041344.0, ratio:0.9906005263328552
reserving basis 137/768; cond: 64874041344.0, ratio:0.9906005263328552
reserving basis 146/768; cond: 387488415744.0, ratio:0.9909559488296509
reserving basis 146/768; cond: 387488415744.0, ratio:0.9909559488296509
reserving basis 139/768; cond: 27431419904.0, ratio:0.9910934567451477
reserving basis 139/768; cond: 27431419904.0, ratio:0.9910934567451477
reserving basis 149/768; cond: 1008333029376.0, ratio:0.9901620149612427
reserving basis 149/768; cond: 1008333029376.0, ratio:0.9901620149612427
reserving basis 138/768; cond: 400349069312.0, ratio:0.9900951981544495
reserving basis 138/768; cond: 400349069312.0, ratio:0.9900951981544495
reserving basis 148/768; cond: 73557721088.0, ratio:0.9902992248535156
reserving basis 148/768; cond: 73557721088.0, ratio:0.9902992248535156
reserving basis 133/768; cond: 14179841024.0, ratio:0.9900404810905457
reserving basis 133/768; cond: 14179841024.0, ratio:0.9900404810905457
reserving basis 147/768; cond: 22873196544.0, ratio:0.9907963871955872
reserving basis 147/768; cond: 22873196544.0, ratio:0.9907963871955872
reserving basis 124/768; cond: 38959398912.0, ratio:0.9917943477630615
reserving basis 124/768; cond: 38959398912.0, ratio:0.9917943477630615
reserving basis 140/768; cond: 3061154316288.0, ratio:0.9909539818763733
reserving basis 140/768; cond: 3061154316288.0, ratio:0.9909539818763733
reserving basis 115/768; cond: 44107087872.0, ratio:0.9910880327224731
reserving basis 115/768; cond: 44107087872.0, ratio:0.9910880327224731
reserving basis 130/768; cond: 17669216256.0, ratio:0.9912179708480835
reserving basis 130/768; cond: 17669216256.0, ratio:0.9912179708480835
reserving basis 101/768; cond: 91949350912.0, ratio:0.9904147982597351
reserving basis 101/768; cond: 91949350912.0, ratio:0.9904147982597351
2026-04-27 23:08:02,778 [palora.py] => Task 24, Epoch 50/50 => Loss 0.488, Train_accy 97.37
2026-04-27 23:08:07,464 [trainer.py] => Time:220.90257859230042
1086 1086
2026-04-27 23:08:14,164 [trainer.py] => Time:6.699751615524292
2026-04-27 23:08:14,164 [trainer.py] => ACC: {'total': 72.56, '00-03': 83.1, '04-07': 73.08, '08-11': 78.46, '12-15': 76.12, '16-19': 71.15, '20-23': 90.16, '24-27': 83.87, '28-31': 70.49, '32-35': 82.93, '36-39': 62.07, '40-43': 69.05, '44-47': 55.32, '48-51': 72.97, '52-55': 67.16, '56-59': 69.23, '60-63': 76.79, '64-67': 68.42, '68-71': 54.17, '72-75': 77.78, '76-79': 60.0, '80-83': 65.22, '84-87': 66.67, '88-91': 61.54, '92-95': 57.14, '96-99': 57.14, 'old': 72.86, 'new': 57.14}
2026-04-27 23:08:14,164 [trainer.py] => ACC top1 curve: [90.14, 86.99, 88.3, 87.45, 85.99, 86.41, 84.19, 81.67, 81.39, 80.39, 79.77, 78.92, 79.04, 77.19, 77.05, 76.69, 75.64, 74.58, 74.02, 74.09, 73.98, 73.71, 73.75, 73.15, 72.56]
Average Accuracy: 79.4824
2026-04-27 23:08:14,164 [trainer.py] => Average Accuracy: 79.4824
2026-04-27 23:08:14,173 [trainer.py] => All params: 126094051
2026-04-27 23:08:14,181 [trainer.py] => Trainable params: 371716
2026-04-27 23:08:14,181 [palora.py] => Learning on 100-104
Parameters to be updated: {'image_encoder.blocks.5.attn.lora_A_k.25.weight', 'image_encoder.blocks.10.attn.lora_A_v.25.weight', 'image_encoder.blocks.9.attn.lora_B_v.25.weight', 'image_encoder.blocks.10.attn.lora_B_k.25.weight', 'image_encoder.blocks.7.attn.lora_A_k.25.weight', 'image_encoder.blocks.0.attn.lora_A_k.25.weight', 'image_encoder.blocks.4.attn.lora_A_v.25.weight', 'image_encoder.blocks.2.attn.lora_A_v.25.weight', 'image_encoder.blocks.2.attn.lora_B_v.25.weight', 'image_encoder.blocks.4.attn.lora_B_v.25.weight', 'image_encoder.blocks.6.attn.lora_A_v.25.weight', 'image_encoder.blocks.8.attn.lora_B_v.25.weight', 'image_encoder.blocks.10.attn.lora_A_k.25.weight', 'classifier_pool.25.weight', 'image_encoder.blocks.4.attn.lora_B_k.25.weight', 'image_encoder.blocks.10.attn.lora_B_v.25.weight', 'image_encoder.blocks.2.attn.lora_B_k.25.weight', 'image_encoder.blocks.9.attn.lora_A_v.25.weight', 'image_encoder.blocks.1.attn.lora_B_k.25.weight', 'image_encoder.blocks.11.attn.lora_A_k.25.weight', 'image_encoder.blocks.5.attn.lora_B_k.25.weight', 'image_encoder.blocks.11.attn.lora_B_v.25.weight', 'image_encoder.blocks.6.attn.lora_A_k.25.weight', 'image_encoder.blocks.0.attn.lora_B_v.25.weight', 'image_encoder.blocks.11.attn.lora_B_k.25.weight', 'classifier_pool.25.bias', 'image_encoder.blocks.6.attn.lora_B_k.25.weight', 'image_encoder.blocks.7.attn.lora_B_k.25.weight', 'image_encoder.blocks.3.attn.lora_A_k.25.weight', 'image_encoder.blocks.3.attn.lora_B_v.25.weight', 'image_encoder.blocks.1.attn.lora_A_k.25.weight', 'image_encoder.blocks.8.attn.lora_A_v.25.weight', 'image_encoder.blocks.2.attn.lora_A_k.25.weight', 'image_encoder.blocks.7.attn.lora_A_v.25.weight', 'image_encoder.blocks.9.attn.lora_A_k.25.weight', 'image_encoder.blocks.4.attn.lora_A_k.25.weight', 'image_encoder.blocks.11.attn.lora_A_v.25.weight', 'image_encoder.blocks.1.attn.lora_A_v.25.weight', 'image_encoder.blocks.0.attn.lora_A_v.25.weight', 'image_encoder.blocks.1.attn.lora_B_v.25.weight', 'image_encoder.blocks.5.attn.lora_B_v.25.weight', 'image_encoder.blocks.7.attn.lora_B_v.25.weight', 'image_encoder.blocks.8.attn.lora_B_k.25.weight', 'image_encoder.blocks.0.attn.lora_B_k.25.weight', 'image_encoder.blocks.3.attn.lora_B_k.25.weight', 'image_encoder.blocks.9.attn.lora_B_k.25.weight', 'image_encoder.blocks.8.attn.lora_A_k.25.weight', 'image_encoder.blocks.6.attn.lora_B_v.25.weight', 'image_encoder.blocks.5.attn.lora_A_v.25.weight', 'image_encoder.blocks.3.attn.lora_A_v.25.weight'}
After trained on task 24 tensor(0.0227, device='cuda:0') tensor(0.0185, device='cuda:0')
After trained on task 24 tensor(0.0176, device='cuda:0') tensor(0.0198, device='cuda:0')
After trained on task 24 tensor(0.0177, device='cuda:0') tensor(0.0218, device='cuda:0')
After trained on task 24 tensor(0.0168, device='cuda:0') tensor(0.0251, device='cuda:0')
After trained on task 24 tensor(0.0212, device='cuda:0') tensor(0.0300, device='cuda:0')
After trained on task 24 tensor(0.0257, device='cuda:0') tensor(0.0320, device='cuda:0')
After trained on task 24 tensor(0.0272, device='cuda:0') tensor(0.0319, device='cuda:0')
After trained on task 24 tensor(0.0300, device='cuda:0') tensor(0.0343, device='cuda:0')
After trained on task 24 tensor(0.0295, device='cuda:0') tensor(0.0413, device='cuda:0')
After trained on task 24 tensor(0.0279, device='cuda:0') tensor(0.0515, device='cuda:0')
After trained on task 24 tensor(0.0324, device='cuda:0') tensor(0.0546, device='cuda:0')
After trained on task 24 tensor(0.0369, device='cuda:0') tensor(0.0701, device='cuda:0')
reserving basis 137/768; cond: 34924605440.0, ratio:0.9915891289710999
reserving basis 137/768; cond: 34924605440.0, ratio:0.9915891289710999
reserving basis 147/768; cond: 55363821568.0, ratio:0.9905813336372375
reserving basis 147/768; cond: 55363821568.0, ratio:0.9905813336372375
reserving basis 144/768; cond: 100975288320.0, ratio:0.9911068081855774
reserving basis 144/768; cond: 100975288320.0, ratio:0.9911068081855774
reserving basis 142/768; cond: 49810497536.0, ratio:0.9907886385917664
reserving basis 142/768; cond: 49810497536.0, ratio:0.9907886385917664
reserving basis 150/768; cond: 16642214912.0, ratio:0.9906525015830994
reserving basis 150/768; cond: 16642214912.0, ratio:0.9906525015830994
reserving basis 145/768; cond: 172168347648.0, ratio:0.9909316897392273
reserving basis 145/768; cond: 172168347648.0, ratio:0.9909316897392273
reserving basis 153/768; cond: 58416009216.0, ratio:0.9912893772125244
reserving basis 153/768; cond: 58416009216.0, ratio:0.9912893772125244
reserving basis 142/768; cond: 238161707008.0, ratio:0.9905775785446167
reserving basis 142/768; cond: 238161707008.0, ratio:0.9905775785446167
reserving basis 153/768; cond: 59611557888.0, ratio:0.9914015531539917
reserving basis 153/768; cond: 59611557888.0, ratio:0.9914015531539917
reserving basis 142/768; cond: 54551769088.0, ratio:0.9911366105079651
reserving basis 142/768; cond: 54551769088.0, ratio:0.9911366105079651
reserving basis 148/768; cond: 145465327616.0, ratio:0.9903761148452759
reserving basis 148/768; cond: 145465327616.0, ratio:0.9903761148452759
reserving basis 140/768; cond: 71345643520.0, ratio:0.991355836391449
reserving basis 140/768; cond: 71345643520.0, ratio:0.991355836391449
reserving basis 149/768; cond: 49827610624.0, ratio:0.9915202856063843
reserving basis 149/768; cond: 49827610624.0, ratio:0.9915202856063843
reserving basis 142/768; cond: 648429109248.0, ratio:0.9915903210639954
reserving basis 142/768; cond: 648429109248.0, ratio:0.9915903210639954
reserving basis 152/768; cond: 257824145408.0, ratio:0.990934431552887
reserving basis 152/768; cond: 257824145408.0, ratio:0.990934431552887
reserving basis 141/768; cond: 28456572928.0, ratio:0.9913532137870789
reserving basis 141/768; cond: 28456572928.0, ratio:0.9913532137870789
reserving basis 151/768; cond: 26933426176.0, ratio:0.9905664920806885
reserving basis 151/768; cond: 26933426176.0, ratio:0.9905664920806885
reserving basis 135/768; cond: 656369385472.0, ratio:0.9906965494155884
reserving basis 135/768; cond: 656369385472.0, ratio:0.9906965494155884
reserving basis 150/768; cond: 54593835008.0, ratio:0.9908263683319092
reserving basis 150/768; cond: 54593835008.0, ratio:0.9908263683319092
reserving basis 126/768; cond: 37812916224.0, ratio:0.9917623400688171
reserving basis 126/768; cond: 37812916224.0, ratio:0.9917623400688171
reserving basis 143/768; cond: 169204006912.0, ratio:0.9913386106491089
reserving basis 143/768; cond: 169204006912.0, ratio:0.9913386106491089
reserving basis 117/768; cond: 275316801536.0, ratio:0.9913338422775269
reserving basis 117/768; cond: 275316801536.0, ratio:0.9913338422775269
reserving basis 133/768; cond: 32875395072.0, ratio:0.9909242391586304
reserving basis 133/768; cond: 32875395072.0, ratio:0.9909242391586304
reserving basis 103/768; cond: 26135607296.0, ratio:0.9911075830459595
reserving basis 103/768; cond: 26135607296.0, ratio:0.9911075830459595
2026-04-27 23:11:38,034 [palora.py] => Task 25, Epoch 50/50 => Loss 0.453, Train_accy 98.08
2026-04-27 23:11:42,251 [trainer.py] => Time:208.06931352615356
1105 1105
2026-04-27 23:11:48,998 [trainer.py] => Time:6.7474517822265625
2026-04-27 23:11:48,999 [trainer.py] => ACC: {'total': 71.58, '00-03': 83.1, '04-07': 73.08, '08-11': 78.46, '12-15': 76.12, '16-19': 73.08, '20-23': 90.16, '24-27': 82.26, '28-31': 70.49, '32-35': 82.93, '36-39': 62.07, '40-43': 69.05, '44-47': 55.32, '48-51': 72.97, '52-55': 67.16, '56-59': 70.77, '60-63': 76.79, '64-67': 68.42, '68-71': 54.17, '72-75': 77.78, '76-79': 60.0, '80-83': 60.87, '84-87': 66.67, '88-91': 61.54, '92-95': 57.14, '96-99': 57.14, '100-103': 15.79, 'old': 72.56, 'new': 15.79}
2026-04-27 23:11:48,999 [trainer.py] => ACC top1 curve: [90.14, 86.99, 88.3, 87.45, 85.99, 86.41, 84.19, 81.67, 81.39, 80.39, 79.77, 78.92, 79.04, 77.19, 77.05, 76.69, 75.64, 74.58, 74.02, 74.09, 73.98, 73.71, 73.75, 73.15, 72.56, 71.58]
Average Accuracy: 79.17846153846153
2026-04-27 23:11:48,999 [trainer.py] => Average Accuracy: 79.17846153846153
2026-04-27 23:11:49,008 [trainer.py] => All params: 126094051
2026-04-27 23:11:49,015 [trainer.py] => Trainable params: 371716
2026-04-27 23:11:49,015 [palora.py] => Learning on 104-108
Parameters to be updated: {'image_encoder.blocks.11.attn.lora_B_k.26.weight', 'image_encoder.blocks.0.attn.lora_A_v.26.weight', 'image_encoder.blocks.7.attn.lora_B_v.26.weight', 'image_encoder.blocks.1.attn.lora_B_k.26.weight', 'image_encoder.blocks.11.attn.lora_B_v.26.weight', 'image_encoder.blocks.2.attn.lora_B_v.26.weight', 'image_encoder.blocks.9.attn.lora_B_v.26.weight', 'image_encoder.blocks.2.attn.lora_B_k.26.weight', 'classifier_pool.26.weight', 'image_encoder.blocks.6.attn.lora_A_k.26.weight', 'image_encoder.blocks.0.attn.lora_A_k.26.weight', 'classifier_pool.26.bias', 'image_encoder.blocks.6.attn.lora_A_v.26.weight', 'image_encoder.blocks.5.attn.lora_A_k.26.weight', 'image_encoder.blocks.5.attn.lora_B_k.26.weight', 'image_encoder.blocks.6.attn.lora_B_v.26.weight', 'image_encoder.blocks.10.attn.lora_A_v.26.weight', 'image_encoder.blocks.10.attn.lora_B_k.26.weight', 'image_encoder.blocks.9.attn.lora_B_k.26.weight', 'image_encoder.blocks.3.attn.lora_A_k.26.weight', 'image_encoder.blocks.8.attn.lora_B_k.26.weight', 'image_encoder.blocks.10.attn.lora_A_k.26.weight', 'image_encoder.blocks.0.attn.lora_B_v.26.weight', 'image_encoder.blocks.1.attn.lora_B_v.26.weight', 'image_encoder.blocks.9.attn.lora_A_v.26.weight', 'image_encoder.blocks.7.attn.lora_B_k.26.weight', 'image_encoder.blocks.2.attn.lora_A_v.26.weight', 'image_encoder.blocks.8.attn.lora_B_v.26.weight', 'image_encoder.blocks.4.attn.lora_B_v.26.weight', 'image_encoder.blocks.11.attn.lora_A_k.26.weight', 'image_encoder.blocks.8.attn.lora_A_v.26.weight', 'image_encoder.blocks.3.attn.lora_B_k.26.weight', 'image_encoder.blocks.6.attn.lora_B_k.26.weight', 'image_encoder.blocks.10.attn.lora_B_v.26.weight', 'image_encoder.blocks.5.attn.lora_B_v.26.weight', 'image_encoder.blocks.9.attn.lora_A_k.26.weight', 'image_encoder.blocks.11.attn.lora_A_v.26.weight', 'image_encoder.blocks.1.attn.lora_A_v.26.weight', 'image_encoder.blocks.0.attn.lora_B_k.26.weight', 'image_encoder.blocks.3.attn.lora_A_v.26.weight', 'image_encoder.blocks.4.attn.lora_A_k.26.weight', 'image_encoder.blocks.7.attn.lora_A_k.26.weight', 'image_encoder.blocks.4.attn.lora_A_v.26.weight', 'image_encoder.blocks.7.attn.lora_A_v.26.weight', 'image_encoder.blocks.8.attn.lora_A_k.26.weight', 'image_encoder.blocks.4.attn.lora_B_k.26.weight', 'image_encoder.blocks.3.attn.lora_B_v.26.weight', 'image_encoder.blocks.2.attn.lora_A_k.26.weight', 'image_encoder.blocks.5.attn.lora_A_v.26.weight', 'image_encoder.blocks.1.attn.lora_A_k.26.weight'}
After trained on task 25 tensor(0.0209, device='cuda:0') tensor(0.0159, device='cuda:0')
After trained on task 25 tensor(0.0210, device='cuda:0') tensor(0.0204, device='cuda:0')
After trained on task 25 tensor(0.0167, device='cuda:0') tensor(0.0233, device='cuda:0')
After trained on task 25 tensor(0.0196, device='cuda:0') tensor(0.0255, device='cuda:0')
After trained on task 25 tensor(0.0196, device='cuda:0') tensor(0.0282, device='cuda:0')
After trained on task 25 tensor(0.0258, device='cuda:0') tensor(0.0295, device='cuda:0')
After trained on task 25 tensor(0.0266, device='cuda:0') tensor(0.0316, device='cuda:0')
After trained on task 25 tensor(0.0274, device='cuda:0') tensor(0.0324, device='cuda:0')
After trained on task 25 tensor(0.0258, device='cuda:0') tensor(0.0386, device='cuda:0')
After trained on task 25 tensor(0.0274, device='cuda:0') tensor(0.0501, device='cuda:0')
After trained on task 25 tensor(0.0306, device='cuda:0') tensor(0.0602, device='cuda:0')
After trained on task 25 tensor(0.0375, device='cuda:0') tensor(0.0721, device='cuda:0')
reserving basis 140/768; cond: 74556440576.0, ratio:0.9914783835411072
reserving basis 140/768; cond: 74556440576.0, ratio:0.9914783835411072
reserving basis 150/768; cond: 184707170304.0, ratio:0.9916351437568665
reserving basis 150/768; cond: 184707170304.0, ratio:0.9916351437568665
reserving basis 146/768; cond: 77281886208.0, ratio:0.9901931285858154
reserving basis 146/768; cond: 77281886208.0, ratio:0.9901931285858154
reserving basis 145/768; cond: 13657788416.0, ratio:0.9911437630653381
reserving basis 145/768; cond: 13657788416.0, ratio:0.9911437630653381
reserving basis 152/768; cond: 7956628480.0, ratio:0.9904631972312927
reserving basis 152/768; cond: 7956628480.0, ratio:0.9904631972312927
reserving basis 148/768; cond: 98820931584.0, ratio:0.9916436076164246
reserving basis 148/768; cond: 98820931584.0, ratio:0.9916436076164246
reserving basis 156/768; cond: 25701367808.0, ratio:0.9915472269058228
reserving basis 156/768; cond: 25701367808.0, ratio:0.9915472269058228
reserving basis 145/768; cond: 212134002688.0, ratio:0.9913025498390198
reserving basis 145/768; cond: 212134002688.0, ratio:0.9913025498390198
reserving basis 156/768; cond: 70858702848.0, ratio:0.9910975694656372
reserving basis 156/768; cond: 70858702848.0, ratio:0.9910975694656372
reserving basis 145/768; cond: 71950712832.0, ratio:0.9914014935493469
reserving basis 145/768; cond: 71950712832.0, ratio:0.9914014935493469
reserving basis 151/768; cond: 21269198848.0, ratio:0.9903474450111389
reserving basis 151/768; cond: 21269198848.0, ratio:0.9903474450111389
reserving basis 143/768; cond: 306839781376.0, ratio:0.9913551211357117
reserving basis 143/768; cond: 306839781376.0, ratio:0.9913551211357117
reserving basis 152/768; cond: 50151460864.0, ratio:0.9912860989570618
reserving basis 152/768; cond: 50151460864.0, ratio:0.9912860989570618
reserving basis 145/768; cond: 236967133184.0, ratio:0.9911128282546997
reserving basis 145/768; cond: 236967133184.0, ratio:0.9911128282546997
reserving basis 155/768; cond: 11590757376.0, ratio:0.9910649061203003
reserving basis 155/768; cond: 11590757376.0, ratio:0.9910649061203003
reserving basis 144/768; cond: 573433643008.0, ratio:0.9915044903755188
reserving basis 144/768; cond: 573433643008.0, ratio:0.9915044903755188
reserving basis 154/768; cond: 168592441344.0, ratio:0.9911660552024841
reserving basis 154/768; cond: 168592441344.0, ratio:0.9911660552024841
reserving basis 138/768; cond: 79528132608.0, ratio:0.991793155670166
reserving basis 138/768; cond: 79528132608.0, ratio:0.991793155670166
reserving basis 153/768; cond: 15013832704.0, ratio:0.9912133812904358
reserving basis 153/768; cond: 15013832704.0, ratio:0.9912133812904358
reserving basis 128/768; cond: 530146197504.0, ratio:0.991527259349823
reserving basis 128/768; cond: 530146197504.0, ratio:0.991527259349823
reserving basis 146/768; cond: 165431934976.0, ratio:0.9909592866897583
reserving basis 146/768; cond: 165431934976.0, ratio:0.9909592866897583
reserving basis 118/768; cond: 426630610944.0, ratio:0.9900497198104858
reserving basis 118/768; cond: 426630610944.0, ratio:0.9900497198104858
reserving basis 136/768; cond: 4579204268032.0, ratio:0.9909244775772095
reserving basis 136/768; cond: 4579204268032.0, ratio:0.9909244775772095
reserving basis 104/768; cond: 639411355648.0, ratio:0.9905179738998413
reserving basis 104/768; cond: 639411355648.0, ratio:0.9905179738998413
2026-04-27 23:15:06,222 [palora.py] => Task 26, Epoch 50/50 => Loss 0.451, Train_accy 97.96
2026-04-27 23:15:10,599 [trainer.py] => Time:201.58330392837524
1112 1112
2026-04-27 23:15:17,249 [trainer.py] => Time:6.650227069854736
2026-04-27 23:15:17,249 [trainer.py] => ACC: {'total': 71.4, '00-03': 83.1, '04-07': 73.08, '08-11': 78.46, '12-15': 74.63, '16-19': 73.08, '20-23': 90.16, '24-27': 83.87, '28-31': 70.49, '32-35': 80.49, '36-39': 62.07, '40-43': 69.05, '44-47': 55.32, '48-51': 72.97, '52-55': 68.66, '56-59': 69.23, '60-63': 76.79, '64-67': 68.42, '68-71': 54.17, '72-75': 77.78, '76-79': 60.0, '80-83': 60.87, '84-87': 62.5, '88-91': 61.54, '92-95': 57.14, '96-99': 57.14, '100-103': 15.79, '104-107': 71.43, 'old': 71.4, 'new': 71.43}
2026-04-27 23:15:17,250 [trainer.py] => ACC top1 curve: [90.14, 86.99, 88.3, 87.45, 85.99, 86.41, 84.19, 81.67, 81.39, 80.39, 79.77, 78.92, 79.04, 77.19, 77.05, 76.69, 75.64, 74.58, 74.02, 74.09, 73.98, 73.71, 73.75, 73.15, 72.56, 71.58, 71.4]
Average Accuracy: 78.89037037037036
2026-04-27 23:15:17,250 [trainer.py] => Average Accuracy: 78.89037037037036
2026-04-27 23:15:17,258 [trainer.py] => All params: 126094051
2026-04-27 23:15:17,266 [trainer.py] => Trainable params: 371716
2026-04-27 23:15:17,266 [palora.py] => Learning on 108-112
Parameters to be updated: {'image_encoder.blocks.4.attn.lora_A_k.27.weight', 'classifier_pool.27.weight', 'image_encoder.blocks.6.attn.lora_A_k.27.weight', 'image_encoder.blocks.9.attn.lora_B_k.27.weight', 'image_encoder.blocks.11.attn.lora_A_v.27.weight', 'image_encoder.blocks.3.attn.lora_B_k.27.weight', 'image_encoder.blocks.4.attn.lora_B_v.27.weight', 'image_encoder.blocks.2.attn.lora_B_v.27.weight', 'image_encoder.blocks.9.attn.lora_A_v.27.weight', 'classifier_pool.27.bias', 'image_encoder.blocks.6.attn.lora_B_k.27.weight', 'image_encoder.blocks.5.attn.lora_B_v.27.weight', 'image_encoder.blocks.3.attn.lora_B_v.27.weight', 'image_encoder.blocks.1.attn.lora_A_k.27.weight', 'image_encoder.blocks.2.attn.lora_B_k.27.weight', 'image_encoder.blocks.5.attn.lora_A_k.27.weight', 'image_encoder.blocks.10.attn.lora_B_k.27.weight', 'image_encoder.blocks.9.attn.lora_A_k.27.weight', 'image_encoder.blocks.8.attn.lora_B_v.27.weight', 'image_encoder.blocks.8.attn.lora_B_k.27.weight', 'image_encoder.blocks.6.attn.lora_A_v.27.weight', 'image_encoder.blocks.0.attn.lora_B_v.27.weight', 'image_encoder.blocks.0.attn.lora_A_v.27.weight', 'image_encoder.blocks.2.attn.lora_A_k.27.weight', 'image_encoder.blocks.5.attn.lora_B_k.27.weight', 'image_encoder.blocks.10.attn.lora_A_k.27.weight', 'image_encoder.blocks.4.attn.lora_A_v.27.weight', 'image_encoder.blocks.9.attn.lora_B_v.27.weight', 'image_encoder.blocks.3.attn.lora_A_k.27.weight', 'image_encoder.blocks.5.attn.lora_A_v.27.weight', 'image_encoder.blocks.0.attn.lora_B_k.27.weight', 'image_encoder.blocks.1.attn.lora_B_v.27.weight', 'image_encoder.blocks.2.attn.lora_A_v.27.weight', 'image_encoder.blocks.10.attn.lora_B_v.27.weight', 'image_encoder.blocks.1.attn.lora_A_v.27.weight', 'image_encoder.blocks.7.attn.lora_B_v.27.weight', 'image_encoder.blocks.4.attn.lora_B_k.27.weight', 'image_encoder.blocks.11.attn.lora_B_k.27.weight', 'image_encoder.blocks.8.attn.lora_A_k.27.weight', 'image_encoder.blocks.0.attn.lora_A_k.27.weight', 'image_encoder.blocks.7.attn.lora_A_v.27.weight', 'image_encoder.blocks.7.attn.lora_B_k.27.weight', 'image_encoder.blocks.10.attn.lora_A_v.27.weight', 'image_encoder.blocks.7.attn.lora_A_k.27.weight', 'image_encoder.blocks.8.attn.lora_A_v.27.weight', 'image_encoder.blocks.11.attn.lora_B_v.27.weight', 'image_encoder.blocks.6.attn.lora_B_v.27.weight', 'image_encoder.blocks.11.attn.lora_A_k.27.weight', 'image_encoder.blocks.1.attn.lora_B_k.27.weight', 'image_encoder.blocks.3.attn.lora_A_v.27.weight'}
After trained on task 26 tensor(0.0165, device='cuda:0') tensor(0.0178, device='cuda:0')
After trained on task 26 tensor(0.0182, device='cuda:0') tensor(0.0191, device='cuda:0')
After trained on task 26 tensor(0.0185, device='cuda:0') tensor(0.0200, device='cuda:0')
After trained on task 26 tensor(0.0175, device='cuda:0') tensor(0.0258, device='cuda:0')
After trained on task 26 tensor(0.0185, device='cuda:0') tensor(0.0278, device='cuda:0')
After trained on task 26 tensor(0.0209, device='cuda:0') tensor(0.0279, device='cuda:0')
After trained on task 26 tensor(0.0225, device='cuda:0') tensor(0.0315, device='cuda:0')
After trained on task 26 tensor(0.0256, device='cuda:0') tensor(0.0322, device='cuda:0')
After trained on task 26 tensor(0.0246, device='cuda:0') tensor(0.0386, device='cuda:0')
After trained on task 26 tensor(0.0269, device='cuda:0') tensor(0.0437, device='cuda:0')
After trained on task 26 tensor(0.0280, device='cuda:0') tensor(0.0571, device='cuda:0')
After trained on task 26 tensor(0.0373, device='cuda:0') tensor(0.0618, device='cuda:0')
reserving basis 141/768; cond: 90945970176.0, ratio:0.9913573861122131
reserving basis 141/768; cond: 90945970176.0, ratio:0.9913573861122131
reserving basis 152/768; cond: 17383735296.0, ratio:0.9903229475021362
reserving basis 152/768; cond: 17383735296.0, ratio:0.9903229475021362
reserving basis 148/768; cond: 108777799680.0, ratio:0.9908992052078247
reserving basis 148/768; cond: 108777799680.0, ratio:0.9908992052078247
reserving basis 147/768; cond: 260412178432.0, ratio:0.9903746247291565
reserving basis 147/768; cond: 260412178432.0, ratio:0.9903746247291565
reserving basis 155/768; cond: 77216382976.0, ratio:0.9906957745552063
reserving basis 155/768; cond: 77216382976.0, ratio:0.9906957745552063
reserving basis 150/768; cond: 74156613632.0, ratio:0.9902454018592834
reserving basis 150/768; cond: 74156613632.0, ratio:0.9902454018592834
reserving basis 159/768; cond: 447786156032.0, ratio:0.9912868738174438
reserving basis 159/768; cond: 447786156032.0, ratio:0.9912868738174438
reserving basis 147/768; cond: 54817280000.0, ratio:0.9900181889533997
reserving basis 147/768; cond: 54817280000.0, ratio:0.9900181889533997
reserving basis 159/768; cond: 48933388288.0, ratio:0.9914113283157349
reserving basis 159/768; cond: 48933388288.0, ratio:0.9914113283157349
reserving basis 147/768; cond: 39269847040.0, ratio:0.9903774261474609
reserving basis 147/768; cond: 39269847040.0, ratio:0.9903774261474609
reserving basis 153/768; cond: 14873731072.0, ratio:0.9901539087295532
reserving basis 153/768; cond: 14873731072.0, ratio:0.9901539087295532
reserving basis 146/768; cond: 23674820608.0, ratio:0.9916168451309204
reserving basis 146/768; cond: 23674820608.0, ratio:0.9916168451309204
reserving basis 154/768; cond: 30899671040.0, ratio:0.9904499650001526
reserving basis 154/768; cond: 30899671040.0, ratio:0.9904499650001526
reserving basis 147/768; cond: 177283874816.0, ratio:0.9904881119728088
reserving basis 147/768; cond: 177283874816.0, ratio:0.9904881119728088
reserving basis 158/768; cond: 73435545600.0, ratio:0.9914541840553284
reserving basis 158/768; cond: 73435545600.0, ratio:0.9914541840553284
reserving basis 147/768; cond: 15495396352.0, ratio:0.9916411638259888
reserving basis 147/768; cond: 15495396352.0, ratio:0.9916411638259888
reserving basis 157/768; cond: 20206370816.0, ratio:0.9911931157112122
reserving basis 157/768; cond: 20206370816.0, ratio:0.9911931157112122
reserving basis 140/768; cond: 10068890624.0, ratio:0.9905096888542175
reserving basis 140/768; cond: 10068890624.0, ratio:0.9905096888542175
reserving basis 155/768; cond: 812619137024.0, ratio:0.9901924133300781
reserving basis 155/768; cond: 812619137024.0, ratio:0.9901924133300781
reserving basis 131/768; cond: 6962651136.0, ratio:0.9914636611938477
reserving basis 131/768; cond: 6962651136.0, ratio:0.9914636611938477
reserving basis 148/768; cond: 389350555648.0, ratio:0.9903277158737183
reserving basis 148/768; cond: 389350555648.0, ratio:0.9903277158737183
reserving basis 120/768; cond: 138079272960.0, ratio:0.9915640354156494
reserving basis 120/768; cond: 138079272960.0, ratio:0.9915640354156494
reserving basis 138/768; cond: 497219076096.0, ratio:0.9903278350830078
reserving basis 138/768; cond: 497219076096.0, ratio:0.9903278350830078
reserving basis 106/768; cond: 142059618304.0, ratio:0.9917958378791809
reserving basis 106/768; cond: 142059618304.0, ratio:0.9917958378791809
2026-04-27 23:18:43,953 [palora.py] => Task 27, Epoch 50/50 => Loss 0.563, Train_accy 96.88
2026-04-27 23:18:48,259 [trainer.py] => Time:210.9923825263977
1132 1132
2026-04-27 23:18:54,664 [trainer.py] => Time:6.404998302459717
2026-04-27 23:18:54,665 [trainer.py] => ACC: {'total': 71.02, '00-03': 83.1, '04-07': 73.08, '08-11': 78.46, '12-15': 76.12, '16-19': 73.08, '20-23': 90.16, '24-27': 83.87, '28-31': 70.49, '32-35': 80.49, '36-39': 62.07, '40-43': 69.05, '44-47': 55.32, '48-51': 72.97, '52-55': 68.66, '56-59': 69.23, '60-63': 76.79, '64-67': 68.42, '68-71': 54.17, '72-75': 77.78, '76-79': 60.0, '80-83': 60.87, '84-87': 62.5, '88-91': 61.54, '92-95': 57.14, '96-99': 57.14, '100-103': 10.53, '104-107': 71.43, '108-111': 50.0, 'old': 71.4, 'new': 50.0}
2026-04-27 23:18:54,665 [trainer.py] => ACC top1 curve: [90.14, 86.99, 88.3, 87.45, 85.99, 86.41, 84.19, 81.67, 81.39, 80.39, 79.77, 78.92, 79.04, 77.19, 77.05, 76.69, 75.64, 74.58, 74.02, 74.09, 73.98, 73.71, 73.75, 73.15, 72.56, 71.58, 71.4, 71.02]
Average Accuracy: 78.60928571428572
2026-04-27 23:18:54,665 [trainer.py] => Average Accuracy: 78.60928571428572
2026-04-27 23:18:54,677 [trainer.py] => All params: 126094051
2026-04-27 23:18:54,684 [trainer.py] => Trainable params: 371716
2026-04-27 23:18:54,684 [palora.py] => Learning on 112-116
Parameters to be updated: {'image_encoder.blocks.2.attn.lora_B_v.28.weight', 'image_encoder.blocks.1.attn.lora_B_k.28.weight', 'image_encoder.blocks.6.attn.lora_A_v.28.weight', 'image_encoder.blocks.5.attn.lora_A_k.28.weight', 'image_encoder.blocks.10.attn.lora_A_v.28.weight', 'image_encoder.blocks.10.attn.lora_B_v.28.weight', 'image_encoder.blocks.11.attn.lora_A_v.28.weight', 'image_encoder.blocks.7.attn.lora_A_v.28.weight', 'image_encoder.blocks.3.attn.lora_A_k.28.weight', 'image_encoder.blocks.8.attn.lora_B_k.28.weight', 'image_encoder.blocks.6.attn.lora_B_k.28.weight', 'image_encoder.blocks.9.attn.lora_B_v.28.weight', 'classifier_pool.28.bias', 'image_encoder.blocks.4.attn.lora_A_v.28.weight', 'image_encoder.blocks.4.attn.lora_B_v.28.weight', 'image_encoder.blocks.6.attn.lora_B_v.28.weight', 'image_encoder.blocks.2.attn.lora_A_v.28.weight', 'image_encoder.blocks.0.attn.lora_A_v.28.weight', 'image_encoder.blocks.9.attn.lora_B_k.28.weight', 'image_encoder.blocks.8.attn.lora_A_v.28.weight', 'image_encoder.blocks.7.attn.lora_B_v.28.weight', 'image_encoder.blocks.5.attn.lora_A_v.28.weight', 'image_encoder.blocks.2.attn.lora_A_k.28.weight', 'image_encoder.blocks.10.attn.lora_A_k.28.weight', 'image_encoder.blocks.11.attn.lora_B_v.28.weight', 'image_encoder.blocks.8.attn.lora_A_k.28.weight', 'image_encoder.blocks.0.attn.lora_B_k.28.weight', 'image_encoder.blocks.6.attn.lora_A_k.28.weight', 'image_encoder.blocks.0.attn.lora_B_v.28.weight', 'image_encoder.blocks.7.attn.lora_B_k.28.weight', 'classifier_pool.28.weight', 'image_encoder.blocks.4.attn.lora_B_k.28.weight', 'image_encoder.blocks.11.attn.lora_A_k.28.weight', 'image_encoder.blocks.7.attn.lora_A_k.28.weight', 'image_encoder.blocks.11.attn.lora_B_k.28.weight', 'image_encoder.blocks.3.attn.lora_A_v.28.weight', 'image_encoder.blocks.1.attn.lora_B_v.28.weight', 'image_encoder.blocks.10.attn.lora_B_k.28.weight', 'image_encoder.blocks.3.attn.lora_B_k.28.weight', 'image_encoder.blocks.9.attn.lora_A_k.28.weight', 'image_encoder.blocks.5.attn.lora_B_k.28.weight', 'image_encoder.blocks.2.attn.lora_B_k.28.weight', 'image_encoder.blocks.4.attn.lora_A_k.28.weight', 'image_encoder.blocks.5.attn.lora_B_v.28.weight', 'image_encoder.blocks.0.attn.lora_A_k.28.weight', 'image_encoder.blocks.1.attn.lora_A_k.28.weight', 'image_encoder.blocks.9.attn.lora_A_v.28.weight', 'image_encoder.blocks.1.attn.lora_A_v.28.weight', 'image_encoder.blocks.3.attn.lora_B_v.28.weight', 'image_encoder.blocks.8.attn.lora_B_v.28.weight'}
After trained on task 27 tensor(0.0211, device='cuda:0') tensor(0.0181, device='cuda:0')
After trained on task 27 tensor(0.0189, device='cuda:0') tensor(0.0220, device='cuda:0')
After trained on task 27 tensor(0.0175, device='cuda:0') tensor(0.0236, device='cuda:0')
After trained on task 27 tensor(0.0182, device='cuda:0') tensor(0.0249, device='cuda:0')
After trained on task 27 tensor(0.0217, device='cuda:0') tensor(0.0265, device='cuda:0')
After trained on task 27 tensor(0.0258, device='cuda:0') tensor(0.0296, device='cuda:0')
After trained on task 27 tensor(0.0269, device='cuda:0') tensor(0.0325, device='cuda:0')
After trained on task 27 tensor(0.0262, device='cuda:0') tensor(0.0330, device='cuda:0')
After trained on task 27 tensor(0.0265, device='cuda:0') tensor(0.0409, device='cuda:0')
After trained on task 27 tensor(0.0299, device='cuda:0') tensor(0.0513, device='cuda:0')
After trained on task 27 tensor(0.0333, device='cuda:0') tensor(0.0581, device='cuda:0')
After trained on task 27 tensor(0.0375, device='cuda:0') tensor(0.0628, device='cuda:0')
reserving basis 143/768; cond: 15963256832.0, ratio:0.990227222442627
reserving basis 143/768; cond: 15963256832.0, ratio:0.990227222442627
reserving basis 155/768; cond: 50901008384.0, ratio:0.9916014671325684
reserving basis 155/768; cond: 50901008384.0, ratio:0.9916014671325684
reserving basis 151/768; cond: 20560631808.0, ratio:0.991250216960907
reserving basis 151/768; cond: 20560631808.0, ratio:0.991250216960907
reserving basis 150/768; cond: 135963131904.0, ratio:0.9907213449478149
reserving basis 150/768; cond: 135963131904.0, ratio:0.9907213449478149
reserving basis 158/768; cond: 20265736192.0, ratio:0.9914239645004272
reserving basis 158/768; cond: 20265736192.0, ratio:0.9914239645004272
reserving basis 152/768; cond: 65773240320.0, ratio:0.9905359745025635
reserving basis 152/768; cond: 65773240320.0, ratio:0.9905359745025635
reserving basis 161/768; cond: 63175340032.0, ratio:0.9901214241981506
reserving basis 161/768; cond: 63175340032.0, ratio:0.9901214241981506
reserving basis 150/768; cond: 15713613824.0, ratio:0.9916132688522339
reserving basis 150/768; cond: 15713613824.0, ratio:0.9916132688522339
reserving basis 162/768; cond: 24451127296.0, ratio:0.9907140135765076
reserving basis 162/768; cond: 24451127296.0, ratio:0.9907140135765076
reserving basis 149/768; cond: 39737225216.0, ratio:0.9906853437423706
reserving basis 149/768; cond: 39737225216.0, ratio:0.9906853437423706
reserving basis 156/768; cond: 18533582848.0, ratio:0.9916046857833862
reserving basis 156/768; cond: 18533582848.0, ratio:0.9916046857833862
reserving basis 147/768; cond: 57457278976.0, ratio:0.9902091026306152
reserving basis 147/768; cond: 57457278976.0, ratio:0.9902091026306152
reserving basis 156/768; cond: 57369616384.0, ratio:0.9905579090118408
reserving basis 156/768; cond: 57369616384.0, ratio:0.9905579090118408
reserving basis 149/768; cond: 27004108800.0, ratio:0.9900878071784973
reserving basis 149/768; cond: 27004108800.0, ratio:0.9900878071784973
reserving basis 161/768; cond: 8359556096.0, ratio:0.9913837909698486
reserving basis 161/768; cond: 8359556096.0, ratio:0.9913837909698486
reserving basis 149/768; cond: 256450183168.0, ratio:0.9904282093048096
reserving basis 149/768; cond: 256450183168.0, ratio:0.9904282093048096
reserving basis 160/768; cond: 29665167360.0, ratio:0.9915369749069214
reserving basis 160/768; cond: 29665167360.0, ratio:0.9915369749069214
reserving basis 142/768; cond: 25956612096.0, ratio:0.9905007481575012
reserving basis 142/768; cond: 25956612096.0, ratio:0.9905007481575012
reserving basis 157/768; cond: 51955961856.0, ratio:0.9900046586990356
reserving basis 157/768; cond: 51955961856.0, ratio:0.9900046586990356
reserving basis 133/768; cond: 58773360640.0, ratio:0.9905883073806763
reserving basis 133/768; cond: 58773360640.0, ratio:0.9905883073806763
reserving basis 151/768; cond: 287714869248.0, ratio:0.9911589026451111
reserving basis 151/768; cond: 287714869248.0, ratio:0.9911589026451111
reserving basis 122/768; cond: 1451452268544.0, ratio:0.9916759133338928
reserving basis 122/768; cond: 1451452268544.0, ratio:0.9916759133338928
reserving basis 141/768; cond: 77063331840.0, ratio:0.9911544322967529
reserving basis 141/768; cond: 77063331840.0, ratio:0.9911544322967529
reserving basis 107/768; cond: 15551643648.0, ratio:0.9905624985694885
reserving basis 107/768; cond: 15551643648.0, ratio:0.9905624985694885
2026-04-27 23:22:16,639 [palora.py] => Task 28, Epoch 50/50 => Loss 0.410, Train_accy 100.00
2026-04-27 23:22:20,919 [trainer.py] => Time:206.23479413986206
1149 1149
2026-04-27 23:22:27,890 [trainer.py] => Time:6.969980239868164
2026-04-27 23:22:27,890 [trainer.py] => ACC: {'total': 70.58, '00-03': 83.1, '04-07': 73.08, '08-11': 78.46, '12-15': 76.12, '16-19': 73.08, '20-23': 90.16, '24-27': 83.87, '28-31': 70.49, '32-35': 80.49, '36-39': 62.07, '40-43': 69.05, '44-47': 55.32, '48-51': 70.27, '52-55': 68.66, '56-59': 69.23, '60-63': 76.79, '64-67': 70.18, '68-71': 54.17, '72-75': 77.78, '76-79': 60.0, '80-83': 56.52, '84-87': 62.5, '88-91': 61.54, '92-95': 52.38, '96-99': 57.14, '100-103': 10.53, '104-107': 71.43, '108-111': 50.0, '112-115': 52.94, 'old': 70.85, 'new': 52.94}
2026-04-27 23:22:27,890 [trainer.py] => ACC top1 curve: [90.14, 86.99, 88.3, 87.45, 85.99, 86.41, 84.19, 81.67, 81.39, 80.39, 79.77, 78.92, 79.04, 77.19, 77.05, 76.69, 75.64, 74.58, 74.02, 74.09, 73.98, 73.71, 73.75, 73.15, 72.56, 71.58, 71.4, 71.02, 70.58]
Average Accuracy: 78.33241379310344
2026-04-27 23:22:27,890 [trainer.py] => Average Accuracy: 78.33241379310344
2026-04-27 23:22:27,899 [trainer.py] => All params: 126094051
2026-04-27 23:22:27,906 [trainer.py] => Trainable params: 371716
2026-04-27 23:22:27,906 [palora.py] => Learning on 116-120
Parameters to be updated: {'image_encoder.blocks.8.attn.lora_B_v.29.weight', 'image_encoder.blocks.5.attn.lora_A_v.29.weight', 'image_encoder.blocks.8.attn.lora_B_k.29.weight', 'image_encoder.blocks.6.attn.lora_A_v.29.weight', 'image_encoder.blocks.0.attn.lora_B_v.29.weight', 'image_encoder.blocks.6.attn.lora_B_k.29.weight', 'image_encoder.blocks.2.attn.lora_B_v.29.weight', 'image_encoder.blocks.1.attn.lora_A_v.29.weight', 'image_encoder.blocks.10.attn.lora_B_v.29.weight', 'image_encoder.blocks.8.attn.lora_A_v.29.weight', 'image_encoder.blocks.9.attn.lora_B_k.29.weight', 'image_encoder.blocks.4.attn.lora_B_k.29.weight', 'image_encoder.blocks.11.attn.lora_B_k.29.weight', 'image_encoder.blocks.2.attn.lora_A_v.29.weight', 'image_encoder.blocks.10.attn.lora_A_k.29.weight', 'image_encoder.blocks.10.attn.lora_A_v.29.weight', 'image_encoder.blocks.5.attn.lora_B_v.29.weight', 'image_encoder.blocks.11.attn.lora_A_k.29.weight', 'image_encoder.blocks.4.attn.lora_B_v.29.weight', 'image_encoder.blocks.4.attn.lora_A_v.29.weight', 'image_encoder.blocks.7.attn.lora_A_k.29.weight', 'classifier_pool.29.bias', 'image_encoder.blocks.2.attn.lora_B_k.29.weight', 'image_encoder.blocks.9.attn.lora_A_v.29.weight', 'image_encoder.blocks.5.attn.lora_B_k.29.weight', 'image_encoder.blocks.8.attn.lora_A_k.29.weight', 'image_encoder.blocks.0.attn.lora_A_v.29.weight', 'image_encoder.blocks.1.attn.lora_B_k.29.weight', 'image_encoder.blocks.1.attn.lora_B_v.29.weight', 'image_encoder.blocks.3.attn.lora_A_v.29.weight', 'image_encoder.blocks.6.attn.lora_B_v.29.weight', 'image_encoder.blocks.9.attn.lora_B_v.29.weight', 'image_encoder.blocks.1.attn.lora_A_k.29.weight', 'image_encoder.blocks.9.attn.lora_A_k.29.weight', 'image_encoder.blocks.5.attn.lora_A_k.29.weight', 'image_encoder.blocks.2.attn.lora_A_k.29.weight', 'image_encoder.blocks.3.attn.lora_A_k.29.weight', 'image_encoder.blocks.7.attn.lora_B_k.29.weight', 'image_encoder.blocks.0.attn.lora_B_k.29.weight', 'image_encoder.blocks.3.attn.lora_B_k.29.weight', 'image_encoder.blocks.11.attn.lora_B_v.29.weight', 'image_encoder.blocks.3.attn.lora_B_v.29.weight', 'image_encoder.blocks.7.attn.lora_A_v.29.weight', 'image_encoder.blocks.6.attn.lora_A_k.29.weight', 'image_encoder.blocks.11.attn.lora_A_v.29.weight', 'classifier_pool.29.weight', 'image_encoder.blocks.7.attn.lora_B_v.29.weight', 'image_encoder.blocks.10.attn.lora_B_k.29.weight', 'image_encoder.blocks.4.attn.lora_A_k.29.weight', 'image_encoder.blocks.0.attn.lora_A_k.29.weight'}
After trained on task 28 tensor(0.0185, device='cuda:0') tensor(0.0169, device='cuda:0')
After trained on task 28 tensor(0.0168, device='cuda:0') tensor(0.0200, device='cuda:0')
After trained on task 28 tensor(0.0167, device='cuda:0') tensor(0.0236, device='cuda:0')
After trained on task 28 tensor(0.0170, device='cuda:0') tensor(0.0251, device='cuda:0')
After trained on task 28 tensor(0.0206, device='cuda:0') tensor(0.0256, device='cuda:0')
After trained on task 28 tensor(0.0230, device='cuda:0') tensor(0.0279, device='cuda:0')
After trained on task 28 tensor(0.0247, device='cuda:0') tensor(0.0297, device='cuda:0')
After trained on task 28 tensor(0.0246, device='cuda:0') tensor(0.0324, device='cuda:0')
After trained on task 28 tensor(0.0267, device='cuda:0') tensor(0.0379, device='cuda:0')
After trained on task 28 tensor(0.0269, device='cuda:0') tensor(0.0450, device='cuda:0')
After trained on task 28 tensor(0.0286, device='cuda:0') tensor(0.0507, device='cuda:0')
After trained on task 28 tensor(0.0351, device='cuda:0') tensor(0.0654, device='cuda:0')
reserving basis 145/768; cond: 83938279424.0, ratio:0.9912853240966797
reserving basis 145/768; cond: 83938279424.0, ratio:0.9912853240966797
reserving basis 157/768; cond: 67977039872.0, ratio:0.9916274547576904
reserving basis 157/768; cond: 67977039872.0, ratio:0.9916274547576904
reserving basis 152/768; cond: 104416354304.0, ratio:0.9900540709495544
reserving basis 152/768; cond: 104416354304.0, ratio:0.9900540709495544
reserving basis 152/768; cond: 47674417152.0, ratio:0.9903181195259094
reserving basis 152/768; cond: 47674417152.0, ratio:0.9903181195259094
reserving basis 160/768; cond: 44674895872.0, ratio:0.990256130695343
reserving basis 160/768; cond: 44674895872.0, ratio:0.990256130695343
reserving basis 154/768; cond: 27297155072.0, ratio:0.991397500038147
reserving basis 154/768; cond: 27297155072.0, ratio:0.991397500038147
reserving basis 163/768; cond: 67116785664.0, ratio:0.9904020428657532
reserving basis 163/768; cond: 67116785664.0, ratio:0.9904020428657532
reserving basis 152/768; cond: 174852505600.0, ratio:0.9905762672424316
reserving basis 152/768; cond: 174852505600.0, ratio:0.9905762672424316
reserving basis 164/768; cond: 86996066304.0, ratio:0.9903141260147095
reserving basis 164/768; cond: 86996066304.0, ratio:0.9903141260147095
reserving basis 151/768; cond: 56375898112.0, ratio:0.9913217425346375
reserving basis 151/768; cond: 56375898112.0, ratio:0.9913217425346375
reserving basis 158/768; cond: 94471716864.0, ratio:0.9906306266784668
reserving basis 158/768; cond: 94471716864.0, ratio:0.9906306266784668
reserving basis 149/768; cond: 28944431104.0, ratio:0.9907715320587158
reserving basis 149/768; cond: 28944431104.0, ratio:0.9907715320587158
reserving basis 158/768; cond: 29842606080.0, ratio:0.9913685917854309
reserving basis 158/768; cond: 29842606080.0, ratio:0.9913685917854309
reserving basis 151/768; cond: 82814861312.0, ratio:0.9912854433059692
reserving basis 151/768; cond: 82814861312.0, ratio:0.9912854433059692
reserving basis 163/768; cond: 44904968192.0, ratio:0.9908313751220703
reserving basis 163/768; cond: 44904968192.0, ratio:0.9908313751220703
reserving basis 151/768; cond: 41264971776.0, ratio:0.9913375377655029
reserving basis 151/768; cond: 41264971776.0, ratio:0.9913375377655029
reserving basis 162/768; cond: 607537659904.0, ratio:0.9901441931724548
reserving basis 162/768; cond: 607537659904.0, ratio:0.9901441931724548
reserving basis 144/768; cond: 324433182720.0, ratio:0.9911377429962158
reserving basis 144/768; cond: 324433182720.0, ratio:0.9911377429962158
reserving basis 159/768; cond: 552191459328.0, ratio:0.9908154010772705
reserving basis 159/768; cond: 552191459328.0, ratio:0.9908154010772705
reserving basis 135/768; cond: 209607245824.0, ratio:0.991619348526001
reserving basis 135/768; cond: 209607245824.0, ratio:0.991619348526001
reserving basis 153/768; cond: 160576487424.0, ratio:0.9913277626037598
reserving basis 153/768; cond: 160576487424.0, ratio:0.9913277626037598
reserving basis 123/768; cond: 187626962944.0, ratio:0.9905195236206055
reserving basis 123/768; cond: 187626962944.0, ratio:0.9905195236206055
reserving basis 143/768; cond: 16126646272.0, ratio:0.9915744066238403
reserving basis 143/768; cond: 16126646272.0, ratio:0.9915744066238403
reserving basis 108/768; cond: 198027771904.0, ratio:0.9909383654594421
reserving basis 108/768; cond: 198027771904.0, ratio:0.9909383654594421
2026-04-27 23:25:45,221 [palora.py] => Task 29, Epoch 50/50 => Loss 0.437, Train_accy 97.37
2026-04-27 23:25:49,674 [trainer.py] => Time:201.76784825325012
1157 1157
2026-04-27 23:25:56,561 [trainer.py] => Time:6.88582444190979
2026-04-27 23:25:56,561 [trainer.py] => ACC: {'total': 70.35, '00-03': 83.1, '04-07': 73.08, '08-11': 78.46, '12-15': 76.12, '16-19': 73.08, '20-23': 90.16, '24-27': 82.26, '28-31': 70.49, '32-35': 80.49, '36-39': 62.07, '40-43': 69.05, '44-47': 55.32, '48-51': 70.27, '52-55': 68.66, '56-59': 69.23, '60-63': 76.79, '64-67': 70.18, '68-71': 54.17, '72-75': 77.78, '76-79': 50.0, '80-83': 56.52, '84-87': 62.5, '88-91': 61.54, '92-95': 52.38, '96-99': 57.14, '100-103': 10.53, '104-107': 71.43, '108-111': 50.0, '112-115': 47.06, '116-119': 75.0, 'old': 70.32, 'new': 75.0}
2026-04-27 23:25:56,561 [trainer.py] => ACC top1 curve: [90.14, 86.99, 88.3, 87.45, 85.99, 86.41, 84.19, 81.67, 81.39, 80.39, 79.77, 78.92, 79.04, 77.19, 77.05, 76.69, 75.64, 74.58, 74.02, 74.09, 73.98, 73.71, 73.75, 73.15, 72.56, 71.58, 71.4, 71.02, 70.58, 70.35]
Average Accuracy: 78.06633333333333
2026-04-27 23:25:56,561 [trainer.py] => Average Accuracy: 78.06633333333333
2026-04-27 23:25:56,570 [trainer.py] => All params: 126094051
2026-04-27 23:25:56,581 [trainer.py] => Trainable params: 371716
2026-04-27 23:25:56,581 [palora.py] => Learning on 120-124
Parameters to be updated: {'image_encoder.blocks.6.attn.lora_B_v.30.weight', 'image_encoder.blocks.11.attn.lora_B_v.30.weight', 'image_encoder.blocks.8.attn.lora_B_v.30.weight', 'image_encoder.blocks.9.attn.lora_A_v.30.weight', 'image_encoder.blocks.0.attn.lora_A_k.30.weight', 'image_encoder.blocks.2.attn.lora_A_v.30.weight', 'image_encoder.blocks.4.attn.lora_A_k.30.weight', 'image_encoder.blocks.9.attn.lora_A_k.30.weight', 'image_encoder.blocks.5.attn.lora_B_v.30.weight', 'image_encoder.blocks.5.attn.lora_A_k.30.weight', 'image_encoder.blocks.7.attn.lora_A_k.30.weight', 'image_encoder.blocks.2.attn.lora_B_k.30.weight', 'image_encoder.blocks.7.attn.lora_B_k.30.weight', 'image_encoder.blocks.3.attn.lora_A_k.30.weight', 'image_encoder.blocks.7.attn.lora_B_v.30.weight', 'image_encoder.blocks.10.attn.lora_A_k.30.weight', 'image_encoder.blocks.4.attn.lora_B_v.30.weight', 'image_encoder.blocks.6.attn.lora_B_k.30.weight', 'image_encoder.blocks.8.attn.lora_A_v.30.weight', 'image_encoder.blocks.4.attn.lora_A_v.30.weight', 'image_encoder.blocks.2.attn.lora_A_k.30.weight', 'classifier_pool.30.weight', 'image_encoder.blocks.11.attn.lora_A_k.30.weight', 'image_encoder.blocks.10.attn.lora_B_v.30.weight', 'image_encoder.blocks.6.attn.lora_A_k.30.weight', 'image_encoder.blocks.1.attn.lora_B_v.30.weight', 'image_encoder.blocks.2.attn.lora_B_v.30.weight', 'classifier_pool.30.bias', 'image_encoder.blocks.6.attn.lora_A_v.30.weight', 'image_encoder.blocks.0.attn.lora_A_v.30.weight', 'image_encoder.blocks.8.attn.lora_B_k.30.weight', 'image_encoder.blocks.3.attn.lora_B_k.30.weight', 'image_encoder.blocks.4.attn.lora_B_k.30.weight', 'image_encoder.blocks.1.attn.lora_A_v.30.weight', 'image_encoder.blocks.11.attn.lora_B_k.30.weight', 'image_encoder.blocks.3.attn.lora_B_v.30.weight', 'image_encoder.blocks.5.attn.lora_A_v.30.weight', 'image_encoder.blocks.1.attn.lora_B_k.30.weight', 'image_encoder.blocks.3.attn.lora_A_v.30.weight', 'image_encoder.blocks.5.attn.lora_B_k.30.weight', 'image_encoder.blocks.9.attn.lora_B_k.30.weight', 'image_encoder.blocks.9.attn.lora_B_v.30.weight', 'image_encoder.blocks.0.attn.lora_B_k.30.weight', 'image_encoder.blocks.7.attn.lora_A_v.30.weight', 'image_encoder.blocks.10.attn.lora_B_k.30.weight', 'image_encoder.blocks.10.attn.lora_A_v.30.weight', 'image_encoder.blocks.11.attn.lora_A_v.30.weight', 'image_encoder.blocks.1.attn.lora_A_k.30.weight', 'image_encoder.blocks.8.attn.lora_A_k.30.weight', 'image_encoder.blocks.0.attn.lora_B_v.30.weight'}
After trained on task 29 tensor(0.0167, device='cuda:0') tensor(0.0151, device='cuda:0')
After trained on task 29 tensor(0.0200, device='cuda:0') tensor(0.0211, device='cuda:0')
After trained on task 29 tensor(0.0160, device='cuda:0') tensor(0.0209, device='cuda:0')
After trained on task 29 tensor(0.0179, device='cuda:0') tensor(0.0217, device='cuda:0')
After trained on task 29 tensor(0.0168, device='cuda:0') tensor(0.0238, device='cuda:0')
After trained on task 29 tensor(0.0234, device='cuda:0') tensor(0.0253, device='cuda:0')
After trained on task 29 tensor(0.0222, device='cuda:0') tensor(0.0272, device='cuda:0')
After trained on task 29 tensor(0.0228, device='cuda:0') tensor(0.0288, device='cuda:0')
After trained on task 29 tensor(0.0239, device='cuda:0') tensor(0.0325, device='cuda:0')
After trained on task 29 tensor(0.0259, device='cuda:0') tensor(0.0358, device='cuda:0')
After trained on task 29 tensor(0.0270, device='cuda:0') tensor(0.0459, device='cuda:0')
After trained on task 29 tensor(0.0315, device='cuda:0') tensor(0.0526, device='cuda:0')
reserving basis 147/768; cond: 18893398016.0, ratio:0.9915987849235535
reserving basis 147/768; cond: 18893398016.0, ratio:0.9915987849235535
reserving basis 159/768; cond: 8480146432.0, ratio:0.9908626675605774
reserving basis 159/768; cond: 8480146432.0, ratio:0.9908626675605774
reserving basis 154/768; cond: 150362619904.0, ratio:0.9902705550193787
reserving basis 154/768; cond: 150362619904.0, ratio:0.9902705550193787
reserving basis 155/768; cond: 85065515008.0, ratio:0.9914023876190186
reserving basis 155/768; cond: 85065515008.0, ratio:0.9914023876190186
reserving basis 162/768; cond: 21796014080.0, ratio:0.990744411945343
reserving basis 162/768; cond: 21796014080.0, ratio:0.990744411945343
reserving basis 156/768; cond: 62299308032.0, ratio:0.9906437993049622
reserving basis 156/768; cond: 62299308032.0, ratio:0.9906437993049622
reserving basis 165/768; cond: 87831412736.0, ratio:0.9904088973999023
reserving basis 165/768; cond: 87831412736.0, ratio:0.9904088973999023
reserving basis 154/768; cond: 99510452224.0, ratio:0.990781843662262
reserving basis 154/768; cond: 99510452224.0, ratio:0.990781843662262
reserving basis 165/768; cond: 83165683712.0, ratio:0.9900454878807068
reserving basis 165/768; cond: 83165683712.0, ratio:0.9900454878807068
reserving basis 152/768; cond: 21416024064.0, ratio:0.9901787638664246
reserving basis 152/768; cond: 21416024064.0, ratio:0.9901787638664246
reserving basis 160/768; cond: 14918790144.0, ratio:0.990838348865509
reserving basis 160/768; cond: 14918790144.0, ratio:0.990838348865509
reserving basis 151/768; cond: 28151160832.0, ratio:0.9914315342903137
reserving basis 151/768; cond: 28151160832.0, ratio:0.9914315342903137
reserving basis 160/768; cond: 31024781312.0, ratio:0.9906922578811646
reserving basis 160/768; cond: 31024781312.0, ratio:0.9906922578811646
reserving basis 153/768; cond: 1022070816768.0, ratio:0.9913504123687744
reserving basis 153/768; cond: 1022070816768.0, ratio:0.9913504123687744
reserving basis 165/768; cond: 11540742144.0, ratio:0.9908900856971741
reserving basis 165/768; cond: 11540742144.0, ratio:0.9908900856971741
reserving basis 153/768; cond: 263921827840.0, ratio:0.9908969402313232
reserving basis 153/768; cond: 263921827840.0, ratio:0.9908969402313232
reserving basis 164/768; cond: 17158513664.0, ratio:0.9910145401954651
reserving basis 164/768; cond: 17158513664.0, ratio:0.9910145401954651
reserving basis 145/768; cond: 8361153134592.0, ratio:0.9903610944747925
reserving basis 145/768; cond: 8361153134592.0, ratio:0.9903610944747925
reserving basis 161/768; cond: 20991774720.0, ratio:0.9911619424819946
reserving basis 161/768; cond: 20991774720.0, ratio:0.9911619424819946
reserving basis 137/768; cond: 16509963264.0, ratio:0.9910616278648376
reserving basis 137/768; cond: 16509963264.0, ratio:0.9910616278648376
reserving basis 155/768; cond: 30120992768.0, ratio:0.9905968308448792
reserving basis 155/768; cond: 30120992768.0, ratio:0.9905968308448792
reserving basis 124/768; cond: 38079029248.0, ratio:0.9903032183647156
reserving basis 124/768; cond: 38079029248.0, ratio:0.9903032183647156
reserving basis 145/768; cond: 25606924288.0, ratio:0.9909907579421997
reserving basis 145/768; cond: 25606924288.0, ratio:0.9909907579421997
reserving basis 109/768; cond: 46890471424.0, ratio:0.9901270270347595
reserving basis 109/768; cond: 46890471424.0, ratio:0.9901270270347595
2026-04-27 23:29:46,285 [palora.py] => Task 30, Epoch 50/50 => Loss 0.527, Train_accy 95.83
2026-04-27 23:29:51,300 [trainer.py] => Time:234.7190182209015
1186 1186
2026-04-27 23:29:58,387 [trainer.py] => Time:7.086540699005127
2026-04-27 23:29:58,387 [trainer.py] => ACC: {'total': 69.48, '00-03': 83.1, '04-07': 73.08, '08-11': 78.46, '12-15': 76.12, '16-19': 73.08, '20-23': 90.16, '24-27': 83.87, '28-31': 72.13, '32-35': 80.49, '36-39': 62.07, '40-43': 69.05, '44-47': 55.32, '48-51': 70.27, '52-55': 68.66, '56-59': 69.23, '60-63': 76.79, '64-67': 68.42, '68-71': 54.17, '72-75': 77.78, '76-79': 50.0, '80-83': 56.52, '84-87': 62.5, '88-91': 53.85, '92-95': 52.38, '96-99': 57.14, '100-103': 10.53, '104-107': 42.86, '108-111': 45.0, '112-115': 47.06, '116-119': 75.0, '120-123': 44.83, 'old': 70.1, 'new': 44.83}
2026-04-27 23:29:58,387 [trainer.py] => ACC top1 curve: [90.14, 86.99, 88.3, 87.45, 85.99, 86.41, 84.19, 81.67, 81.39, 80.39, 79.77, 78.92, 79.04, 77.19, 77.05, 76.69, 75.64, 74.58, 74.02, 74.09, 73.98, 73.71, 73.75, 73.15, 72.56, 71.58, 71.4, 71.02, 70.58, 70.35, 69.48]
Average Accuracy: 77.78935483870967
2026-04-27 23:29:58,387 [trainer.py] => Average Accuracy: 77.78935483870967
2026-04-27 23:29:58,396 [trainer.py] => All params: 126094051
2026-04-27 23:29:58,404 [trainer.py] => Trainable params: 371716
2026-04-27 23:29:58,404 [palora.py] => Learning on 124-128
Parameters to be updated: {'image_encoder.blocks.9.attn.lora_B_k.31.weight', 'image_encoder.blocks.2.attn.lora_A_v.31.weight', 'image_encoder.blocks.3.attn.lora_A_v.31.weight', 'image_encoder.blocks.2.attn.lora_B_v.31.weight', 'image_encoder.blocks.7.attn.lora_A_k.31.weight', 'image_encoder.blocks.0.attn.lora_B_v.31.weight', 'image_encoder.blocks.9.attn.lora_A_v.31.weight', 'image_encoder.blocks.3.attn.lora_B_v.31.weight', 'image_encoder.blocks.11.attn.lora_A_v.31.weight', 'image_encoder.blocks.11.attn.lora_B_v.31.weight', 'classifier_pool.31.bias', 'image_encoder.blocks.9.attn.lora_A_k.31.weight', 'image_encoder.blocks.1.attn.lora_A_v.31.weight', 'image_encoder.blocks.5.attn.lora_B_v.31.weight', 'image_encoder.blocks.0.attn.lora_A_v.31.weight', 'image_encoder.blocks.3.attn.lora_A_k.31.weight', 'image_encoder.blocks.11.attn.lora_A_k.31.weight', 'image_encoder.blocks.2.attn.lora_A_k.31.weight', 'image_encoder.blocks.4.attn.lora_A_k.31.weight', 'image_encoder.blocks.4.attn.lora_B_k.31.weight', 'image_encoder.blocks.0.attn.lora_A_k.31.weight', 'image_encoder.blocks.6.attn.lora_B_v.31.weight', 'image_encoder.blocks.11.attn.lora_B_k.31.weight', 'image_encoder.blocks.7.attn.lora_B_k.31.weight', 'image_encoder.blocks.2.attn.lora_B_k.31.weight', 'classifier_pool.31.weight', 'image_encoder.blocks.10.attn.lora_B_k.31.weight', 'image_encoder.blocks.8.attn.lora_A_v.31.weight', 'image_encoder.blocks.4.attn.lora_B_v.31.weight', 'image_encoder.blocks.7.attn.lora_B_v.31.weight', 'image_encoder.blocks.1.attn.lora_A_k.31.weight', 'image_encoder.blocks.9.attn.lora_B_v.31.weight', 'image_encoder.blocks.1.attn.lora_B_v.31.weight', 'image_encoder.blocks.8.attn.lora_B_k.31.weight', 'image_encoder.blocks.6.attn.lora_A_v.31.weight', 'image_encoder.blocks.10.attn.lora_B_v.31.weight', 'image_encoder.blocks.5.attn.lora_A_k.31.weight', 'image_encoder.blocks.0.attn.lora_B_k.31.weight', 'image_encoder.blocks.8.attn.lora_A_k.31.weight', 'image_encoder.blocks.8.attn.lora_B_v.31.weight', 'image_encoder.blocks.10.attn.lora_A_k.31.weight', 'image_encoder.blocks.6.attn.lora_B_k.31.weight', 'image_encoder.blocks.3.attn.lora_B_k.31.weight', 'image_encoder.blocks.4.attn.lora_A_v.31.weight', 'image_encoder.blocks.5.attn.lora_B_k.31.weight', 'image_encoder.blocks.7.attn.lora_A_v.31.weight', 'image_encoder.blocks.10.attn.lora_A_v.31.weight', 'image_encoder.blocks.5.attn.lora_A_v.31.weight', 'image_encoder.blocks.1.attn.lora_B_k.31.weight', 'image_encoder.blocks.6.attn.lora_A_k.31.weight'}
After trained on task 30 tensor(0.0162, device='cuda:0') tensor(0.0166, device='cuda:0')
After trained on task 30 tensor(0.0176, device='cuda:0') tensor(0.0189, device='cuda:0')
After trained on task 30 tensor(0.0171, device='cuda:0') tensor(0.0222, device='cuda:0')
After trained on task 30 tensor(0.0164, device='cuda:0') tensor(0.0259, device='cuda:0')
After trained on task 30 tensor(0.0223, device='cuda:0') tensor(0.0297, device='cuda:0')
After trained on task 30 tensor(0.0245, device='cuda:0') tensor(0.0298, device='cuda:0')
After trained on task 30 tensor(0.0251, device='cuda:0') tensor(0.0324, device='cuda:0')
After trained on task 30 tensor(0.0248, device='cuda:0') tensor(0.0369, device='cuda:0')
After trained on task 30 tensor(0.0262, device='cuda:0') tensor(0.0412, device='cuda:0')
After trained on task 30 tensor(0.0295, device='cuda:0') tensor(0.0466, device='cuda:0')
After trained on task 30 tensor(0.0312, device='cuda:0') tensor(0.0593, device='cuda:0')
After trained on task 30 tensor(0.0386, device='cuda:0') tensor(0.0643, device='cuda:0')
reserving basis 148/768; cond: 93923860480.0, ratio:0.9902022480964661
reserving basis 148/768; cond: 93923860480.0, ratio:0.9902022480964661
reserving basis 162/768; cond: 24657573888.0, ratio:0.9916590452194214
reserving basis 162/768; cond: 24657573888.0, ratio:0.9916590452194214
reserving basis 156/768; cond: 125983956992.0, ratio:0.9905425906181335
reserving basis 156/768; cond: 125983956992.0, ratio:0.9905425906181335
reserving basis 157/768; cond: 15498323968.0, ratio:0.9910146594047546
reserving basis 157/768; cond: 15498323968.0, ratio:0.9910146594047546
reserving basis 165/768; cond: 48221966336.0, ratio:0.9913836121559143
reserving basis 165/768; cond: 48221966336.0, ratio:0.9913836121559143
reserving basis 158/768; cond: 29214836736.0, ratio:0.991206169128418
reserving basis 158/768; cond: 29214836736.0, ratio:0.991206169128418
reserving basis 167/768; cond: 96968777728.0, ratio:0.9911072850227356
reserving basis 167/768; cond: 96968777728.0, ratio:0.9911072850227356
reserving basis 156/768; cond: 29576017920.0, ratio:0.9912523627281189
reserving basis 156/768; cond: 29576017920.0, ratio:0.9912523627281189
reserving basis 168/768; cond: 17820233728.0, ratio:0.9913808703422546
reserving basis 168/768; cond: 17820233728.0, ratio:0.9913808703422546
reserving basis 154/768; cond: 20635283456.0, ratio:0.9900762438774109
reserving basis 154/768; cond: 20635283456.0, ratio:0.9900762438774109
reserving basis 162/768; cond: 63905943552.0, ratio:0.990918755531311
reserving basis 162/768; cond: 63905943552.0, ratio:0.990918755531311
reserving basis 153/768; cond: 23383048192.0, ratio:0.9908966422080994
reserving basis 153/768; cond: 23383048192.0, ratio:0.9908966422080994
reserving basis 162/768; cond: 37880950784.0, ratio:0.9913879632949829
reserving basis 162/768; cond: 37880950784.0, ratio:0.9913879632949829
reserving basis 155/768; cond: 107183726592.0, ratio:0.990077555179596
reserving basis 155/768; cond: 107183726592.0, ratio:0.990077555179596
reserving basis 167/768; cond: 180707540992.0, ratio:0.9903091788291931
reserving basis 167/768; cond: 180707540992.0, ratio:0.9903091788291931
reserving basis 155/768; cond: 25039620096.0, ratio:0.9913607835769653
reserving basis 155/768; cond: 25039620096.0, ratio:0.9913607835769653
reserving basis 166/768; cond: 19025684480.0, ratio:0.9906927347183228
reserving basis 166/768; cond: 19025684480.0, ratio:0.9906927347183228
reserving basis 147/768; cond: 521475719168.0, ratio:0.9901835918426514
reserving basis 147/768; cond: 521475719168.0, ratio:0.9901835918426514
reserving basis 163/768; cond: 32884029440.0, ratio:0.990036129951477
reserving basis 163/768; cond: 32884029440.0, ratio:0.990036129951477
reserving basis 139/768; cond: 7857244160.0, ratio:0.9914954304695129
reserving basis 139/768; cond: 7857244160.0, ratio:0.9914954304695129
reserving basis 157/768; cond: 32790648832.0, ratio:0.9903864860534668
reserving basis 157/768; cond: 32790648832.0, ratio:0.9903864860534668
reserving basis 126/768; cond: 13127609344.0, ratio:0.991543710231781
reserving basis 126/768; cond: 13127609344.0, ratio:0.991543710231781
reserving basis 147/768; cond: 286056644608.0, ratio:0.9909062385559082
reserving basis 147/768; cond: 286056644608.0, ratio:0.9909062385559082
reserving basis 111/768; cond: 34844647424.0, ratio:0.9916110634803772
reserving basis 111/768; cond: 34844647424.0, ratio:0.9916110634803772
2026-04-27 23:33:19,638 [palora.py] => Task 31, Epoch 50/50 => Loss 0.491, Train_accy 98.33
2026-04-27 23:33:24,303 [trainer.py] => Time:205.89940118789673
1199 1199
2026-04-27 23:33:31,283 [trainer.py] => Time:6.979463338851929
2026-04-27 23:33:31,283 [trainer.py] => ACC: {'total': 68.39, '00-03': 83.1, '04-07': 73.08, '08-11': 78.46, '12-15': 76.12, '16-19': 73.08, '20-23': 90.16, '24-27': 85.48, '28-31': 70.49, '32-35': 80.49, '36-39': 62.07, '40-43': 69.05, '44-47': 55.32, '48-51': 70.27, '52-55': 68.66, '56-59': 69.23, '60-63': 76.79, '64-67': 68.42, '68-71': 54.17, '72-75': 77.78, '76-79': 60.0, '80-83': 52.17, '84-87': 62.5, '88-91': 53.85, '92-95': 52.38, '96-99': 52.38, '100-103': 5.26, '104-107': 42.86, '108-111': 40.0, '112-115': 29.41, '116-119': 62.5, '120-123': 41.38, '124-127': 30.77, 'old': 68.8, 'new': 30.77}
2026-04-27 23:33:31,284 [trainer.py] => ACC top1 curve: [90.14, 86.99, 88.3, 87.45, 85.99, 86.41, 84.19, 81.67, 81.39, 80.39, 79.77, 78.92, 79.04, 77.19, 77.05, 76.69, 75.64, 74.58, 74.02, 74.09, 73.98, 73.71, 73.75, 73.15, 72.56, 71.58, 71.4, 71.02, 70.58, 70.35, 69.48, 68.39]
Average Accuracy: 77.49562499999999
2026-04-27 23:33:31,284 [trainer.py] => Average Accuracy: 77.49562499999999
2026-04-27 23:33:31,292 [trainer.py] => All params: 126094051
2026-04-27 23:33:31,300 [trainer.py] => Trainable params: 371716
2026-04-27 23:33:31,300 [palora.py] => Learning on 128-132
Parameters to be updated: {'image_encoder.blocks.3.attn.lora_A_v.32.weight', 'image_encoder.blocks.9.attn.lora_B_k.32.weight', 'image_encoder.blocks.0.attn.lora_B_k.32.weight', 'image_encoder.blocks.1.attn.lora_B_k.32.weight', 'image_encoder.blocks.4.attn.lora_A_v.32.weight', 'image_encoder.blocks.2.attn.lora_A_v.32.weight', 'image_encoder.blocks.6.attn.lora_B_k.32.weight', 'image_encoder.blocks.4.attn.lora_B_k.32.weight', 'image_encoder.blocks.5.attn.lora_B_k.32.weight', 'image_encoder.blocks.8.attn.lora_A_k.32.weight', 'image_encoder.blocks.11.attn.lora_B_k.32.weight', 'image_encoder.blocks.6.attn.lora_A_k.32.weight', 'image_encoder.blocks.11.attn.lora_A_v.32.weight', 'image_encoder.blocks.8.attn.lora_B_v.32.weight', 'image_encoder.blocks.3.attn.lora_A_k.32.weight', 'image_encoder.blocks.7.attn.lora_A_k.32.weight', 'image_encoder.blocks.9.attn.lora_A_v.32.weight', 'image_encoder.blocks.1.attn.lora_A_k.32.weight', 'image_encoder.blocks.5.attn.lora_A_k.32.weight', 'image_encoder.blocks.10.attn.lora_B_v.32.weight', 'image_encoder.blocks.4.attn.lora_A_k.32.weight', 'image_encoder.blocks.7.attn.lora_A_v.32.weight', 'image_encoder.blocks.9.attn.lora_B_v.32.weight', 'image_encoder.blocks.1.attn.lora_B_v.32.weight', 'image_encoder.blocks.3.attn.lora_B_k.32.weight', 'image_encoder.blocks.0.attn.lora_A_v.32.weight', 'image_encoder.blocks.0.attn.lora_B_v.32.weight', 'image_encoder.blocks.4.attn.lora_B_v.32.weight', 'image_encoder.blocks.9.attn.lora_A_k.32.weight', 'image_encoder.blocks.10.attn.lora_A_k.32.weight', 'classifier_pool.32.weight', 'image_encoder.blocks.2.attn.lora_B_v.32.weight', 'image_encoder.blocks.2.attn.lora_B_k.32.weight', 'image_encoder.blocks.0.attn.lora_A_k.32.weight', 'image_encoder.blocks.3.attn.lora_B_v.32.weight', 'image_encoder.blocks.7.attn.lora_B_k.32.weight', 'classifier_pool.32.bias', 'image_encoder.blocks.5.attn.lora_B_v.32.weight', 'image_encoder.blocks.6.attn.lora_B_v.32.weight', 'image_encoder.blocks.11.attn.lora_B_v.32.weight', 'image_encoder.blocks.6.attn.lora_A_v.32.weight', 'image_encoder.blocks.2.attn.lora_A_k.32.weight', 'image_encoder.blocks.7.attn.lora_B_v.32.weight', 'image_encoder.blocks.1.attn.lora_A_v.32.weight', 'image_encoder.blocks.8.attn.lora_B_k.32.weight', 'image_encoder.blocks.11.attn.lora_A_k.32.weight', 'image_encoder.blocks.10.attn.lora_B_k.32.weight', 'image_encoder.blocks.8.attn.lora_A_v.32.weight', 'image_encoder.blocks.10.attn.lora_A_v.32.weight', 'image_encoder.blocks.5.attn.lora_A_v.32.weight'}
After trained on task 31 tensor(0.0198, device='cuda:0') tensor(0.0151, device='cuda:0')
After trained on task 31 tensor(0.0176, device='cuda:0') tensor(0.0216, device='cuda:0')
After trained on task 31 tensor(0.0170, device='cuda:0') tensor(0.0222, device='cuda:0')
After trained on task 31 tensor(0.0160, device='cuda:0') tensor(0.0246, device='cuda:0')
After trained on task 31 tensor(0.0181, device='cuda:0') tensor(0.0271, device='cuda:0')
After trained on task 31 tensor(0.0229, device='cuda:0') tensor(0.0272, device='cuda:0')
After trained on task 31 tensor(0.0240, device='cuda:0') tensor(0.0289, device='cuda:0')
After trained on task 31 tensor(0.0244, device='cuda:0') tensor(0.0311, device='cuda:0')
After trained on task 31 tensor(0.0258, device='cuda:0') tensor(0.0359, device='cuda:0')
After trained on task 31 tensor(0.0270, device='cuda:0') tensor(0.0432, device='cuda:0')
After trained on task 31 tensor(0.0287, device='cuda:0') tensor(0.0531, device='cuda:0')
After trained on task 31 tensor(0.0368, device='cuda:0') tensor(0.0709, device='cuda:0')
reserving basis 151/768; cond: 12331531264.0, ratio:0.9900234341621399
reserving basis 151/768; cond: 12331531264.0, ratio:0.9900234341621399
reserving basis 163/768; cond: 27529711616.0, ratio:0.9900621175765991
reserving basis 163/768; cond: 27529711616.0, ratio:0.9900621175765991
reserving basis 158/768; cond: 47891947520.0, ratio:0.9904240965843201
reserving basis 158/768; cond: 47891947520.0, ratio:0.9904240965843201
reserving basis 159/768; cond: 46351495168.0, ratio:0.9904159903526306
reserving basis 159/768; cond: 46351495168.0, ratio:0.9904159903526306
reserving basis 167/768; cond: 22056810496.0, ratio:0.9910247325897217
reserving basis 167/768; cond: 22056810496.0, ratio:0.9910247325897217
reserving basis 160/768; cond: 72108449792.0, ratio:0.9910469055175781
reserving basis 160/768; cond: 72108449792.0, ratio:0.9910469055175781
reserving basis 169/768; cond: 45618581504.0, ratio:0.9908907413482666
reserving basis 169/768; cond: 45618581504.0, ratio:0.9908907413482666
reserving basis 158/768; cond: 38521548800.0, ratio:0.9910646677017212
reserving basis 158/768; cond: 38521548800.0, ratio:0.9910646677017212
reserving basis 170/768; cond: 43023532032.0, ratio:0.9912378191947937
reserving basis 170/768; cond: 43023532032.0, ratio:0.9912378191947937
reserving basis 156/768; cond: 41916047360.0, ratio:0.9909792542457581
reserving basis 156/768; cond: 41916047360.0, ratio:0.9909792542457581
reserving basis 164/768; cond: 46291910656.0, ratio:0.9905499815940857
reserving basis 164/768; cond: 46291910656.0, ratio:0.9905499815940857
reserving basis 155/768; cond: 191817515008.0, ratio:0.9909592270851135
reserving basis 155/768; cond: 191817515008.0, ratio:0.9909592270851135
reserving basis 164/768; cond: 29065633792.0, ratio:0.9904999136924744
reserving basis 164/768; cond: 29065633792.0, ratio:0.9904999136924744
reserving basis 157/768; cond: 45637468160.0, ratio:0.9914047122001648
reserving basis 157/768; cond: 45637468160.0, ratio:0.9914047122001648
reserving basis 169/768; cond: 159412879360.0, ratio:0.9908350110054016
reserving basis 169/768; cond: 159412879360.0, ratio:0.9908350110054016
reserving basis 157/768; cond: 28601489408.0, ratio:0.990470290184021
reserving basis 157/768; cond: 28601489408.0, ratio:0.990470290184021
reserving basis 168/768; cond: 55667011584.0, ratio:0.9911061525344849
reserving basis 168/768; cond: 55667011584.0, ratio:0.9911061525344849
reserving basis 148/768; cond: 75030036480.0, ratio:0.9900097250938416
reserving basis 148/768; cond: 75030036480.0, ratio:0.9900097250938416
reserving basis 165/768; cond: 27192938496.0, ratio:0.9908415079116821
reserving basis 165/768; cond: 27192938496.0, ratio:0.9908415079116821
reserving basis 141/768; cond: 29431748608.0, ratio:0.9911975264549255
reserving basis 141/768; cond: 29431748608.0, ratio:0.9911975264549255
reserving basis 159/768; cond: 302586822656.0, ratio:0.9907503724098206
reserving basis 159/768; cond: 302586822656.0, ratio:0.9907503724098206
reserving basis 127/768; cond: 42312835072.0, ratio:0.9907482862472534
reserving basis 127/768; cond: 42312835072.0, ratio:0.9907482862472534
reserving basis 148/768; cond: 111004909568.0, ratio:0.9903030395507812
reserving basis 148/768; cond: 111004909568.0, ratio:0.9903030395507812
reserving basis 112/768; cond: 15825115136.0, ratio:0.990347146987915
reserving basis 112/768; cond: 15825115136.0, ratio:0.990347146987915
2026-04-27 23:37:09,878 [palora.py] => Task 32, Epoch 50/50 => Loss 0.465, Train_accy 98.81
2026-04-27 23:37:14,345 [trainer.py] => Time:223.04567122459412
1216 1216
2026-04-27 23:37:21,248 [trainer.py] => Time:6.902248859405518
2026-04-27 23:37:21,249 [trainer.py] => ACC: {'total': 67.52, '00-03': 83.1, '04-07': 73.08, '08-11': 80.0, '12-15': 76.12, '16-19': 73.08, '20-23': 90.16, '24-27': 85.48, '28-31': 72.13, '32-35': 80.49, '36-39': 62.07, '40-43': 69.05, '44-47': 55.32, '48-51': 70.27, '52-55': 65.67, '56-59': 69.23, '60-63': 76.79, '64-67': 68.42, '68-71': 54.17, '72-75': 77.78, '76-79': 50.0, '80-83': 52.17, '84-87': 54.17, '88-91': 53.85, '92-95': 52.38, '96-99': 38.1, '100-103': 5.26, '104-107': 42.86, '108-111': 40.0, '112-115': 35.29, '116-119': 62.5, '120-123': 41.38, '124-127': 23.08, '128-131': 41.18, 'old': 67.89, 'new': 41.18}
2026-04-27 23:37:21,249 [trainer.py] => ACC top1 curve: [90.14, 86.99, 88.3, 87.45, 85.99, 86.41, 84.19, 81.67, 81.39, 80.39, 79.77, 78.92, 79.04, 77.19, 77.05, 76.69, 75.64, 74.58, 74.02, 74.09, 73.98, 73.71, 73.75, 73.15, 72.56, 71.58, 71.4, 71.02, 70.58, 70.35, 69.48, 68.39, 67.52]
Average Accuracy: 77.19333333333333
2026-04-27 23:37:21,249 [trainer.py] => Average Accuracy: 77.19333333333333
2026-04-27 23:37:21,258 [trainer.py] => All params: 126094051
2026-04-27 23:37:21,266 [trainer.py] => Trainable params: 371716
2026-04-27 23:37:21,266 [palora.py] => Learning on 132-136
Parameters to be updated: {'image_encoder.blocks.3.attn.lora_B_v.33.weight', 'image_encoder.blocks.0.attn.lora_A_k.33.weight', 'image_encoder.blocks.3.attn.lora_A_k.33.weight', 'image_encoder.blocks.3.attn.lora_A_v.33.weight', 'image_encoder.blocks.10.attn.lora_A_v.33.weight', 'classifier_pool.33.weight', 'image_encoder.blocks.9.attn.lora_B_v.33.weight', 'image_encoder.blocks.1.attn.lora_B_v.33.weight', 'image_encoder.blocks.2.attn.lora_A_k.33.weight', 'image_encoder.blocks.11.attn.lora_B_v.33.weight', 'image_encoder.blocks.7.attn.lora_A_v.33.weight', 'image_encoder.blocks.9.attn.lora_A_v.33.weight', 'image_encoder.blocks.4.attn.lora_A_v.33.weight', 'image_encoder.blocks.2.attn.lora_B_v.33.weight', 'image_encoder.blocks.0.attn.lora_B_k.33.weight', 'image_encoder.blocks.4.attn.lora_A_k.33.weight', 'image_encoder.blocks.2.attn.lora_B_k.33.weight', 'image_encoder.blocks.7.attn.lora_B_v.33.weight', 'image_encoder.blocks.8.attn.lora_B_k.33.weight', 'image_encoder.blocks.8.attn.lora_A_v.33.weight', 'image_encoder.blocks.10.attn.lora_A_k.33.weight', 'image_encoder.blocks.4.attn.lora_B_v.33.weight', 'image_encoder.blocks.1.attn.lora_B_k.33.weight', 'image_encoder.blocks.11.attn.lora_B_k.33.weight', 'image_encoder.blocks.11.attn.lora_A_v.33.weight', 'image_encoder.blocks.6.attn.lora_A_v.33.weight', 'image_encoder.blocks.7.attn.lora_A_k.33.weight', 'image_encoder.blocks.2.attn.lora_A_v.33.weight', 'image_encoder.blocks.10.attn.lora_B_v.33.weight', 'image_encoder.blocks.5.attn.lora_A_k.33.weight', 'image_encoder.blocks.6.attn.lora_A_k.33.weight', 'image_encoder.blocks.3.attn.lora_B_k.33.weight', 'image_encoder.blocks.4.attn.lora_B_k.33.weight', 'image_encoder.blocks.0.attn.lora_B_v.33.weight', 'image_encoder.blocks.8.attn.lora_A_k.33.weight', 'image_encoder.blocks.10.attn.lora_B_k.33.weight', 'image_encoder.blocks.11.attn.lora_A_k.33.weight', 'image_encoder.blocks.5.attn.lora_A_v.33.weight', 'image_encoder.blocks.6.attn.lora_B_k.33.weight', 'image_encoder.blocks.1.attn.lora_A_k.33.weight', 'image_encoder.blocks.5.attn.lora_B_k.33.weight', 'image_encoder.blocks.0.attn.lora_A_v.33.weight', 'image_encoder.blocks.6.attn.lora_B_v.33.weight', 'image_encoder.blocks.1.attn.lora_A_v.33.weight', 'image_encoder.blocks.8.attn.lora_B_v.33.weight', 'image_encoder.blocks.9.attn.lora_B_k.33.weight', 'image_encoder.blocks.7.attn.lora_B_k.33.weight', 'image_encoder.blocks.5.attn.lora_B_v.33.weight', 'image_encoder.blocks.9.attn.lora_A_k.33.weight', 'classifier_pool.33.bias'}
After trained on task 32 tensor(0.0223, device='cuda:0') tensor(0.0185, device='cuda:0')
After trained on task 32 tensor(0.0181, device='cuda:0') tensor(0.0233, device='cuda:0')
After trained on task 32 tensor(0.0190, device='cuda:0') tensor(0.0235, device='cuda:0')
After trained on task 32 tensor(0.0171, device='cuda:0') tensor(0.0276, device='cuda:0')
After trained on task 32 tensor(0.0218, device='cuda:0') tensor(0.0269, device='cuda:0')
After trained on task 32 tensor(0.0256, device='cuda:0') tensor(0.0292, device='cuda:0')
After trained on task 32 tensor(0.0258, device='cuda:0') tensor(0.0317, device='cuda:0')
After trained on task 32 tensor(0.0251, device='cuda:0') tensor(0.0339, device='cuda:0')
After trained on task 32 tensor(0.0277, device='cuda:0') tensor(0.0417, device='cuda:0')
After trained on task 32 tensor(0.0299, device='cuda:0') tensor(0.0467, device='cuda:0')
After trained on task 32 tensor(0.0313, device='cuda:0') tensor(0.0519, device='cuda:0')
After trained on task 32 tensor(0.0364, device='cuda:0') tensor(0.0588, device='cuda:0')
reserving basis 152/768; cond: 33176340480.0, ratio:0.9903562068939209
reserving basis 152/768; cond: 33176340480.0, ratio:0.9903562068939209
reserving basis 165/768; cond: 210955386880.0, ratio:0.9916496872901917
reserving basis 165/768; cond: 210955386880.0, ratio:0.9916496872901917
reserving basis 160/768; cond: 18397904896.0, ratio:0.991222083568573
reserving basis 160/768; cond: 18397904896.0, ratio:0.991222083568573
reserving basis 161/768; cond: 545261584384.0, ratio:0.9903565049171448
reserving basis 161/768; cond: 545261584384.0, ratio:0.9903565049171448
reserving basis 169/768; cond: 255621595136.0, ratio:0.9909303784370422
reserving basis 169/768; cond: 255621595136.0, ratio:0.9909303784370422
reserving basis 163/768; cond: 32038877184.0, ratio:0.9911566972732544
reserving basis 163/768; cond: 32038877184.0, ratio:0.9911566972732544
reserving basis 171/768; cond: 122287202304.0, ratio:0.991259753704071
reserving basis 171/768; cond: 122287202304.0, ratio:0.991259753704071
reserving basis 160/768; cond: 95370207232.0, ratio:0.9905045628547668
reserving basis 160/768; cond: 95370207232.0, ratio:0.9905045628547668
reserving basis 171/768; cond: 16519347200.0, ratio:0.9902120232582092
reserving basis 171/768; cond: 16519347200.0, ratio:0.9902120232582092
reserving basis 158/768; cond: 46141386752.0, ratio:0.9913299679756165
reserving basis 158/768; cond: 46141386752.0, ratio:0.9913299679756165
reserving basis 166/768; cond: 65926782976.0, ratio:0.9903731942176819
reserving basis 166/768; cond: 65926782976.0, ratio:0.9903731942176819
reserving basis 157/768; cond: 23469606912.0, ratio:0.9916338324546814
reserving basis 157/768; cond: 23469606912.0, ratio:0.9916338324546814
reserving basis 166/768; cond: 116588347392.0, ratio:0.9910028576850891
reserving basis 166/768; cond: 116588347392.0, ratio:0.9910028576850891
reserving basis 159/768; cond: 23132712960.0, ratio:0.9910463690757751
reserving basis 159/768; cond: 23132712960.0, ratio:0.9910463690757751
reserving basis 171/768; cond: 5977046016.0, ratio:0.9907302260398865
reserving basis 171/768; cond: 5977046016.0, ratio:0.9907302260398865
reserving basis 159/768; cond: 76624461824.0, ratio:0.9909903407096863
reserving basis 159/768; cond: 76624461824.0, ratio:0.9909903407096863
reserving basis 170/768; cond: 10908576768.0, ratio:0.9906603693962097
reserving basis 170/768; cond: 10908576768.0, ratio:0.9906603693962097
reserving basis 150/768; cond: 64563900416.0, ratio:0.9906507134437561
reserving basis 150/768; cond: 64563900416.0, ratio:0.9906507134437561
reserving basis 167/768; cond: 96286171136.0, ratio:0.9905524849891663
reserving basis 167/768; cond: 96286171136.0, ratio:0.9905524849891663
reserving basis 142/768; cond: 60620025856.0, ratio:0.9906800389289856
reserving basis 142/768; cond: 60620025856.0, ratio:0.9906800389289856
reserving basis 161/768; cond: 4577139097600.0, ratio:0.9903983473777771
reserving basis 161/768; cond: 4577139097600.0, ratio:0.9903983473777771
reserving basis 129/768; cond: 33023657984.0, ratio:0.9916480779647827
reserving basis 129/768; cond: 33023657984.0, ratio:0.9916480779647827
reserving basis 150/768; cond: 1085852614656.0, ratio:0.990633487701416
reserving basis 150/768; cond: 1085852614656.0, ratio:0.990633487701416
reserving basis 114/768; cond: 14656870400.0, ratio:0.9916619062423706
reserving basis 114/768; cond: 14656870400.0, ratio:0.9916619062423706
2026-04-27 23:40:36,791 [palora.py] => Task 33, Epoch 50/50 => Loss 0.477, Train_accy 97.56
2026-04-27 23:40:41,070 [trainer.py] => Time:199.80460739135742
1229 1229
2026-04-27 23:40:47,973 [trainer.py] => Time:6.902782678604126
2026-04-27 23:40:47,974 [trainer.py] => ACC: {'total': 67.13, '00-03': 83.1, '04-07': 73.08, '08-11': 80.0, '12-15': 76.12, '16-19': 73.08, '20-23': 90.16, '24-27': 85.48, '28-31': 72.13, '32-35': 78.05, '36-39': 62.07, '40-43': 69.05, '44-47': 55.32, '48-51': 70.27, '52-55': 64.18, '56-59': 69.23, '60-63': 76.79, '64-67': 70.18, '68-71': 54.17, '72-75': 77.78, '76-79': 50.0, '80-83': 52.17, '84-87': 54.17, '88-91': 53.85, '92-95': 52.38, '96-99': 33.33, '100-103': 5.26, '104-107': 42.86, '108-111': 35.0, '112-115': 29.41, '116-119': 75.0, '120-123': 41.38, '124-127': 23.08, '128-131': 41.18, '132-135': 53.85, 'old': 67.27, 'new': 53.85}
2026-04-27 23:40:47,974 [trainer.py] => ACC top1 curve: [90.14, 86.99, 88.3, 87.45, 85.99, 86.41, 84.19, 81.67, 81.39, 80.39, 79.77, 78.92, 79.04, 77.19, 77.05, 76.69, 75.64, 74.58, 74.02, 74.09, 73.98, 73.71, 73.75, 73.15, 72.56, 71.58, 71.4, 71.02, 70.58, 70.35, 69.48, 68.39, 67.52, 67.13]
Average Accuracy: 76.89735294117646
2026-04-27 23:40:47,974 [trainer.py] => Average Accuracy: 76.89735294117646
2026-04-27 23:40:47,982 [trainer.py] => All params: 126094051
2026-04-27 23:40:47,990 [trainer.py] => Trainable params: 371716
2026-04-27 23:40:47,990 [palora.py] => Learning on 136-140
Parameters to be updated: {'image_encoder.blocks.0.attn.lora_B_k.34.weight', 'image_encoder.blocks.2.attn.lora_B_k.34.weight', 'image_encoder.blocks.8.attn.lora_A_v.34.weight', 'classifier_pool.34.weight', 'image_encoder.blocks.4.attn.lora_A_v.34.weight', 'image_encoder.blocks.0.attn.lora_B_v.34.weight', 'image_encoder.blocks.6.attn.lora_A_v.34.weight', 'image_encoder.blocks.6.attn.lora_B_v.34.weight', 'image_encoder.blocks.2.attn.lora_A_k.34.weight', 'image_encoder.blocks.3.attn.lora_A_v.34.weight', 'image_encoder.blocks.2.attn.lora_B_v.34.weight', 'image_encoder.blocks.4.attn.lora_B_k.34.weight', 'image_encoder.blocks.6.attn.lora_B_k.34.weight', 'image_encoder.blocks.11.attn.lora_A_k.34.weight', 'image_encoder.blocks.10.attn.lora_A_k.34.weight', 'image_encoder.blocks.7.attn.lora_B_v.34.weight', 'image_encoder.blocks.10.attn.lora_B_v.34.weight', 'image_encoder.blocks.5.attn.lora_A_v.34.weight', 'image_encoder.blocks.5.attn.lora_B_v.34.weight', 'image_encoder.blocks.1.attn.lora_B_k.34.weight', 'image_encoder.blocks.1.attn.lora_A_v.34.weight', 'image_encoder.blocks.7.attn.lora_A_k.34.weight', 'classifier_pool.34.bias', 'image_encoder.blocks.11.attn.lora_A_v.34.weight', 'image_encoder.blocks.7.attn.lora_B_k.34.weight', 'image_encoder.blocks.4.attn.lora_A_k.34.weight', 'image_encoder.blocks.2.attn.lora_A_v.34.weight', 'image_encoder.blocks.1.attn.lora_B_v.34.weight', 'image_encoder.blocks.11.attn.lora_B_k.34.weight', 'image_encoder.blocks.7.attn.lora_A_v.34.weight', 'image_encoder.blocks.5.attn.lora_B_k.34.weight', 'image_encoder.blocks.8.attn.lora_B_k.34.weight', 'image_encoder.blocks.0.attn.lora_A_v.34.weight', 'image_encoder.blocks.10.attn.lora_B_k.34.weight', 'image_encoder.blocks.11.attn.lora_B_v.34.weight', 'image_encoder.blocks.1.attn.lora_A_k.34.weight', 'image_encoder.blocks.9.attn.lora_A_k.34.weight', 'image_encoder.blocks.8.attn.lora_A_k.34.weight', 'image_encoder.blocks.10.attn.lora_A_v.34.weight', 'image_encoder.blocks.6.attn.lora_A_k.34.weight', 'image_encoder.blocks.3.attn.lora_B_k.34.weight', 'image_encoder.blocks.4.attn.lora_B_v.34.weight', 'image_encoder.blocks.9.attn.lora_B_v.34.weight', 'image_encoder.blocks.3.attn.lora_A_k.34.weight', 'image_encoder.blocks.8.attn.lora_B_v.34.weight', 'image_encoder.blocks.9.attn.lora_B_k.34.weight', 'image_encoder.blocks.5.attn.lora_A_k.34.weight', 'image_encoder.blocks.9.attn.lora_A_v.34.weight', 'image_encoder.blocks.0.attn.lora_A_k.34.weight', 'image_encoder.blocks.3.attn.lora_B_v.34.weight'}
After trained on task 33 tensor(0.0173, device='cuda:0') tensor(0.0163, device='cuda:0')
After trained on task 33 tensor(0.0182, device='cuda:0') tensor(0.0194, device='cuda:0')
After trained on task 33 tensor(0.0153, device='cuda:0') tensor(0.0203, device='cuda:0')
After trained on task 33 tensor(0.0181, device='cuda:0') tensor(0.0234, device='cuda:0')
After trained on task 33 tensor(0.0214, device='cuda:0') tensor(0.0265, device='cuda:0')
After trained on task 33 tensor(0.0193, device='cuda:0') tensor(0.0236, device='cuda:0')
After trained on task 33 tensor(0.0227, device='cuda:0') tensor(0.0265, device='cuda:0')
After trained on task 33 tensor(0.0225, device='cuda:0') tensor(0.0289, device='cuda:0')
After trained on task 33 tensor(0.0245, device='cuda:0') tensor(0.0343, device='cuda:0')
After trained on task 33 tensor(0.0243, device='cuda:0') tensor(0.0429, device='cuda:0')
After trained on task 33 tensor(0.0270, device='cuda:0') tensor(0.0431, device='cuda:0')
After trained on task 33 tensor(0.0305, device='cuda:0') tensor(0.0524, device='cuda:0')
reserving basis 153/768; cond: 43890593792.0, ratio:0.990080714225769
reserving basis 153/768; cond: 43890593792.0, ratio:0.990080714225769
reserving basis 167/768; cond: 1084053258240.0, ratio:0.9904587268829346
reserving basis 167/768; cond: 1084053258240.0, ratio:0.9904587268829346
reserving basis 162/768; cond: 57111494656.0, ratio:0.9909193515777588
reserving basis 162/768; cond: 57111494656.0, ratio:0.9909193515777588
reserving basis 162/768; cond: 28760612864.0, ratio:0.9908168315887451
reserving basis 162/768; cond: 28760612864.0, ratio:0.9908168315887451
reserving basis 170/768; cond: 247345889280.0, ratio:0.9907746315002441
reserving basis 170/768; cond: 247345889280.0, ratio:0.9907746315002441
reserving basis 165/768; cond: 43248599040.0, ratio:0.9907842874526978
reserving basis 165/768; cond: 43248599040.0, ratio:0.9907842874526978
reserving basis 173/768; cond: 541791813632.0, ratio:0.9903369545936584
reserving basis 173/768; cond: 541791813632.0, ratio:0.9903369545936584
reserving basis 162/768; cond: 26202662912.0, ratio:0.9915165901184082
reserving basis 162/768; cond: 26202662912.0, ratio:0.9915165901184082
reserving basis 173/768; cond: 125782736896.0, ratio:0.9910537004470825
reserving basis 173/768; cond: 125782736896.0, ratio:0.9910537004470825
reserving basis 160/768; cond: 307462897664.0, ratio:0.9909740686416626
reserving basis 160/768; cond: 307462897664.0, ratio:0.9909740686416626
reserving basis 167/768; cond: 92791054336.0, ratio:0.9902096390724182
reserving basis 167/768; cond: 92791054336.0, ratio:0.9902096390724182
reserving basis 158/768; cond: 490452189184.0, ratio:0.9908974170684814
reserving basis 158/768; cond: 490452189184.0, ratio:0.9908974170684814
reserving basis 168/768; cond: 161646034944.0, ratio:0.9909272789955139
reserving basis 168/768; cond: 161646034944.0, ratio:0.9909272789955139
reserving basis 160/768; cond: 111676309504.0, ratio:0.9904337525367737
reserving basis 160/768; cond: 111676309504.0, ratio:0.9904337525367737
reserving basis 172/768; cond: 176303964160.0, ratio:0.9900587797164917
reserving basis 172/768; cond: 176303964160.0, ratio:0.9900587797164917
reserving basis 160/768; cond: 69959811072.0, ratio:0.9908776879310608
reserving basis 160/768; cond: 69959811072.0, ratio:0.9908776879310608
reserving basis 172/768; cond: 457986179072.0, ratio:0.9911274909973145
reserving basis 172/768; cond: 457986179072.0, ratio:0.9911274909973145
reserving basis 152/768; cond: 123009523712.0, ratio:0.9914429187774658
reserving basis 152/768; cond: 123009523712.0, ratio:0.9914429187774658
reserving basis 168/768; cond: 30098919424.0, ratio:0.9901278018951416
reserving basis 168/768; cond: 30098919424.0, ratio:0.9901278018951416
reserving basis 143/768; cond: 5250568704.0, ratio:0.9900843501091003
reserving basis 143/768; cond: 5250568704.0, ratio:0.9900843501091003
reserving basis 163/768; cond: 77639131136.0, ratio:0.991322934627533
reserving basis 163/768; cond: 77639131136.0, ratio:0.991322934627533
reserving basis 131/768; cond: 206934278144.0, ratio:0.9915468096733093
reserving basis 131/768; cond: 206934278144.0, ratio:0.9915468096733093
reserving basis 151/768; cond: 242933825536.0, ratio:0.9904026985168457
reserving basis 151/768; cond: 242933825536.0, ratio:0.9904026985168457
reserving basis 115/768; cond: 786510643200.0, ratio:0.9909591674804688
reserving basis 115/768; cond: 786510643200.0, ratio:0.9909591674804688
2026-04-27 23:44:08,102 [palora.py] => Task 34, Epoch 50/50 => Loss 0.492, Train_accy 98.08
2026-04-27 23:44:12,579 [trainer.py] => Time:204.58921241760254
1240 1240
2026-04-27 23:44:19,408 [trainer.py] => Time:6.828130483627319
2026-04-27 23:44:19,408 [trainer.py] => ACC: {'total': 66.53, '00-03': 83.1, '04-07': 73.08, '08-11': 78.46, '12-15': 76.12, '16-19': 73.08, '20-23': 90.16, '24-27': 85.48, '28-31': 72.13, '32-35': 78.05, '36-39': 62.07, '40-43': 69.05, '44-47': 55.32, '48-51': 70.27, '52-55': 64.18, '56-59': 69.23, '60-63': 75.0, '64-67': 68.42, '68-71': 54.17, '72-75': 77.78, '76-79': 60.0, '80-83': 52.17, '84-87': 54.17, '88-91': 53.85, '92-95': 52.38, '96-99': 33.33, '100-103': 5.26, '104-107': 42.86, '108-111': 40.0, '112-115': 29.41, '116-119': 75.0, '120-123': 41.38, '124-127': 23.08, '128-131': 41.18, '132-135': 46.15, '136-139': 18.18, 'old': 66.97, 'new': 18.18}
2026-04-27 23:44:19,408 [trainer.py] => ACC top1 curve: [90.14, 86.99, 88.3, 87.45, 85.99, 86.41, 84.19, 81.67, 81.39, 80.39, 79.77, 78.92, 79.04, 77.19, 77.05, 76.69, 75.64, 74.58, 74.02, 74.09, 73.98, 73.71, 73.75, 73.15, 72.56, 71.58, 71.4, 71.02, 70.58, 70.35, 69.48, 68.39, 67.52, 67.13, 66.53]
Average Accuracy: 76.60114285714286
2026-04-27 23:44:19,408 [trainer.py] => Average Accuracy: 76.60114285714286
2026-04-27 23:44:19,417 [trainer.py] => All params: 126094051
2026-04-27 23:44:19,424 [trainer.py] => Trainable params: 371716
2026-04-27 23:44:19,425 [palora.py] => Learning on 140-144
Parameters to be updated: {'classifier_pool.35.weight', 'image_encoder.blocks.0.attn.lora_B_v.35.weight', 'image_encoder.blocks.8.attn.lora_A_k.35.weight', 'image_encoder.blocks.1.attn.lora_A_k.35.weight', 'classifier_pool.35.bias', 'image_encoder.blocks.9.attn.lora_B_v.35.weight', 'image_encoder.blocks.7.attn.lora_A_v.35.weight', 'image_encoder.blocks.1.attn.lora_B_v.35.weight', 'image_encoder.blocks.2.attn.lora_A_k.35.weight', 'image_encoder.blocks.7.attn.lora_B_v.35.weight', 'image_encoder.blocks.3.attn.lora_B_v.35.weight', 'image_encoder.blocks.0.attn.lora_A_k.35.weight', 'image_encoder.blocks.4.attn.lora_A_v.35.weight', 'image_encoder.blocks.8.attn.lora_A_v.35.weight', 'image_encoder.blocks.11.attn.lora_B_k.35.weight', 'image_encoder.blocks.2.attn.lora_B_k.35.weight', 'image_encoder.blocks.5.attn.lora_A_k.35.weight', 'image_encoder.blocks.5.attn.lora_B_k.35.weight', 'image_encoder.blocks.1.attn.lora_B_k.35.weight', 'image_encoder.blocks.1.attn.lora_A_v.35.weight', 'image_encoder.blocks.7.attn.lora_B_k.35.weight', 'image_encoder.blocks.2.attn.lora_A_v.35.weight', 'image_encoder.blocks.0.attn.lora_B_k.35.weight', 'image_encoder.blocks.4.attn.lora_B_v.35.weight', 'image_encoder.blocks.0.attn.lora_A_v.35.weight', 'image_encoder.blocks.8.attn.lora_B_v.35.weight', 'image_encoder.blocks.9.attn.lora_A_v.35.weight', 'image_encoder.blocks.8.attn.lora_B_k.35.weight', 'image_encoder.blocks.2.attn.lora_B_v.35.weight', 'image_encoder.blocks.5.attn.lora_A_v.35.weight', 'image_encoder.blocks.6.attn.lora_B_k.35.weight', 'image_encoder.blocks.6.attn.lora_A_v.35.weight', 'image_encoder.blocks.7.attn.lora_A_k.35.weight', 'image_encoder.blocks.11.attn.lora_A_v.35.weight', 'image_encoder.blocks.10.attn.lora_B_k.35.weight', 'image_encoder.blocks.11.attn.lora_A_k.35.weight', 'image_encoder.blocks.3.attn.lora_B_k.35.weight', 'image_encoder.blocks.6.attn.lora_A_k.35.weight', 'image_encoder.blocks.3.attn.lora_A_k.35.weight', 'image_encoder.blocks.4.attn.lora_B_k.35.weight', 'image_encoder.blocks.10.attn.lora_A_v.35.weight', 'image_encoder.blocks.6.attn.lora_B_v.35.weight', 'image_encoder.blocks.5.attn.lora_B_v.35.weight', 'image_encoder.blocks.9.attn.lora_B_k.35.weight', 'image_encoder.blocks.11.attn.lora_B_v.35.weight', 'image_encoder.blocks.9.attn.lora_A_k.35.weight', 'image_encoder.blocks.10.attn.lora_A_k.35.weight', 'image_encoder.blocks.10.attn.lora_B_v.35.weight', 'image_encoder.blocks.3.attn.lora_A_v.35.weight', 'image_encoder.blocks.4.attn.lora_A_k.35.weight'}
After trained on task 34 tensor(0.0169, device='cuda:0') tensor(0.0163, device='cuda:0')
After trained on task 34 tensor(0.0175, device='cuda:0') tensor(0.0188, device='cuda:0')
After trained on task 34 tensor(0.0147, device='cuda:0') tensor(0.0214, device='cuda:0')
After trained on task 34 tensor(0.0188, device='cuda:0') tensor(0.0235, device='cuda:0')
After trained on task 34 tensor(0.0173, device='cuda:0') tensor(0.0255, device='cuda:0')
After trained on task 34 tensor(0.0209, device='cuda:0') tensor(0.0264, device='cuda:0')
After trained on task 34 tensor(0.0252, device='cuda:0') tensor(0.0294, device='cuda:0')
After trained on task 34 tensor(0.0235, device='cuda:0') tensor(0.0304, device='cuda:0')
After trained on task 34 tensor(0.0264, device='cuda:0') tensor(0.0324, device='cuda:0')
After trained on task 34 tensor(0.0271, device='cuda:0') tensor(0.0434, device='cuda:0')
After trained on task 34 tensor(0.0282, device='cuda:0') tensor(0.0472, device='cuda:0')
After trained on task 34 tensor(0.0327, device='cuda:0') tensor(0.0586, device='cuda:0')
reserving basis 155/768; cond: 131750838272.0, ratio:0.9908708333969116
reserving basis 155/768; cond: 131750838272.0, ratio:0.9908708333969116
reserving basis 169/768; cond: 20893890560.0, ratio:0.9906531572341919
reserving basis 169/768; cond: 20893890560.0, ratio:0.9906531572341919
reserving basis 163/768; cond: 202285694976.0, ratio:0.990253210067749
reserving basis 163/768; cond: 202285694976.0, ratio:0.990253210067749
reserving basis 164/768; cond: 2248798109696.0, ratio:0.9911615252494812
reserving basis 164/768; cond: 2248798109696.0, ratio:0.9911615252494812
reserving basis 171/768; cond: 31370930176.0, ratio:0.9902991652488708
reserving basis 171/768; cond: 31370930176.0, ratio:0.9902991652488708
reserving basis 167/768; cond: 26362384384.0, ratio:0.9907636046409607
reserving basis 167/768; cond: 26362384384.0, ratio:0.9907636046409607
reserving basis 175/768; cond: 650228203520.0, ratio:0.9907875061035156
reserving basis 175/768; cond: 650228203520.0, ratio:0.9907875061035156
reserving basis 164/768; cond: 10944261120.0, ratio:0.9909490346908569
reserving basis 164/768; cond: 10944261120.0, ratio:0.9909490346908569
reserving basis 174/768; cond: 77821231104.0, ratio:0.9906599521636963
reserving basis 174/768; cond: 77821231104.0, ratio:0.9906599521636963
reserving basis 161/768; cond: 75999510528.0, ratio:0.9903862476348877
reserving basis 161/768; cond: 75999510528.0, ratio:0.9903862476348877
reserving basis 169/768; cond: 50308055040.0, ratio:0.9913203120231628
reserving basis 169/768; cond: 50308055040.0, ratio:0.9913203120231628
reserving basis 160/768; cond: 29092116480.0, ratio:0.990757167339325
reserving basis 160/768; cond: 29092116480.0, ratio:0.990757167339325
reserving basis 170/768; cond: 30446483456.0, ratio:0.9910334348678589
reserving basis 170/768; cond: 30446483456.0, ratio:0.9910334348678589
reserving basis 162/768; cond: 53443387392.0, ratio:0.9906388521194458
reserving basis 162/768; cond: 53443387392.0, ratio:0.9906388521194458
reserving basis 174/768; cond: 13429810176.0, ratio:0.9911495447158813
reserving basis 174/768; cond: 13429810176.0, ratio:0.9911495447158813
reserving basis 162/768; cond: 17268852736.0, ratio:0.9911136627197266
reserving basis 162/768; cond: 17268852736.0, ratio:0.9911136627197266
reserving basis 174/768; cond: 68412030976.0, ratio:0.9908870458602905
reserving basis 174/768; cond: 68412030976.0, ratio:0.9908870458602905
reserving basis 154/768; cond: 29375795200.0, ratio:0.9907121658325195
reserving basis 154/768; cond: 29375795200.0, ratio:0.9907121658325195
reserving basis 170/768; cond: 13924025344.0, ratio:0.9913862943649292
reserving basis 170/768; cond: 13924025344.0, ratio:0.9913862943649292
reserving basis 144/768; cond: 41165959168.0, ratio:0.9905245900154114
reserving basis 144/768; cond: 41165959168.0, ratio:0.9905245900154114
reserving basis 164/768; cond: 89538887680.0, ratio:0.9901800751686096
reserving basis 164/768; cond: 89538887680.0, ratio:0.9901800751686096
reserving basis 132/768; cond: 65282215936.0, ratio:0.9901465773582458
reserving basis 132/768; cond: 65282215936.0, ratio:0.9901465773582458
reserving basis 153/768; cond: 115704676352.0, ratio:0.9909703135490417
reserving basis 153/768; cond: 115704676352.0, ratio:0.9909703135490417
reserving basis 117/768; cond: 23180408832.0, ratio:0.9918782114982605
reserving basis 117/768; cond: 23180408832.0, ratio:0.9918782114982605
2026-04-27 23:47:37,914 [palora.py] => Task 35, Epoch 50/50 => Loss 0.501, Train_accy 97.87
2026-04-27 23:47:42,436 [trainer.py] => Time:203.0113251209259
1254 1254
2026-04-27 23:47:49,278 [trainer.py] => Time:6.841784238815308
2026-04-27 23:47:49,279 [trainer.py] => ACC: {'total': 66.35, '00-03': 83.1, '04-07': 73.08, '08-11': 80.0, '12-15': 76.12, '16-19': 73.08, '20-23': 90.16, '24-27': 85.48, '28-31': 70.49, '32-35': 80.49, '36-39': 62.07, '40-43': 69.05, '44-47': 55.32, '48-51': 70.27, '52-55': 64.18, '56-59': 69.23, '60-63': 75.0, '64-67': 68.42, '68-71': 54.17, '72-75': 77.78, '76-79': 60.0, '80-83': 52.17, '84-87': 54.17, '88-91': 53.85, '92-95': 52.38, '96-99': 33.33, '100-103': 5.26, '104-107': 42.86, '108-111': 40.0, '112-115': 29.41, '116-119': 75.0, '120-123': 41.38, '124-127': 23.08, '128-131': 41.18, '132-135': 46.15, '136-139': 18.18, '140-143': 42.86, 'old': 66.61, 'new': 42.86}
2026-04-27 23:47:49,279 [trainer.py] => ACC top1 curve: [90.14, 86.99, 88.3, 87.45, 85.99, 86.41, 84.19, 81.67, 81.39, 80.39, 79.77, 78.92, 79.04, 77.19, 77.05, 76.69, 75.64, 74.58, 74.02, 74.09, 73.98, 73.71, 73.75, 73.15, 72.56, 71.58, 71.4, 71.02, 70.58, 70.35, 69.48, 68.39, 67.52, 67.13, 66.53, 66.35]
Average Accuracy: 76.31638888888888
2026-04-27 23:47:49,279 [trainer.py] => Average Accuracy: 76.31638888888888
2026-04-27 23:47:49,288 [trainer.py] => All params: 126094051
2026-04-27 23:47:49,295 [trainer.py] => Trainable params: 371716
2026-04-27 23:47:49,295 [palora.py] => Learning on 144-148
Parameters to be updated: {'image_encoder.blocks.7.attn.lora_A_v.36.weight', 'image_encoder.blocks.10.attn.lora_A_k.36.weight', 'image_encoder.blocks.1.attn.lora_B_v.36.weight', 'image_encoder.blocks.7.attn.lora_B_v.36.weight', 'image_encoder.blocks.6.attn.lora_B_v.36.weight', 'image_encoder.blocks.5.attn.lora_A_k.36.weight', 'image_encoder.blocks.8.attn.lora_B_k.36.weight', 'image_encoder.blocks.8.attn.lora_B_v.36.weight', 'image_encoder.blocks.0.attn.lora_A_k.36.weight', 'classifier_pool.36.weight', 'image_encoder.blocks.4.attn.lora_A_v.36.weight', 'image_encoder.blocks.4.attn.lora_A_k.36.weight', 'image_encoder.blocks.1.attn.lora_A_k.36.weight', 'image_encoder.blocks.1.attn.lora_B_k.36.weight', 'image_encoder.blocks.5.attn.lora_A_v.36.weight', 'image_encoder.blocks.2.attn.lora_A_k.36.weight', 'image_encoder.blocks.6.attn.lora_A_v.36.weight', 'image_encoder.blocks.7.attn.lora_A_k.36.weight', 'image_encoder.blocks.0.attn.lora_A_v.36.weight', 'image_encoder.blocks.8.attn.lora_A_k.36.weight', 'image_encoder.blocks.11.attn.lora_A_k.36.weight', 'image_encoder.blocks.7.attn.lora_B_k.36.weight', 'image_encoder.blocks.10.attn.lora_B_k.36.weight', 'image_encoder.blocks.0.attn.lora_B_k.36.weight', 'image_encoder.blocks.3.attn.lora_B_k.36.weight', 'image_encoder.blocks.11.attn.lora_A_v.36.weight', 'image_encoder.blocks.11.attn.lora_B_k.36.weight', 'image_encoder.blocks.9.attn.lora_B_k.36.weight', 'image_encoder.blocks.2.attn.lora_A_v.36.weight', 'image_encoder.blocks.8.attn.lora_A_v.36.weight', 'image_encoder.blocks.10.attn.lora_A_v.36.weight', 'image_encoder.blocks.3.attn.lora_A_v.36.weight', 'image_encoder.blocks.1.attn.lora_A_v.36.weight', 'image_encoder.blocks.4.attn.lora_B_k.36.weight', 'image_encoder.blocks.4.attn.lora_B_v.36.weight', 'classifier_pool.36.bias', 'image_encoder.blocks.9.attn.lora_B_v.36.weight', 'image_encoder.blocks.5.attn.lora_B_k.36.weight', 'image_encoder.blocks.3.attn.lora_A_k.36.weight', 'image_encoder.blocks.6.attn.lora_A_k.36.weight', 'image_encoder.blocks.9.attn.lora_A_k.36.weight', 'image_encoder.blocks.10.attn.lora_B_v.36.weight', 'image_encoder.blocks.11.attn.lora_B_v.36.weight', 'image_encoder.blocks.9.attn.lora_A_v.36.weight', 'image_encoder.blocks.3.attn.lora_B_v.36.weight', 'image_encoder.blocks.0.attn.lora_B_v.36.weight', 'image_encoder.blocks.5.attn.lora_B_v.36.weight', 'image_encoder.blocks.6.attn.lora_B_k.36.weight', 'image_encoder.blocks.2.attn.lora_B_v.36.weight', 'image_encoder.blocks.2.attn.lora_B_k.36.weight'}
After trained on task 35 tensor(0.0176, device='cuda:0') tensor(0.0170, device='cuda:0')
After trained on task 35 tensor(0.0167, device='cuda:0') tensor(0.0202, device='cuda:0')
After trained on task 35 tensor(0.0150, device='cuda:0') tensor(0.0211, device='cuda:0')
After trained on task 35 tensor(0.0156, device='cuda:0') tensor(0.0233, device='cuda:0')
After trained on task 35 tensor(0.0184, device='cuda:0') tensor(0.0243, device='cuda:0')
After trained on task 35 tensor(0.0193, device='cuda:0') tensor(0.0257, device='cuda:0')
After trained on task 35 tensor(0.0221, device='cuda:0') tensor(0.0276, device='cuda:0')
After trained on task 35 tensor(0.0214, device='cuda:0') tensor(0.0280, device='cuda:0')
After trained on task 35 tensor(0.0247, device='cuda:0') tensor(0.0321, device='cuda:0')
After trained on task 35 tensor(0.0238, device='cuda:0') tensor(0.0388, device='cuda:0')
After trained on task 35 tensor(0.0268, device='cuda:0') tensor(0.0435, device='cuda:0')
After trained on task 35 tensor(0.0330, device='cuda:0') tensor(0.0563, device='cuda:0')
reserving basis 157/768; cond: 107791187968.0, ratio:0.9916589856147766
reserving basis 157/768; cond: 107791187968.0, ratio:0.9916589856147766
reserving basis 171/768; cond: 14704190464.0, ratio:0.9908500909805298
reserving basis 171/768; cond: 14704190464.0, ratio:0.9908500909805298
reserving basis 164/768; cond: 11751734272.0, ratio:0.9904688596725464
reserving basis 164/768; cond: 11751734272.0, ratio:0.9904688596725464
reserving basis 166/768; cond: 112378044416.0, ratio:0.9909821152687073
reserving basis 166/768; cond: 112378044416.0, ratio:0.9909821152687073
reserving basis 172/768; cond: 6930797953024.0, ratio:0.9901073575019836
reserving basis 172/768; cond: 6930797953024.0, ratio:0.9901073575019836
reserving basis 168/768; cond: 58108973056.0, ratio:0.9904309511184692
reserving basis 168/768; cond: 58108973056.0, ratio:0.9904309511184692
reserving basis 176/768; cond: 143755509760.0, ratio:0.9906314015388489
reserving basis 176/768; cond: 143755509760.0, ratio:0.9906314015388489
reserving basis 166/768; cond: 539934326784.0, ratio:0.9909083247184753
reserving basis 166/768; cond: 539934326784.0, ratio:0.9909083247184753
reserving basis 176/768; cond: 29152837632.0, ratio:0.99123615026474
reserving basis 176/768; cond: 29152837632.0, ratio:0.99123615026474
reserving basis 162/768; cond: 64543944704.0, ratio:0.9900434017181396
reserving basis 162/768; cond: 64543944704.0, ratio:0.9900434017181396
reserving basis 170/768; cond: 29231650816.0, ratio:0.9907552003860474
reserving basis 170/768; cond: 29231650816.0, ratio:0.9907552003860474
reserving basis 161/768; cond: 49020153856.0, ratio:0.9901147484779358
reserving basis 161/768; cond: 49020153856.0, ratio:0.9901147484779358
reserving basis 172/768; cond: 47308685312.0, ratio:0.9914572834968567
reserving basis 172/768; cond: 47308685312.0, ratio:0.9914572834968567
reserving basis 164/768; cond: 36627222528.0, ratio:0.9908522367477417
reserving basis 164/768; cond: 36627222528.0, ratio:0.9908522367477417
reserving basis 175/768; cond: 18161840128.0, ratio:0.9907442331314087
reserving basis 175/768; cond: 18161840128.0, ratio:0.9907442331314087
reserving basis 163/768; cond: 48082825216.0, ratio:0.9907219409942627
reserving basis 163/768; cond: 48082825216.0, ratio:0.9907219409942627
reserving basis 176/768; cond: 30265231360.0, ratio:0.9911831021308899
reserving basis 176/768; cond: 30265231360.0, ratio:0.9911831021308899
reserving basis 155/768; cond: 395271143424.0, ratio:0.9906089901924133
reserving basis 155/768; cond: 395271143424.0, ratio:0.9906089901924133
reserving basis 171/768; cond: 51865821184.0, ratio:0.9906045198440552
reserving basis 171/768; cond: 51865821184.0, ratio:0.9906045198440552
reserving basis 145/768; cond: 29107011584.0, ratio:0.9900588989257812
reserving basis 145/768; cond: 29107011584.0, ratio:0.9900588989257812
reserving basis 165/768; cond: 267524947968.0, ratio:0.9900209307670593
reserving basis 165/768; cond: 267524947968.0, ratio:0.9900209307670593
reserving basis 133/768; cond: 9389385728.0, ratio:0.9905452132225037
reserving basis 133/768; cond: 9389385728.0, ratio:0.9905452132225037
reserving basis 155/768; cond: 66311016448.0, ratio:0.991061806678772
reserving basis 155/768; cond: 66311016448.0, ratio:0.991061806678772
reserving basis 118/768; cond: 18609631232.0, ratio:0.9911910891532898
reserving basis 118/768; cond: 18609631232.0, ratio:0.9911910891532898
2026-04-27 23:51:21,989 [palora.py] => Task 36, Epoch 50/50 => Loss 0.599, Train_accy 95.56
2026-04-27 23:51:26,839 [trainer.py] => Time:217.54364156723022
1278 1278
2026-04-27 23:51:33,288 [trainer.py] => Time:6.448825359344482
2026-04-27 23:51:33,289 [trainer.py] => ACC: {'total': 65.57, '00-03': 83.1, '04-07': 73.08, '08-11': 80.0, '12-15': 76.12, '16-19': 73.08, '20-23': 90.16, '24-27': 85.48, '28-31': 68.85, '32-35': 80.49, '36-39': 62.07, '40-43': 66.67, '44-47': 55.32, '48-51': 67.57, '52-55': 64.18, '56-59': 70.77, '60-63': 76.79, '64-67': 68.42, '68-71': 54.17, '72-75': 77.78, '76-79': 60.0, '80-83': 43.48, '84-87': 54.17, '88-91': 53.85, '92-95': 52.38, '96-99': 33.33, '100-103': 5.26, '104-107': 42.86, '108-111': 40.0, '112-115': 29.41, '116-119': 62.5, '120-123': 41.38, '124-127': 23.08, '128-131': 41.18, '132-135': 38.46, '136-139': 18.18, '140-143': 42.86, '144-147': 45.83, 'old': 65.95, 'new': 45.83}
2026-04-27 23:51:33,289 [trainer.py] => ACC top1 curve: [90.14, 86.99, 88.3, 87.45, 85.99, 86.41, 84.19, 81.67, 81.39, 80.39, 79.77, 78.92, 79.04, 77.19, 77.05, 76.69, 75.64, 74.58, 74.02, 74.09, 73.98, 73.71, 73.75, 73.15, 72.56, 71.58, 71.4, 71.02, 70.58, 70.35, 69.48, 68.39, 67.52, 67.13, 66.53, 66.35, 65.57]
Average Accuracy: 76.02594594594595
2026-04-27 23:51:33,289 [trainer.py] => Average Accuracy: 76.02594594594595
2026-04-27 23:51:33,297 [trainer.py] => All params: 126094051
2026-04-27 23:51:33,305 [trainer.py] => Trainable params: 371716
2026-04-27 23:51:33,305 [palora.py] => Learning on 148-152
Parameters to be updated: {'image_encoder.blocks.6.attn.lora_B_v.37.weight', 'image_encoder.blocks.6.attn.lora_A_v.37.weight', 'image_encoder.blocks.4.attn.lora_A_k.37.weight', 'image_encoder.blocks.2.attn.lora_A_v.37.weight', 'image_encoder.blocks.9.attn.lora_A_k.37.weight', 'image_encoder.blocks.9.attn.lora_B_v.37.weight', 'image_encoder.blocks.10.attn.lora_A_v.37.weight', 'image_encoder.blocks.1.attn.lora_A_k.37.weight', 'image_encoder.blocks.3.attn.lora_B_v.37.weight', 'image_encoder.blocks.4.attn.lora_B_k.37.weight', 'image_encoder.blocks.1.attn.lora_A_v.37.weight', 'image_encoder.blocks.10.attn.lora_B_k.37.weight', 'image_encoder.blocks.0.attn.lora_B_v.37.weight', 'image_encoder.blocks.7.attn.lora_A_k.37.weight', 'image_encoder.blocks.11.attn.lora_A_v.37.weight', 'classifier_pool.37.weight', 'image_encoder.blocks.11.attn.lora_B_v.37.weight', 'image_encoder.blocks.10.attn.lora_B_v.37.weight', 'image_encoder.blocks.0.attn.lora_A_v.37.weight', 'image_encoder.blocks.8.attn.lora_B_k.37.weight', 'image_encoder.blocks.3.attn.lora_A_v.37.weight', 'image_encoder.blocks.2.attn.lora_A_k.37.weight', 'image_encoder.blocks.4.attn.lora_A_v.37.weight', 'image_encoder.blocks.0.attn.lora_B_k.37.weight', 'image_encoder.blocks.9.attn.lora_A_v.37.weight', 'image_encoder.blocks.3.attn.lora_B_k.37.weight', 'image_encoder.blocks.2.attn.lora_B_k.37.weight', 'image_encoder.blocks.7.attn.lora_B_k.37.weight', 'image_encoder.blocks.6.attn.lora_A_k.37.weight', 'image_encoder.blocks.7.attn.lora_A_v.37.weight', 'image_encoder.blocks.1.attn.lora_B_v.37.weight', 'image_encoder.blocks.11.attn.lora_A_k.37.weight', 'image_encoder.blocks.8.attn.lora_A_v.37.weight', 'image_encoder.blocks.11.attn.lora_B_k.37.weight', 'classifier_pool.37.bias', 'image_encoder.blocks.5.attn.lora_A_v.37.weight', 'image_encoder.blocks.8.attn.lora_B_v.37.weight', 'image_encoder.blocks.8.attn.lora_A_k.37.weight', 'image_encoder.blocks.4.attn.lora_B_v.37.weight', 'image_encoder.blocks.5.attn.lora_B_v.37.weight', 'image_encoder.blocks.0.attn.lora_A_k.37.weight', 'image_encoder.blocks.5.attn.lora_A_k.37.weight', 'image_encoder.blocks.5.attn.lora_B_k.37.weight', 'image_encoder.blocks.7.attn.lora_B_v.37.weight', 'image_encoder.blocks.9.attn.lora_B_k.37.weight', 'image_encoder.blocks.3.attn.lora_A_k.37.weight', 'image_encoder.blocks.2.attn.lora_B_v.37.weight', 'image_encoder.blocks.1.attn.lora_B_k.37.weight', 'image_encoder.blocks.10.attn.lora_A_k.37.weight', 'image_encoder.blocks.6.attn.lora_B_k.37.weight'}
After trained on task 36 tensor(0.0173, device='cuda:0') tensor(0.0162, device='cuda:0')
After trained on task 36 tensor(0.0169, device='cuda:0') tensor(0.0176, device='cuda:0')
After trained on task 36 tensor(0.0145, device='cuda:0') tensor(0.0209, device='cuda:0')
After trained on task 36 tensor(0.0192, device='cuda:0') tensor(0.0246, device='cuda:0')
After trained on task 36 tensor(0.0186, device='cuda:0') tensor(0.0258, device='cuda:0')
After trained on task 36 tensor(0.0220, device='cuda:0') tensor(0.0274, device='cuda:0')
After trained on task 36 tensor(0.0238, device='cuda:0') tensor(0.0300, device='cuda:0')
After trained on task 36 tensor(0.0251, device='cuda:0') tensor(0.0316, device='cuda:0')
After trained on task 36 tensor(0.0263, device='cuda:0') tensor(0.0362, device='cuda:0')
After trained on task 36 tensor(0.0281, device='cuda:0') tensor(0.0439, device='cuda:0')
After trained on task 36 tensor(0.0287, device='cuda:0') tensor(0.0550, device='cuda:0')
After trained on task 36 tensor(0.0336, device='cuda:0') tensor(0.0633, device='cuda:0')
reserving basis 159/768; cond: 24732514304.0, ratio:0.9904090762138367
reserving basis 159/768; cond: 24732514304.0, ratio:0.9904090762138367
reserving basis 172/768; cond: 150307045376.0, ratio:0.9900073409080505
reserving basis 172/768; cond: 150307045376.0, ratio:0.9900073409080505
reserving basis 166/768; cond: 113516142592.0, ratio:0.9909195899963379
reserving basis 166/768; cond: 113516142592.0, ratio:0.9909195899963379
reserving basis 167/768; cond: 517297307648.0, ratio:0.9905796051025391
reserving basis 167/768; cond: 517297307648.0, ratio:0.9905796051025391
reserving basis 173/768; cond: 48853528576.0, ratio:0.9905931353569031
reserving basis 173/768; cond: 48853528576.0, ratio:0.9905931353569031
reserving basis 169/768; cond: 25415581696.0, ratio:0.9911905527114868
reserving basis 169/768; cond: 25415581696.0, ratio:0.9911905527114868
reserving basis 178/768; cond: 24313055232.0, ratio:0.9905688762664795
reserving basis 178/768; cond: 24313055232.0, ratio:0.9905688762664795
reserving basis 168/768; cond: 26012272640.0, ratio:0.9915092587471008
reserving basis 168/768; cond: 26012272640.0, ratio:0.9915092587471008
reserving basis 177/768; cond: 116559593472.0, ratio:0.9900184273719788
reserving basis 177/768; cond: 116559593472.0, ratio:0.9900184273719788
reserving basis 164/768; cond: 155940814848.0, ratio:0.9913421869277954
reserving basis 164/768; cond: 155940814848.0, ratio:0.9913421869277954
reserving basis 172/768; cond: 23743182848.0, ratio:0.9911950826644897
reserving basis 172/768; cond: 23743182848.0, ratio:0.9911950826644897
reserving basis 162/768; cond: 35813638144.0, ratio:0.9901242256164551
reserving basis 162/768; cond: 35813638144.0, ratio:0.9901242256164551
reserving basis 174/768; cond: 12178849792.0, ratio:0.9910357594490051
reserving basis 174/768; cond: 12178849792.0, ratio:0.9910357594490051
reserving basis 166/768; cond: 251193655296.0, ratio:0.9910738468170166
reserving basis 166/768; cond: 251193655296.0, ratio:0.9910738468170166
reserving basis 177/768; cond: 27315744768.0, ratio:0.9909948110580444
reserving basis 177/768; cond: 27315744768.0, ratio:0.9909948110580444
reserving basis 165/768; cond: 349431529472.0, ratio:0.9910747408866882
reserving basis 165/768; cond: 349431529472.0, ratio:0.9910747408866882
reserving basis 178/768; cond: 23016429568.0, ratio:0.9913787245750427
reserving basis 178/768; cond: 23016429568.0, ratio:0.9913787245750427
reserving basis 156/768; cond: 23474638848.0, ratio:0.9904588460922241
reserving basis 156/768; cond: 23474638848.0, ratio:0.9904588460922241
reserving basis 173/768; cond: 63567998976.0, ratio:0.9904928803443909
reserving basis 173/768; cond: 63567998976.0, ratio:0.9904928803443909
reserving basis 147/768; cond: 72299880448.0, ratio:0.9915304183959961
reserving basis 147/768; cond: 72299880448.0, ratio:0.9915304183959961
reserving basis 167/768; cond: 17791633408.0, ratio:0.9908424019813538
reserving basis 167/768; cond: 17791633408.0, ratio:0.9908424019813538
reserving basis 134/768; cond: 32373325824.0, ratio:0.9906453490257263
reserving basis 134/768; cond: 32373325824.0, ratio:0.9906453490257263
reserving basis 157/768; cond: 53027024896.0, ratio:0.9910567998886108
reserving basis 157/768; cond: 53027024896.0, ratio:0.9910567998886108
reserving basis 120/768; cond: 204576522240.0, ratio:0.9918617606163025
reserving basis 120/768; cond: 204576522240.0, ratio:0.9918617606163025
2026-04-27 23:54:53,596 [palora.py] => Task 37, Epoch 50/50 => Loss 0.515, Train_accy 98.28
2026-04-27 23:54:58,274 [trainer.py] => Time:204.96925258636475
1299 1299
2026-04-27 23:55:05,390 [trainer.py] => Time:7.115339994430542
2026-04-27 23:55:05,390 [trainer.py] => ACC: {'total': 65.13, '00-03': 83.1, '04-07': 73.08, '08-11': 78.46, '12-15': 76.12, '16-19': 73.08, '20-23': 90.16, '24-27': 85.48, '28-31': 72.13, '32-35': 80.49, '36-39': 62.07, '40-43': 66.67, '44-47': 55.32, '48-51': 67.57, '52-55': 64.18, '56-59': 70.77, '60-63': 76.79, '64-67': 68.42, '68-71': 54.17, '72-75': 77.78, '76-79': 60.0, '80-83': 43.48, '84-87': 50.0, '88-91': 53.85, '92-95': 52.38, '96-99': 33.33, '100-103': 5.26, '104-107': 42.86, '108-111': 40.0, '112-115': 23.53, '116-119': 62.5, '120-123': 41.38, '124-127': 23.08, '128-131': 41.18, '132-135': 38.46, '136-139': 18.18, '140-143': 42.86, '144-147': 45.83, '148-151': 42.86, 'old': 65.49, 'new': 42.86}
2026-04-27 23:55:05,390 [trainer.py] => ACC top1 curve: [90.14, 86.99, 88.3, 87.45, 85.99, 86.41, 84.19, 81.67, 81.39, 80.39, 79.77, 78.92, 79.04, 77.19, 77.05, 76.69, 75.64, 74.58, 74.02, 74.09, 73.98, 73.71, 73.75, 73.15, 72.56, 71.58, 71.4, 71.02, 70.58, 70.35, 69.48, 68.39, 67.52, 67.13, 66.53, 66.35, 65.57, 65.13]
Average Accuracy: 75.73921052631579
2026-04-27 23:55:05,391 [trainer.py] => Average Accuracy: 75.73921052631579
2026-04-27 23:55:05,399 [trainer.py] => All params: 126094051
2026-04-27 23:55:05,406 [trainer.py] => Trainable params: 371716
2026-04-27 23:55:05,406 [palora.py] => Learning on 152-156
Parameters to be updated: {'image_encoder.blocks.7.attn.lora_B_v.38.weight', 'image_encoder.blocks.9.attn.lora_B_v.38.weight', 'image_encoder.blocks.7.attn.lora_A_v.38.weight', 'image_encoder.blocks.9.attn.lora_B_k.38.weight', 'image_encoder.blocks.10.attn.lora_A_v.38.weight', 'image_encoder.blocks.11.attn.lora_A_v.38.weight', 'image_encoder.blocks.0.attn.lora_A_v.38.weight', 'image_encoder.blocks.6.attn.lora_B_k.38.weight', 'image_encoder.blocks.5.attn.lora_B_v.38.weight', 'image_encoder.blocks.11.attn.lora_A_k.38.weight', 'image_encoder.blocks.2.attn.lora_B_k.38.weight', 'image_encoder.blocks.7.attn.lora_A_k.38.weight', 'image_encoder.blocks.6.attn.lora_A_v.38.weight', 'image_encoder.blocks.8.attn.lora_B_v.38.weight', 'image_encoder.blocks.4.attn.lora_A_v.38.weight', 'image_encoder.blocks.10.attn.lora_A_k.38.weight', 'image_encoder.blocks.0.attn.lora_B_k.38.weight', 'image_encoder.blocks.10.attn.lora_B_k.38.weight', 'image_encoder.blocks.6.attn.lora_B_v.38.weight', 'image_encoder.blocks.1.attn.lora_B_v.38.weight', 'image_encoder.blocks.2.attn.lora_A_k.38.weight', 'image_encoder.blocks.4.attn.lora_A_k.38.weight', 'image_encoder.blocks.8.attn.lora_A_v.38.weight', 'image_encoder.blocks.0.attn.lora_A_k.38.weight', 'image_encoder.blocks.2.attn.lora_B_v.38.weight', 'image_encoder.blocks.8.attn.lora_B_k.38.weight', 'image_encoder.blocks.9.attn.lora_A_v.38.weight', 'image_encoder.blocks.11.attn.lora_B_k.38.weight', 'image_encoder.blocks.0.attn.lora_B_v.38.weight', 'image_encoder.blocks.11.attn.lora_B_v.38.weight', 'image_encoder.blocks.1.attn.lora_A_v.38.weight', 'image_encoder.blocks.6.attn.lora_A_k.38.weight', 'classifier_pool.38.weight', 'image_encoder.blocks.1.attn.lora_B_k.38.weight', 'image_encoder.blocks.3.attn.lora_A_k.38.weight', 'image_encoder.blocks.4.attn.lora_B_v.38.weight', 'image_encoder.blocks.3.attn.lora_B_k.38.weight', 'image_encoder.blocks.5.attn.lora_B_k.38.weight', 'image_encoder.blocks.7.attn.lora_B_k.38.weight', 'image_encoder.blocks.9.attn.lora_A_k.38.weight', 'image_encoder.blocks.1.attn.lora_A_k.38.weight', 'image_encoder.blocks.5.attn.lora_A_v.38.weight', 'image_encoder.blocks.5.attn.lora_A_k.38.weight', 'classifier_pool.38.bias', 'image_encoder.blocks.8.attn.lora_A_k.38.weight', 'image_encoder.blocks.2.attn.lora_A_v.38.weight', 'image_encoder.blocks.4.attn.lora_B_k.38.weight', 'image_encoder.blocks.3.attn.lora_A_v.38.weight', 'image_encoder.blocks.10.attn.lora_B_v.38.weight', 'image_encoder.blocks.3.attn.lora_B_v.38.weight'}
After trained on task 37 tensor(0.0200, device='cuda:0') tensor(0.0153, device='cuda:0')
After trained on task 37 tensor(0.0164, device='cuda:0') tensor(0.0180, device='cuda:0')
After trained on task 37 tensor(0.0154, device='cuda:0') tensor(0.0204, device='cuda:0')
After trained on task 37 tensor(0.0169, device='cuda:0') tensor(0.0200, device='cuda:0')
After trained on task 37 tensor(0.0176, device='cuda:0') tensor(0.0261, device='cuda:0')
After trained on task 37 tensor(0.0237, device='cuda:0') tensor(0.0278, device='cuda:0')
After trained on task 37 tensor(0.0229, device='cuda:0') tensor(0.0264, device='cuda:0')
After trained on task 37 tensor(0.0261, device='cuda:0') tensor(0.0299, device='cuda:0')
After trained on task 37 tensor(0.0246, device='cuda:0') tensor(0.0339, device='cuda:0')
After trained on task 37 tensor(0.0246, device='cuda:0') tensor(0.0381, device='cuda:0')
After trained on task 37 tensor(0.0286, device='cuda:0') tensor(0.0480, device='cuda:0')
After trained on task 37 tensor(0.0309, device='cuda:0') tensor(0.0595, device='cuda:0')
reserving basis 161/768; cond: 28849512448.0, ratio:0.990387499332428
reserving basis 161/768; cond: 28849512448.0, ratio:0.990387499332428
reserving basis 174/768; cond: 189483941888.0, ratio:0.9914504885673523
reserving basis 174/768; cond: 189483941888.0, ratio:0.9914504885673523
reserving basis 167/768; cond: 28058419200.0, ratio:0.990336000919342
reserving basis 167/768; cond: 28058419200.0, ratio:0.990336000919342
reserving basis 168/768; cond: 24949463040.0, ratio:0.9900457262992859
reserving basis 168/768; cond: 24949463040.0, ratio:0.9900457262992859
reserving basis 174/768; cond: 8579866112.0, ratio:0.9905471205711365
reserving basis 174/768; cond: 8579866112.0, ratio:0.9905471205711365
reserving basis 171/768; cond: 117330599936.0, ratio:0.9914172887802124
reserving basis 171/768; cond: 117330599936.0, ratio:0.9914172887802124
reserving basis 180/768; cond: 58112663552.0, ratio:0.9912084341049194
reserving basis 180/768; cond: 58112663552.0, ratio:0.9912084341049194
reserving basis 169/768; cond: 2710093955072.0, ratio:0.9912708401679993
reserving basis 169/768; cond: 2710093955072.0, ratio:0.9912708401679993
reserving basis 178/768; cond: 20558735360.0, ratio:0.9909090399742126
reserving basis 178/768; cond: 20558735360.0, ratio:0.9909090399742126
reserving basis 166/768; cond: 30990131200.0, ratio:0.9905948042869568
reserving basis 166/768; cond: 30990131200.0, ratio:0.9905948042869568
reserving basis 174/768; cond: 102179110912.0, ratio:0.9913117289543152
reserving basis 174/768; cond: 102179110912.0, ratio:0.9913117289543152
reserving basis 164/768; cond: 8386991095808.0, ratio:0.9908499121665955
reserving basis 164/768; cond: 8386991095808.0, ratio:0.9908499121665955
reserving basis 175/768; cond: 32421672960.0, ratio:0.9905943274497986
reserving basis 175/768; cond: 32421672960.0, ratio:0.9905943274497986
reserving basis 167/768; cond: 27729940480.0, ratio:0.9902763962745667
reserving basis 167/768; cond: 27729940480.0, ratio:0.9902763962745667
reserving basis 179/768; cond: 53221416960.0, ratio:0.9910970330238342
reserving basis 179/768; cond: 53221416960.0, ratio:0.9910970330238342
reserving basis 166/768; cond: 141922877440.0, ratio:0.9904755353927612
reserving basis 166/768; cond: 141922877440.0, ratio:0.9904755353927612
reserving basis 179/768; cond: 40700551168.0, ratio:0.9905204772949219
reserving basis 179/768; cond: 40700551168.0, ratio:0.9905204772949219
reserving basis 157/768; cond: 18177402880.0, ratio:0.9902893900871277
reserving basis 157/768; cond: 18177402880.0, ratio:0.9902893900871277
reserving basis 174/768; cond: 114462941184.0, ratio:0.990181028842926
reserving basis 174/768; cond: 114462941184.0, ratio:0.990181028842926
reserving basis 148/768; cond: 37643227136.0, ratio:0.9903339743614197
reserving basis 148/768; cond: 37643227136.0, ratio:0.9903339743614197
reserving basis 168/768; cond: 543136055296.0, ratio:0.9901490807533264
reserving basis 168/768; cond: 543136055296.0, ratio:0.9901490807533264
reserving basis 135/768; cond: 6773453312.0, ratio:0.9909616708755493
reserving basis 135/768; cond: 6773453312.0, ratio:0.9909616708755493
reserving basis 158/768; cond: 222364221440.0, ratio:0.9904690384864807
reserving basis 158/768; cond: 222364221440.0, ratio:0.9904690384864807
reserving basis 121/768; cond: 279937941504.0, ratio:0.9913790225982666
reserving basis 121/768; cond: 279937941504.0, ratio:0.9913790225982666
2026-04-27 23:58:25,187 [palora.py] => Task 38, Epoch 50/50 => Loss 0.499, Train_accy 97.56
2026-04-27 23:58:29,379 [trainer.py] => Time:203.97236895561218
1308 1308
2026-04-27 23:58:36,106 [trainer.py] => Time:6.726752758026123
2026-04-27 23:58:36,106 [trainer.py] => ACC: {'total': 64.37, '00-03': 83.1, '04-07': 73.08, '08-11': 80.0, '12-15': 76.12, '16-19': 73.08, '20-23': 90.16, '24-27': 85.48, '28-31': 68.85, '32-35': 80.49, '36-39': 62.07, '40-43': 66.67, '44-47': 55.32, '48-51': 67.57, '52-55': 64.18, '56-59': 69.23, '60-63': 75.0, '64-67': 66.67, '68-71': 54.17, '72-75': 77.78, '76-79': 40.0, '80-83': 43.48, '84-87': 50.0, '88-91': 53.85, '92-95': 52.38, '96-99': 33.33, '100-103': 5.26, '104-107': 42.86, '108-111': 40.0, '112-115': 23.53, '116-119': 62.5, '120-123': 41.38, '124-127': 23.08, '128-131': 41.18, '132-135': 38.46, '136-139': 18.18, '140-143': 42.86, '144-147': 45.83, '148-151': 42.86, '152-155': 22.22, 'old': 64.67, 'new': 22.22}
2026-04-27 23:58:36,106 [trainer.py] => ACC top1 curve: [90.14, 86.99, 88.3, 87.45, 85.99, 86.41, 84.19, 81.67, 81.39, 80.39, 79.77, 78.92, 79.04, 77.19, 77.05, 76.69, 75.64, 74.58, 74.02, 74.09, 73.98, 73.71, 73.75, 73.15, 72.56, 71.58, 71.4, 71.02, 70.58, 70.35, 69.48, 68.39, 67.52, 67.13, 66.53, 66.35, 65.57, 65.13, 64.37]
Average Accuracy: 75.44769230769231
2026-04-27 23:58:36,106 [trainer.py] => Average Accuracy: 75.44769230769231
2026-04-27 23:58:36,115 [trainer.py] => All params: 126094051
2026-04-27 23:58:36,122 [trainer.py] => Trainable params: 371716
2026-04-27 23:58:36,123 [palora.py] => Learning on 156-160
Parameters to be updated: {'image_encoder.blocks.0.attn.lora_A_k.39.weight', 'image_encoder.blocks.10.attn.lora_B_v.39.weight', 'image_encoder.blocks.11.attn.lora_B_k.39.weight', 'image_encoder.blocks.9.attn.lora_A_v.39.weight', 'image_encoder.blocks.10.attn.lora_A_k.39.weight', 'image_encoder.blocks.1.attn.lora_B_k.39.weight', 'image_encoder.blocks.7.attn.lora_A_v.39.weight', 'image_encoder.blocks.5.attn.lora_B_v.39.weight', 'image_encoder.blocks.9.attn.lora_A_k.39.weight', 'image_encoder.blocks.4.attn.lora_A_k.39.weight', 'image_encoder.blocks.6.attn.lora_B_k.39.weight', 'image_encoder.blocks.6.attn.lora_A_v.39.weight', 'image_encoder.blocks.2.attn.lora_B_k.39.weight', 'image_encoder.blocks.5.attn.lora_A_v.39.weight', 'image_encoder.blocks.1.attn.lora_B_v.39.weight', 'image_encoder.blocks.3.attn.lora_A_v.39.weight', 'image_encoder.blocks.0.attn.lora_B_k.39.weight', 'image_encoder.blocks.3.attn.lora_B_k.39.weight', 'image_encoder.blocks.2.attn.lora_B_v.39.weight', 'image_encoder.blocks.4.attn.lora_A_v.39.weight', 'image_encoder.blocks.9.attn.lora_B_k.39.weight', 'image_encoder.blocks.9.attn.lora_B_v.39.weight', 'image_encoder.blocks.7.attn.lora_B_k.39.weight', 'image_encoder.blocks.6.attn.lora_A_k.39.weight', 'image_encoder.blocks.8.attn.lora_A_k.39.weight', 'image_encoder.blocks.1.attn.lora_A_k.39.weight', 'image_encoder.blocks.11.attn.lora_A_v.39.weight', 'image_encoder.blocks.7.attn.lora_B_v.39.weight', 'image_encoder.blocks.5.attn.lora_A_k.39.weight', 'image_encoder.blocks.0.attn.lora_A_v.39.weight', 'image_encoder.blocks.8.attn.lora_B_v.39.weight', 'image_encoder.blocks.2.attn.lora_A_k.39.weight', 'image_encoder.blocks.0.attn.lora_B_v.39.weight', 'image_encoder.blocks.7.attn.lora_A_k.39.weight', 'image_encoder.blocks.10.attn.lora_A_v.39.weight', 'image_encoder.blocks.3.attn.lora_A_k.39.weight', 'image_encoder.blocks.11.attn.lora_A_k.39.weight', 'image_encoder.blocks.6.attn.lora_B_v.39.weight', 'image_encoder.blocks.11.attn.lora_B_v.39.weight', 'classifier_pool.39.bias', 'image_encoder.blocks.5.attn.lora_B_k.39.weight', 'image_encoder.blocks.1.attn.lora_A_v.39.weight', 'classifier_pool.39.weight', 'image_encoder.blocks.2.attn.lora_A_v.39.weight', 'image_encoder.blocks.4.attn.lora_B_v.39.weight', 'image_encoder.blocks.8.attn.lora_B_k.39.weight', 'image_encoder.blocks.4.attn.lora_B_k.39.weight', 'image_encoder.blocks.10.attn.lora_B_k.39.weight', 'image_encoder.blocks.3.attn.lora_B_v.39.weight', 'image_encoder.blocks.8.attn.lora_A_v.39.weight'}
After trained on task 38 tensor(0.0199, device='cuda:0') tensor(0.0157, device='cuda:0')
After trained on task 38 tensor(0.0164, device='cuda:0') tensor(0.0188, device='cuda:0')
After trained on task 38 tensor(0.0134, device='cuda:0') tensor(0.0199, device='cuda:0')
After trained on task 38 tensor(0.0158, device='cuda:0') tensor(0.0223, device='cuda:0')
After trained on task 38 tensor(0.0209, device='cuda:0') tensor(0.0229, device='cuda:0')
After trained on task 38 tensor(0.0232, device='cuda:0') tensor(0.0274, device='cuda:0')
After trained on task 38 tensor(0.0229, device='cuda:0') tensor(0.0270, device='cuda:0')
After trained on task 38 tensor(0.0236, device='cuda:0') tensor(0.0291, device='cuda:0')
After trained on task 38 tensor(0.0246, device='cuda:0') tensor(0.0338, device='cuda:0')
After trained on task 38 tensor(0.0266, device='cuda:0') tensor(0.0369, device='cuda:0')
After trained on task 38 tensor(0.0256, device='cuda:0') tensor(0.0464, device='cuda:0')
After trained on task 38 tensor(0.0319, device='cuda:0') tensor(0.0578, device='cuda:0')
reserving basis 163/768; cond: 57934209024.0, ratio:0.991348385810852
reserving basis 163/768; cond: 57934209024.0, ratio:0.991348385810852
reserving basis 175/768; cond: 42013999104.0, ratio:0.9904977083206177
reserving basis 175/768; cond: 42013999104.0, ratio:0.9904977083206177
reserving basis 168/768; cond: 390283395072.0, ratio:0.9905338883399963
reserving basis 168/768; cond: 390283395072.0, ratio:0.9905338883399963
reserving basis 169/768; cond: 42291404800.0, ratio:0.9902958273887634
reserving basis 169/768; cond: 42291404800.0, ratio:0.9902958273887634
reserving basis 174/768; cond: 29146056704.0, ratio:0.9900363087654114
reserving basis 174/768; cond: 29146056704.0, ratio:0.9900363087654114
reserving basis 172/768; cond: 122733592576.0, ratio:0.9906105399131775
reserving basis 172/768; cond: 122733592576.0, ratio:0.9906105399131775
reserving basis 181/768; cond: 52805734400.0, ratio:0.9908186793327332
reserving basis 181/768; cond: 52805734400.0, ratio:0.9908186793327332
reserving basis 170/768; cond: 317826990080.0, ratio:0.9912056922912598
reserving basis 170/768; cond: 317826990080.0, ratio:0.9912056922912598
reserving basis 180/768; cond: 16032105472.0, ratio:0.9906206727027893
reserving basis 180/768; cond: 16032105472.0, ratio:0.9906206727027893
reserving basis 167/768; cond: 54188605440.0, ratio:0.9910834431648254
reserving basis 167/768; cond: 54188605440.0, ratio:0.9910834431648254
reserving basis 175/768; cond: 38633472000.0, ratio:0.9906856417655945
reserving basis 175/768; cond: 38633472000.0, ratio:0.9906856417655945
reserving basis 165/768; cond: 22527948800.0, ratio:0.9905346632003784
reserving basis 165/768; cond: 22527948800.0, ratio:0.9905346632003784
reserving basis 176/768; cond: 4889122439168.0, ratio:0.9901891946792603
reserving basis 176/768; cond: 4889122439168.0, ratio:0.9901891946792603
reserving basis 169/768; cond: 89473556480.0, ratio:0.991511344909668
reserving basis 169/768; cond: 89473556480.0, ratio:0.991511344909668
reserving basis 181/768; cond: 24408807424.0, ratio:0.9913837313652039
reserving basis 181/768; cond: 24408807424.0, ratio:0.9913837313652039
reserving basis 168/768; cond: 26992596992.0, ratio:0.9914770722389221
reserving basis 168/768; cond: 26992596992.0, ratio:0.9914770722389221
reserving basis 180/768; cond: 8525115904.0, ratio:0.9902968406677246
reserving basis 180/768; cond: 8525115904.0, ratio:0.9902968406677246
reserving basis 158/768; cond: 8397540864.0, ratio:0.9901403784751892
reserving basis 158/768; cond: 8397540864.0, ratio:0.9901403784751892
reserving basis 175/768; cond: 1641170862080.0, ratio:0.9903351068496704
reserving basis 175/768; cond: 1641170862080.0, ratio:0.9903351068496704
reserving basis 149/768; cond: 28914810880.0, ratio:0.9901528358459473
reserving basis 149/768; cond: 28914810880.0, ratio:0.9901528358459473
reserving basis 169/768; cond: 111489556480.0, ratio:0.9906547665596008
reserving basis 169/768; cond: 111489556480.0, ratio:0.9906547665596008
reserving basis 136/768; cond: 15334072320.0, ratio:0.9912892580032349
reserving basis 136/768; cond: 15334072320.0, ratio:0.9912892580032349
reserving basis 159/768; cond: 2606239580160.0, ratio:0.9907055497169495
reserving basis 159/768; cond: 2606239580160.0, ratio:0.9907055497169495
reserving basis 122/768; cond: 174948204544.0, ratio:0.9909810423851013
reserving basis 122/768; cond: 174948204544.0, ratio:0.9909810423851013
2026-04-28 00:02:07,992 [palora.py] => Task 39, Epoch 50/50 => Loss 0.394, Train_accy 100.00
2026-04-28 00:02:12,949 [trainer.py] => Time:216.82601165771484
1325 1325
2026-04-28 00:02:20,186 [trainer.py] => Time:7.2367377281188965
2026-04-28 00:02:20,186 [trainer.py] => ACC: {'total': 64.08, '00-03': 83.1, '04-07': 73.08, '08-11': 78.46, '12-15': 76.12, '16-19': 73.08, '20-23': 90.16, '24-27': 83.87, '28-31': 70.49, '32-35': 80.49, '36-39': 62.07, '40-43': 66.67, '44-47': 55.32, '48-51': 67.57, '52-55': 64.18, '56-59': 69.23, '60-63': 73.21, '64-67': 68.42, '68-71': 54.17, '72-75': 77.78, '76-79': 40.0, '80-83': 39.13, '84-87': 50.0, '88-91': 53.85, '92-95': 52.38, '96-99': 33.33, '100-103': 5.26, '104-107': 42.86, '108-111': 40.0, '112-115': 23.53, '116-119': 62.5, '120-123': 41.38, '124-127': 23.08, '128-131': 41.18, '132-135': 38.46, '136-139': 18.18, '140-143': 42.86, '144-147': 45.83, '148-151': 38.1, '152-155': 22.22, '156-159': 58.82, 'old': 64.14, 'new': 58.82}
2026-04-28 00:02:20,186 [trainer.py] => ACC top1 curve: [90.14, 86.99, 88.3, 87.45, 85.99, 86.41, 84.19, 81.67, 81.39, 80.39, 79.77, 78.92, 79.04, 77.19, 77.05, 76.69, 75.64, 74.58, 74.02, 74.09, 73.98, 73.71, 73.75, 73.15, 72.56, 71.58, 71.4, 71.02, 70.58, 70.35, 69.48, 68.39, 67.52, 67.13, 66.53, 66.35, 65.57, 65.13, 64.37, 64.08]
Average Accuracy: 75.1635
2026-04-28 00:02:20,186 [trainer.py] => Average Accuracy: 75.1635
2026-04-28 00:02:20,195 [trainer.py] => All params: 126094051
2026-04-28 00:02:20,203 [trainer.py] => Trainable params: 371716
2026-04-28 00:02:20,203 [palora.py] => Learning on 160-164
Parameters to be updated: {'image_encoder.blocks.11.attn.lora_A_v.40.weight', 'image_encoder.blocks.2.attn.lora_A_v.40.weight', 'image_encoder.blocks.7.attn.lora_B_k.40.weight', 'image_encoder.blocks.2.attn.lora_A_k.40.weight', 'image_encoder.blocks.9.attn.lora_B_v.40.weight', 'image_encoder.blocks.4.attn.lora_B_v.40.weight', 'image_encoder.blocks.8.attn.lora_A_k.40.weight', 'image_encoder.blocks.7.attn.lora_B_v.40.weight', 'image_encoder.blocks.10.attn.lora_A_v.40.weight', 'image_encoder.blocks.11.attn.lora_A_k.40.weight', 'image_encoder.blocks.4.attn.lora_A_v.40.weight', 'image_encoder.blocks.6.attn.lora_B_v.40.weight', 'image_encoder.blocks.11.attn.lora_B_v.40.weight', 'image_encoder.blocks.5.attn.lora_B_k.40.weight', 'image_encoder.blocks.4.attn.lora_A_k.40.weight', 'image_encoder.blocks.10.attn.lora_B_v.40.weight', 'image_encoder.blocks.1.attn.lora_B_v.40.weight', 'image_encoder.blocks.3.attn.lora_B_v.40.weight', 'image_encoder.blocks.3.attn.lora_A_k.40.weight', 'image_encoder.blocks.0.attn.lora_B_v.40.weight', 'classifier_pool.40.bias', 'image_encoder.blocks.6.attn.lora_A_k.40.weight', 'image_encoder.blocks.2.attn.lora_B_v.40.weight', 'image_encoder.blocks.2.attn.lora_B_k.40.weight', 'image_encoder.blocks.8.attn.lora_B_v.40.weight', 'image_encoder.blocks.1.attn.lora_A_v.40.weight', 'image_encoder.blocks.5.attn.lora_A_k.40.weight', 'image_encoder.blocks.8.attn.lora_A_v.40.weight', 'image_encoder.blocks.5.attn.lora_B_v.40.weight', 'image_encoder.blocks.3.attn.lora_B_k.40.weight', 'image_encoder.blocks.6.attn.lora_B_k.40.weight', 'image_encoder.blocks.0.attn.lora_A_v.40.weight', 'image_encoder.blocks.11.attn.lora_B_k.40.weight', 'image_encoder.blocks.10.attn.lora_A_k.40.weight', 'image_encoder.blocks.6.attn.lora_A_v.40.weight', 'image_encoder.blocks.4.attn.lora_B_k.40.weight', 'image_encoder.blocks.8.attn.lora_B_k.40.weight', 'image_encoder.blocks.7.attn.lora_A_v.40.weight', 'image_encoder.blocks.5.attn.lora_A_v.40.weight', 'image_encoder.blocks.0.attn.lora_A_k.40.weight', 'image_encoder.blocks.1.attn.lora_B_k.40.weight', 'image_encoder.blocks.9.attn.lora_B_k.40.weight', 'image_encoder.blocks.3.attn.lora_A_v.40.weight', 'image_encoder.blocks.9.attn.lora_A_v.40.weight', 'image_encoder.blocks.1.attn.lora_A_k.40.weight', 'image_encoder.blocks.0.attn.lora_B_k.40.weight', 'image_encoder.blocks.7.attn.lora_A_k.40.weight', 'classifier_pool.40.weight', 'image_encoder.blocks.10.attn.lora_B_k.40.weight', 'image_encoder.blocks.9.attn.lora_A_k.40.weight'}
After trained on task 39 tensor(0.0147, device='cuda:0') tensor(0.0180, device='cuda:0')
After trained on task 39 tensor(0.0170, device='cuda:0') tensor(0.0220, device='cuda:0')
After trained on task 39 tensor(0.0193, device='cuda:0') tensor(0.0217, device='cuda:0')
After trained on task 39 tensor(0.0159, device='cuda:0') tensor(0.0238, device='cuda:0')
After trained on task 39 tensor(0.0194, device='cuda:0') tensor(0.0249, device='cuda:0')
After trained on task 39 tensor(0.0245, device='cuda:0') tensor(0.0274, device='cuda:0')
After trained on task 39 tensor(0.0252, device='cuda:0') tensor(0.0295, device='cuda:0')
After trained on task 39 tensor(0.0254, device='cuda:0') tensor(0.0311, device='cuda:0')
After trained on task 39 tensor(0.0285, device='cuda:0') tensor(0.0332, device='cuda:0')
After trained on task 39 tensor(0.0255, device='cuda:0') tensor(0.0410, device='cuda:0')
After trained on task 39 tensor(0.0273, device='cuda:0') tensor(0.0508, device='cuda:0')
After trained on task 39 tensor(0.0350, device='cuda:0') tensor(0.0577, device='cuda:0')
reserving basis 163/768; cond: 254275141632.0, ratio:0.9901576638221741
reserving basis 163/768; cond: 254275141632.0, ratio:0.9901576638221741
reserving basis 177/768; cond: 39333556224.0, ratio:0.9911776781082153
reserving basis 177/768; cond: 39333556224.0, ratio:0.9911776781082153
reserving basis 170/768; cond: 314055458816.0, ratio:0.9914333820343018
reserving basis 170/768; cond: 314055458816.0, ratio:0.9914333820343018
reserving basis 170/768; cond: 24424148992.0, ratio:0.9901061654090881
reserving basis 170/768; cond: 24424148992.0, ratio:0.9901061654090881
reserving basis 176/768; cond: 35496333312.0, ratio:0.9906548261642456
reserving basis 176/768; cond: 35496333312.0, ratio:0.9906548261642456
reserving basis 173/768; cond: 19289569280.0, ratio:0.9904868006706238
reserving basis 173/768; cond: 19289569280.0, ratio:0.9904868006706238
reserving basis 182/768; cond: 258572664832.0, ratio:0.9900310039520264
reserving basis 182/768; cond: 258572664832.0, ratio:0.9900310039520264
reserving basis 171/768; cond: 22920323072.0, ratio:0.9900436997413635
reserving basis 171/768; cond: 22920323072.0, ratio:0.9900436997413635
reserving basis 181/768; cond: 82024800256.0, ratio:0.9902834296226501
reserving basis 181/768; cond: 82024800256.0, ratio:0.9902834296226501
reserving basis 168/768; cond: 27874469888.0, ratio:0.9912113547325134
reserving basis 168/768; cond: 27874469888.0, ratio:0.9912113547325134
reserving basis 177/768; cond: 736880754688.0, ratio:0.9914070963859558
reserving basis 177/768; cond: 736880754688.0, ratio:0.9914070963859558
reserving basis 166/768; cond: 133298429952.0, ratio:0.9902806878089905
reserving basis 166/768; cond: 133298429952.0, ratio:0.9902806878089905
reserving basis 177/768; cond: 102469550080.0, ratio:0.9902557730674744
reserving basis 177/768; cond: 102469550080.0, ratio:0.9902557730674744
reserving basis 171/768; cond: 890018004992.0, ratio:0.9911593794822693
reserving basis 171/768; cond: 890018004992.0, ratio:0.9911593794822693
reserving basis 182/768; cond: 118323765248.0, ratio:0.9900838732719421
reserving basis 182/768; cond: 118323765248.0, ratio:0.9900838732719421
reserving basis 169/768; cond: 145432100864.0, ratio:0.9900959134101868
reserving basis 169/768; cond: 145432100864.0, ratio:0.9900959134101868
reserving basis 181/768; cond: 20682477568.0, ratio:0.9902738928794861
reserving basis 181/768; cond: 20682477568.0, ratio:0.9902738928794861
reserving basis 159/768; cond: 47042904064.0, ratio:0.9905401468276978
reserving basis 159/768; cond: 47042904064.0, ratio:0.9905401468276978
reserving basis 176/768; cond: 44130938880.0, ratio:0.9903810620307922
reserving basis 176/768; cond: 44130938880.0, ratio:0.9903810620307922
reserving basis 150/768; cond: 25244581888.0, ratio:0.991409420967102
reserving basis 150/768; cond: 25244581888.0, ratio:0.991409420967102
reserving basis 170/768; cond: 18137825280.0, ratio:0.9906824827194214
reserving basis 170/768; cond: 18137825280.0, ratio:0.9906824827194214
reserving basis 137/768; cond: 27565465600.0, ratio:0.9912798404693604
reserving basis 137/768; cond: 27565465600.0, ratio:0.9912798404693604
reserving basis 160/768; cond: 451773431808.0, ratio:0.9902353882789612
reserving basis 160/768; cond: 451773431808.0, ratio:0.9902353882789612
reserving basis 123/768; cond: 43698458624.0, ratio:0.9920531511306763
reserving basis 123/768; cond: 43698458624.0, ratio:0.9920531511306763
2026-04-28 00:05:57,829 [palora.py] => Task 40, Epoch 50/50 => Loss 0.490, Train_accy 98.77
2026-04-28 00:06:02,601 [trainer.py] => Time:222.3976104259491
1343 1343
2026-04-28 00:06:09,809 [trainer.py] => Time:7.2074995040893555
2026-04-28 00:06:09,809 [trainer.py] => ACC: {'total': 63.74, '00-03': 83.1, '04-07': 73.08, '08-11': 78.46, '12-15': 76.12, '16-19': 73.08, '20-23': 90.16, '24-27': 85.48, '28-31': 70.49, '32-35': 80.49, '36-39': 62.07, '40-43': 64.29, '44-47': 55.32, '48-51': 67.57, '52-55': 64.18, '56-59': 67.69, '60-63': 73.21, '64-67': 68.42, '68-71': 54.17, '72-75': 77.78, '76-79': 40.0, '80-83': 39.13, '84-87': 50.0, '88-91': 53.85, '92-95': 52.38, '96-99': 33.33, '100-103': 5.26, '104-107': 42.86, '108-111': 40.0, '112-115': 23.53, '116-119': 62.5, '120-123': 41.38, '124-127': 23.08, '128-131': 41.18, '132-135': 38.46, '136-139': 18.18, '140-143': 42.86, '144-147': 45.83, '148-151': 33.33, '152-155': 22.22, '156-159': 58.82, '160-163': 50.0, 'old': 63.92, 'new': 50.0}
2026-04-28 00:06:09,809 [trainer.py] => ACC top1 curve: [90.14, 86.99, 88.3, 87.45, 85.99, 86.41, 84.19, 81.67, 81.39, 80.39, 79.77, 78.92, 79.04, 77.19, 77.05, 76.69, 75.64, 74.58, 74.02, 74.09, 73.98, 73.71, 73.75, 73.15, 72.56, 71.58, 71.4, 71.02, 70.58, 70.35, 69.48, 68.39, 67.52, 67.13, 66.53, 66.35, 65.57, 65.13, 64.37, 64.08, 63.74]
Average Accuracy: 74.88487804878048
2026-04-28 00:06:09,809 [trainer.py] => Average Accuracy: 74.88487804878048
2026-04-28 00:06:09,818 [trainer.py] => All params: 126094051
2026-04-28 00:06:09,825 [trainer.py] => Trainable params: 371716
2026-04-28 00:06:09,825 [palora.py] => Learning on 164-168
Parameters to be updated: {'image_encoder.blocks.1.attn.lora_A_v.41.weight', 'image_encoder.blocks.1.attn.lora_B_v.41.weight', 'image_encoder.blocks.1.attn.lora_A_k.41.weight', 'image_encoder.blocks.7.attn.lora_B_k.41.weight', 'image_encoder.blocks.11.attn.lora_A_v.41.weight', 'image_encoder.blocks.8.attn.lora_A_v.41.weight', 'image_encoder.blocks.10.attn.lora_A_k.41.weight', 'image_encoder.blocks.2.attn.lora_A_k.41.weight', 'image_encoder.blocks.4.attn.lora_B_k.41.weight', 'image_encoder.blocks.0.attn.lora_A_k.41.weight', 'image_encoder.blocks.10.attn.lora_A_v.41.weight', 'image_encoder.blocks.5.attn.lora_A_k.41.weight', 'image_encoder.blocks.3.attn.lora_A_v.41.weight', 'image_encoder.blocks.4.attn.lora_A_k.41.weight', 'image_encoder.blocks.0.attn.lora_B_k.41.weight', 'image_encoder.blocks.7.attn.lora_A_v.41.weight', 'image_encoder.blocks.5.attn.lora_A_v.41.weight', 'image_encoder.blocks.4.attn.lora_A_v.41.weight', 'image_encoder.blocks.6.attn.lora_A_k.41.weight', 'image_encoder.blocks.9.attn.lora_B_k.41.weight', 'image_encoder.blocks.3.attn.lora_B_k.41.weight', 'image_encoder.blocks.1.attn.lora_B_k.41.weight', 'image_encoder.blocks.9.attn.lora_A_k.41.weight', 'classifier_pool.41.weight', 'image_encoder.blocks.7.attn.lora_A_k.41.weight', 'image_encoder.blocks.2.attn.lora_B_k.41.weight', 'image_encoder.blocks.3.attn.lora_A_k.41.weight', 'image_encoder.blocks.10.attn.lora_B_k.41.weight', 'image_encoder.blocks.8.attn.lora_B_k.41.weight', 'image_encoder.blocks.11.attn.lora_B_v.41.weight', 'image_encoder.blocks.5.attn.lora_B_v.41.weight', 'image_encoder.blocks.6.attn.lora_B_k.41.weight', 'image_encoder.blocks.6.attn.lora_B_v.41.weight', 'image_encoder.blocks.8.attn.lora_A_k.41.weight', 'image_encoder.blocks.6.attn.lora_A_v.41.weight', 'image_encoder.blocks.8.attn.lora_B_v.41.weight', 'image_encoder.blocks.0.attn.lora_A_v.41.weight', 'image_encoder.blocks.2.attn.lora_B_v.41.weight', 'image_encoder.blocks.3.attn.lora_B_v.41.weight', 'image_encoder.blocks.9.attn.lora_B_v.41.weight', 'image_encoder.blocks.10.attn.lora_B_v.41.weight', 'image_encoder.blocks.9.attn.lora_A_v.41.weight', 'image_encoder.blocks.0.attn.lora_B_v.41.weight', 'image_encoder.blocks.11.attn.lora_A_k.41.weight', 'classifier_pool.41.bias', 'image_encoder.blocks.11.attn.lora_B_k.41.weight', 'image_encoder.blocks.4.attn.lora_B_v.41.weight', 'image_encoder.blocks.2.attn.lora_A_v.41.weight', 'image_encoder.blocks.7.attn.lora_B_v.41.weight', 'image_encoder.blocks.5.attn.lora_B_k.41.weight'}
After trained on task 40 tensor(0.0180, device='cuda:0') tensor(0.0145, device='cuda:0')
After trained on task 40 tensor(0.0179, device='cuda:0') tensor(0.0174, device='cuda:0')
After trained on task 40 tensor(0.0142, device='cuda:0') tensor(0.0182, device='cuda:0')
After trained on task 40 tensor(0.0161, device='cuda:0') tensor(0.0207, device='cuda:0')
After trained on task 40 tensor(0.0179, device='cuda:0') tensor(0.0241, device='cuda:0')
After trained on task 40 tensor(0.0205, device='cuda:0') tensor(0.0266, device='cuda:0')
After trained on task 40 tensor(0.0227, device='cuda:0') tensor(0.0255, device='cuda:0')
After trained on task 40 tensor(0.0238, device='cuda:0') tensor(0.0294, device='cuda:0')
After trained on task 40 tensor(0.0237, device='cuda:0') tensor(0.0325, device='cuda:0')
After trained on task 40 tensor(0.0286, device='cuda:0') tensor(0.0374, device='cuda:0')
After trained on task 40 tensor(0.0304, device='cuda:0') tensor(0.0443, device='cuda:0')
After trained on task 40 tensor(0.0338, device='cuda:0') tensor(0.0512, device='cuda:0')
reserving basis 165/768; cond: 54190673920.0, ratio:0.9913402199745178
reserving basis 165/768; cond: 54190673920.0, ratio:0.9913402199745178
reserving basis 178/768; cond: 7425885696.0, ratio:0.990994930267334
reserving basis 178/768; cond: 7425885696.0, ratio:0.990994930267334
reserving basis 172/768; cond: 73708969984.0, ratio:0.9909045100212097
reserving basis 172/768; cond: 73708969984.0, ratio:0.9909045100212097
reserving basis 171/768; cond: 157091282944.0, ratio:0.9905908703804016
reserving basis 171/768; cond: 157091282944.0, ratio:0.9905908703804016
reserving basis 177/768; cond: 8115411456.0, ratio:0.9907978773117065
reserving basis 177/768; cond: 8115411456.0, ratio:0.9907978773117065
reserving basis 173/768; cond: 175892430848.0, ratio:0.9901013374328613
reserving basis 173/768; cond: 175892430848.0, ratio:0.9901013374328613
reserving basis 183/768; cond: 62026579968.0, ratio:0.9904744029045105
reserving basis 183/768; cond: 62026579968.0, ratio:0.9904744029045105
reserving basis 171/768; cond: 157883006976.0, ratio:0.9900355935096741
reserving basis 171/768; cond: 157883006976.0, ratio:0.9900355935096741
reserving basis 182/768; cond: 52150632448.0, ratio:0.9900259375572205
reserving basis 182/768; cond: 52150632448.0, ratio:0.9900259375572205
reserving basis 169/768; cond: 16815868928.0, ratio:0.9910740256309509
reserving basis 169/768; cond: 16815868928.0, ratio:0.9910740256309509
reserving basis 178/768; cond: 36931518464.0, ratio:0.9902969002723694
reserving basis 178/768; cond: 36931518464.0, ratio:0.9902969002723694
reserving basis 167/768; cond: 34157189120.0, ratio:0.9907790422439575
reserving basis 167/768; cond: 34157189120.0, ratio:0.9907790422439575
reserving basis 178/768; cond: 102853984256.0, ratio:0.9904886484146118
reserving basis 178/768; cond: 102853984256.0, ratio:0.9904886484146118
reserving basis 172/768; cond: 17240528896.0, ratio:0.9911372065544128
reserving basis 172/768; cond: 17240528896.0, ratio:0.9911372065544128
reserving basis 183/768; cond: 27850768384.0, ratio:0.9907596111297607
reserving basis 183/768; cond: 27850768384.0, ratio:0.9907596111297607
reserving basis 170/768; cond: 386185854976.0, ratio:0.9901056885719299
reserving basis 170/768; cond: 386185854976.0, ratio:0.9901056885719299
reserving basis 182/768; cond: 124330696704.0, ratio:0.990338921546936
reserving basis 182/768; cond: 124330696704.0, ratio:0.990338921546936
reserving basis 161/768; cond: 51734384640.0, ratio:0.9910531044006348
reserving basis 161/768; cond: 51734384640.0, ratio:0.9910531044006348
reserving basis 177/768; cond: 6649691648.0, ratio:0.9900343418121338
reserving basis 177/768; cond: 6649691648.0, ratio:0.9900343418121338
reserving basis 151/768; cond: 115533914112.0, ratio:0.9910755753517151
reserving basis 151/768; cond: 115533914112.0, ratio:0.9910755753517151
reserving basis 171/768; cond: 27848923136.0, ratio:0.9906506538391113
reserving basis 171/768; cond: 27848923136.0, ratio:0.9906506538391113
reserving basis 138/768; cond: 15311396864.0, ratio:0.9909454584121704
reserving basis 138/768; cond: 15311396864.0, ratio:0.9909454584121704
reserving basis 161/768; cond: 234969874432.0, ratio:0.9906294345855713
reserving basis 161/768; cond: 234969874432.0, ratio:0.9906294345855713
reserving basis 124/768; cond: 171550408704.0, ratio:0.990735650062561
reserving basis 124/768; cond: 171550408704.0, ratio:0.990735650062561
2026-04-28 00:09:56,000 [palora.py] => Task 41, Epoch 50/50 => Loss 0.549, Train_accy 97.00
2026-04-28 00:10:01,048 [trainer.py] => Time:231.2229950428009
1367 1367
2026-04-28 00:10:08,115 [trainer.py] => Time:7.066253662109375
2026-04-28 00:10:08,115 [trainer.py] => ACC: {'total': 63.13, '00-03': 83.1, '04-07': 73.08, '08-11': 78.46, '12-15': 76.12, '16-19': 73.08, '20-23': 90.16, '24-27': 85.48, '28-31': 68.85, '32-35': 80.49, '36-39': 58.62, '40-43': 64.29, '44-47': 55.32, '48-51': 67.57, '52-55': 64.18, '56-59': 69.23, '60-63': 73.21, '64-67': 68.42, '68-71': 54.17, '72-75': 77.78, '76-79': 40.0, '80-83': 39.13, '84-87': 50.0, '88-91': 53.85, '92-95': 52.38, '96-99': 28.57, '100-103': 5.26, '104-107': 42.86, '108-111': 35.0, '112-115': 23.53, '116-119': 62.5, '120-123': 41.38, '124-127': 23.08, '128-131': 41.18, '132-135': 38.46, '136-139': 27.27, '140-143': 42.86, '144-147': 45.83, '148-151': 33.33, '152-155': 22.22, '156-159': 58.82, '160-163': 50.0, '164-167': 37.5, 'old': 63.59, 'new': 37.5}
2026-04-28 00:10:08,115 [trainer.py] => ACC top1 curve: [90.14, 86.99, 88.3, 87.45, 85.99, 86.41, 84.19, 81.67, 81.39, 80.39, 79.77, 78.92, 79.04, 77.19, 77.05, 76.69, 75.64, 74.58, 74.02, 74.09, 73.98, 73.71, 73.75, 73.15, 72.56, 71.58, 71.4, 71.02, 70.58, 70.35, 69.48, 68.39, 67.52, 67.13, 66.53, 66.35, 65.57, 65.13, 64.37, 64.08, 63.74, 63.13]
Average Accuracy: 74.60499999999999
2026-04-28 00:10:08,115 [trainer.py] => Average Accuracy: 74.60499999999999
2026-04-28 00:10:08,124 [trainer.py] => All params: 126094051
2026-04-28 00:10:08,131 [trainer.py] => Trainable params: 371716
2026-04-28 00:10:08,132 [palora.py] => Learning on 168-172
Parameters to be updated: {'image_encoder.blocks.3.attn.lora_A_k.42.weight', 'image_encoder.blocks.4.attn.lora_A_k.42.weight', 'image_encoder.blocks.3.attn.lora_B_k.42.weight', 'image_encoder.blocks.5.attn.lora_A_v.42.weight', 'image_encoder.blocks.8.attn.lora_B_k.42.weight', 'image_encoder.blocks.11.attn.lora_B_k.42.weight', 'image_encoder.blocks.5.attn.lora_B_k.42.weight', 'image_encoder.blocks.10.attn.lora_A_v.42.weight', 'image_encoder.blocks.11.attn.lora_A_v.42.weight', 'image_encoder.blocks.8.attn.lora_B_v.42.weight', 'image_encoder.blocks.0.attn.lora_B_k.42.weight', 'image_encoder.blocks.1.attn.lora_A_v.42.weight', 'image_encoder.blocks.0.attn.lora_A_v.42.weight', 'classifier_pool.42.bias', 'image_encoder.blocks.2.attn.lora_B_v.42.weight', 'image_encoder.blocks.9.attn.lora_A_v.42.weight', 'image_encoder.blocks.7.attn.lora_A_k.42.weight', 'image_encoder.blocks.7.attn.lora_B_k.42.weight', 'image_encoder.blocks.11.attn.lora_A_k.42.weight', 'image_encoder.blocks.1.attn.lora_B_k.42.weight', 'image_encoder.blocks.2.attn.lora_A_v.42.weight', 'image_encoder.blocks.1.attn.lora_B_v.42.weight', 'image_encoder.blocks.4.attn.lora_B_k.42.weight', 'image_encoder.blocks.10.attn.lora_A_k.42.weight', 'image_encoder.blocks.8.attn.lora_A_v.42.weight', 'image_encoder.blocks.4.attn.lora_A_v.42.weight', 'image_encoder.blocks.10.attn.lora_B_v.42.weight', 'image_encoder.blocks.9.attn.lora_B_v.42.weight', 'image_encoder.blocks.10.attn.lora_B_k.42.weight', 'image_encoder.blocks.0.attn.lora_B_v.42.weight', 'image_encoder.blocks.0.attn.lora_A_k.42.weight', 'image_encoder.blocks.5.attn.lora_A_k.42.weight', 'image_encoder.blocks.3.attn.lora_A_v.42.weight', 'image_encoder.blocks.6.attn.lora_A_k.42.weight', 'image_encoder.blocks.6.attn.lora_A_v.42.weight', 'image_encoder.blocks.5.attn.lora_B_v.42.weight', 'image_encoder.blocks.11.attn.lora_B_v.42.weight', 'image_encoder.blocks.2.attn.lora_A_k.42.weight', 'image_encoder.blocks.9.attn.lora_A_k.42.weight', 'image_encoder.blocks.3.attn.lora_B_v.42.weight', 'classifier_pool.42.weight', 'image_encoder.blocks.2.attn.lora_B_k.42.weight', 'image_encoder.blocks.4.attn.lora_B_v.42.weight', 'image_encoder.blocks.6.attn.lora_B_v.42.weight', 'image_encoder.blocks.1.attn.lora_A_k.42.weight', 'image_encoder.blocks.6.attn.lora_B_k.42.weight', 'image_encoder.blocks.8.attn.lora_A_k.42.weight', 'image_encoder.blocks.9.attn.lora_B_k.42.weight', 'image_encoder.blocks.7.attn.lora_B_v.42.weight', 'image_encoder.blocks.7.attn.lora_A_v.42.weight'}
After trained on task 41 tensor(0.0153, device='cuda:0') tensor(0.0148, device='cuda:0')
After trained on task 41 tensor(0.0179, device='cuda:0') tensor(0.0182, device='cuda:0')
After trained on task 41 tensor(0.0172, device='cuda:0') tensor(0.0234, device='cuda:0')
After trained on task 41 tensor(0.0160, device='cuda:0') tensor(0.0245, device='cuda:0')
After trained on task 41 tensor(0.0196, device='cuda:0') tensor(0.0265, device='cuda:0')
After trained on task 41 tensor(0.0233, device='cuda:0') tensor(0.0279, device='cuda:0')
After trained on task 41 tensor(0.0244, device='cuda:0') tensor(0.0280, device='cuda:0')
After trained on task 41 tensor(0.0243, device='cuda:0') tensor(0.0298, device='cuda:0')
After trained on task 41 tensor(0.0261, device='cuda:0') tensor(0.0342, device='cuda:0')
After trained on task 41 tensor(0.0265, device='cuda:0') tensor(0.0444, device='cuda:0')
After trained on task 41 tensor(0.0282, device='cuda:0') tensor(0.0502, device='cuda:0')
After trained on task 41 tensor(0.0361, device='cuda:0') tensor(0.0603, device='cuda:0')
reserving basis 165/768; cond: 16823263232.0, ratio:0.9904818534851074
reserving basis 165/768; cond: 16823263232.0, ratio:0.9904818534851074
reserving basis 179/768; cond: 35689959424.0, ratio:0.9905132055282593
reserving basis 179/768; cond: 35689959424.0, ratio:0.9905132055282593
reserving basis 173/768; cond: 266838392832.0, ratio:0.9904868602752686
reserving basis 173/768; cond: 266838392832.0, ratio:0.9904868602752686
reserving basis 172/768; cond: 22260826112.0, ratio:0.9906958937644958
reserving basis 172/768; cond: 22260826112.0, ratio:0.9906958937644958
reserving basis 179/768; cond: 38626787328.0, ratio:0.991132378578186
reserving basis 179/768; cond: 38626787328.0, ratio:0.991132378578186
reserving basis 175/768; cond: 31871901696.0, ratio:0.9910934567451477
reserving basis 175/768; cond: 31871901696.0, ratio:0.9910934567451477
reserving basis 184/768; cond: 14418846720.0, ratio:0.9912779331207275
reserving basis 184/768; cond: 14418846720.0, ratio:0.9912779331207275
reserving basis 172/768; cond: 16987881472.0, ratio:0.9905341267585754
reserving basis 172/768; cond: 16987881472.0, ratio:0.9905341267585754
reserving basis 183/768; cond: 109065052160.0, ratio:0.9908962249755859
reserving basis 183/768; cond: 109065052160.0, ratio:0.9908962249755859
reserving basis 170/768; cond: 1258069819392.0, ratio:0.9907631874084473
reserving basis 170/768; cond: 1258069819392.0, ratio:0.9907631874084473
reserving basis 179/768; cond: 16167329792.0, ratio:0.9901776313781738
reserving basis 179/768; cond: 16167329792.0, ratio:0.9901776313781738
reserving basis 168/768; cond: 91058765824.0, ratio:0.9908508062362671
reserving basis 168/768; cond: 91058765824.0, ratio:0.9908508062362671
reserving basis 179/768; cond: 329226551296.0, ratio:0.9903225302696228
reserving basis 179/768; cond: 329226551296.0, ratio:0.9903225302696228
reserving basis 173/768; cond: 163702587392.0, ratio:0.9904040694236755
reserving basis 173/768; cond: 163702587392.0, ratio:0.9904040694236755
reserving basis 184/768; cond: 72548868096.0, ratio:0.9906226396560669
reserving basis 184/768; cond: 72548868096.0, ratio:0.9906226396560669
reserving basis 171/768; cond: 16716043264.0, ratio:0.9906896948814392
reserving basis 171/768; cond: 16716043264.0, ratio:0.9906896948814392
reserving basis 183/768; cond: 26570323968.0, ratio:0.9900534749031067
reserving basis 183/768; cond: 26570323968.0, ratio:0.9900534749031067
reserving basis 163/768; cond: 14375045120.0, ratio:0.9914267063140869
reserving basis 163/768; cond: 14375045120.0, ratio:0.9914267063140869
reserving basis 178/768; cond: 317412376576.0, ratio:0.9904626607894897
reserving basis 178/768; cond: 317412376576.0, ratio:0.9904626607894897
reserving basis 152/768; cond: 14117336064.0, ratio:0.9904095530509949
reserving basis 152/768; cond: 14117336064.0, ratio:0.9904095530509949
reserving basis 172/768; cond: 106608852992.0, ratio:0.9900291562080383
reserving basis 172/768; cond: 106608852992.0, ratio:0.9900291562080383
reserving basis 139/768; cond: 38804865024.0, ratio:0.9909791350364685
reserving basis 139/768; cond: 38804865024.0, ratio:0.9909791350364685
reserving basis 162/768; cond: 106907361280.0, ratio:0.9908987879753113
reserving basis 162/768; cond: 106907361280.0, ratio:0.9908987879753113
reserving basis 125/768; cond: 103564091392.0, ratio:0.9913249015808105
reserving basis 125/768; cond: 103564091392.0, ratio:0.9913249015808105
2026-04-28 00:13:33,633 [palora.py] => Task 42, Epoch 50/50 => Loss 0.496, Train_accy 98.31
2026-04-28 00:13:37,871 [trainer.py] => Time:209.73935222625732
1383 1383
2026-04-28 00:13:45,244 [trainer.py] => Time:7.3724281787872314
2026-04-28 00:13:45,244 [trainer.py] => ACC: {'total': 62.55, '00-03': 83.1, '04-07': 73.08, '08-11': 78.46, '12-15': 76.12, '16-19': 73.08, '20-23': 90.16, '24-27': 83.87, '28-31': 68.85, '32-35': 80.49, '36-39': 58.62, '40-43': 64.29, '44-47': 55.32, '48-51': 67.57, '52-55': 64.18, '56-59': 67.69, '60-63': 73.21, '64-67': 68.42, '68-71': 54.17, '72-75': 77.78, '76-79': 40.0, '80-83': 39.13, '84-87': 50.0, '88-91': 53.85, '92-95': 52.38, '96-99': 28.57, '100-103': 5.26, '104-107': 42.86, '108-111': 35.0, '112-115': 23.53, '116-119': 62.5, '120-123': 41.38, '124-127': 23.08, '128-131': 41.18, '132-135': 30.77, '136-139': 27.27, '140-143': 42.86, '144-147': 41.67, '148-151': 33.33, '152-155': 22.22, '156-159': 58.82, '160-163': 50.0, '164-167': 37.5, '168-171': 37.5, 'old': 62.84, 'new': 37.5}
2026-04-28 00:13:45,244 [trainer.py] => ACC top1 curve: [90.14, 86.99, 88.3, 87.45, 85.99, 86.41, 84.19, 81.67, 81.39, 80.39, 79.77, 78.92, 79.04, 77.19, 77.05, 76.69, 75.64, 74.58, 74.02, 74.09, 73.98, 73.71, 73.75, 73.15, 72.56, 71.58, 71.4, 71.02, 70.58, 70.35, 69.48, 68.39, 67.52, 67.13, 66.53, 66.35, 65.57, 65.13, 64.37, 64.08, 63.74, 63.13, 62.55]
Average Accuracy: 74.3246511627907
2026-04-28 00:13:45,244 [trainer.py] => Average Accuracy: 74.3246511627907
2026-04-28 00:13:45,253 [trainer.py] => All params: 126094051
2026-04-28 00:13:45,260 [trainer.py] => Trainable params: 371716
2026-04-28 00:13:45,260 [palora.py] => Learning on 172-176
Parameters to be updated: {'image_encoder.blocks.2.attn.lora_A_v.43.weight', 'image_encoder.blocks.9.attn.lora_B_k.43.weight', 'image_encoder.blocks.2.attn.lora_B_k.43.weight', 'image_encoder.blocks.5.attn.lora_B_v.43.weight', 'image_encoder.blocks.8.attn.lora_A_k.43.weight', 'image_encoder.blocks.3.attn.lora_B_v.43.weight', 'image_encoder.blocks.8.attn.lora_B_v.43.weight', 'image_encoder.blocks.11.attn.lora_A_v.43.weight', 'image_encoder.blocks.9.attn.lora_A_v.43.weight', 'image_encoder.blocks.10.attn.lora_B_k.43.weight', 'image_encoder.blocks.1.attn.lora_A_k.43.weight', 'image_encoder.blocks.3.attn.lora_A_k.43.weight', 'image_encoder.blocks.10.attn.lora_A_v.43.weight', 'image_encoder.blocks.11.attn.lora_A_k.43.weight', 'image_encoder.blocks.5.attn.lora_A_k.43.weight', 'image_encoder.blocks.9.attn.lora_A_k.43.weight', 'image_encoder.blocks.7.attn.lora_B_k.43.weight', 'image_encoder.blocks.0.attn.lora_B_k.43.weight', 'image_encoder.blocks.3.attn.lora_B_k.43.weight', 'image_encoder.blocks.4.attn.lora_A_v.43.weight', 'image_encoder.blocks.1.attn.lora_B_k.43.weight', 'image_encoder.blocks.9.attn.lora_B_v.43.weight', 'image_encoder.blocks.10.attn.lora_A_k.43.weight', 'classifier_pool.43.bias', 'image_encoder.blocks.5.attn.lora_B_k.43.weight', 'image_encoder.blocks.4.attn.lora_A_k.43.weight', 'image_encoder.blocks.0.attn.lora_A_k.43.weight', 'image_encoder.blocks.0.attn.lora_A_v.43.weight', 'image_encoder.blocks.0.attn.lora_B_v.43.weight', 'image_encoder.blocks.3.attn.lora_A_v.43.weight', 'image_encoder.blocks.7.attn.lora_A_k.43.weight', 'image_encoder.blocks.4.attn.lora_B_k.43.weight', 'image_encoder.blocks.11.attn.lora_B_v.43.weight', 'image_encoder.blocks.6.attn.lora_A_v.43.weight', 'image_encoder.blocks.2.attn.lora_A_k.43.weight', 'image_encoder.blocks.1.attn.lora_A_v.43.weight', 'image_encoder.blocks.1.attn.lora_B_v.43.weight', 'image_encoder.blocks.6.attn.lora_B_k.43.weight', 'image_encoder.blocks.7.attn.lora_B_v.43.weight', 'classifier_pool.43.weight', 'image_encoder.blocks.8.attn.lora_A_v.43.weight', 'image_encoder.blocks.2.attn.lora_B_v.43.weight', 'image_encoder.blocks.4.attn.lora_B_v.43.weight', 'image_encoder.blocks.11.attn.lora_B_k.43.weight', 'image_encoder.blocks.7.attn.lora_A_v.43.weight', 'image_encoder.blocks.6.attn.lora_A_k.43.weight', 'image_encoder.blocks.6.attn.lora_B_v.43.weight', 'image_encoder.blocks.10.attn.lora_B_v.43.weight', 'image_encoder.blocks.8.attn.lora_B_k.43.weight', 'image_encoder.blocks.5.attn.lora_A_v.43.weight'}
After trained on task 42 tensor(0.0164, device='cuda:0') tensor(0.0164, device='cuda:0')
After trained on task 42 tensor(0.0187, device='cuda:0') tensor(0.0186, device='cuda:0')
After trained on task 42 tensor(0.0168, device='cuda:0') tensor(0.0188, device='cuda:0')
After trained on task 42 tensor(0.0176, device='cuda:0') tensor(0.0208, device='cuda:0')
After trained on task 42 tensor(0.0205, device='cuda:0') tensor(0.0234, device='cuda:0')
After trained on task 42 tensor(0.0222, device='cuda:0') tensor(0.0268, device='cuda:0')
After trained on task 42 tensor(0.0226, device='cuda:0') tensor(0.0281, device='cuda:0')
After trained on task 42 tensor(0.0247, device='cuda:0') tensor(0.0307, device='cuda:0')
After trained on task 42 tensor(0.0231, device='cuda:0') tensor(0.0327, device='cuda:0')
After trained on task 42 tensor(0.0261, device='cuda:0') tensor(0.0412, device='cuda:0')
After trained on task 42 tensor(0.0281, device='cuda:0') tensor(0.0462, device='cuda:0')
After trained on task 42 tensor(0.0310, device='cuda:0') tensor(0.0580, device='cuda:0')
reserving basis 165/768; cond: 1024746717184.0, ratio:0.9907819032669067
reserving basis 165/768; cond: 1024746717184.0, ratio:0.9907819032669067
reserving basis 181/768; cond: 43171487744.0, ratio:0.9912035465240479
reserving basis 181/768; cond: 43171487744.0, ratio:0.9912035465240479
reserving basis 175/768; cond: 16967983104.0, ratio:0.9908596873283386
reserving basis 175/768; cond: 16967983104.0, ratio:0.9908596873283386
reserving basis 173/768; cond: 57515077632.0, ratio:0.9905838370323181
reserving basis 173/768; cond: 57515077632.0, ratio:0.9905838370323181
reserving basis 181/768; cond: 15147685888.0, ratio:0.9909006953239441
reserving basis 181/768; cond: 15147685888.0, ratio:0.9909006953239441
reserving basis 176/768; cond: 5792911589376.0, ratio:0.9911220073699951
reserving basis 176/768; cond: 5792911589376.0, ratio:0.9911220073699951
reserving basis 186/768; cond: 89224888320.0, ratio:0.9909786581993103
reserving basis 186/768; cond: 89224888320.0, ratio:0.9909786581993103
reserving basis 173/768; cond: 37975220224.0, ratio:0.9911798238754272
reserving basis 173/768; cond: 37975220224.0, ratio:0.9911798238754272
reserving basis 185/768; cond: 20268144640.0, ratio:0.9907501339912415
reserving basis 185/768; cond: 20268144640.0, ratio:0.9907501339912415
reserving basis 171/768; cond: 71604789248.0, ratio:0.990973174571991
reserving basis 171/768; cond: 71604789248.0, ratio:0.990973174571991
reserving basis 180/768; cond: 23873384448.0, ratio:0.9902098178863525
reserving basis 180/768; cond: 23873384448.0, ratio:0.9902098178863525
reserving basis 170/768; cond: 567066624000.0, ratio:0.9911919236183167
reserving basis 170/768; cond: 567066624000.0, ratio:0.9911919236183167
reserving basis 180/768; cond: 117002280960.0, ratio:0.9911649227142334
reserving basis 180/768; cond: 117002280960.0, ratio:0.9911649227142334
reserving basis 174/768; cond: 397728415744.0, ratio:0.9906937479972839
reserving basis 174/768; cond: 397728415744.0, ratio:0.9906937479972839
reserving basis 185/768; cond: 155742355456.0, ratio:0.9905885457992554
reserving basis 185/768; cond: 155742355456.0, ratio:0.9905885457992554
reserving basis 172/768; cond: 117438251008.0, ratio:0.9901089668273926
reserving basis 172/768; cond: 117438251008.0, ratio:0.9901089668273926
reserving basis 183/768; cond: 1042903203840.0, ratio:0.9900180697441101
reserving basis 183/768; cond: 1042903203840.0, ratio:0.9900180697441101
reserving basis 164/768; cond: 44824653824.0, ratio:0.990721583366394
reserving basis 164/768; cond: 44824653824.0, ratio:0.990721583366394
reserving basis 179/768; cond: 44796456960.0, ratio:0.9905407428741455
reserving basis 179/768; cond: 44796456960.0, ratio:0.9905407428741455
reserving basis 153/768; cond: 53555638272.0, ratio:0.9906467199325562
reserving basis 153/768; cond: 53555638272.0, ratio:0.9906467199325562
reserving basis 173/768; cond: 8458786045952.0, ratio:0.9905789494514465
reserving basis 173/768; cond: 8458786045952.0, ratio:0.9905789494514465
reserving basis 140/768; cond: 9687320576.0, ratio:0.9913015365600586
reserving basis 140/768; cond: 9687320576.0, ratio:0.9913015365600586
reserving basis 163/768; cond: 48292880384.0, ratio:0.9909477829933167
reserving basis 163/768; cond: 48292880384.0, ratio:0.9909477829933167
reserving basis 126/768; cond: 9488960512.0, ratio:0.9913631081581116
reserving basis 126/768; cond: 9488960512.0, ratio:0.9913631081581116
2026-04-28 00:17:13,176 [palora.py] => Task 43, Epoch 50/50 => Loss 0.490, Train_accy 100.00
2026-04-28 00:17:17,658 [trainer.py] => Time:212.39795875549316
1397 1397
2026-04-28 00:17:24,923 [trainer.py] => Time:7.2650110721588135
2026-04-28 00:17:24,923 [trainer.py] => ACC: {'total': 61.99, '00-03': 83.1, '04-07': 73.08, '08-11': 78.46, '12-15': 76.12, '16-19': 73.08, '20-23': 90.16, '24-27': 83.87, '28-31': 68.85, '32-35': 80.49, '36-39': 51.72, '40-43': 64.29, '44-47': 55.32, '48-51': 67.57, '52-55': 64.18, '56-59': 67.69, '60-63': 75.0, '64-67': 70.18, '68-71': 54.17, '72-75': 77.78, '76-79': 40.0, '80-83': 39.13, '84-87': 50.0, '88-91': 53.85, '92-95': 52.38, '96-99': 28.57, '100-103': 5.26, '104-107': 42.86, '108-111': 35.0, '112-115': 23.53, '116-119': 62.5, '120-123': 41.38, '124-127': 23.08, '128-131': 41.18, '132-135': 30.77, '136-139': 18.18, '140-143': 42.86, '144-147': 41.67, '148-151': 28.57, '152-155': 22.22, '156-159': 58.82, '160-163': 50.0, '164-167': 37.5, '168-171': 37.5, '172-175': 21.43, 'old': 62.4, 'new': 21.43}
2026-04-28 00:17:24,923 [trainer.py] => ACC top1 curve: [90.14, 86.99, 88.3, 87.45, 85.99, 86.41, 84.19, 81.67, 81.39, 80.39, 79.77, 78.92, 79.04, 77.19, 77.05, 76.69, 75.64, 74.58, 74.02, 74.09, 73.98, 73.71, 73.75, 73.15, 72.56, 71.58, 71.4, 71.02, 70.58, 70.35, 69.48, 68.39, 67.52, 67.13, 66.53, 66.35, 65.57, 65.13, 64.37, 64.08, 63.74, 63.13, 62.55, 61.99]
Average Accuracy: 74.04431818181818
2026-04-28 00:17:24,923 [trainer.py] => Average Accuracy: 74.04431818181818
2026-04-28 00:17:24,933 [trainer.py] => All params: 126094051
2026-04-28 00:17:24,940 [trainer.py] => Trainable params: 371716
2026-04-28 00:17:24,940 [palora.py] => Learning on 176-180
Parameters to be updated: {'image_encoder.blocks.1.attn.lora_B_k.44.weight', 'image_encoder.blocks.2.attn.lora_B_k.44.weight', 'image_encoder.blocks.3.attn.lora_B_k.44.weight', 'image_encoder.blocks.11.attn.lora_B_v.44.weight', 'image_encoder.blocks.9.attn.lora_A_k.44.weight', 'image_encoder.blocks.0.attn.lora_B_k.44.weight', 'image_encoder.blocks.3.attn.lora_A_v.44.weight', 'image_encoder.blocks.6.attn.lora_B_v.44.weight', 'image_encoder.blocks.5.attn.lora_B_k.44.weight', 'image_encoder.blocks.9.attn.lora_B_v.44.weight', 'image_encoder.blocks.3.attn.lora_A_k.44.weight', 'image_encoder.blocks.0.attn.lora_B_v.44.weight', 'image_encoder.blocks.9.attn.lora_A_v.44.weight', 'image_encoder.blocks.2.attn.lora_A_v.44.weight', 'image_encoder.blocks.0.attn.lora_A_v.44.weight', 'image_encoder.blocks.1.attn.lora_A_v.44.weight', 'image_encoder.blocks.5.attn.lora_A_k.44.weight', 'image_encoder.blocks.2.attn.lora_A_k.44.weight', 'image_encoder.blocks.3.attn.lora_B_v.44.weight', 'image_encoder.blocks.8.attn.lora_A_v.44.weight', 'image_encoder.blocks.1.attn.lora_A_k.44.weight', 'image_encoder.blocks.4.attn.lora_B_v.44.weight', 'image_encoder.blocks.10.attn.lora_A_k.44.weight', 'image_encoder.blocks.6.attn.lora_A_v.44.weight', 'image_encoder.blocks.6.attn.lora_A_k.44.weight', 'image_encoder.blocks.7.attn.lora_A_v.44.weight', 'image_encoder.blocks.8.attn.lora_A_k.44.weight', 'image_encoder.blocks.4.attn.lora_A_k.44.weight', 'image_encoder.blocks.6.attn.lora_B_k.44.weight', 'image_encoder.blocks.5.attn.lora_A_v.44.weight', 'image_encoder.blocks.10.attn.lora_B_v.44.weight', 'image_encoder.blocks.0.attn.lora_A_k.44.weight', 'classifier_pool.44.weight', 'image_encoder.blocks.4.attn.lora_A_v.44.weight', 'image_encoder.blocks.11.attn.lora_B_k.44.weight', 'image_encoder.blocks.5.attn.lora_B_v.44.weight', 'image_encoder.blocks.8.attn.lora_B_k.44.weight', 'image_encoder.blocks.1.attn.lora_B_v.44.weight', 'image_encoder.blocks.11.attn.lora_A_v.44.weight', 'image_encoder.blocks.10.attn.lora_A_v.44.weight', 'classifier_pool.44.bias', 'image_encoder.blocks.11.attn.lora_A_k.44.weight', 'image_encoder.blocks.8.attn.lora_B_v.44.weight', 'image_encoder.blocks.4.attn.lora_B_k.44.weight', 'image_encoder.blocks.7.attn.lora_A_k.44.weight', 'image_encoder.blocks.9.attn.lora_B_k.44.weight', 'image_encoder.blocks.10.attn.lora_B_k.44.weight', 'image_encoder.blocks.7.attn.lora_B_v.44.weight', 'image_encoder.blocks.2.attn.lora_B_v.44.weight', 'image_encoder.blocks.7.attn.lora_B_k.44.weight'}
After trained on task 43 tensor(0.0169, device='cuda:0') tensor(0.0156, device='cuda:0')
After trained on task 43 tensor(0.0171, device='cuda:0') tensor(0.0162, device='cuda:0')
After trained on task 43 tensor(0.0157, device='cuda:0') tensor(0.0207, device='cuda:0')
After trained on task 43 tensor(0.0150, device='cuda:0') tensor(0.0223, device='cuda:0')
After trained on task 43 tensor(0.0201, device='cuda:0') tensor(0.0240, device='cuda:0')
After trained on task 43 tensor(0.0219, device='cuda:0') tensor(0.0266, device='cuda:0')
After trained on task 43 tensor(0.0228, device='cuda:0') tensor(0.0264, device='cuda:0')
After trained on task 43 tensor(0.0235, device='cuda:0') tensor(0.0288, device='cuda:0')
After trained on task 43 tensor(0.0239, device='cuda:0') tensor(0.0333, device='cuda:0')
After trained on task 43 tensor(0.0263, device='cuda:0') tensor(0.0394, device='cuda:0')
After trained on task 43 tensor(0.0279, device='cuda:0') tensor(0.0461, device='cuda:0')
After trained on task 43 tensor(0.0356, device='cuda:0') tensor(0.0581, device='cuda:0')
reserving basis 167/768; cond: 7396445184.0, ratio:0.9916245937347412
reserving basis 167/768; cond: 7396445184.0, ratio:0.9916245937347412
reserving basis 182/768; cond: 41651466240.0, ratio:0.9907463192939758
reserving basis 182/768; cond: 41651466240.0, ratio:0.9907463192939758
reserving basis 176/768; cond: 44752805888.0, ratio:0.9906421303749084
reserving basis 176/768; cond: 44752805888.0, ratio:0.9906421303749084
reserving basis 173/768; cond: 17216565248.0, ratio:0.9903799295425415
reserving basis 173/768; cond: 17216565248.0, ratio:0.9903799295425415
reserving basis 183/768; cond: 20696248320.0, ratio:0.9912425875663757
reserving basis 183/768; cond: 20696248320.0, ratio:0.9912425875663757
reserving basis 177/768; cond: 606209048576.0, ratio:0.9901928901672363
reserving basis 177/768; cond: 606209048576.0, ratio:0.9901928901672363
reserving basis 187/768; cond: 50972737536.0, ratio:0.9911975860595703
reserving basis 187/768; cond: 50972737536.0, ratio:0.9911975860595703
reserving basis 174/768; cond: 42000723968.0, ratio:0.9913163781166077
reserving basis 174/768; cond: 42000723968.0, ratio:0.9913163781166077
reserving basis 186/768; cond: 20455505920.0, ratio:0.9903668761253357
reserving basis 186/768; cond: 20455505920.0, ratio:0.9903668761253357
reserving basis 172/768; cond: 32899786752.0, ratio:0.9907665252685547
reserving basis 172/768; cond: 32899786752.0, ratio:0.9907665252685547
reserving basis 181/768; cond: 46869848064.0, ratio:0.9912154078483582
reserving basis 181/768; cond: 46869848064.0, ratio:0.9912154078483582
reserving basis 171/768; cond: 35328270336.0, ratio:0.9907644987106323
reserving basis 171/768; cond: 35328270336.0, ratio:0.9907644987106323
reserving basis 181/768; cond: 152557846528.0, ratio:0.9900621771812439
reserving basis 181/768; cond: 152557846528.0, ratio:0.9900621771812439
reserving basis 175/768; cond: 12485239808.0, ratio:0.9912558794021606
reserving basis 175/768; cond: 12485239808.0, ratio:0.9912558794021606
reserving basis 186/768; cond: 46953955328.0, ratio:0.990934431552887
reserving basis 186/768; cond: 46953955328.0, ratio:0.990934431552887
reserving basis 173/768; cond: 56577961984.0, ratio:0.9901019930839539
reserving basis 173/768; cond: 56577961984.0, ratio:0.9901019930839539
reserving basis 184/768; cond: 11749932032.0, ratio:0.9903517961502075
reserving basis 184/768; cond: 11749932032.0, ratio:0.9903517961502075
reserving basis 166/768; cond: 9293281280.0, ratio:0.9916290044784546
reserving basis 166/768; cond: 9293281280.0, ratio:0.9916290044784546
reserving basis 180/768; cond: 52674723840.0, ratio:0.9904904365539551
reserving basis 180/768; cond: 52674723840.0, ratio:0.9904904365539551
reserving basis 154/768; cond: 7506421760.0, ratio:0.9905689358711243
reserving basis 154/768; cond: 7506421760.0, ratio:0.9905689358711243
reserving basis 174/768; cond: 176384950272.0, ratio:0.9901223182678223
reserving basis 174/768; cond: 176384950272.0, ratio:0.9901223182678223
reserving basis 141/768; cond: 19618787328.0, ratio:0.9907432198524475
reserving basis 141/768; cond: 19618787328.0, ratio:0.9907432198524475
reserving basis 164/768; cond: 26275794944.0, ratio:0.990952730178833
reserving basis 164/768; cond: 26275794944.0, ratio:0.990952730178833
reserving basis 127/768; cond: 68300480512.0, ratio:0.9913567304611206
reserving basis 127/768; cond: 68300480512.0, ratio:0.9913567304611206
2026-04-28 00:21:06,878 [palora.py] => Task 44, Epoch 50/50 => Loss 0.465, Train_accy 98.91
2026-04-28 00:21:11,706 [trainer.py] => Time:226.76556968688965
1415 1415
2026-04-28 00:21:18,838 [trainer.py] => Time:7.130150318145752
2026-04-28 00:21:18,839 [trainer.py] => ACC: {'total': 61.34, '00-03': 83.1, '04-07': 73.08, '08-11': 78.46, '12-15': 76.12, '16-19': 73.08, '20-23': 90.16, '24-27': 83.87, '28-31': 68.85, '32-35': 80.49, '36-39': 55.17, '40-43': 64.29, '44-47': 55.32, '48-51': 67.57, '52-55': 64.18, '56-59': 67.69, '60-63': 75.0, '64-67': 70.18, '68-71': 54.17, '72-75': 77.78, '76-79': 40.0, '80-83': 39.13, '84-87': 50.0, '88-91': 53.85, '92-95': 52.38, '96-99': 28.57, '100-103': 5.26, '104-107': 42.86, '108-111': 35.0, '112-115': 17.65, '116-119': 50.0, '120-123': 41.38, '124-127': 23.08, '128-131': 41.18, '132-135': 30.77, '136-139': 18.18, '140-143': 42.86, '144-147': 41.67, '148-151': 23.81, '152-155': 22.22, '156-159': 58.82, '160-163': 50.0, '164-167': 33.33, '168-171': 37.5, '172-175': 21.43, '176-179': 27.78, 'old': 61.78, 'new': 27.78}
2026-04-28 00:21:18,839 [trainer.py] => ACC top1 curve: [90.14, 86.99, 88.3, 87.45, 85.99, 86.41, 84.19, 81.67, 81.39, 80.39, 79.77, 78.92, 79.04, 77.19, 77.05, 76.69, 75.64, 74.58, 74.02, 74.09, 73.98, 73.71, 73.75, 73.15, 72.56, 71.58, 71.4, 71.02, 70.58, 70.35, 69.48, 68.39, 67.52, 67.13, 66.53, 66.35, 65.57, 65.13, 64.37, 64.08, 63.74, 63.13, 62.55, 61.99, 61.34]
Average Accuracy: 73.762
2026-04-28 00:21:18,839 [trainer.py] => Average Accuracy: 73.762
2026-04-28 00:21:18,850 [trainer.py] => All params: 126094051
2026-04-28 00:21:18,858 [trainer.py] => Trainable params: 371716
2026-04-28 00:21:18,858 [palora.py] => Learning on 180-184
Parameters to be updated: {'image_encoder.blocks.6.attn.lora_A_k.45.weight', 'image_encoder.blocks.4.attn.lora_A_k.45.weight', 'image_encoder.blocks.5.attn.lora_A_v.45.weight', 'image_encoder.blocks.3.attn.lora_A_v.45.weight', 'image_encoder.blocks.5.attn.lora_A_k.45.weight', 'image_encoder.blocks.5.attn.lora_B_v.45.weight', 'image_encoder.blocks.2.attn.lora_A_v.45.weight', 'image_encoder.blocks.10.attn.lora_B_v.45.weight', 'image_encoder.blocks.8.attn.lora_A_v.45.weight', 'image_encoder.blocks.3.attn.lora_A_k.45.weight', 'image_encoder.blocks.2.attn.lora_B_k.45.weight', 'image_encoder.blocks.1.attn.lora_A_v.45.weight', 'image_encoder.blocks.10.attn.lora_B_k.45.weight', 'image_encoder.blocks.9.attn.lora_B_v.45.weight', 'image_encoder.blocks.11.attn.lora_A_v.45.weight', 'image_encoder.blocks.0.attn.lora_B_v.45.weight', 'image_encoder.blocks.7.attn.lora_B_v.45.weight', 'image_encoder.blocks.8.attn.lora_A_k.45.weight', 'image_encoder.blocks.9.attn.lora_B_k.45.weight', 'image_encoder.blocks.5.attn.lora_B_k.45.weight', 'image_encoder.blocks.6.attn.lora_B_v.45.weight', 'image_encoder.blocks.6.attn.lora_A_v.45.weight', 'classifier_pool.45.weight', 'image_encoder.blocks.4.attn.lora_A_v.45.weight', 'image_encoder.blocks.3.attn.lora_B_k.45.weight', 'image_encoder.blocks.9.attn.lora_A_k.45.weight', 'image_encoder.blocks.10.attn.lora_A_k.45.weight', 'image_encoder.blocks.6.attn.lora_B_k.45.weight', 'image_encoder.blocks.7.attn.lora_A_k.45.weight', 'image_encoder.blocks.7.attn.lora_B_k.45.weight', 'image_encoder.blocks.11.attn.lora_B_v.45.weight', 'image_encoder.blocks.8.attn.lora_B_v.45.weight', 'image_encoder.blocks.1.attn.lora_A_k.45.weight', 'image_encoder.blocks.10.attn.lora_A_v.45.weight', 'image_encoder.blocks.7.attn.lora_A_v.45.weight', 'image_encoder.blocks.4.attn.lora_B_v.45.weight', 'image_encoder.blocks.0.attn.lora_A_k.45.weight', 'image_encoder.blocks.2.attn.lora_B_v.45.weight', 'image_encoder.blocks.0.attn.lora_B_k.45.weight', 'image_encoder.blocks.1.attn.lora_B_v.45.weight', 'image_encoder.blocks.3.attn.lora_B_v.45.weight', 'image_encoder.blocks.4.attn.lora_B_k.45.weight', 'image_encoder.blocks.9.attn.lora_A_v.45.weight', 'image_encoder.blocks.0.attn.lora_A_v.45.weight', 'image_encoder.blocks.11.attn.lora_B_k.45.weight', 'classifier_pool.45.bias', 'image_encoder.blocks.8.attn.lora_B_k.45.weight', 'image_encoder.blocks.11.attn.lora_A_k.45.weight', 'image_encoder.blocks.2.attn.lora_A_k.45.weight', 'image_encoder.blocks.1.attn.lora_B_k.45.weight'}
After trained on task 44 tensor(0.0179, device='cuda:0') tensor(0.0162, device='cuda:0')
After trained on task 44 tensor(0.0152, device='cuda:0') tensor(0.0202, device='cuda:0')
After trained on task 44 tensor(0.0191, device='cuda:0') tensor(0.0210, device='cuda:0')
After trained on task 44 tensor(0.0159, device='cuda:0') tensor(0.0234, device='cuda:0')
After trained on task 44 tensor(0.0198, device='cuda:0') tensor(0.0263, device='cuda:0')
After trained on task 44 tensor(0.0231, device='cuda:0') tensor(0.0286, device='cuda:0')
After trained on task 44 tensor(0.0256, device='cuda:0') tensor(0.0303, device='cuda:0')
After trained on task 44 tensor(0.0252, device='cuda:0') tensor(0.0322, device='cuda:0')
After trained on task 44 tensor(0.0240, device='cuda:0') tensor(0.0383, device='cuda:0')
After trained on task 44 tensor(0.0280, device='cuda:0') tensor(0.0421, device='cuda:0')
After trained on task 44 tensor(0.0280, device='cuda:0') tensor(0.0503, device='cuda:0')
After trained on task 44 tensor(0.0313, device='cuda:0') tensor(0.0557, device='cuda:0')
reserving basis 168/768; cond: 240244277248.0, ratio:0.9916068911552429
reserving basis 168/768; cond: 240244277248.0, ratio:0.9916068911552429
reserving basis 184/768; cond: 96940318720.0, ratio:0.9915125370025635
reserving basis 184/768; cond: 96940318720.0, ratio:0.9915125370025635
reserving basis 177/768; cond: 24499042304.0, ratio:0.9910960793495178
reserving basis 177/768; cond: 24499042304.0, ratio:0.9910960793495178
reserving basis 175/768; cond: 105648726016.0, ratio:0.991162896156311
reserving basis 175/768; cond: 105648726016.0, ratio:0.991162896156311
reserving basis 185/768; cond: 8330119680.0, ratio:0.9907413125038147
reserving basis 185/768; cond: 8330119680.0, ratio:0.9907413125038147
reserving basis 178/768; cond: 37581012992.0, ratio:0.990976870059967
reserving basis 178/768; cond: 37581012992.0, ratio:0.990976870059967
reserving basis 187/768; cond: 20574746624.0, ratio:0.9900270104408264
reserving basis 187/768; cond: 20574746624.0, ratio:0.9900270104408264
reserving basis 175/768; cond: 26038052864.0, ratio:0.9907749891281128
reserving basis 175/768; cond: 26038052864.0, ratio:0.9907749891281128
reserving basis 187/768; cond: 15711322112.0, ratio:0.9904150366783142
reserving basis 187/768; cond: 15711322112.0, ratio:0.9904150366783142
reserving basis 173/768; cond: 2532756946944.0, ratio:0.9909989833831787
reserving basis 173/768; cond: 2532756946944.0, ratio:0.9909989833831787
reserving basis 182/768; cond: 28814426112.0, ratio:0.991215169429779
reserving basis 182/768; cond: 28814426112.0, ratio:0.991215169429779
reserving basis 172/768; cond: 57925386240.0, ratio:0.9904499053955078
reserving basis 172/768; cond: 57925386240.0, ratio:0.9904499053955078
reserving basis 183/768; cond: 134283788288.0, ratio:0.9911814332008362
reserving basis 183/768; cond: 134283788288.0, ratio:0.9911814332008362
reserving basis 177/768; cond: 33444175872.0, ratio:0.9912551641464233
reserving basis 177/768; cond: 33444175872.0, ratio:0.9912551641464233
reserving basis 187/768; cond: 8618421248.0, ratio:0.9903355240821838
reserving basis 187/768; cond: 8618421248.0, ratio:0.9903355240821838
reserving basis 174/768; cond: 3052406833152.0, ratio:0.9903069138526917
reserving basis 174/768; cond: 3052406833152.0, ratio:0.9903069138526917
reserving basis 185/768; cond: 473717112832.0, ratio:0.9907941818237305
reserving basis 185/768; cond: 473717112832.0, ratio:0.9907941818237305
reserving basis 167/768; cond: 15833629696.0, ratio:0.9909812211990356
reserving basis 167/768; cond: 15833629696.0, ratio:0.9909812211990356
reserving basis 181/768; cond: 37668458496.0, ratio:0.9907026886940002
reserving basis 181/768; cond: 37668458496.0, ratio:0.9907026886940002
reserving basis 155/768; cond: 60192858112.0, ratio:0.9911321997642517
reserving basis 155/768; cond: 60192858112.0, ratio:0.9911321997642517
reserving basis 175/768; cond: 116701749248.0, ratio:0.990548849105835
reserving basis 175/768; cond: 116701749248.0, ratio:0.990548849105835
reserving basis 142/768; cond: 238456635392.0, ratio:0.9907496571540833
reserving basis 142/768; cond: 238456635392.0, ratio:0.9907496571540833
reserving basis 165/768; cond: 28837820416.0, ratio:0.9907463788986206
reserving basis 165/768; cond: 28837820416.0, ratio:0.9907463788986206
reserving basis 128/768; cond: 18307065856.0, ratio:0.9906893372535706
reserving basis 128/768; cond: 18307065856.0, ratio:0.9906893372535706
2026-04-28 00:24:33,889 [palora.py] => Task 45, Epoch 50/50 => Loss 0.569, Train_accy 97.67
2026-04-28 00:24:38,344 [trainer.py] => Time:199.4862163066864
1423 1423
2026-04-28 00:24:45,536 [trainer.py] => Time:7.191028118133545
2026-04-28 00:24:45,536 [trainer.py] => ACC: {'total': 61.21, '00-03': 83.1, '04-07': 73.08, '08-11': 78.46, '12-15': 76.12, '16-19': 73.08, '20-23': 90.16, '24-27': 83.87, '28-31': 68.85, '32-35': 80.49, '36-39': 51.72, '40-43': 64.29, '44-47': 55.32, '48-51': 67.57, '52-55': 64.18, '56-59': 67.69, '60-63': 75.0, '64-67': 70.18, '68-71': 54.17, '72-75': 77.78, '76-79': 40.0, '80-83': 39.13, '84-87': 50.0, '88-91': 53.85, '92-95': 52.38, '96-99': 28.57, '100-103': 5.26, '104-107': 42.86, '108-111': 35.0, '112-115': 17.65, '116-119': 50.0, '120-123': 41.38, '124-127': 23.08, '128-131': 41.18, '132-135': 30.77, '136-139': 18.18, '140-143': 42.86, '144-147': 41.67, '148-151': 23.81, '152-155': 22.22, '156-159': 58.82, '160-163': 50.0, '164-167': 37.5, '168-171': 37.5, '172-175': 21.43, '176-179': 27.78, '180-183': 37.5, 'old': 61.34, 'new': 37.5}
2026-04-28 00:24:45,536 [trainer.py] => ACC top1 curve: [90.14, 86.99, 88.3, 87.45, 85.99, 86.41, 84.19, 81.67, 81.39, 80.39, 79.77, 78.92, 79.04, 77.19, 77.05, 76.69, 75.64, 74.58, 74.02, 74.09, 73.98, 73.71, 73.75, 73.15, 72.56, 71.58, 71.4, 71.02, 70.58, 70.35, 69.48, 68.39, 67.52, 67.13, 66.53, 66.35, 65.57, 65.13, 64.37, 64.08, 63.74, 63.13, 62.55, 61.99, 61.34, 61.21]
Average Accuracy: 73.48913043478261
2026-04-28 00:24:45,536 [trainer.py] => Average Accuracy: 73.48913043478261
2026-04-28 00:24:45,545 [trainer.py] => All params: 126094051
2026-04-28 00:24:45,552 [trainer.py] => Trainable params: 371716
2026-04-28 00:24:45,552 [palora.py] => Learning on 184-188
Parameters to be updated: {'image_encoder.blocks.8.attn.lora_A_v.46.weight', 'image_encoder.blocks.1.attn.lora_A_v.46.weight', 'image_encoder.blocks.5.attn.lora_A_k.46.weight', 'image_encoder.blocks.10.attn.lora_A_v.46.weight', 'image_encoder.blocks.1.attn.lora_B_v.46.weight', 'image_encoder.blocks.3.attn.lora_A_v.46.weight', 'image_encoder.blocks.10.attn.lora_A_k.46.weight', 'image_encoder.blocks.0.attn.lora_B_k.46.weight', 'image_encoder.blocks.8.attn.lora_A_k.46.weight', 'image_encoder.blocks.10.attn.lora_B_k.46.weight', 'image_encoder.blocks.3.attn.lora_B_k.46.weight', 'image_encoder.blocks.0.attn.lora_A_k.46.weight', 'image_encoder.blocks.1.attn.lora_A_k.46.weight', 'image_encoder.blocks.1.attn.lora_B_k.46.weight', 'image_encoder.blocks.3.attn.lora_A_k.46.weight', 'image_encoder.blocks.11.attn.lora_A_k.46.weight', 'image_encoder.blocks.10.attn.lora_B_v.46.weight', 'image_encoder.blocks.6.attn.lora_B_k.46.weight', 'image_encoder.blocks.5.attn.lora_A_v.46.weight', 'image_encoder.blocks.2.attn.lora_B_k.46.weight', 'image_encoder.blocks.7.attn.lora_B_k.46.weight', 'image_encoder.blocks.11.attn.lora_B_v.46.weight', 'image_encoder.blocks.2.attn.lora_A_v.46.weight', 'image_encoder.blocks.9.attn.lora_A_k.46.weight', 'image_encoder.blocks.4.attn.lora_B_k.46.weight', 'image_encoder.blocks.7.attn.lora_A_v.46.weight', 'image_encoder.blocks.9.attn.lora_B_v.46.weight', 'image_encoder.blocks.9.attn.lora_A_v.46.weight', 'image_encoder.blocks.4.attn.lora_A_k.46.weight', 'image_encoder.blocks.5.attn.lora_B_k.46.weight', 'classifier_pool.46.bias', 'image_encoder.blocks.6.attn.lora_B_v.46.weight', 'image_encoder.blocks.11.attn.lora_B_k.46.weight', 'image_encoder.blocks.6.attn.lora_A_k.46.weight', 'image_encoder.blocks.8.attn.lora_B_k.46.weight', 'image_encoder.blocks.0.attn.lora_B_v.46.weight', 'image_encoder.blocks.4.attn.lora_A_v.46.weight', 'image_encoder.blocks.9.attn.lora_B_k.46.weight', 'image_encoder.blocks.8.attn.lora_B_v.46.weight', 'image_encoder.blocks.7.attn.lora_B_v.46.weight', 'image_encoder.blocks.11.attn.lora_A_v.46.weight', 'image_encoder.blocks.7.attn.lora_A_k.46.weight', 'image_encoder.blocks.0.attn.lora_A_v.46.weight', 'image_encoder.blocks.6.attn.lora_A_v.46.weight', 'image_encoder.blocks.2.attn.lora_B_v.46.weight', 'classifier_pool.46.weight', 'image_encoder.blocks.2.attn.lora_A_k.46.weight', 'image_encoder.blocks.4.attn.lora_B_v.46.weight', 'image_encoder.blocks.3.attn.lora_B_v.46.weight', 'image_encoder.blocks.5.attn.lora_B_v.46.weight'}
After trained on task 45 tensor(0.0131, device='cuda:0') tensor(0.0159, device='cuda:0')
After trained on task 45 tensor(0.0177, device='cuda:0') tensor(0.0174, device='cuda:0')
After trained on task 45 tensor(0.0148, device='cuda:0') tensor(0.0178, device='cuda:0')
After trained on task 45 tensor(0.0158, device='cuda:0') tensor(0.0207, device='cuda:0')
After trained on task 45 tensor(0.0173, device='cuda:0') tensor(0.0236, device='cuda:0')
After trained on task 45 tensor(0.0187, device='cuda:0') tensor(0.0255, device='cuda:0')
After trained on task 45 tensor(0.0211, device='cuda:0') tensor(0.0268, device='cuda:0')
After trained on task 45 tensor(0.0225, device='cuda:0') tensor(0.0273, device='cuda:0')
After trained on task 45 tensor(0.0237, device='cuda:0') tensor(0.0314, device='cuda:0')
After trained on task 45 tensor(0.0270, device='cuda:0') tensor(0.0375, device='cuda:0')
After trained on task 45 tensor(0.0276, device='cuda:0') tensor(0.0433, device='cuda:0')
After trained on task 45 tensor(0.0307, device='cuda:0') tensor(0.0481, device='cuda:0')
reserving basis 168/768; cond: 97560936448.0, ratio:0.9913385510444641
reserving basis 168/768; cond: 97560936448.0, ratio:0.9913385510444641
reserving basis 185/768; cond: 45674717184.0, ratio:0.9903510808944702
reserving basis 185/768; cond: 45674717184.0, ratio:0.9903510808944702
reserving basis 179/768; cond: 17064532992.0, ratio:0.9914373755455017
reserving basis 179/768; cond: 17064532992.0, ratio:0.9914373755455017
reserving basis 176/768; cond: 15584486400.0, ratio:0.9914374947547913
reserving basis 176/768; cond: 15584486400.0, ratio:0.9914374947547913
reserving basis 186/768; cond: 66301763584.0, ratio:0.9908181428909302
reserving basis 186/768; cond: 66301763584.0, ratio:0.9908181428909302
reserving basis 179/768; cond: 193981284352.0, ratio:0.9913736581802368
reserving basis 179/768; cond: 193981284352.0, ratio:0.9913736581802368
reserving basis 188/768; cond: 130740436992.0, ratio:0.9907073974609375
reserving basis 188/768; cond: 130740436992.0, ratio:0.9907073974609375
reserving basis 176/768; cond: 2190201978880.0, ratio:0.9914294481277466
reserving basis 176/768; cond: 2190201978880.0, ratio:0.9914294481277466
reserving basis 187/768; cond: 22186416128.0, ratio:0.9908227920532227
reserving basis 187/768; cond: 22186416128.0, ratio:0.9908227920532227
reserving basis 174/768; cond: 83740983296.0, ratio:0.9906027317047119
reserving basis 174/768; cond: 83740983296.0, ratio:0.9906027317047119
reserving basis 182/768; cond: 28686186496.0, ratio:0.9904142022132874
reserving basis 182/768; cond: 28686186496.0, ratio:0.9904142022132874
reserving basis 173/768; cond: 14603840512.0, ratio:0.9905738830566406
reserving basis 173/768; cond: 14603840512.0, ratio:0.9905738830566406
reserving basis 183/768; cond: 296831942656.0, ratio:0.9900653958320618
reserving basis 183/768; cond: 296831942656.0, ratio:0.9900653958320618
reserving basis 178/768; cond: 8617484288.0, ratio:0.9912288784980774
reserving basis 178/768; cond: 8617484288.0, ratio:0.9912288784980774
reserving basis 188/768; cond: 61970079744.0, ratio:0.9909919500350952
reserving basis 188/768; cond: 61970079744.0, ratio:0.9909919500350952
reserving basis 175/768; cond: 1121268400128.0, ratio:0.9910767674446106
reserving basis 175/768; cond: 1121268400128.0, ratio:0.9910767674446106
reserving basis 186/768; cond: 10530599936.0, ratio:0.9905272126197815
reserving basis 186/768; cond: 10530599936.0, ratio:0.9905272126197815
reserving basis 168/768; cond: 7501401088.0, ratio:0.9912670850753784
reserving basis 168/768; cond: 7501401088.0, ratio:0.9912670850753784
reserving basis 182/768; cond: 53922054144.0, ratio:0.9901845455169678
reserving basis 182/768; cond: 53922054144.0, ratio:0.9901845455169678
reserving basis 156/768; cond: 435833012224.0, ratio:0.9905598163604736
reserving basis 156/768; cond: 435833012224.0, ratio:0.9905598163604736
reserving basis 176/768; cond: 30779875328.0, ratio:0.9911050796508789
reserving basis 176/768; cond: 30779875328.0, ratio:0.9911050796508789
reserving basis 143/768; cond: 113332789248.0, ratio:0.9905590415000916
reserving basis 143/768; cond: 113332789248.0, ratio:0.9905590415000916
reserving basis 166/768; cond: 85276516352.0, ratio:0.9903042912483215
reserving basis 166/768; cond: 85276516352.0, ratio:0.9903042912483215
reserving basis 129/768; cond: 184601673728.0, ratio:0.9911313056945801
reserving basis 129/768; cond: 184601673728.0, ratio:0.9911313056945801
2026-04-28 00:28:52,389 [palora.py] => Task 46, Epoch 50/50 => Loss 0.467, Train_accy 96.79
2026-04-28 00:28:57,727 [trainer.py] => Time:252.1742513179779
1459 1459
2026-04-28 00:29:04,519 [trainer.py] => Time:6.791893482208252
2026-04-28 00:29:04,519 [trainer.py] => ACC: {'total': 61.48, '00-03': 83.1, '04-07': 73.08, '08-11': 78.46, '12-15': 76.12, '16-19': 73.08, '20-23': 90.16, '24-27': 83.87, '28-31': 70.49, '32-35': 80.49, '36-39': 55.17, '40-43': 64.29, '44-47': 55.32, '48-51': 67.57, '52-55': 64.18, '56-59': 67.69, '60-63': 73.21, '64-67': 70.18, '68-71': 50.0, '72-75': 77.78, '76-79': 40.0, '80-83': 39.13, '84-87': 50.0, '88-91': 53.85, '92-95': 52.38, '96-99': 23.81, '100-103': 5.26, '104-107': 42.86, '108-111': 35.0, '112-115': 23.53, '116-119': 50.0, '120-123': 41.38, '124-127': 23.08, '128-131': 41.18, '132-135': 30.77, '136-139': 18.18, '140-143': 42.86, '144-147': 41.67, '148-151': 23.81, '152-155': 22.22, '156-159': 58.82, '160-163': 50.0, '164-167': 37.5, '168-171': 37.5, '172-175': 21.43, '176-179': 27.78, '180-183': 37.5, '184-187': 72.22, 'old': 61.21, 'new': 72.22}
2026-04-28 00:29:04,519 [trainer.py] => ACC top1 curve: [90.14, 86.99, 88.3, 87.45, 85.99, 86.41, 84.19, 81.67, 81.39, 80.39, 79.77, 78.92, 79.04, 77.19, 77.05, 76.69, 75.64, 74.58, 74.02, 74.09, 73.98, 73.71, 73.75, 73.15, 72.56, 71.58, 71.4, 71.02, 70.58, 70.35, 69.48, 68.39, 67.52, 67.13, 66.53, 66.35, 65.57, 65.13, 64.37, 64.08, 63.74, 63.13, 62.55, 61.99, 61.34, 61.21, 61.48]
Average Accuracy: 73.2336170212766
2026-04-28 00:29:04,520 [trainer.py] => Average Accuracy: 73.2336170212766
2026-04-28 00:29:04,528 [trainer.py] => All params: 126094051
2026-04-28 00:29:04,536 [trainer.py] => Trainable params: 371716
2026-04-28 00:29:04,536 [palora.py] => Learning on 188-192
Parameters to be updated: {'image_encoder.blocks.3.attn.lora_B_k.47.weight', 'image_encoder.blocks.0.attn.lora_A_k.47.weight', 'classifier_pool.47.bias', 'image_encoder.blocks.9.attn.lora_A_v.47.weight', 'image_encoder.blocks.8.attn.lora_A_v.47.weight', 'image_encoder.blocks.2.attn.lora_B_v.47.weight', 'image_encoder.blocks.0.attn.lora_B_k.47.weight', 'image_encoder.blocks.6.attn.lora_B_v.47.weight', 'image_encoder.blocks.7.attn.lora_A_k.47.weight', 'image_encoder.blocks.11.attn.lora_B_v.47.weight', 'image_encoder.blocks.4.attn.lora_B_v.47.weight', 'image_encoder.blocks.9.attn.lora_A_k.47.weight', 'image_encoder.blocks.3.attn.lora_B_v.47.weight', 'image_encoder.blocks.7.attn.lora_A_v.47.weight', 'image_encoder.blocks.3.attn.lora_A_v.47.weight', 'image_encoder.blocks.2.attn.lora_A_k.47.weight', 'image_encoder.blocks.6.attn.lora_B_k.47.weight', 'image_encoder.blocks.11.attn.lora_A_v.47.weight', 'image_encoder.blocks.1.attn.lora_A_k.47.weight', 'image_encoder.blocks.8.attn.lora_A_k.47.weight', 'image_encoder.blocks.5.attn.lora_B_v.47.weight', 'image_encoder.blocks.10.attn.lora_B_k.47.weight', 'image_encoder.blocks.4.attn.lora_A_k.47.weight', 'image_encoder.blocks.1.attn.lora_A_v.47.weight', 'image_encoder.blocks.2.attn.lora_B_k.47.weight', 'image_encoder.blocks.5.attn.lora_B_k.47.weight', 'image_encoder.blocks.9.attn.lora_B_v.47.weight', 'image_encoder.blocks.11.attn.lora_A_k.47.weight', 'image_encoder.blocks.6.attn.lora_A_v.47.weight', 'image_encoder.blocks.7.attn.lora_B_v.47.weight', 'image_encoder.blocks.1.attn.lora_B_v.47.weight', 'image_encoder.blocks.4.attn.lora_A_v.47.weight', 'image_encoder.blocks.10.attn.lora_A_k.47.weight', 'image_encoder.blocks.2.attn.lora_A_v.47.weight', 'image_encoder.blocks.10.attn.lora_A_v.47.weight', 'image_encoder.blocks.8.attn.lora_B_k.47.weight', 'image_encoder.blocks.7.attn.lora_B_k.47.weight', 'classifier_pool.47.weight', 'image_encoder.blocks.11.attn.lora_B_k.47.weight', 'image_encoder.blocks.6.attn.lora_A_k.47.weight', 'image_encoder.blocks.10.attn.lora_B_v.47.weight', 'image_encoder.blocks.5.attn.lora_A_v.47.weight', 'image_encoder.blocks.0.attn.lora_A_v.47.weight', 'image_encoder.blocks.8.attn.lora_B_v.47.weight', 'image_encoder.blocks.0.attn.lora_B_v.47.weight', 'image_encoder.blocks.9.attn.lora_B_k.47.weight', 'image_encoder.blocks.3.attn.lora_A_k.47.weight', 'image_encoder.blocks.1.attn.lora_B_k.47.weight', 'image_encoder.blocks.4.attn.lora_B_k.47.weight', 'image_encoder.blocks.5.attn.lora_A_k.47.weight'}
After trained on task 46 tensor(0.0184, device='cuda:0') tensor(0.0178, device='cuda:0')
After trained on task 46 tensor(0.0172, device='cuda:0') tensor(0.0217, device='cuda:0')
After trained on task 46 tensor(0.0176, device='cuda:0') tensor(0.0226, device='cuda:0')
After trained on task 46 tensor(0.0204, device='cuda:0') tensor(0.0281, device='cuda:0')
After trained on task 46 tensor(0.0252, device='cuda:0') tensor(0.0286, device='cuda:0')
After trained on task 46 tensor(0.0297, device='cuda:0') tensor(0.0319, device='cuda:0')
After trained on task 46 tensor(0.0299, device='cuda:0') tensor(0.0323, device='cuda:0')
After trained on task 46 tensor(0.0269, device='cuda:0') tensor(0.0382, device='cuda:0')
After trained on task 46 tensor(0.0335, device='cuda:0') tensor(0.0516, device='cuda:0')
After trained on task 46 tensor(0.0330, device='cuda:0') tensor(0.0622, device='cuda:0')
After trained on task 46 tensor(0.0403, device='cuda:0') tensor(0.0822, device='cuda:0')
After trained on task 46 tensor(0.0499, device='cuda:0') tensor(0.1162, device='cuda:0')
reserving basis 170/768; cond: 7071375872.0, ratio:0.9910062551498413
reserving basis 170/768; cond: 7071375872.0, ratio:0.9910062551498413
reserving basis 186/768; cond: 171665473536.0, ratio:0.9906026721000671
reserving basis 186/768; cond: 171665473536.0, ratio:0.9906026721000671
reserving basis 180/768; cond: 109622329344.0, ratio:0.9912238717079163
reserving basis 180/768; cond: 109622329344.0, ratio:0.9912238717079163
reserving basis 177/768; cond: 114064482304.0, ratio:0.9902437329292297
reserving basis 177/768; cond: 114064482304.0, ratio:0.9902437329292297
reserving basis 187/768; cond: 25130135552.0, ratio:0.9904397130012512
reserving basis 187/768; cond: 25130135552.0, ratio:0.9904397130012512
reserving basis 180/768; cond: 47737765888.0, ratio:0.991093099117279
reserving basis 180/768; cond: 47737765888.0, ratio:0.991093099117279
reserving basis 190/768; cond: 81017217024.0, ratio:0.9906719326972961
reserving basis 190/768; cond: 81017217024.0, ratio:0.9906719326972961
reserving basis 178/768; cond: 46481408000.0, ratio:0.9903629422187805
reserving basis 178/768; cond: 46481408000.0, ratio:0.9903629422187805
reserving basis 189/768; cond: 55025291264.0, ratio:0.9913969039916992
reserving basis 189/768; cond: 55025291264.0, ratio:0.9913969039916992
reserving basis 175/768; cond: 74128048128.0, ratio:0.9906013011932373
reserving basis 175/768; cond: 74128048128.0, ratio:0.9906013011932373
reserving basis 183/768; cond: 37761191936.0, ratio:0.9902721643447876
reserving basis 183/768; cond: 37761191936.0, ratio:0.9902721643447876
reserving basis 174/768; cond: 29669466112.0, ratio:0.990285336971283
reserving basis 174/768; cond: 29669466112.0, ratio:0.990285336971283
reserving basis 184/768; cond: 50154844160.0, ratio:0.9900833964347839
reserving basis 184/768; cond: 50154844160.0, ratio:0.9900833964347839
reserving basis 179/768; cond: 174838497280.0, ratio:0.990166187286377
reserving basis 179/768; cond: 174838497280.0, ratio:0.990166187286377
reserving basis 189/768; cond: 5590649344.0, ratio:0.9905602335929871
reserving basis 189/768; cond: 5590649344.0, ratio:0.9905602335929871
reserving basis 177/768; cond: 21215309824.0, ratio:0.9914108514785767
reserving basis 177/768; cond: 21215309824.0, ratio:0.9914108514785767
reserving basis 187/768; cond: 16716001280.0, ratio:0.990393877029419
reserving basis 187/768; cond: 16716001280.0, ratio:0.990393877029419
reserving basis 169/768; cond: 24906584064.0, ratio:0.9909598231315613
reserving basis 169/768; cond: 24906584064.0, ratio:0.9909598231315613
reserving basis 183/768; cond: 19469934592.0, ratio:0.990164041519165
reserving basis 183/768; cond: 19469934592.0, ratio:0.990164041519165
reserving basis 157/768; cond: 19262195712.0, ratio:0.9917632937431335
reserving basis 157/768; cond: 19262195712.0, ratio:0.9917632937431335
reserving basis 177/768; cond: 49748918272.0, ratio:0.9904110431671143
reserving basis 177/768; cond: 49748918272.0, ratio:0.9904110431671143
reserving basis 144/768; cond: 25905909760.0, ratio:0.9915210008621216
reserving basis 144/768; cond: 25905909760.0, ratio:0.9915210008621216
reserving basis 167/768; cond: 94121222144.0, ratio:0.9901565313339233
reserving basis 167/768; cond: 94121222144.0, ratio:0.9901565313339233
reserving basis 129/768; cond: 67544018944.0, ratio:0.9901624321937561
reserving basis 129/768; cond: 67544018944.0, ratio:0.9901624321937561
2026-04-28 00:32:28,806 [palora.py] => Task 47, Epoch 50/50 => Loss 0.483, Train_accy 98.53
2026-04-28 00:32:33,360 [trainer.py] => Time:208.82401084899902
1480 1480
2026-04-28 00:32:40,631 [trainer.py] => Time:7.270633697509766
2026-04-28 00:32:40,631 [trainer.py] => ACC: {'total': 61.76, '00-03': 83.1, '04-07': 73.08, '08-11': 80.0, '12-15': 76.12, '16-19': 73.08, '20-23': 90.16, '24-27': 83.87, '28-31': 68.85, '32-35': 80.49, '36-39': 51.72, '40-43': 64.29, '44-47': 55.32, '48-51': 67.57, '52-55': 64.18, '56-59': 67.69, '60-63': 75.0, '64-67': 71.93, '68-71': 50.0, '72-75': 77.78, '76-79': 40.0, '80-83': 39.13, '84-87': 50.0, '88-91': 53.85, '92-95': 52.38, '96-99': 28.57, '100-103': 5.26, '104-107': 42.86, '108-111': 35.0, '112-115': 23.53, '116-119': 50.0, '120-123': 41.38, '124-127': 23.08, '128-131': 41.18, '132-135': 30.77, '136-139': 18.18, '140-143': 42.86, '144-147': 41.67, '148-151': 23.81, '152-155': 22.22, '156-159': 58.82, '160-163': 50.0, '164-167': 37.5, '168-171': 37.5, '172-175': 21.43, '176-179': 27.78, '180-183': 37.5, '184-187': 69.44, '188-191': 76.19, 'old': 61.55, 'new': 76.19}
2026-04-28 00:32:40,631 [trainer.py] => ACC top1 curve: [90.14, 86.99, 88.3, 87.45, 85.99, 86.41, 84.19, 81.67, 81.39, 80.39, 79.77, 78.92, 79.04, 77.19, 77.05, 76.69, 75.64, 74.58, 74.02, 74.09, 73.98, 73.71, 73.75, 73.15, 72.56, 71.58, 71.4, 71.02, 70.58, 70.35, 69.48, 68.39, 67.52, 67.13, 66.53, 66.35, 65.57, 65.13, 64.37, 64.08, 63.74, 63.13, 62.55, 61.99, 61.34, 61.21, 61.48, 61.76]
Average Accuracy: 72.99458333333334
2026-04-28 00:32:40,631 [trainer.py] => Average Accuracy: 72.99458333333334
2026-04-28 00:32:40,640 [trainer.py] => All params: 126094051
2026-04-28 00:32:40,647 [trainer.py] => Trainable params: 371716
2026-04-28 00:32:40,647 [palora.py] => Learning on 192-196
Parameters to be updated: {'image_encoder.blocks.2.attn.lora_A_v.48.weight', 'image_encoder.blocks.1.attn.lora_A_v.48.weight', 'image_encoder.blocks.11.attn.lora_B_k.48.weight', 'classifier_pool.48.weight', 'image_encoder.blocks.11.attn.lora_A_k.48.weight', 'image_encoder.blocks.0.attn.lora_B_k.48.weight', 'image_encoder.blocks.3.attn.lora_B_k.48.weight', 'image_encoder.blocks.8.attn.lora_A_k.48.weight', 'image_encoder.blocks.6.attn.lora_A_k.48.weight', 'image_encoder.blocks.8.attn.lora_A_v.48.weight', 'image_encoder.blocks.4.attn.lora_A_v.48.weight', 'image_encoder.blocks.1.attn.lora_B_k.48.weight', 'image_encoder.blocks.4.attn.lora_B_k.48.weight', 'image_encoder.blocks.10.attn.lora_A_v.48.weight', 'image_encoder.blocks.1.attn.lora_A_k.48.weight', 'image_encoder.blocks.4.attn.lora_A_k.48.weight', 'image_encoder.blocks.5.attn.lora_A_v.48.weight', 'image_encoder.blocks.8.attn.lora_B_v.48.weight', 'image_encoder.blocks.2.attn.lora_A_k.48.weight', 'image_encoder.blocks.10.attn.lora_A_k.48.weight', 'classifier_pool.48.bias', 'image_encoder.blocks.2.attn.lora_B_k.48.weight', 'image_encoder.blocks.1.attn.lora_B_v.48.weight', 'image_encoder.blocks.7.attn.lora_A_k.48.weight', 'image_encoder.blocks.3.attn.lora_A_v.48.weight', 'image_encoder.blocks.5.attn.lora_A_k.48.weight', 'image_encoder.blocks.9.attn.lora_B_v.48.weight', 'image_encoder.blocks.0.attn.lora_A_v.48.weight', 'image_encoder.blocks.0.attn.lora_B_v.48.weight', 'image_encoder.blocks.5.attn.lora_B_k.48.weight', 'image_encoder.blocks.0.attn.lora_A_k.48.weight', 'image_encoder.blocks.7.attn.lora_A_v.48.weight', 'image_encoder.blocks.9.attn.lora_A_k.48.weight', 'image_encoder.blocks.11.attn.lora_A_v.48.weight', 'image_encoder.blocks.6.attn.lora_A_v.48.weight', 'image_encoder.blocks.7.attn.lora_B_k.48.weight', 'image_encoder.blocks.10.attn.lora_B_k.48.weight', 'image_encoder.blocks.2.attn.lora_B_v.48.weight', 'image_encoder.blocks.6.attn.lora_B_v.48.weight', 'image_encoder.blocks.3.attn.lora_A_k.48.weight', 'image_encoder.blocks.7.attn.lora_B_v.48.weight', 'image_encoder.blocks.8.attn.lora_B_k.48.weight', 'image_encoder.blocks.11.attn.lora_B_v.48.weight', 'image_encoder.blocks.4.attn.lora_B_v.48.weight', 'image_encoder.blocks.9.attn.lora_A_v.48.weight', 'image_encoder.blocks.3.attn.lora_B_v.48.weight', 'image_encoder.blocks.5.attn.lora_B_v.48.weight', 'image_encoder.blocks.10.attn.lora_B_v.48.weight', 'image_encoder.blocks.6.attn.lora_B_k.48.weight', 'image_encoder.blocks.9.attn.lora_B_k.48.weight'}
After trained on task 47 tensor(0.0171, device='cuda:0') tensor(0.0173, device='cuda:0')
After trained on task 47 tensor(0.0168, device='cuda:0') tensor(0.0186, device='cuda:0')
After trained on task 47 tensor(0.0145, device='cuda:0') tensor(0.0187, device='cuda:0')
After trained on task 47 tensor(0.0158, device='cuda:0') tensor(0.0223, device='cuda:0')
After trained on task 47 tensor(0.0231, device='cuda:0') tensor(0.0261, device='cuda:0')
After trained on task 47 tensor(0.0239, device='cuda:0') tensor(0.0266, device='cuda:0')
After trained on task 47 tensor(0.0230, device='cuda:0') tensor(0.0276, device='cuda:0')
After trained on task 47 tensor(0.0241, device='cuda:0') tensor(0.0292, device='cuda:0')
After trained on task 47 tensor(0.0240, device='cuda:0') tensor(0.0318, device='cuda:0')
After trained on task 47 tensor(0.0257, device='cuda:0') tensor(0.0351, device='cuda:0')
After trained on task 47 tensor(0.0258, device='cuda:0') tensor(0.0407, device='cuda:0')
After trained on task 47 tensor(0.0320, device='cuda:0') tensor(0.0522, device='cuda:0')
reserving basis 171/768; cond: 34679984128.0, ratio:0.991321325302124
reserving basis 171/768; cond: 34679984128.0, ratio:0.991321325302124
reserving basis 187/768; cond: 35697934336.0, ratio:0.9908360242843628
reserving basis 187/768; cond: 35697934336.0, ratio:0.9908360242843628
reserving basis 181/768; cond: 31037851648.0, ratio:0.9911728501319885
reserving basis 181/768; cond: 31037851648.0, ratio:0.9911728501319885
reserving basis 178/768; cond: 787527434240.0, ratio:0.9912091493606567
reserving basis 178/768; cond: 787527434240.0, ratio:0.9912091493606567
reserving basis 187/768; cond: 67348180992.0, ratio:0.9902574419975281
reserving basis 187/768; cond: 67348180992.0, ratio:0.9902574419975281
reserving basis 180/768; cond: 101450686464.0, ratio:0.9908970594406128
reserving basis 180/768; cond: 101450686464.0, ratio:0.9908970594406128
reserving basis 190/768; cond: 64511889408.0, ratio:0.9901359677314758
reserving basis 190/768; cond: 64511889408.0, ratio:0.9901359677314758
reserving basis 178/768; cond: 58374307840.0, ratio:0.9903688430786133
reserving basis 178/768; cond: 58374307840.0, ratio:0.9903688430786133
reserving basis 191/768; cond: 30261510144.0, ratio:0.9911306500434875
reserving basis 191/768; cond: 30261510144.0, ratio:0.9911306500434875
reserving basis 176/768; cond: 201914597376.0, ratio:0.9904784560203552
reserving basis 176/768; cond: 201914597376.0, ratio:0.9904784560203552
reserving basis 184/768; cond: 18958858240.0, ratio:0.9914478659629822
reserving basis 184/768; cond: 18958858240.0, ratio:0.9914478659629822
reserving basis 175/768; cond: 1975881302016.0, ratio:0.9916555881500244
reserving basis 175/768; cond: 1975881302016.0, ratio:0.9916555881500244
reserving basis 185/768; cond: 76874072064.0, ratio:0.9903035759925842
reserving basis 185/768; cond: 76874072064.0, ratio:0.9903035759925842
reserving basis 180/768; cond: 23824379904.0, ratio:0.990330696105957
reserving basis 180/768; cond: 23824379904.0, ratio:0.990330696105957
reserving basis 190/768; cond: 16630902784.0, ratio:0.9906458854675293
reserving basis 190/768; cond: 16630902784.0, ratio:0.9906458854675293
reserving basis 178/768; cond: 99620659200.0, ratio:0.9912183284759521
reserving basis 178/768; cond: 99620659200.0, ratio:0.9912183284759521
reserving basis 188/768; cond: 34127937536.0, ratio:0.9905228614807129
reserving basis 188/768; cond: 34127937536.0, ratio:0.9905228614807129
reserving basis 170/768; cond: 30602942464.0, ratio:0.9916449189186096
reserving basis 170/768; cond: 30602942464.0, ratio:0.9916449189186096
reserving basis 184/768; cond: 147980648448.0, ratio:0.9904948472976685
reserving basis 184/768; cond: 147980648448.0, ratio:0.9904948472976685
reserving basis 158/768; cond: 41507123200.0, ratio:0.9913704991340637
reserving basis 158/768; cond: 41507123200.0, ratio:0.9913704991340637
reserving basis 178/768; cond: 37914099712.0, ratio:0.9908581376075745
reserving basis 178/768; cond: 37914099712.0, ratio:0.9908581376075745
reserving basis 145/768; cond: 133437808640.0, ratio:0.9917123317718506
reserving basis 145/768; cond: 133437808640.0, ratio:0.9917123317718506
reserving basis 168/768; cond: 346186153984.0, ratio:0.9905793070793152
reserving basis 168/768; cond: 346186153984.0, ratio:0.9905793070793152
reserving basis 130/768; cond: 441275547648.0, ratio:0.9915404319763184
reserving basis 130/768; cond: 441275547648.0, ratio:0.9915404319763184
2026-04-28 00:36:08,502 [palora.py] => Task 48, Epoch 50/50 => Loss 0.439, Train_accy 100.00
2026-04-28 00:36:13,052 [trainer.py] => Time:212.40478467941284
1503 1503
2026-04-28 00:36:20,744 [trainer.py] => Time:7.691094398498535
2026-04-28 00:36:20,744 [trainer.py] => ACC: {'total': 61.41, '00-03': 83.1, '04-07': 73.08, '08-11': 81.54, '12-15': 76.12, '16-19': 73.08, '20-23': 90.16, '24-27': 83.87, '28-31': 68.85, '32-35': 80.49, '36-39': 51.72, '40-43': 64.29, '44-47': 55.32, '48-51': 67.57, '52-55': 64.18, '56-59': 67.69, '60-63': 75.0, '64-67': 70.18, '68-71': 50.0, '72-75': 77.78, '76-79': 40.0, '80-83': 39.13, '84-87': 50.0, '88-91': 53.85, '92-95': 52.38, '96-99': 28.57, '100-103': 5.26, '104-107': 42.86, '108-111': 35.0, '112-115': 17.65, '116-119': 50.0, '120-123': 41.38, '124-127': 23.08, '128-131': 41.18, '132-135': 30.77, '136-139': 18.18, '140-143': 42.86, '144-147': 41.67, '148-151': 28.57, '152-155': 22.22, '156-159': 58.82, '160-163': 50.0, '164-167': 33.33, '168-171': 37.5, '172-175': 21.43, '176-179': 27.78, '180-183': 37.5, '184-187': 69.44, '188-191': 76.19, '192-195': 43.48, 'old': 61.69, 'new': 43.48}
2026-04-28 00:36:20,744 [trainer.py] => ACC top1 curve: [90.14, 86.99, 88.3, 87.45, 85.99, 86.41, 84.19, 81.67, 81.39, 80.39, 79.77, 78.92, 79.04, 77.19, 77.05, 76.69, 75.64, 74.58, 74.02, 74.09, 73.98, 73.71, 73.75, 73.15, 72.56, 71.58, 71.4, 71.02, 70.58, 70.35, 69.48, 68.39, 67.52, 67.13, 66.53, 66.35, 65.57, 65.13, 64.37, 64.08, 63.74, 63.13, 62.55, 61.99, 61.34, 61.21, 61.48, 61.76, 61.41]
Average Accuracy: 72.75816326530612
2026-04-28 00:36:20,744 [trainer.py] => Average Accuracy: 72.75816326530612
2026-04-28 00:36:20,753 [trainer.py] => All params: 126094051
2026-04-28 00:36:20,760 [trainer.py] => Trainable params: 371716
2026-04-28 00:36:20,760 [palora.py] => Learning on 196-200
Parameters to be updated: {'image_encoder.blocks.5.attn.lora_A_v.49.weight', 'image_encoder.blocks.6.attn.lora_A_v.49.weight', 'image_encoder.blocks.3.attn.lora_B_k.49.weight', 'image_encoder.blocks.7.attn.lora_A_k.49.weight', 'image_encoder.blocks.8.attn.lora_B_v.49.weight', 'image_encoder.blocks.0.attn.lora_B_v.49.weight', 'image_encoder.blocks.11.attn.lora_B_v.49.weight', 'image_encoder.blocks.9.attn.lora_B_k.49.weight', 'image_encoder.blocks.0.attn.lora_A_k.49.weight', 'image_encoder.blocks.2.attn.lora_B_v.49.weight', 'image_encoder.blocks.0.attn.lora_B_k.49.weight', 'image_encoder.blocks.7.attn.lora_A_v.49.weight', 'image_encoder.blocks.1.attn.lora_A_v.49.weight', 'classifier_pool.49.bias', 'image_encoder.blocks.9.attn.lora_B_v.49.weight', 'image_encoder.blocks.4.attn.lora_A_k.49.weight', 'image_encoder.blocks.4.attn.lora_A_v.49.weight', 'image_encoder.blocks.10.attn.lora_B_v.49.weight', 'image_encoder.blocks.0.attn.lora_A_v.49.weight', 'image_encoder.blocks.10.attn.lora_B_k.49.weight', 'image_encoder.blocks.7.attn.lora_B_k.49.weight', 'image_encoder.blocks.1.attn.lora_B_k.49.weight', 'image_encoder.blocks.3.attn.lora_A_v.49.weight', 'image_encoder.blocks.2.attn.lora_A_k.49.weight', 'image_encoder.blocks.5.attn.lora_A_k.49.weight', 'image_encoder.blocks.4.attn.lora_B_v.49.weight', 'image_encoder.blocks.2.attn.lora_B_k.49.weight', 'image_encoder.blocks.6.attn.lora_B_k.49.weight', 'image_encoder.blocks.11.attn.lora_B_k.49.weight', 'image_encoder.blocks.9.attn.lora_A_v.49.weight', 'image_encoder.blocks.9.attn.lora_A_k.49.weight', 'image_encoder.blocks.10.attn.lora_A_v.49.weight', 'image_encoder.blocks.6.attn.lora_B_v.49.weight', 'image_encoder.blocks.11.attn.lora_A_v.49.weight', 'image_encoder.blocks.11.attn.lora_A_k.49.weight', 'image_encoder.blocks.8.attn.lora_A_k.49.weight', 'image_encoder.blocks.5.attn.lora_B_k.49.weight', 'image_encoder.blocks.6.attn.lora_A_k.49.weight', 'image_encoder.blocks.3.attn.lora_A_k.49.weight', 'image_encoder.blocks.4.attn.lora_B_k.49.weight', 'image_encoder.blocks.1.attn.lora_B_v.49.weight', 'image_encoder.blocks.3.attn.lora_B_v.49.weight', 'image_encoder.blocks.8.attn.lora_A_v.49.weight', 'image_encoder.blocks.7.attn.lora_B_v.49.weight', 'image_encoder.blocks.10.attn.lora_A_k.49.weight', 'image_encoder.blocks.2.attn.lora_A_v.49.weight', 'classifier_pool.49.weight', 'image_encoder.blocks.8.attn.lora_B_k.49.weight', 'image_encoder.blocks.5.attn.lora_B_v.49.weight', 'image_encoder.blocks.1.attn.lora_A_k.49.weight'}
After trained on task 48 tensor(0.0210, device='cuda:0') tensor(0.0176, device='cuda:0')
After trained on task 48 tensor(0.0183, device='cuda:0') tensor(0.0216, device='cuda:0')
After trained on task 48 tensor(0.0158, device='cuda:0') tensor(0.0210, device='cuda:0')
After trained on task 48 tensor(0.0151, device='cuda:0') tensor(0.0247, device='cuda:0')
After trained on task 48 tensor(0.0196, device='cuda:0') tensor(0.0238, device='cuda:0')
After trained on task 48 tensor(0.0201, device='cuda:0') tensor(0.0269, device='cuda:0')
After trained on task 48 tensor(0.0233, device='cuda:0') tensor(0.0294, device='cuda:0')
After trained on task 48 tensor(0.0244, device='cuda:0') tensor(0.0298, device='cuda:0')
After trained on task 48 tensor(0.0255, device='cuda:0') tensor(0.0380, device='cuda:0')
After trained on task 48 tensor(0.0280, device='cuda:0') tensor(0.0402, device='cuda:0')
After trained on task 48 tensor(0.0275, device='cuda:0') tensor(0.0487, device='cuda:0')
After trained on task 48 tensor(0.0319, device='cuda:0') tensor(0.0538, device='cuda:0')
reserving basis 171/768; cond: 96181592064.0, ratio:0.9910538196563721
reserving basis 171/768; cond: 96181592064.0, ratio:0.9910538196563721
reserving basis 188/768; cond: 33076637696.0, ratio:0.9903962016105652
reserving basis 188/768; cond: 33076637696.0, ratio:0.9903962016105652
reserving basis 182/768; cond: 44779290624.0, ratio:0.9908424615859985
reserving basis 182/768; cond: 44779290624.0, ratio:0.9908424615859985
reserving basis 179/768; cond: 15758612480.0, ratio:0.9900538921356201
reserving basis 179/768; cond: 15758612480.0, ratio:0.9900538921356201
reserving basis 188/768; cond: 13410768896.0, ratio:0.990431010723114
reserving basis 188/768; cond: 13410768896.0, ratio:0.990431010723114
reserving basis 181/768; cond: 8438778368.0, ratio:0.9914411902427673
reserving basis 181/768; cond: 8438778368.0, ratio:0.9914411902427673
reserving basis 190/768; cond: 49556963328.0, ratio:0.9907386898994446
reserving basis 190/768; cond: 49556963328.0, ratio:0.9907386898994446
reserving basis 179/768; cond: 186781761536.0, ratio:0.9908612370491028
reserving basis 179/768; cond: 186781761536.0, ratio:0.9908612370491028
reserving basis 192/768; cond: 41484886016.0, ratio:0.991054892539978
reserving basis 192/768; cond: 41484886016.0, ratio:0.991054892539978
reserving basis 176/768; cond: 105567404032.0, ratio:0.9903399348258972
reserving basis 176/768; cond: 105567404032.0, ratio:0.9903399348258972
reserving basis 184/768; cond: 28518488064.0, ratio:0.9901516437530518
reserving basis 184/768; cond: 28518488064.0, ratio:0.9901516437530518
reserving basis 176/768; cond: 15730040832.0, ratio:0.991019606590271
reserving basis 176/768; cond: 15730040832.0, ratio:0.991019606590271
reserving basis 186/768; cond: 290181120000.0, ratio:0.9913455843925476
reserving basis 186/768; cond: 290181120000.0, ratio:0.9913455843925476
reserving basis 181/768; cond: 46071488512.0, ratio:0.9907181262969971
reserving basis 181/768; cond: 46071488512.0, ratio:0.9907181262969971
reserving basis 191/768; cond: 11007095808.0, ratio:0.9911108016967773
reserving basis 191/768; cond: 11007095808.0, ratio:0.9911108016967773
reserving basis 179/768; cond: 24855928832.0, ratio:0.9910038113594055
reserving basis 179/768; cond: 24855928832.0, ratio:0.9910038113594055
reserving basis 189/768; cond: 12441943040.0, ratio:0.9907426238059998
reserving basis 189/768; cond: 12441943040.0, ratio:0.9907426238059998
reserving basis 171/768; cond: 23950364672.0, ratio:0.991622805595398
reserving basis 171/768; cond: 23950364672.0, ratio:0.991622805595398
reserving basis 185/768; cond: 327670956032.0, ratio:0.9904618859291077
reserving basis 185/768; cond: 327670956032.0, ratio:0.9904618859291077
reserving basis 159/768; cond: 22994345984.0, ratio:0.9915983080863953
reserving basis 159/768; cond: 22994345984.0, ratio:0.9915983080863953
reserving basis 179/768; cond: 34066866176.0, ratio:0.99112468957901
reserving basis 179/768; cond: 34066866176.0, ratio:0.99112468957901
reserving basis 146/768; cond: 36195389440.0, ratio:0.991451621055603
reserving basis 146/768; cond: 36195389440.0, ratio:0.991451621055603
reserving basis 169/768; cond: 352802177024.0, ratio:0.9909618496894836
reserving basis 169/768; cond: 352802177024.0, ratio:0.9909618496894836
reserving basis 131/768; cond: 14108907520.0, ratio:0.9918993711471558
reserving basis 131/768; cond: 14108907520.0, ratio:0.9918993711471558
2026-04-28 00:39:42,789 [palora.py] => Task 49, Epoch 50/50 => Loss 0.422, Train_accy 98.00
2026-04-28 00:39:47,095 [trainer.py] => Time:206.33502554893494
1519 1519
2026-04-28 00:39:54,378 [trainer.py] => Time:7.281846523284912
2026-04-28 00:39:54,378 [trainer.py] => ACC: {'total': 61.09, '00-03': 83.1, '04-07': 73.08, '08-11': 81.54, '12-15': 74.63, '16-19': 73.08, '20-23': 90.16, '24-27': 83.87, '28-31': 68.85, '32-35': 80.49, '36-39': 51.72, '40-43': 64.29, '44-47': 55.32, '48-51': 67.57, '52-55': 64.18, '56-59': 67.69, '60-63': 75.0, '64-67': 70.18, '68-71': 50.0, '72-75': 77.78, '76-79': 40.0, '80-83': 39.13, '84-87': 50.0, '88-91': 53.85, '92-95': 52.38, '96-99': 28.57, '100-103': 5.26, '104-107': 42.86, '108-111': 30.0, '112-115': 17.65, '116-119': 50.0, '120-123': 41.38, '124-127': 23.08, '128-131': 41.18, '132-135': 30.77, '136-139': 18.18, '140-143': 42.86, '144-147': 41.67, '148-151': 28.57, '152-155': 22.22, '156-159': 58.82, '160-163': 50.0, '164-167': 33.33, '168-171': 37.5, '172-175': 21.43, '176-179': 27.78, '180-183': 37.5, '184-187': 69.44, '188-191': 76.19, '192-195': 43.48, '196-199': 43.75, 'old': 61.28, 'new': 43.75}
2026-04-28 00:39:54,378 [trainer.py] => ACC top1 curve: [90.14, 86.99, 88.3, 87.45, 85.99, 86.41, 84.19, 81.67, 81.39, 80.39, 79.77, 78.92, 79.04, 77.19, 77.05, 76.69, 75.64, 74.58, 74.02, 74.09, 73.98, 73.71, 73.75, 73.15, 72.56, 71.58, 71.4, 71.02, 70.58, 70.35, 69.48, 68.39, 67.52, 67.13, 66.53, 66.35, 65.57, 65.13, 64.37, 64.08, 63.74, 63.13, 62.55, 61.99, 61.34, 61.21, 61.48, 61.76, 61.41, 61.09]
Average Accuracy: 72.5248
2026-04-28 00:39:54,378 [trainer.py] => Average Accuracy: 72.5248
