logs/ImageNet_R/10_10_sip/palora/Adam/0
2026-04-27 06:55:06,006 [trainer.py] => config: configs/palora/ir20_palora.json
2026-04-27 06:55:06,006 [trainer.py] => device: [device(type='cuda', index=0)]
2026-04-27 06:55:06,006 [trainer.py] => eval: False
2026-04-27 06:55:06,006 [trainer.py] => p: 0.5
2026-04-27 06:55:06,006 [trainer.py] => prefix: reproduce
2026-04-27 06:55:06,006 [trainer.py] => dataset: ImageNet_R
2026-04-27 06:55:06,006 [trainer.py] => data_path: data/imagenet-r
2026-04-27 06:55:06,006 [trainer.py] => memory_size: 0
2026-04-27 06:55:06,006 [trainer.py] => memory_per_class: 0
2026-04-27 06:55:06,006 [trainer.py] => fixed_memory: True
2026-04-27 06:55:06,006 [trainer.py] => shuffle: False
2026-04-27 06:55:06,006 [trainer.py] => seed: 0
2026-04-27 06:55:06,006 [trainer.py] => init_cls: 10
2026-04-27 06:55:06,006 [trainer.py] => increment: 10
2026-04-27 06:55:06,006 [trainer.py] => total_sessions: 20
2026-04-27 06:55:06,006 [trainer.py] => model_name: palora
2026-04-27 06:55:06,006 [trainer.py] => net_type: sip
2026-04-27 06:55:06,006 [trainer.py] => embd_dim: 768
2026-04-27 06:55:06,006 [trainer.py] => num_heads: 12
2026-04-27 06:55:06,006 [trainer.py] => EPSILON: 1e-08
2026-04-27 06:55:06,006 [trainer.py] => init_epoch: 40
2026-04-27 06:55:06,006 [trainer.py] => optim: Adam
2026-04-27 06:55:06,006 [trainer.py] => init_lr: 0.0005
2026-04-27 06:55:06,006 [trainer.py] => init_lr_decay: 0.1
2026-04-27 06:55:06,006 [trainer.py] => init_weight_decay: 0.0
2026-04-27 06:55:06,006 [trainer.py] => epochs: 50
2026-04-27 06:55:06,007 [trainer.py] => fc_lrate: 0.0005
2026-04-27 06:55:06,007 [trainer.py] => lrate: 0.0005
2026-04-27 06:55:06,007 [trainer.py] => lrate_decay: 0.1
2026-04-27 06:55:06,007 [trainer.py] => batch_size: 128
2026-04-27 06:55:06,007 [trainer.py] => weight_decay: 0.0
2026-04-27 06:55:06,007 [trainer.py] => rank: 10
2026-04-27 06:55:06,007 [trainer.py] => margin_inter: 2.0
2026-04-27 06:55:06,007 [trainer.py] => lambada: 0.5
2026-04-27 06:55:06,007 [trainer.py] => num_workers: 16
2026-04-27 06:55:06,098 [data_manager.py] => [0, 1, 2, 3, 4, 5, 6, 7, 8, 9, 10, 11, 12, 13, 14, 15, 16, 17, 18, 19, 20, 21, 22, 23, 24, 25, 26, 27, 28, 29, 30, 31, 32, 33, 34, 35, 36, 37, 38, 39, 40, 41, 42, 43, 44, 45, 46, 47, 48, 49, 50, 51, 52, 53, 54, 55, 56, 57, 58, 59, 60, 61, 62, 63, 64, 65, 66, 67, 68, 69, 70, 71, 72, 73, 74, 75, 76, 77, 78, 79, 80, 81, 82, 83, 84, 85, 86, 87, 88, 89, 90, 91, 92, 93, 94, 95, 96, 97, 98, 99, 100, 101, 102, 103, 104, 105, 106, 107, 108, 109, 110, 111, 112, 113, 114, 115, 116, 117, 118, 119, 120, 121, 122, 123, 124, 125, 126, 127, 128, 129, 130, 131, 132, 133, 134, 135, 136, 137, 138, 139, 140, 141, 142, 143, 144, 145, 146, 147, 148, 149, 150, 151, 152, 153, 154, 155, 156, 157, 158, 159, 160, 161, 162, 163, 164, 165, 166, 167, 168, 169, 170, 171, 172, 173, 174, 175, 176, 177, 178, 179, 180, 181, 182, 183, 184, 185, 186, 187, 188, 189, 190, 191, 192, 193, 194, 195, 196, 197, 198, 199]
2026-04-27 06:55:08,765 [trainer.py] => All params: 115034851
2026-04-27 06:55:08,769 [trainer.py] => Trainable params: 115034851
2026-04-27 06:55:08,769 [palora.py] => Learning on 0-10
Parameters to be updated: {'image_encoder.blocks.4.attn.lora_B_v.0.weight', 'image_encoder.blocks.5.attn.lora_B_k.0.weight', 'image_encoder.blocks.1.attn.lora_A_k.0.weight', 'image_encoder.blocks.10.attn.lora_A_k.0.weight', 'image_encoder.blocks.7.attn.lora_B_v.0.weight', 'image_encoder.blocks.6.attn.lora_B_v.0.weight', 'image_encoder.blocks.0.attn.lora_A_k.0.weight', 'image_encoder.blocks.4.attn.lora_A_k.0.weight', 'image_encoder.blocks.11.attn.lora_B_k.0.weight', 'image_encoder.blocks.5.attn.lora_B_v.0.weight', 'image_encoder.blocks.8.attn.lora_B_k.0.weight', 'image_encoder.blocks.1.attn.lora_A_v.0.weight', 'image_encoder.blocks.9.attn.lora_A_k.0.weight', 'image_encoder.blocks.8.attn.lora_A_v.0.weight', 'image_encoder.blocks.2.attn.lora_A_v.0.weight', 'image_encoder.blocks.0.attn.lora_A_v.0.weight', 'image_encoder.blocks.6.attn.lora_A_k.0.weight', 'image_encoder.blocks.7.attn.lora_B_k.0.weight', 'image_encoder.blocks.10.attn.lora_B_k.0.weight', 'image_encoder.blocks.4.attn.lora_A_v.0.weight', 'image_encoder.blocks.2.attn.lora_B_v.0.weight', 'image_encoder.blocks.2.attn.lora_A_k.0.weight', 'image_encoder.blocks.3.attn.lora_B_k.0.weight', 'image_encoder.blocks.10.attn.lora_B_v.0.weight', 'image_encoder.blocks.8.attn.lora_B_v.0.weight', 'image_encoder.blocks.1.attn.lora_B_v.0.weight', 'image_encoder.blocks.3.attn.lora_A_k.0.weight', 'image_encoder.blocks.11.attn.lora_A_k.0.weight', 'image_encoder.blocks.9.attn.lora_A_v.0.weight', 'classifier_pool.0.weight', 'image_encoder.blocks.2.attn.lora_B_k.0.weight', 'image_encoder.blocks.7.attn.lora_A_k.0.weight', 'image_encoder.blocks.11.attn.lora_B_v.0.weight', 'image_encoder.blocks.5.attn.lora_A_v.0.weight', 'image_encoder.blocks.9.attn.lora_B_v.0.weight', 'image_encoder.blocks.5.attn.lora_A_k.0.weight', 'image_encoder.blocks.8.attn.lora_A_k.0.weight', 'classifier_pool.0.bias', 'image_encoder.blocks.4.attn.lora_B_k.0.weight', 'image_encoder.blocks.3.attn.lora_B_v.0.weight', 'image_encoder.blocks.0.attn.lora_B_k.0.weight', 'image_encoder.blocks.10.attn.lora_A_v.0.weight', 'image_encoder.blocks.9.attn.lora_B_k.0.weight', 'image_encoder.blocks.0.attn.lora_B_v.0.weight', 'image_encoder.blocks.6.attn.lora_A_v.0.weight', 'image_encoder.blocks.6.attn.lora_B_k.0.weight', 'image_encoder.blocks.3.attn.lora_A_v.0.weight', 'image_encoder.blocks.11.attn.lora_A_v.0.weight', 'image_encoder.blocks.1.attn.lora_B_k.0.weight', 'image_encoder.blocks.7.attn.lora_A_v.0.weight'}
2026-04-27 07:02:08,931 [palora.py] => Task 0, Epoch 40/40 => Loss 0.518, Train_accy 96.17
2026-04-27 07:02:26,559 [trainer.py] => Time:437.78940439224243
366 366
2026-04-27 07:02:30,611 [trainer.py] => Time:4.052253723144531
2026-04-27 07:02:30,611 [trainer.py] => ACC: {'total': 89.62, '00-09': 89.62, 'old': 0, 'new': 89.62}
2026-04-27 07:02:30,611 [trainer.py] => ACC top1 curve: [89.62]
Average Accuracy: 89.62
2026-04-27 07:02:30,611 [trainer.py] => Average Accuracy: 89.62
2026-04-27 07:02:30,615 [trainer.py] => All params: 115034851
2026-04-27 07:02:30,619 [trainer.py] => Trainable params: 376330
2026-04-27 07:02:30,619 [palora.py] => Learning on 10-20
Parameters to be updated: {'image_encoder.blocks.4.attn.lora_A_v.1.weight', 'image_encoder.blocks.6.attn.lora_A_v.1.weight', 'image_encoder.blocks.9.attn.lora_B_k.1.weight', 'image_encoder.blocks.7.attn.lora_B_v.1.weight', 'image_encoder.blocks.10.attn.lora_B_k.1.weight', 'image_encoder.blocks.0.attn.lora_A_k.1.weight', 'image_encoder.blocks.1.attn.lora_B_k.1.weight', 'image_encoder.blocks.2.attn.lora_B_k.1.weight', 'image_encoder.blocks.8.attn.lora_A_v.1.weight', 'image_encoder.blocks.0.attn.lora_B_v.1.weight', 'image_encoder.blocks.11.attn.lora_B_k.1.weight', 'image_encoder.blocks.2.attn.lora_A_v.1.weight', 'image_encoder.blocks.4.attn.lora_B_k.1.weight', 'image_encoder.blocks.4.attn.lora_A_k.1.weight', 'image_encoder.blocks.4.attn.lora_B_v.1.weight', 'image_encoder.blocks.5.attn.lora_B_v.1.weight', 'image_encoder.blocks.0.attn.lora_A_v.1.weight', 'image_encoder.blocks.11.attn.lora_B_v.1.weight', 'image_encoder.blocks.1.attn.lora_B_v.1.weight', 'image_encoder.blocks.10.attn.lora_A_v.1.weight', 'image_encoder.blocks.3.attn.lora_A_v.1.weight', 'image_encoder.blocks.3.attn.lora_B_v.1.weight', 'image_encoder.blocks.5.attn.lora_B_k.1.weight', 'image_encoder.blocks.6.attn.lora_B_k.1.weight', 'image_encoder.blocks.8.attn.lora_A_k.1.weight', 'image_encoder.blocks.0.attn.lora_B_k.1.weight', 'image_encoder.blocks.11.attn.lora_A_v.1.weight', 'image_encoder.blocks.7.attn.lora_A_v.1.weight', 'image_encoder.blocks.5.attn.lora_A_v.1.weight', 'classifier_pool.1.weight', 'image_encoder.blocks.10.attn.lora_B_v.1.weight', 'image_encoder.blocks.10.attn.lora_A_k.1.weight', 'image_encoder.blocks.2.attn.lora_A_k.1.weight', 'image_encoder.blocks.11.attn.lora_A_k.1.weight', 'image_encoder.blocks.3.attn.lora_B_k.1.weight', 'image_encoder.blocks.5.attn.lora_A_k.1.weight', 'image_encoder.blocks.9.attn.lora_A_k.1.weight', 'image_encoder.blocks.7.attn.lora_B_k.1.weight', 'classifier_pool.1.bias', 'image_encoder.blocks.2.attn.lora_B_v.1.weight', 'image_encoder.blocks.9.attn.lora_B_v.1.weight', 'image_encoder.blocks.6.attn.lora_A_k.1.weight', 'image_encoder.blocks.7.attn.lora_A_k.1.weight', 'image_encoder.blocks.1.attn.lora_A_v.1.weight', 'image_encoder.blocks.9.attn.lora_A_v.1.weight', 'image_encoder.blocks.6.attn.lora_B_v.1.weight', 'image_encoder.blocks.8.attn.lora_B_k.1.weight', 'image_encoder.blocks.3.attn.lora_A_k.1.weight', 'image_encoder.blocks.1.attn.lora_A_k.1.weight', 'image_encoder.blocks.8.attn.lora_B_v.1.weight'}
After trained on task 0 tensor(0.2818, device='cuda:0') tensor(0.2390, device='cuda:0')
After trained on task 0 tensor(0.2649, device='cuda:0') tensor(0.4616, device='cuda:0')
After trained on task 0 tensor(0.2692, device='cuda:0') tensor(0.4043, device='cuda:0')
After trained on task 0 tensor(0.3917, device='cuda:0') tensor(0.4364, device='cuda:0')
After trained on task 0 tensor(0.3885, device='cuda:0') tensor(0.5813, device='cuda:0')
After trained on task 0 tensor(0.4776, device='cuda:0') tensor(0.5855, device='cuda:0')
After trained on task 0 tensor(0.6368, device='cuda:0') tensor(0.5945, device='cuda:0')
After trained on task 0 tensor(0.6091, device='cuda:0') tensor(0.6381, device='cuda:0')
After trained on task 0 tensor(0.6089, device='cuda:0') tensor(0.6289, device='cuda:0')
After trained on task 0 tensor(1.1222, device='cuda:0') tensor(0.6991, device='cuda:0')
After trained on task 0 tensor(1.1118, device='cuda:0') tensor(0.6952, device='cuda:0')
After trained on task 0 tensor(1.0954, device='cuda:0') tensor(0.7935, device='cuda:0')
reserving basis 10/768; cond: 4309054390272.0, ratio:0.9999992847442627
reserving basis 10/768; cond: 4309054390272.0, ratio:0.9999992847442627
reserving basis 10/768; cond: 15300436164608.0, ratio:0.9999992251396179
reserving basis 10/768; cond: 15300436164608.0, ratio:0.9999992251396179
reserving basis 10/768; cond: 3060916551680.0, ratio:0.9999990463256836
reserving basis 10/768; cond: 3060916551680.0, ratio:0.9999990463256836
reserving basis 10/768; cond: 49696307412992.0, ratio:0.9999992847442627
reserving basis 10/768; cond: 49696307412992.0, ratio:0.9999992847442627
reserving basis 10/768; cond: 1252301471744.0, ratio:0.9999990463256836
reserving basis 10/768; cond: 1252301471744.0, ratio:0.9999990463256836
reserving basis 10/768; cond: 401661952000.0, ratio:0.9999990463256836
reserving basis 10/768; cond: 401661952000.0, ratio:0.9999990463256836
reserving basis 10/768; cond: 2414999240704.0, ratio:0.9999992251396179
reserving basis 10/768; cond: 2414999240704.0, ratio:0.9999992251396179
reserving basis 10/768; cond: 4482589523968.0, ratio:0.9999991059303284
reserving basis 10/768; cond: 4482589523968.0, ratio:0.9999991059303284
reserving basis 10/768; cond: 6588346662912.0, ratio:0.9999992251396179
reserving basis 10/768; cond: 6588346662912.0, ratio:0.9999992251396179
reserving basis 10/768; cond: 9613712818176.0, ratio:0.9999991655349731
reserving basis 10/768; cond: 9613712818176.0, ratio:0.9999991655349731
reserving basis 10/768; cond: 2136584486912.0, ratio:0.9999990463256836
reserving basis 10/768; cond: 2136584486912.0, ratio:0.9999990463256836
reserving basis 10/768; cond: 4037712019456.0, ratio:0.9999991059303284
reserving basis 10/768; cond: 4037712019456.0, ratio:0.9999991059303284
reserving basis 10/768; cond: 19962448052224.0, ratio:0.9999990463256836
reserving basis 10/768; cond: 19962448052224.0, ratio:0.9999990463256836
reserving basis 10/768; cond: 47441030152192.0, ratio:0.9999990463256836
reserving basis 10/768; cond: 47441030152192.0, ratio:0.9999990463256836
reserving basis 10/768; cond: 31419761950720.0, ratio:0.9999991655349731
reserving basis 10/768; cond: 31419761950720.0, ratio:0.9999991655349731
reserving basis 10/768; cond: 5076792377344.0, ratio:0.9999993443489075
reserving basis 10/768; cond: 5076792377344.0, ratio:0.9999993443489075
reserving basis 10/768; cond: 8537971359744.0, ratio:0.9999990463256836
reserving basis 10/768; cond: 8537971359744.0, ratio:0.9999990463256836
reserving basis 10/768; cond: 2018102214656.0, ratio:0.9999992251396179
reserving basis 10/768; cond: 2018102214656.0, ratio:0.9999992251396179
reserving basis 9/768; cond: 6821698863104.0, ratio:0.9900898337364197
reserving basis 9/768; cond: 6821698863104.0, ratio:0.9900898337364197
reserving basis 10/768; cond: 30006342320128.0, ratio:0.9999992847442627
reserving basis 10/768; cond: 30006342320128.0, ratio:0.9999992847442627
reserving basis 9/768; cond: 3126295265280.0, ratio:0.9901661276817322
reserving basis 9/768; cond: 3126295265280.0, ratio:0.9901661276817322
reserving basis 10/768; cond: 18393251971072.0, ratio:0.9999990463256836
reserving basis 10/768; cond: 18393251971072.0, ratio:0.9999990463256836
reserving basis 9/768; cond: 5204509458432.0, ratio:0.9904657006263733
reserving basis 9/768; cond: 5204509458432.0, ratio:0.9904657006263733
reserving basis 10/768; cond: 730562625536.0, ratio:0.9999990463256836
reserving basis 10/768; cond: 730562625536.0, ratio:0.9999990463256836
2026-04-27 07:10:10,614 [palora.py] => Task 1, Epoch 50/50 => Loss 0.498, Train_accy 96.09
2026-04-27 07:10:27,765 [trainer.py] => Time:477.1460962295532
618 618
2026-04-27 07:10:32,192 [trainer.py] => Time:4.426707029342651
2026-04-27 07:10:32,193 [trainer.py] => ACC: {'total': 88.83, '00-09': 86.89, '10-19': 91.67, 'old': 86.89, 'new': 91.67}
2026-04-27 07:10:32,193 [trainer.py] => ACC top1 curve: [89.62, 88.83]
Average Accuracy: 89.225
2026-04-27 07:10:32,193 [trainer.py] => Average Accuracy: 89.225
2026-04-27 07:10:32,197 [trainer.py] => All params: 115034851
2026-04-27 07:10:32,200 [trainer.py] => Trainable params: 376330
2026-04-27 07:10:32,200 [palora.py] => Learning on 20-30
Parameters to be updated: {'classifier_pool.2.weight', 'image_encoder.blocks.1.attn.lora_B_k.2.weight', 'image_encoder.blocks.1.attn.lora_A_v.2.weight', 'image_encoder.blocks.1.attn.lora_B_v.2.weight', 'image_encoder.blocks.4.attn.lora_A_k.2.weight', 'image_encoder.blocks.4.attn.lora_B_k.2.weight', 'image_encoder.blocks.5.attn.lora_A_v.2.weight', 'image_encoder.blocks.3.attn.lora_B_k.2.weight', 'image_encoder.blocks.7.attn.lora_A_v.2.weight', 'image_encoder.blocks.4.attn.lora_B_v.2.weight', 'image_encoder.blocks.10.attn.lora_A_k.2.weight', 'image_encoder.blocks.7.attn.lora_A_k.2.weight', 'image_encoder.blocks.7.attn.lora_B_k.2.weight', 'image_encoder.blocks.9.attn.lora_B_v.2.weight', 'image_encoder.blocks.2.attn.lora_B_v.2.weight', 'image_encoder.blocks.9.attn.lora_B_k.2.weight', 'image_encoder.blocks.6.attn.lora_B_v.2.weight', 'image_encoder.blocks.11.attn.lora_A_k.2.weight', 'image_encoder.blocks.1.attn.lora_A_k.2.weight', 'image_encoder.blocks.2.attn.lora_B_k.2.weight', 'image_encoder.blocks.5.attn.lora_B_k.2.weight', 'image_encoder.blocks.7.attn.lora_B_v.2.weight', 'image_encoder.blocks.11.attn.lora_B_k.2.weight', 'image_encoder.blocks.9.attn.lora_A_v.2.weight', 'image_encoder.blocks.3.attn.lora_A_v.2.weight', 'image_encoder.blocks.8.attn.lora_A_v.2.weight', 'image_encoder.blocks.8.attn.lora_B_k.2.weight', 'image_encoder.blocks.9.attn.lora_A_k.2.weight', 'image_encoder.blocks.6.attn.lora_A_v.2.weight', 'image_encoder.blocks.3.attn.lora_B_v.2.weight', 'image_encoder.blocks.10.attn.lora_A_v.2.weight', 'image_encoder.blocks.11.attn.lora_A_v.2.weight', 'image_encoder.blocks.11.attn.lora_B_v.2.weight', 'image_encoder.blocks.8.attn.lora_B_v.2.weight', 'image_encoder.blocks.0.attn.lora_A_v.2.weight', 'image_encoder.blocks.3.attn.lora_A_k.2.weight', 'image_encoder.blocks.2.attn.lora_A_k.2.weight', 'image_encoder.blocks.10.attn.lora_B_v.2.weight', 'image_encoder.blocks.10.attn.lora_B_k.2.weight', 'image_encoder.blocks.0.attn.lora_B_k.2.weight', 'image_encoder.blocks.5.attn.lora_A_k.2.weight', 'image_encoder.blocks.5.attn.lora_B_v.2.weight', 'classifier_pool.2.bias', 'image_encoder.blocks.6.attn.lora_A_k.2.weight', 'image_encoder.blocks.0.attn.lora_B_v.2.weight', 'image_encoder.blocks.4.attn.lora_A_v.2.weight', 'image_encoder.blocks.0.attn.lora_A_k.2.weight', 'image_encoder.blocks.2.attn.lora_A_v.2.weight', 'image_encoder.blocks.8.attn.lora_A_k.2.weight', 'image_encoder.blocks.6.attn.lora_B_k.2.weight'}
After trained on task 1 tensor(0.1544, device='cuda:0') tensor(0.1777, device='cuda:0')
After trained on task 1 tensor(0.1722, device='cuda:0') tensor(0.2180, device='cuda:0')
After trained on task 1 tensor(0.2790, device='cuda:0') tensor(0.2461, device='cuda:0')
After trained on task 1 tensor(0.2176, device='cuda:0') tensor(0.3505, device='cuda:0')
After trained on task 1 tensor(0.2279, device='cuda:0') tensor(0.3429, device='cuda:0')
After trained on task 1 tensor(0.2640, device='cuda:0') tensor(0.2978, device='cuda:0')
After trained on task 1 tensor(0.3583, device='cuda:0') tensor(0.3666, device='cuda:0')
After trained on task 1 tensor(0.3250, device='cuda:0') tensor(0.4012, device='cuda:0')
After trained on task 1 tensor(0.3814, device='cuda:0') tensor(0.3705, device='cuda:0')
After trained on task 1 tensor(0.4093, device='cuda:0') tensor(0.4135, device='cuda:0')
After trained on task 1 tensor(0.4840, device='cuda:0') tensor(0.4927, device='cuda:0')
After trained on task 1 tensor(0.6409, device='cuda:0') tensor(0.5255, device='cuda:0')
reserving basis 20/768; cond: 131243194712064.0, ratio:0.9999987483024597
reserving basis 20/768; cond: 131243194712064.0, ratio:0.9999987483024597
reserving basis 19/768; cond: 789256011776.0, ratio:0.9905545115470886
reserving basis 19/768; cond: 789256011776.0, ratio:0.9905545115470886
reserving basis 19/768; cond: 488071856128.0, ratio:0.9914743900299072
reserving basis 19/768; cond: 488071856128.0, ratio:0.9914743900299072
reserving basis 19/768; cond: 3709571694592.0, ratio:0.9912360310554504
reserving basis 19/768; cond: 3709571694592.0, ratio:0.9912360310554504
reserving basis 20/768; cond: 1580195119104.0, ratio:0.999998927116394
reserving basis 20/768; cond: 1580195119104.0, ratio:0.999998927116394
reserving basis 19/768; cond: 1354472357888.0, ratio:0.9914566874504089
reserving basis 19/768; cond: 1354472357888.0, ratio:0.9914566874504089
reserving basis 20/768; cond: 3044647370752.0, ratio:0.9999989867210388
reserving basis 20/768; cond: 3044647370752.0, ratio:0.9999989867210388
reserving basis 19/768; cond: 843440390144.0, ratio:0.993439257144928
reserving basis 19/768; cond: 843440390144.0, ratio:0.993439257144928
reserving basis 20/768; cond: 6820904566784.0, ratio:0.9999986290931702
reserving basis 20/768; cond: 6820904566784.0, ratio:0.9999986290931702
reserving basis 19/768; cond: 1043688456192.0, ratio:0.9946681261062622
reserving basis 19/768; cond: 1043688456192.0, ratio:0.9946681261062622
reserving basis 19/768; cond: 1134518599680.0, ratio:0.9911007285118103
reserving basis 19/768; cond: 1134518599680.0, ratio:0.9911007285118103
reserving basis 19/768; cond: 650782507008.0, ratio:0.99314284324646
reserving basis 19/768; cond: 650782507008.0, ratio:0.99314284324646
reserving basis 19/768; cond: 1227419418624.0, ratio:0.9907431602478027
reserving basis 19/768; cond: 1227419418624.0, ratio:0.9907431602478027
reserving basis 19/768; cond: 4772774543360.0, ratio:0.9948680996894836
reserving basis 19/768; cond: 4772774543360.0, ratio:0.9948680996894836
reserving basis 20/768; cond: 8450895511552.0, ratio:0.9999988675117493
reserving basis 20/768; cond: 8450895511552.0, ratio:0.9999988675117493
reserving basis 19/768; cond: 4451411165184.0, ratio:0.9941199421882629
reserving basis 19/768; cond: 4451411165184.0, ratio:0.9941199421882629
reserving basis 19/768; cond: 1720562089984.0, ratio:0.9921232461929321
reserving basis 19/768; cond: 1720562089984.0, ratio:0.9921232461929321
reserving basis 19/768; cond: 898154954752.0, ratio:0.9938756823539734
reserving basis 19/768; cond: 898154954752.0, ratio:0.9938756823539734
reserving basis 18/768; cond: 2099749453824.0, ratio:0.9927745461463928
reserving basis 18/768; cond: 2099749453824.0, ratio:0.9927745461463928
reserving basis 19/768; cond: 5577386229760.0, ratio:0.9936635494232178
reserving basis 19/768; cond: 5577386229760.0, ratio:0.9936635494232178
reserving basis 18/768; cond: 6132415856640.0, ratio:0.9951760172843933
reserving basis 18/768; cond: 6132415856640.0, ratio:0.9951760172843933
reserving basis 19/768; cond: 287248154624.0, ratio:0.9932132363319397
reserving basis 19/768; cond: 287248154624.0, ratio:0.9932132363319397
reserving basis 17/768; cond: 2171390787584.0, ratio:0.9901421070098877
reserving basis 17/768; cond: 2171390787584.0, ratio:0.9901421070098877
reserving basis 19/768; cond: 10632263892992.0, ratio:0.9945068955421448
reserving basis 19/768; cond: 10632263892992.0, ratio:0.9945068955421448
2026-04-27 07:20:34,296 [palora.py] => Task 2, Epoch 50/50 => Loss 0.474, Train_accy 96.11
2026-04-27 07:20:51,770 [trainer.py] => Time:619.5700950622559
1053 1053
2026-04-27 07:20:57,257 [trainer.py] => Time:5.485866546630859
2026-04-27 07:20:57,257 [trainer.py] => ACC: {'total': 88.32, '00-09': 84.7, '10-19': 88.1, '20-29': 91.49, 'old': 86.08, 'new': 91.49}
2026-04-27 07:20:57,257 [trainer.py] => ACC top1 curve: [89.62, 88.83, 88.32]
Average Accuracy: 88.92333333333333
2026-04-27 07:20:57,257 [trainer.py] => Average Accuracy: 88.92333333333333
2026-04-27 07:20:57,261 [trainer.py] => All params: 115034851
2026-04-27 07:20:57,264 [trainer.py] => Trainable params: 376330
2026-04-27 07:20:57,264 [palora.py] => Learning on 30-40
Parameters to be updated: {'image_encoder.blocks.6.attn.lora_A_v.3.weight', 'image_encoder.blocks.8.attn.lora_A_v.3.weight', 'image_encoder.blocks.1.attn.lora_B_v.3.weight', 'image_encoder.blocks.9.attn.lora_A_v.3.weight', 'image_encoder.blocks.4.attn.lora_A_k.3.weight', 'image_encoder.blocks.1.attn.lora_A_k.3.weight', 'image_encoder.blocks.5.attn.lora_A_k.3.weight', 'image_encoder.blocks.11.attn.lora_B_v.3.weight', 'image_encoder.blocks.9.attn.lora_A_k.3.weight', 'image_encoder.blocks.7.attn.lora_A_k.3.weight', 'image_encoder.blocks.11.attn.lora_A_k.3.weight', 'classifier_pool.3.bias', 'image_encoder.blocks.0.attn.lora_B_k.3.weight', 'image_encoder.blocks.2.attn.lora_B_k.3.weight', 'image_encoder.blocks.0.attn.lora_A_k.3.weight', 'image_encoder.blocks.7.attn.lora_A_v.3.weight', 'image_encoder.blocks.8.attn.lora_B_k.3.weight', 'image_encoder.blocks.3.attn.lora_B_k.3.weight', 'image_encoder.blocks.2.attn.lora_B_v.3.weight', 'image_encoder.blocks.1.attn.lora_A_v.3.weight', 'image_encoder.blocks.11.attn.lora_A_v.3.weight', 'image_encoder.blocks.10.attn.lora_A_v.3.weight', 'image_encoder.blocks.1.attn.lora_B_k.3.weight', 'image_encoder.blocks.5.attn.lora_B_k.3.weight', 'image_encoder.blocks.11.attn.lora_B_k.3.weight', 'image_encoder.blocks.9.attn.lora_B_k.3.weight', 'image_encoder.blocks.6.attn.lora_A_k.3.weight', 'image_encoder.blocks.10.attn.lora_A_k.3.weight', 'image_encoder.blocks.8.attn.lora_B_v.3.weight', 'image_encoder.blocks.10.attn.lora_B_k.3.weight', 'image_encoder.blocks.2.attn.lora_A_v.3.weight', 'image_encoder.blocks.10.attn.lora_B_v.3.weight', 'image_encoder.blocks.0.attn.lora_A_v.3.weight', 'image_encoder.blocks.5.attn.lora_B_v.3.weight', 'image_encoder.blocks.7.attn.lora_B_k.3.weight', 'image_encoder.blocks.2.attn.lora_A_k.3.weight', 'image_encoder.blocks.3.attn.lora_A_k.3.weight', 'image_encoder.blocks.0.attn.lora_B_v.3.weight', 'image_encoder.blocks.8.attn.lora_A_k.3.weight', 'image_encoder.blocks.5.attn.lora_A_v.3.weight', 'image_encoder.blocks.3.attn.lora_A_v.3.weight', 'image_encoder.blocks.7.attn.lora_B_v.3.weight', 'image_encoder.blocks.6.attn.lora_B_v.3.weight', 'image_encoder.blocks.6.attn.lora_B_k.3.weight', 'image_encoder.blocks.4.attn.lora_A_v.3.weight', 'image_encoder.blocks.9.attn.lora_B_v.3.weight', 'image_encoder.blocks.4.attn.lora_B_k.3.weight', 'classifier_pool.3.weight', 'image_encoder.blocks.3.attn.lora_B_v.3.weight', 'image_encoder.blocks.4.attn.lora_B_v.3.weight'}
After trained on task 2 tensor(0.1530, device='cuda:0') tensor(0.1606, device='cuda:0')
After trained on task 2 tensor(0.2234, device='cuda:0') tensor(0.2034, device='cuda:0')
After trained on task 2 tensor(0.1920, device='cuda:0') tensor(0.2320, device='cuda:0')
After trained on task 2 tensor(0.2992, device='cuda:0') tensor(0.3282, device='cuda:0')
After trained on task 2 tensor(0.2718, device='cuda:0') tensor(0.3343, device='cuda:0')
After trained on task 2 tensor(0.2287, device='cuda:0') tensor(0.3472, device='cuda:0')
After trained on task 2 tensor(0.2929, device='cuda:0') tensor(0.3581, device='cuda:0')
After trained on task 2 tensor(0.3632, device='cuda:0') tensor(0.3416, device='cuda:0')
After trained on task 2 tensor(0.3537, device='cuda:0') tensor(0.4189, device='cuda:0')
After trained on task 2 tensor(0.4747, device='cuda:0') tensor(0.5084, device='cuda:0')
After trained on task 2 tensor(0.5021, device='cuda:0') tensor(0.5217, device='cuda:0')
After trained on task 2 tensor(0.5342, device='cuda:0') tensor(0.5501, device='cuda:0')
reserving basis 29/768; cond: 170031726592.0, ratio:0.9945506453514099
reserving basis 29/768; cond: 170031726592.0, ratio:0.9945506453514099
reserving basis 28/768; cond: 393507274752.0, ratio:0.9945491552352905
reserving basis 28/768; cond: 393507274752.0, ratio:0.9945491552352905
reserving basis 28/768; cond: 442838450176.0, ratio:0.9949107766151428
reserving basis 28/768; cond: 442838450176.0, ratio:0.9949107766151428
reserving basis 28/768; cond: 457925328896.0, ratio:0.9951067566871643
reserving basis 28/768; cond: 457925328896.0, ratio:0.9951067566871643
reserving basis 29/768; cond: 101705351168.0, ratio:0.9936177730560303
reserving basis 29/768; cond: 101705351168.0, ratio:0.9936177730560303
reserving basis 28/768; cond: 1795040477184.0, ratio:0.9946210384368896
reserving basis 28/768; cond: 1795040477184.0, ratio:0.9946210384368896
reserving basis 29/768; cond: 446720245760.0, ratio:0.9949083924293518
reserving basis 29/768; cond: 446720245760.0, ratio:0.9949083924293518
reserving basis 27/768; cond: 375435657216.0, ratio:0.990446925163269
reserving basis 27/768; cond: 375435657216.0, ratio:0.990446925163269
reserving basis 29/768; cond: 338313248768.0, ratio:0.9937840104103088
reserving basis 29/768; cond: 338313248768.0, ratio:0.9937840104103088
reserving basis 28/768; cond: 3563378704384.0, ratio:0.9950441122055054
reserving basis 28/768; cond: 3563378704384.0, ratio:0.9950441122055054
reserving basis 28/768; cond: 228748902400.0, ratio:0.9935889840126038
reserving basis 28/768; cond: 228748902400.0, ratio:0.9935889840126038
reserving basis 27/768; cond: 468107755520.0, ratio:0.9931923151016235
reserving basis 27/768; cond: 468107755520.0, ratio:0.9931923151016235
reserving basis 28/768; cond: 637690380288.0, ratio:0.995063304901123
reserving basis 28/768; cond: 637690380288.0, ratio:0.995063304901123
reserving basis 27/768; cond: 3744274317312.0, ratio:0.993083119392395
reserving basis 27/768; cond: 3744274317312.0, ratio:0.993083119392395
reserving basis 28/768; cond: 421242208256.0, ratio:0.9906026721000671
reserving basis 28/768; cond: 421242208256.0, ratio:0.9906026721000671
reserving basis 27/768; cond: 1120277102592.0, ratio:0.9922589063644409
reserving basis 27/768; cond: 1120277102592.0, ratio:0.9922589063644409
reserving basis 28/768; cond: 266250698752.0, ratio:0.9943061470985413
reserving basis 28/768; cond: 266250698752.0, ratio:0.9943061470985413
reserving basis 27/768; cond: 1266668142592.0, ratio:0.9945326447486877
reserving basis 27/768; cond: 1266668142592.0, ratio:0.9945326447486877
reserving basis 25/768; cond: 736835141632.0, ratio:0.9900609850883484
reserving basis 25/768; cond: 736835141632.0, ratio:0.9900609850883484
reserving basis 27/768; cond: 881118806016.0, ratio:0.9924139976501465
reserving basis 27/768; cond: 881118806016.0, ratio:0.9924139976501465
reserving basis 26/768; cond: 1567158829056.0, ratio:0.9925365447998047
reserving basis 26/768; cond: 1567158829056.0, ratio:0.9925365447998047
reserving basis 27/768; cond: 577543274496.0, ratio:0.994036078453064
reserving basis 27/768; cond: 577543274496.0, ratio:0.994036078453064
reserving basis 24/768; cond: 953731710976.0, ratio:0.9901725649833679
reserving basis 24/768; cond: 953731710976.0, ratio:0.9901725649833679
reserving basis 27/768; cond: 4489106948096.0, ratio:0.9938197731971741
reserving basis 27/768; cond: 4489106948096.0, ratio:0.9938197731971741
2026-04-27 07:28:33,195 [palora.py] => Task 3, Epoch 50/50 => Loss 0.493, Train_accy 96.34
2026-04-27 07:28:50,462 [trainer.py] => Time:473.19783902168274
1329 1329
2026-04-27 07:28:56,326 [trainer.py] => Time:5.863370418548584
2026-04-27 07:28:56,326 [trainer.py] => ACC: {'total': 87.21, '00-09': 83.88, '10-19': 88.1, '20-29': 88.51, '30-39': 88.77, 'old': 86.8, 'new': 88.77}
2026-04-27 07:28:56,326 [trainer.py] => ACC top1 curve: [89.62, 88.83, 88.32, 87.21]
Average Accuracy: 88.49499999999999
2026-04-27 07:28:56,326 [trainer.py] => Average Accuracy: 88.49499999999999
2026-04-27 07:28:56,330 [trainer.py] => All params: 115034851
2026-04-27 07:28:56,334 [trainer.py] => Trainable params: 376330
2026-04-27 07:28:56,334 [palora.py] => Learning on 40-50
Parameters to be updated: {'image_encoder.blocks.1.attn.lora_A_v.4.weight', 'image_encoder.blocks.0.attn.lora_B_k.4.weight', 'image_encoder.blocks.4.attn.lora_B_k.4.weight', 'image_encoder.blocks.8.attn.lora_B_v.4.weight', 'image_encoder.blocks.0.attn.lora_A_v.4.weight', 'image_encoder.blocks.7.attn.lora_B_k.4.weight', 'image_encoder.blocks.10.attn.lora_A_v.4.weight', 'image_encoder.blocks.9.attn.lora_A_k.4.weight', 'image_encoder.blocks.6.attn.lora_B_k.4.weight', 'image_encoder.blocks.7.attn.lora_A_v.4.weight', 'image_encoder.blocks.8.attn.lora_A_k.4.weight', 'image_encoder.blocks.0.attn.lora_B_v.4.weight', 'image_encoder.blocks.11.attn.lora_A_v.4.weight', 'image_encoder.blocks.1.attn.lora_B_k.4.weight', 'image_encoder.blocks.3.attn.lora_A_v.4.weight', 'image_encoder.blocks.10.attn.lora_A_k.4.weight', 'image_encoder.blocks.8.attn.lora_A_v.4.weight', 'classifier_pool.4.weight', 'image_encoder.blocks.1.attn.lora_B_v.4.weight', 'image_encoder.blocks.4.attn.lora_A_v.4.weight', 'image_encoder.blocks.4.attn.lora_B_v.4.weight', 'image_encoder.blocks.1.attn.lora_A_k.4.weight', 'image_encoder.blocks.5.attn.lora_B_k.4.weight', 'image_encoder.blocks.3.attn.lora_B_k.4.weight', 'image_encoder.blocks.11.attn.lora_B_v.4.weight', 'classifier_pool.4.bias', 'image_encoder.blocks.9.attn.lora_A_v.4.weight', 'image_encoder.blocks.5.attn.lora_A_k.4.weight', 'image_encoder.blocks.5.attn.lora_A_v.4.weight', 'image_encoder.blocks.6.attn.lora_A_k.4.weight', 'image_encoder.blocks.6.attn.lora_B_v.4.weight', 'image_encoder.blocks.7.attn.lora_B_v.4.weight', 'image_encoder.blocks.11.attn.lora_B_k.4.weight', 'image_encoder.blocks.2.attn.lora_A_k.4.weight', 'image_encoder.blocks.3.attn.lora_B_v.4.weight', 'image_encoder.blocks.10.attn.lora_B_k.4.weight', 'image_encoder.blocks.8.attn.lora_B_k.4.weight', 'image_encoder.blocks.5.attn.lora_B_v.4.weight', 'image_encoder.blocks.4.attn.lora_A_k.4.weight', 'image_encoder.blocks.9.attn.lora_B_v.4.weight', 'image_encoder.blocks.0.attn.lora_A_k.4.weight', 'image_encoder.blocks.2.attn.lora_A_v.4.weight', 'image_encoder.blocks.3.attn.lora_A_k.4.weight', 'image_encoder.blocks.2.attn.lora_B_v.4.weight', 'image_encoder.blocks.9.attn.lora_B_k.4.weight', 'image_encoder.blocks.11.attn.lora_A_k.4.weight', 'image_encoder.blocks.10.attn.lora_B_v.4.weight', 'image_encoder.blocks.7.attn.lora_A_k.4.weight', 'image_encoder.blocks.2.attn.lora_B_k.4.weight', 'image_encoder.blocks.6.attn.lora_A_v.4.weight'}
After trained on task 3 tensor(0.1053, device='cuda:0') tensor(0.0921, device='cuda:0')
After trained on task 3 tensor(0.0961, device='cuda:0') tensor(0.1144, device='cuda:0')
After trained on task 3 tensor(0.1123, device='cuda:0') tensor(0.1284, device='cuda:0')
After trained on task 3 tensor(0.2090, device='cuda:0') tensor(0.1667, device='cuda:0')
After trained on task 3 tensor(0.1520, device='cuda:0') tensor(0.2016, device='cuda:0')
After trained on task 3 tensor(0.1637, device='cuda:0') tensor(0.2700, device='cuda:0')
After trained on task 3 tensor(0.1891, device='cuda:0') tensor(0.2924, device='cuda:0')
After trained on task 3 tensor(0.1881, device='cuda:0') tensor(0.2478, device='cuda:0')
After trained on task 3 tensor(0.2669, device='cuda:0') tensor(0.2564, device='cuda:0')
After trained on task 3 tensor(0.2906, device='cuda:0') tensor(0.3318, device='cuda:0')
After trained on task 3 tensor(0.3270, device='cuda:0') tensor(0.3095, device='cuda:0')
After trained on task 3 tensor(0.4275, device='cuda:0') tensor(0.4871, device='cuda:0')
reserving basis 37/768; cond: 3200171900928.0, ratio:0.9927219152450562
reserving basis 37/768; cond: 3200171900928.0, ratio:0.9927219152450562
reserving basis 36/768; cond: 142429028352.0, ratio:0.9915263652801514
reserving basis 36/768; cond: 142429028352.0, ratio:0.9915263652801514
reserving basis 36/768; cond: 329105211392.0, ratio:0.9918219447135925
reserving basis 36/768; cond: 329105211392.0, ratio:0.9918219447135925
reserving basis 36/768; cond: 710129025024.0, ratio:0.9932966232299805
reserving basis 36/768; cond: 710129025024.0, ratio:0.9932966232299805
reserving basis 38/768; cond: 636217458688.0, ratio:0.9947091341018677
reserving basis 38/768; cond: 636217458688.0, ratio:0.9947091341018677
reserving basis 36/768; cond: 530620907520.0, ratio:0.9906960725784302
reserving basis 36/768; cond: 530620907520.0, ratio:0.9906960725784302
reserving basis 37/768; cond: 2886531809280.0, ratio:0.9927697777748108
reserving basis 37/768; cond: 2886531809280.0, ratio:0.9927697777748108
reserving basis 35/768; cond: 1114940243968.0, ratio:0.9914721846580505
reserving basis 35/768; cond: 1114940243968.0, ratio:0.9914721846580505
reserving basis 38/768; cond: 140412354560.0, ratio:0.9953125715255737
reserving basis 38/768; cond: 140412354560.0, ratio:0.9953125715255737
reserving basis 36/768; cond: 3208978628608.0, ratio:0.9925318956375122
reserving basis 36/768; cond: 3208978628608.0, ratio:0.9925318956375122
reserving basis 36/768; cond: 90910818304.0, ratio:0.990790843963623
reserving basis 36/768; cond: 90910818304.0, ratio:0.990790843963623
reserving basis 34/768; cond: 3174241665024.0, ratio:0.9901328086853027
reserving basis 34/768; cond: 3174241665024.0, ratio:0.9901328086853027
reserving basis 36/768; cond: 1392931241984.0, ratio:0.9917657375335693
reserving basis 36/768; cond: 1392931241984.0, ratio:0.9917657375335693
reserving basis 34/768; cond: 320011698176.0, ratio:0.9910721182823181
reserving basis 34/768; cond: 320011698176.0, ratio:0.9910721182823181
reserving basis 36/768; cond: 465602576384.0, ratio:0.9903050065040588
reserving basis 36/768; cond: 465602576384.0, ratio:0.9903050065040588
reserving basis 35/768; cond: 1412006936576.0, ratio:0.9936420321464539
reserving basis 35/768; cond: 1412006936576.0, ratio:0.9936420321464539
reserving basis 36/768; cond: 99410198528.0, ratio:0.9921214580535889
reserving basis 36/768; cond: 99410198528.0, ratio:0.9921214580535889
reserving basis 35/768; cond: 764811345920.0, ratio:0.9926275014877319
reserving basis 35/768; cond: 764811345920.0, ratio:0.9926275014877319
reserving basis 33/768; cond: 445924474880.0, ratio:0.9931170344352722
reserving basis 33/768; cond: 445924474880.0, ratio:0.9931170344352722
reserving basis 35/768; cond: 1226916233216.0, ratio:0.993064820766449
reserving basis 35/768; cond: 1226916233216.0, ratio:0.993064820766449
reserving basis 33/768; cond: 3053845217280.0, ratio:0.9910928606987
reserving basis 33/768; cond: 3053845217280.0, ratio:0.9910928606987
reserving basis 34/768; cond: 80178929664.0, ratio:0.9924911856651306
reserving basis 34/768; cond: 80178929664.0, ratio:0.9924911856651306
reserving basis 31/768; cond: 595031490560.0, ratio:0.9928245544433594
reserving basis 31/768; cond: 595031490560.0, ratio:0.9928245544433594
reserving basis 34/768; cond: 341215019008.0, ratio:0.9924181699752808
reserving basis 34/768; cond: 341215019008.0, ratio:0.9924181699752808
2026-04-27 07:35:32,927 [palora.py] => Task 4, Epoch 50/50 => Loss 0.553, Train_accy 95.63
2026-04-27 07:35:50,569 [trainer.py] => Time:414.23493909835815
1536 1536
2026-04-27 07:35:57,769 [trainer.py] => Time:7.199661016464233
2026-04-27 07:35:57,769 [trainer.py] => ACC: {'total': 86.07, '00-09': 83.88, '10-19': 87.3, '20-29': 87.82, '30-39': 85.87, '40-49': 85.02, 'old': 86.23, 'new': 85.02}
2026-04-27 07:35:57,769 [trainer.py] => ACC top1 curve: [89.62, 88.83, 88.32, 87.21, 86.07]
Average Accuracy: 88.00999999999999
2026-04-27 07:35:57,769 [trainer.py] => Average Accuracy: 88.00999999999999
2026-04-27 07:35:57,774 [trainer.py] => All params: 115034851
2026-04-27 07:35:57,777 [trainer.py] => Trainable params: 376330
2026-04-27 07:35:57,777 [palora.py] => Learning on 50-60
Parameters to be updated: {'image_encoder.blocks.7.attn.lora_A_k.5.weight', 'image_encoder.blocks.7.attn.lora_B_k.5.weight', 'image_encoder.blocks.6.attn.lora_A_k.5.weight', 'image_encoder.blocks.5.attn.lora_B_v.5.weight', 'image_encoder.blocks.6.attn.lora_B_k.5.weight', 'image_encoder.blocks.11.attn.lora_B_v.5.weight', 'image_encoder.blocks.8.attn.lora_A_v.5.weight', 'image_encoder.blocks.5.attn.lora_A_v.5.weight', 'image_encoder.blocks.10.attn.lora_A_k.5.weight', 'image_encoder.blocks.11.attn.lora_A_k.5.weight', 'image_encoder.blocks.3.attn.lora_B_k.5.weight', 'image_encoder.blocks.3.attn.lora_A_v.5.weight', 'image_encoder.blocks.4.attn.lora_B_k.5.weight', 'image_encoder.blocks.8.attn.lora_B_k.5.weight', 'image_encoder.blocks.0.attn.lora_A_v.5.weight', 'image_encoder.blocks.1.attn.lora_A_v.5.weight', 'classifier_pool.5.bias', 'image_encoder.blocks.5.attn.lora_B_k.5.weight', 'image_encoder.blocks.2.attn.lora_B_v.5.weight', 'image_encoder.blocks.6.attn.lora_A_v.5.weight', 'image_encoder.blocks.2.attn.lora_A_v.5.weight', 'image_encoder.blocks.1.attn.lora_B_v.5.weight', 'image_encoder.blocks.1.attn.lora_A_k.5.weight', 'image_encoder.blocks.4.attn.lora_A_k.5.weight', 'image_encoder.blocks.10.attn.lora_A_v.5.weight', 'image_encoder.blocks.2.attn.lora_B_k.5.weight', 'image_encoder.blocks.5.attn.lora_A_k.5.weight', 'image_encoder.blocks.7.attn.lora_B_v.5.weight', 'image_encoder.blocks.9.attn.lora_B_k.5.weight', 'image_encoder.blocks.10.attn.lora_B_v.5.weight', 'image_encoder.blocks.6.attn.lora_B_v.5.weight', 'image_encoder.blocks.11.attn.lora_B_k.5.weight', 'image_encoder.blocks.11.attn.lora_A_v.5.weight', 'image_encoder.blocks.3.attn.lora_B_v.5.weight', 'image_encoder.blocks.3.attn.lora_A_k.5.weight', 'image_encoder.blocks.4.attn.lora_B_v.5.weight', 'image_encoder.blocks.9.attn.lora_A_k.5.weight', 'image_encoder.blocks.7.attn.lora_A_v.5.weight', 'image_encoder.blocks.8.attn.lora_B_v.5.weight', 'image_encoder.blocks.9.attn.lora_A_v.5.weight', 'image_encoder.blocks.9.attn.lora_B_v.5.weight', 'classifier_pool.5.weight', 'image_encoder.blocks.1.attn.lora_B_k.5.weight', 'image_encoder.blocks.4.attn.lora_A_v.5.weight', 'image_encoder.blocks.10.attn.lora_B_k.5.weight', 'image_encoder.blocks.0.attn.lora_B_k.5.weight', 'image_encoder.blocks.0.attn.lora_A_k.5.weight', 'image_encoder.blocks.8.attn.lora_A_k.5.weight', 'image_encoder.blocks.2.attn.lora_A_k.5.weight', 'image_encoder.blocks.0.attn.lora_B_v.5.weight'}
After trained on task 4 tensor(0.0757, device='cuda:0') tensor(0.0756, device='cuda:0')
After trained on task 4 tensor(0.1229, device='cuda:0') tensor(0.0886, device='cuda:0')
After trained on task 4 tensor(0.0833, device='cuda:0') tensor(0.1291, device='cuda:0')
After trained on task 4 tensor(0.0920, device='cuda:0') tensor(0.1572, device='cuda:0')
After trained on task 4 tensor(0.1036, device='cuda:0') tensor(0.1589, device='cuda:0')
After trained on task 4 tensor(0.1629, device='cuda:0') tensor(0.2063, device='cuda:0')
After trained on task 4 tensor(0.1498, device='cuda:0') tensor(0.2848, device='cuda:0')
After trained on task 4 tensor(0.1670, device='cuda:0') tensor(0.2810, device='cuda:0')
After trained on task 4 tensor(0.2025, device='cuda:0') tensor(0.2507, device='cuda:0')
After trained on task 4 tensor(0.2864, device='cuda:0') tensor(0.2502, device='cuda:0')
After trained on task 4 tensor(0.3229, device='cuda:0') tensor(0.2952, device='cuda:0')
After trained on task 4 tensor(0.4269, device='cuda:0') tensor(0.3020, device='cuda:0')
reserving basis 44/768; cond: 10157805273088.0, ratio:0.9910967946052551
reserving basis 44/768; cond: 10157805273088.0, ratio:0.9910967946052551
reserving basis 43/768; cond: 129404321792.0, ratio:0.9906418323516846
reserving basis 43/768; cond: 129404321792.0, ratio:0.9906418323516846
reserving basis 43/768; cond: 495338520576.0, ratio:0.9906601905822754
reserving basis 43/768; cond: 495338520576.0, ratio:0.9906601905822754
reserving basis 44/768; cond: 24684796051456.0, ratio:0.9933285117149353
reserving basis 44/768; cond: 24684796051456.0, ratio:0.9933285117149353
reserving basis 46/768; cond: 101787648000.0, ratio:0.9919121265411377
reserving basis 46/768; cond: 101787648000.0, ratio:0.9919121265411377
reserving basis 44/768; cond: 37976474124288.0, ratio:0.9929901361465454
reserving basis 44/768; cond: 37976474124288.0, ratio:0.9929901361465454
reserving basis 45/768; cond: 213068414976.0, ratio:0.99269700050354
reserving basis 45/768; cond: 213068414976.0, ratio:0.99269700050354
reserving basis 43/768; cond: 204315885568.0, ratio:0.9931057095527649
reserving basis 43/768; cond: 204315885568.0, ratio:0.9931057095527649
reserving basis 46/768; cond: 235431346176.0, ratio:0.9914065599441528
reserving basis 46/768; cond: 235431346176.0, ratio:0.9914065599441528
reserving basis 44/768; cond: 291041247232.0, ratio:0.9930915832519531
reserving basis 44/768; cond: 291041247232.0, ratio:0.9930915832519531
reserving basis 44/768; cond: 1169378770944.0, ratio:0.993619441986084
reserving basis 44/768; cond: 1169378770944.0, ratio:0.993619441986084
reserving basis 41/768; cond: 283077541888.0, ratio:0.9914202094078064
reserving basis 41/768; cond: 283077541888.0, ratio:0.9914202094078064
reserving basis 44/768; cond: 367124578304.0, ratio:0.9939320087432861
reserving basis 44/768; cond: 367124578304.0, ratio:0.9939320087432861
reserving basis 40/768; cond: 2167752228864.0, ratio:0.9902890920639038
reserving basis 40/768; cond: 2167752228864.0, ratio:0.9902890920639038
reserving basis 44/768; cond: 892486942720.0, ratio:0.9925006628036499
reserving basis 44/768; cond: 892486942720.0, ratio:0.9925006628036499
reserving basis 42/768; cond: 920752553984.0, ratio:0.9927369356155396
reserving basis 42/768; cond: 920752553984.0, ratio:0.9927369356155396
reserving basis 44/768; cond: 187443838976.0, ratio:0.9935857057571411
reserving basis 44/768; cond: 187443838976.0, ratio:0.9935857057571411
reserving basis 42/768; cond: 463631089664.0, ratio:0.9926834106445312
reserving basis 42/768; cond: 463631089664.0, ratio:0.9926834106445312
reserving basis 40/768; cond: 279260364800.0, ratio:0.9925679564476013
reserving basis 40/768; cond: 279260364800.0, ratio:0.9925679564476013
reserving basis 42/768; cond: 129046003712.0, ratio:0.9913622140884399
reserving basis 42/768; cond: 129046003712.0, ratio:0.9913622140884399
reserving basis 39/768; cond: 3059379077120.0, ratio:0.9904693365097046
reserving basis 39/768; cond: 3059379077120.0, ratio:0.9904693365097046
reserving basis 40/768; cond: 179712524288.0, ratio:0.9900611042976379
reserving basis 40/768; cond: 179712524288.0, ratio:0.9900611042976379
reserving basis 36/768; cond: 801748025344.0, ratio:0.9918032884597778
reserving basis 36/768; cond: 801748025344.0, ratio:0.9918032884597778
reserving basis 40/768; cond: 27600320512.0, ratio:0.991813063621521
reserving basis 40/768; cond: 27600320512.0, ratio:0.991813063621521
2026-04-27 07:43:08,188 [palora.py] => Task 5, Epoch 50/50 => Loss 0.582, Train_accy 95.40
2026-04-27 07:43:26,531 [trainer.py] => Time:448.7539851665497
1742 1742
2026-04-27 07:43:34,500 [trainer.py] => Time:7.968451023101807
2026-04-27 07:43:34,500 [trainer.py] => ACC: {'total': 85.42, '00-09': 84.15, '10-19': 86.51, '20-29': 87.82, '30-39': 85.51, '40-49': 80.19, '50-59': 86.41, 'old': 85.29, 'new': 86.41}
2026-04-27 07:43:34,500 [trainer.py] => ACC top1 curve: [89.62, 88.83, 88.32, 87.21, 86.07, 85.42]
Average Accuracy: 87.57833333333332
2026-04-27 07:43:34,500 [trainer.py] => Average Accuracy: 87.57833333333332
2026-04-27 07:43:34,505 [trainer.py] => All params: 115034851
2026-04-27 07:43:34,508 [trainer.py] => Trainable params: 376330
2026-04-27 07:43:34,508 [palora.py] => Learning on 60-70
Parameters to be updated: {'image_encoder.blocks.7.attn.lora_B_v.6.weight', 'image_encoder.blocks.4.attn.lora_A_k.6.weight', 'image_encoder.blocks.10.attn.lora_A_k.6.weight', 'image_encoder.blocks.5.attn.lora_B_k.6.weight', 'image_encoder.blocks.1.attn.lora_A_k.6.weight', 'image_encoder.blocks.3.attn.lora_A_v.6.weight', 'image_encoder.blocks.11.attn.lora_A_v.6.weight', 'image_encoder.blocks.0.attn.lora_A_k.6.weight', 'image_encoder.blocks.0.attn.lora_A_v.6.weight', 'image_encoder.blocks.7.attn.lora_A_v.6.weight', 'image_encoder.blocks.2.attn.lora_A_k.6.weight', 'image_encoder.blocks.10.attn.lora_B_v.6.weight', 'image_encoder.blocks.8.attn.lora_A_k.6.weight', 'image_encoder.blocks.0.attn.lora_B_v.6.weight', 'image_encoder.blocks.9.attn.lora_A_v.6.weight', 'image_encoder.blocks.3.attn.lora_B_k.6.weight', 'image_encoder.blocks.3.attn.lora_B_v.6.weight', 'image_encoder.blocks.8.attn.lora_A_v.6.weight', 'image_encoder.blocks.9.attn.lora_B_k.6.weight', 'image_encoder.blocks.6.attn.lora_B_v.6.weight', 'classifier_pool.6.weight', 'image_encoder.blocks.6.attn.lora_A_k.6.weight', 'image_encoder.blocks.4.attn.lora_A_v.6.weight', 'image_encoder.blocks.4.attn.lora_B_v.6.weight', 'image_encoder.blocks.4.attn.lora_B_k.6.weight', 'image_encoder.blocks.5.attn.lora_A_v.6.weight', 'classifier_pool.6.bias', 'image_encoder.blocks.2.attn.lora_A_v.6.weight', 'image_encoder.blocks.2.attn.lora_B_v.6.weight', 'image_encoder.blocks.2.attn.lora_B_k.6.weight', 'image_encoder.blocks.6.attn.lora_A_v.6.weight', 'image_encoder.blocks.7.attn.lora_A_k.6.weight', 'image_encoder.blocks.1.attn.lora_A_v.6.weight', 'image_encoder.blocks.7.attn.lora_B_k.6.weight', 'image_encoder.blocks.9.attn.lora_B_v.6.weight', 'image_encoder.blocks.5.attn.lora_B_v.6.weight', 'image_encoder.blocks.9.attn.lora_A_k.6.weight', 'image_encoder.blocks.11.attn.lora_B_k.6.weight', 'image_encoder.blocks.0.attn.lora_B_k.6.weight', 'image_encoder.blocks.5.attn.lora_A_k.6.weight', 'image_encoder.blocks.3.attn.lora_A_k.6.weight', 'image_encoder.blocks.8.attn.lora_B_k.6.weight', 'image_encoder.blocks.6.attn.lora_B_k.6.weight', 'image_encoder.blocks.10.attn.lora_A_v.6.weight', 'image_encoder.blocks.1.attn.lora_B_k.6.weight', 'image_encoder.blocks.10.attn.lora_B_k.6.weight', 'image_encoder.blocks.1.attn.lora_B_v.6.weight', 'image_encoder.blocks.11.attn.lora_A_k.6.weight', 'image_encoder.blocks.11.attn.lora_B_v.6.weight', 'image_encoder.blocks.8.attn.lora_B_v.6.weight'}
After trained on task 5 tensor(0.0626, device='cuda:0') tensor(0.0660, device='cuda:0')
After trained on task 5 tensor(0.0667, device='cuda:0') tensor(0.0743, device='cuda:0')
After trained on task 5 tensor(0.0605, device='cuda:0') tensor(0.0895, device='cuda:0')
After trained on task 5 tensor(0.0753, device='cuda:0') tensor(0.1236, device='cuda:0')
After trained on task 5 tensor(0.0945, device='cuda:0') tensor(0.1335, device='cuda:0')
After trained on task 5 tensor(0.1171, device='cuda:0') tensor(0.1601, device='cuda:0')
After trained on task 5 tensor(0.1295, device='cuda:0') tensor(0.1506, device='cuda:0')
After trained on task 5 tensor(0.1722, device='cuda:0') tensor(0.1799, device='cuda:0')
After trained on task 5 tensor(0.1787, device='cuda:0') tensor(0.2205, device='cuda:0')
After trained on task 5 tensor(0.1861, device='cuda:0') tensor(0.2162, device='cuda:0')
After trained on task 5 tensor(0.3061, device='cuda:0') tensor(0.2551, device='cuda:0')
After trained on task 5 tensor(0.2943, device='cuda:0') tensor(0.2658, device='cuda:0')
reserving basis 50/768; cond: 363117936640.0, ratio:0.99179607629776
reserving basis 50/768; cond: 363117936640.0, ratio:0.99179607629776
reserving basis 50/768; cond: 29796542464.0, ratio:0.9907131791114807
reserving basis 50/768; cond: 29796542464.0, ratio:0.9907131791114807
reserving basis 50/768; cond: 116624154624.0, ratio:0.9920881390571594
reserving basis 50/768; cond: 116624154624.0, ratio:0.9920881390571594
reserving basis 51/768; cond: 112659275776.0, ratio:0.9918056726455688
reserving basis 51/768; cond: 112659275776.0, ratio:0.9918056726455688
reserving basis 53/768; cond: 242137497600.0, ratio:0.9901460409164429
reserving basis 53/768; cond: 242137497600.0, ratio:0.9901460409164429
reserving basis 51/768; cond: 129561067520.0, ratio:0.9913191199302673
reserving basis 51/768; cond: 129561067520.0, ratio:0.9913191199302673
reserving basis 52/768; cond: 258760392704.0, ratio:0.9904429912567139
reserving basis 52/768; cond: 258760392704.0, ratio:0.9904429912567139
reserving basis 50/768; cond: 118196674560.0, ratio:0.9900230765342712
reserving basis 50/768; cond: 118196674560.0, ratio:0.9900230765342712
reserving basis 53/768; cond: 433722621952.0, ratio:0.9906773567199707
reserving basis 53/768; cond: 433722621952.0, ratio:0.9906773567199707
reserving basis 51/768; cond: 128325877760.0, ratio:0.9923502802848816
reserving basis 51/768; cond: 128325877760.0, ratio:0.9923502802848816
reserving basis 51/768; cond: 192928923648.0, ratio:0.9907450079917908
reserving basis 51/768; cond: 192928923648.0, ratio:0.9907450079917908
reserving basis 48/768; cond: 806827196416.0, ratio:0.9916030168533325
reserving basis 48/768; cond: 806827196416.0, ratio:0.9916030168533325
reserving basis 51/768; cond: 36136642674688.0, ratio:0.9904102087020874
reserving basis 51/768; cond: 36136642674688.0, ratio:0.9904102087020874
reserving basis 47/768; cond: 273772199936.0, ratio:0.9916887283325195
reserving basis 47/768; cond: 273772199936.0, ratio:0.9916887283325195
reserving basis 51/768; cond: 193381842944.0, ratio:0.9920305013656616
reserving basis 51/768; cond: 193381842944.0, ratio:0.9920305013656616
reserving basis 49/768; cond: 204162121728.0, ratio:0.9925429821014404
reserving basis 49/768; cond: 204162121728.0, ratio:0.9925429821014404
reserving basis 51/768; cond: 279452254208.0, ratio:0.9924866557121277
reserving basis 51/768; cond: 279452254208.0, ratio:0.9924866557121277
reserving basis 49/768; cond: 146565332992.0, ratio:0.992534875869751
reserving basis 49/768; cond: 146565332992.0, ratio:0.992534875869751
reserving basis 47/768; cond: 1680697851904.0, ratio:0.9922834634780884
reserving basis 47/768; cond: 1680697851904.0, ratio:0.9922834634780884
reserving basis 49/768; cond: 53838221312.0, ratio:0.9922602772712708
reserving basis 49/768; cond: 53838221312.0, ratio:0.9922602772712708
reserving basis 44/768; cond: 1754775683072.0, ratio:0.9900752902030945
reserving basis 44/768; cond: 1754775683072.0, ratio:0.9900752902030945
reserving basis 47/768; cond: 436160757760.0, ratio:0.9927412867546082
reserving basis 47/768; cond: 436160757760.0, ratio:0.9927412867546082
reserving basis 41/768; cond: 8720988766208.0, ratio:0.990630030632019
reserving basis 41/768; cond: 8720988766208.0, ratio:0.990630030632019
reserving basis 45/768; cond: 132186750976.0, ratio:0.9902601838111877
reserving basis 45/768; cond: 132186750976.0, ratio:0.9902601838111877
2026-04-27 07:50:52,418 [palora.py] => Task 6, Epoch 50/50 => Loss 0.536, Train_accy 95.96
2026-04-27 07:51:09,603 [trainer.py] => Time:455.09498739242554
1976 1976
2026-04-27 07:51:18,314 [trainer.py] => Time:8.710041046142578
2026-04-27 07:51:18,314 [trainer.py] => ACC: {'total': 84.31, '00-09': 83.61, '10-19': 86.9, '20-29': 86.9, '30-39': 84.06, '40-49': 80.19, '50-59': 83.01, '60-69': 82.91, 'old': 84.5, 'new': 82.91}
2026-04-27 07:51:18,314 [trainer.py] => ACC top1 curve: [89.62, 88.83, 88.32, 87.21, 86.07, 85.42, 84.31]
Average Accuracy: 87.11142857142856
2026-04-27 07:51:18,314 [trainer.py] => Average Accuracy: 87.11142857142856
2026-04-27 07:51:18,318 [trainer.py] => All params: 115034851
2026-04-27 07:51:18,321 [trainer.py] => Trainable params: 376330
2026-04-27 07:51:18,321 [palora.py] => Learning on 70-80
Parameters to be updated: {'image_encoder.blocks.7.attn.lora_A_v.7.weight', 'image_encoder.blocks.10.attn.lora_B_k.7.weight', 'image_encoder.blocks.0.attn.lora_A_v.7.weight', 'image_encoder.blocks.4.attn.lora_B_k.7.weight', 'image_encoder.blocks.5.attn.lora_A_k.7.weight', 'image_encoder.blocks.11.attn.lora_B_k.7.weight', 'image_encoder.blocks.2.attn.lora_B_v.7.weight', 'image_encoder.blocks.1.attn.lora_A_v.7.weight', 'image_encoder.blocks.2.attn.lora_A_v.7.weight', 'image_encoder.blocks.9.attn.lora_A_v.7.weight', 'image_encoder.blocks.1.attn.lora_A_k.7.weight', 'classifier_pool.7.weight', 'image_encoder.blocks.2.attn.lora_B_k.7.weight', 'image_encoder.blocks.2.attn.lora_A_k.7.weight', 'image_encoder.blocks.1.attn.lora_B_v.7.weight', 'image_encoder.blocks.10.attn.lora_B_v.7.weight', 'image_encoder.blocks.3.attn.lora_B_k.7.weight', 'image_encoder.blocks.5.attn.lora_B_v.7.weight', 'image_encoder.blocks.8.attn.lora_B_k.7.weight', 'image_encoder.blocks.8.attn.lora_B_v.7.weight', 'image_encoder.blocks.5.attn.lora_B_k.7.weight', 'image_encoder.blocks.10.attn.lora_A_k.7.weight', 'image_encoder.blocks.7.attn.lora_B_v.7.weight', 'image_encoder.blocks.11.attn.lora_A_v.7.weight', 'image_encoder.blocks.3.attn.lora_A_v.7.weight', 'image_encoder.blocks.9.attn.lora_B_k.7.weight', 'image_encoder.blocks.0.attn.lora_B_v.7.weight', 'image_encoder.blocks.11.attn.lora_B_v.7.weight', 'image_encoder.blocks.1.attn.lora_B_k.7.weight', 'image_encoder.blocks.6.attn.lora_B_k.7.weight', 'image_encoder.blocks.9.attn.lora_B_v.7.weight', 'image_encoder.blocks.11.attn.lora_A_k.7.weight', 'classifier_pool.7.bias', 'image_encoder.blocks.4.attn.lora_B_v.7.weight', 'image_encoder.blocks.3.attn.lora_B_v.7.weight', 'image_encoder.blocks.6.attn.lora_A_k.7.weight', 'image_encoder.blocks.6.attn.lora_A_v.7.weight', 'image_encoder.blocks.0.attn.lora_B_k.7.weight', 'image_encoder.blocks.7.attn.lora_B_k.7.weight', 'image_encoder.blocks.5.attn.lora_A_v.7.weight', 'image_encoder.blocks.8.attn.lora_A_k.7.weight', 'image_encoder.blocks.0.attn.lora_A_k.7.weight', 'image_encoder.blocks.4.attn.lora_A_k.7.weight', 'image_encoder.blocks.9.attn.lora_A_k.7.weight', 'image_encoder.blocks.7.attn.lora_A_k.7.weight', 'image_encoder.blocks.4.attn.lora_A_v.7.weight', 'image_encoder.blocks.8.attn.lora_A_v.7.weight', 'image_encoder.blocks.3.attn.lora_A_k.7.weight', 'image_encoder.blocks.10.attn.lora_A_v.7.weight', 'image_encoder.blocks.6.attn.lora_B_v.7.weight'}
After trained on task 6 tensor(0.0842, device='cuda:0') tensor(0.0734, device='cuda:0')
After trained on task 6 tensor(0.0888, device='cuda:0') tensor(0.0970, device='cuda:0')
After trained on task 6 tensor(0.0636, device='cuda:0') tensor(0.1031, device='cuda:0')
After trained on task 6 tensor(0.0920, device='cuda:0') tensor(0.1329, device='cuda:0')
After trained on task 6 tensor(0.1251, device='cuda:0') tensor(0.1464, device='cuda:0')
After trained on task 6 tensor(0.1081, device='cuda:0') tensor(0.1541, device='cuda:0')
After trained on task 6 tensor(0.1166, device='cuda:0') tensor(0.1381, device='cuda:0')
After trained on task 6 tensor(0.1387, device='cuda:0') tensor(0.1532, device='cuda:0')
After trained on task 6 tensor(0.1764, device='cuda:0') tensor(0.2020, device='cuda:0')
After trained on task 6 tensor(0.2105, device='cuda:0') tensor(0.2566, device='cuda:0')
After trained on task 6 tensor(0.2259, device='cuda:0') tensor(0.2353, device='cuda:0')
After trained on task 6 tensor(0.2823, device='cuda:0') tensor(0.3285, device='cuda:0')
reserving basis 56/768; cond: 403589890048.0, ratio:0.991183340549469
reserving basis 56/768; cond: 403589890048.0, ratio:0.991183340549469
reserving basis 56/768; cond: 70663716864.0, ratio:0.9901018142700195
reserving basis 56/768; cond: 70663716864.0, ratio:0.9901018142700195
reserving basis 56/768; cond: 174653030400.0, ratio:0.9904379844665527
reserving basis 56/768; cond: 174653030400.0, ratio:0.9904379844665527
reserving basis 58/768; cond: 350433411072.0, ratio:0.9930933713912964
reserving basis 58/768; cond: 350433411072.0, ratio:0.9930933713912964
reserving basis 60/768; cond: 125788364800.0, ratio:0.9908217191696167
reserving basis 60/768; cond: 125788364800.0, ratio:0.9908217191696167
reserving basis 58/768; cond: 15197598720.0, ratio:0.9927055835723877
reserving basis 58/768; cond: 15197598720.0, ratio:0.9927055835723877
reserving basis 59/768; cond: 288506413056.0, ratio:0.9907468557357788
reserving basis 59/768; cond: 288506413056.0, ratio:0.9907468557357788
reserving basis 57/768; cond: 1052719906816.0, ratio:0.9910685420036316
reserving basis 57/768; cond: 1052719906816.0, ratio:0.9910685420036316
reserving basis 60/768; cond: 138641522688.0, ratio:0.9925090670585632
reserving basis 60/768; cond: 138641522688.0, ratio:0.9925090670585632
reserving basis 58/768; cond: 32402126848.0, ratio:0.9919973015785217
reserving basis 58/768; cond: 32402126848.0, ratio:0.9919973015785217
reserving basis 58/768; cond: 225942732800.0, ratio:0.9921676516532898
reserving basis 58/768; cond: 225942732800.0, ratio:0.9921676516532898
reserving basis 55/768; cond: 50412830720.0, ratio:0.9925277233123779
reserving basis 55/768; cond: 50412830720.0, ratio:0.9925277233123779
reserving basis 58/768; cond: 129256136704.0, ratio:0.9917784333229065
reserving basis 58/768; cond: 129256136704.0, ratio:0.9917784333229065
reserving basis 54/768; cond: 97550049280.0, ratio:0.9919397830963135
reserving basis 54/768; cond: 97550049280.0, ratio:0.9919397830963135
reserving basis 58/768; cond: 102275244032.0, ratio:0.9921216368675232
reserving basis 58/768; cond: 102275244032.0, ratio:0.9921216368675232
reserving basis 56/768; cond: 27408459776.0, ratio:0.9923990368843079
reserving basis 56/768; cond: 27408459776.0, ratio:0.9923990368843079
reserving basis 58/768; cond: 131466305536.0, ratio:0.9926551580429077
reserving basis 58/768; cond: 131466305536.0, ratio:0.9926551580429077
reserving basis 55/768; cond: 265943515136.0, ratio:0.9903340935707092
reserving basis 55/768; cond: 265943515136.0, ratio:0.9903340935707092
reserving basis 53/768; cond: 156721135616.0, ratio:0.9905761480331421
reserving basis 53/768; cond: 156721135616.0, ratio:0.9905761480331421
reserving basis 55/768; cond: 171931435008.0, ratio:0.9902316927909851
reserving basis 55/768; cond: 171931435008.0, ratio:0.9902316927909851
reserving basis 50/768; cond: 1782425845760.0, ratio:0.9909020662307739
reserving basis 50/768; cond: 1782425845760.0, ratio:0.9909020662307739
reserving basis 53/768; cond: 41917308928.0, ratio:0.9926924109458923
reserving basis 53/768; cond: 41917308928.0, ratio:0.9926924109458923
reserving basis 46/768; cond: 607107284992.0, ratio:0.9910357594490051
reserving basis 46/768; cond: 607107284992.0, ratio:0.9910357594490051
reserving basis 50/768; cond: 236566347776.0, ratio:0.990501880645752
reserving basis 50/768; cond: 236566347776.0, ratio:0.990501880645752
2026-04-27 08:00:36,456 [palora.py] => Task 7, Epoch 50/50 => Loss 0.534, Train_accy 94.45
2026-04-27 08:00:56,982 [trainer.py] => Time:578.6610238552094
2354 2354
2026-04-27 08:01:06,310 [trainer.py] => Time:9.327107191085815
2026-04-27 08:01:06,310 [trainer.py] => ACC: {'total': 83.47, '00-09': 83.61, '10-19': 86.51, '20-29': 85.06, '30-39': 84.42, '40-49': 79.71, '50-59': 81.55, '60-69': 84.19, '70-79': 81.48, 'old': 83.86, 'new': 81.48}
2026-04-27 08:01:06,310 [trainer.py] => ACC top1 curve: [89.62, 88.83, 88.32, 87.21, 86.07, 85.42, 84.31, 83.47]
Average Accuracy: 86.65625
2026-04-27 08:01:06,310 [trainer.py] => Average Accuracy: 86.65625
2026-04-27 08:01:06,314 [trainer.py] => All params: 115034851
2026-04-27 08:01:06,318 [trainer.py] => Trainable params: 376330
2026-04-27 08:01:06,318 [palora.py] => Learning on 80-90
Parameters to be updated: {'classifier_pool.8.weight', 'image_encoder.blocks.5.attn.lora_A_v.8.weight', 'image_encoder.blocks.6.attn.lora_B_k.8.weight', 'image_encoder.blocks.0.attn.lora_B_v.8.weight', 'classifier_pool.8.bias', 'image_encoder.blocks.11.attn.lora_A_k.8.weight', 'image_encoder.blocks.10.attn.lora_A_v.8.weight', 'image_encoder.blocks.1.attn.lora_A_k.8.weight', 'image_encoder.blocks.9.attn.lora_A_v.8.weight', 'image_encoder.blocks.8.attn.lora_A_k.8.weight', 'image_encoder.blocks.2.attn.lora_B_v.8.weight', 'image_encoder.blocks.6.attn.lora_A_k.8.weight', 'image_encoder.blocks.1.attn.lora_A_v.8.weight', 'image_encoder.blocks.4.attn.lora_A_v.8.weight', 'image_encoder.blocks.4.attn.lora_A_k.8.weight', 'image_encoder.blocks.8.attn.lora_B_v.8.weight', 'image_encoder.blocks.8.attn.lora_A_v.8.weight', 'image_encoder.blocks.9.attn.lora_B_v.8.weight', 'image_encoder.blocks.0.attn.lora_B_k.8.weight', 'image_encoder.blocks.5.attn.lora_B_v.8.weight', 'image_encoder.blocks.10.attn.lora_B_k.8.weight', 'image_encoder.blocks.10.attn.lora_B_v.8.weight', 'image_encoder.blocks.11.attn.lora_A_v.8.weight', 'image_encoder.blocks.2.attn.lora_A_v.8.weight', 'image_encoder.blocks.9.attn.lora_B_k.8.weight', 'image_encoder.blocks.0.attn.lora_A_v.8.weight', 'image_encoder.blocks.3.attn.lora_A_v.8.weight', 'image_encoder.blocks.11.attn.lora_B_k.8.weight', 'image_encoder.blocks.11.attn.lora_B_v.8.weight', 'image_encoder.blocks.2.attn.lora_A_k.8.weight', 'image_encoder.blocks.5.attn.lora_B_k.8.weight', 'image_encoder.blocks.6.attn.lora_B_v.8.weight', 'image_encoder.blocks.0.attn.lora_A_k.8.weight', 'image_encoder.blocks.9.attn.lora_A_k.8.weight', 'image_encoder.blocks.7.attn.lora_A_v.8.weight', 'image_encoder.blocks.3.attn.lora_B_v.8.weight', 'image_encoder.blocks.3.attn.lora_A_k.8.weight', 'image_encoder.blocks.8.attn.lora_B_k.8.weight', 'image_encoder.blocks.6.attn.lora_A_v.8.weight', 'image_encoder.blocks.1.attn.lora_B_v.8.weight', 'image_encoder.blocks.3.attn.lora_B_k.8.weight', 'image_encoder.blocks.7.attn.lora_B_k.8.weight', 'image_encoder.blocks.10.attn.lora_A_k.8.weight', 'image_encoder.blocks.2.attn.lora_B_k.8.weight', 'image_encoder.blocks.7.attn.lora_A_k.8.weight', 'image_encoder.blocks.1.attn.lora_B_k.8.weight', 'image_encoder.blocks.7.attn.lora_B_v.8.weight', 'image_encoder.blocks.4.attn.lora_B_k.8.weight', 'image_encoder.blocks.4.attn.lora_B_v.8.weight', 'image_encoder.blocks.5.attn.lora_A_k.8.weight'}
After trained on task 7 tensor(0.0882, device='cuda:0') tensor(0.0822, device='cuda:0')
After trained on task 7 tensor(0.0679, device='cuda:0') tensor(0.1164, device='cuda:0')
After trained on task 7 tensor(0.0815, device='cuda:0') tensor(0.1090, device='cuda:0')
After trained on task 7 tensor(0.0823, device='cuda:0') tensor(0.1222, device='cuda:0')
After trained on task 7 tensor(0.1112, device='cuda:0') tensor(0.1537, device='cuda:0')
After trained on task 7 tensor(0.1441, device='cuda:0') tensor(0.1933, device='cuda:0')
After trained on task 7 tensor(0.1634, device='cuda:0') tensor(0.1799, device='cuda:0')
After trained on task 7 tensor(0.2100, device='cuda:0') tensor(0.2156, device='cuda:0')
After trained on task 7 tensor(0.1813, device='cuda:0') tensor(0.2703, device='cuda:0')
After trained on task 7 tensor(0.2555, device='cuda:0') tensor(0.2830, device='cuda:0')
After trained on task 7 tensor(0.3061, device='cuda:0') tensor(0.3287, device='cuda:0')
After trained on task 7 tensor(0.5105, device='cuda:0') tensor(0.4249, device='cuda:0')
reserving basis 61/768; cond: 2876508209152.0, ratio:0.991585910320282
reserving basis 61/768; cond: 2876508209152.0, ratio:0.991585910320282
reserving basis 62/768; cond: 39824846848.0, ratio:0.9903600811958313
reserving basis 62/768; cond: 39824846848.0, ratio:0.9903600811958313
reserving basis 62/768; cond: 110142636032.0, ratio:0.990444004535675
reserving basis 62/768; cond: 110142636032.0, ratio:0.990444004535675
reserving basis 64/768; cond: 1332133625856.0, ratio:0.9916449785232544
reserving basis 64/768; cond: 1332133625856.0, ratio:0.9916449785232544
reserving basis 67/768; cond: 183803658240.0, ratio:0.9912470579147339
reserving basis 67/768; cond: 183803658240.0, ratio:0.9912470579147339
reserving basis 65/768; cond: 30681548800.0, ratio:0.9918636083602905
reserving basis 65/768; cond: 30681548800.0, ratio:0.9918636083602905
reserving basis 66/768; cond: 95582838784.0, ratio:0.9923796057701111
reserving basis 66/768; cond: 95582838784.0, ratio:0.9923796057701111
reserving basis 64/768; cond: 80384868352.0, ratio:0.9914922714233398
reserving basis 64/768; cond: 80384868352.0, ratio:0.9914922714233398
reserving basis 67/768; cond: 40787824640.0, ratio:0.9918820261955261
reserving basis 67/768; cond: 40787824640.0, ratio:0.9918820261955261
reserving basis 64/768; cond: 51120705536.0, ratio:0.9901872873306274
reserving basis 64/768; cond: 51120705536.0, ratio:0.9901872873306274
reserving basis 64/768; cond: 121101959168.0, ratio:0.9900200366973877
reserving basis 64/768; cond: 121101959168.0, ratio:0.9900200366973877
reserving basis 61/768; cond: 45400928256.0, ratio:0.9902794361114502
reserving basis 61/768; cond: 45400928256.0, ratio:0.9902794361114502
reserving basis 65/768; cond: 1062703595520.0, ratio:0.99263596534729
reserving basis 65/768; cond: 1062703595520.0, ratio:0.99263596534729
reserving basis 60/768; cond: 28190664704.0, ratio:0.9904319047927856
reserving basis 60/768; cond: 28190664704.0, ratio:0.9904319047927856
reserving basis 64/768; cond: 298719215616.0, ratio:0.9906786680221558
reserving basis 64/768; cond: 298719215616.0, ratio:0.9906786680221558
reserving basis 62/768; cond: 88873549824.0, ratio:0.990857720375061
reserving basis 62/768; cond: 88873549824.0, ratio:0.990857720375061
reserving basis 64/768; cond: 84733140992.0, ratio:0.9906972050666809
reserving basis 64/768; cond: 84733140992.0, ratio:0.9906972050666809
reserving basis 61/768; cond: 106774536192.0, ratio:0.9910982847213745
reserving basis 61/768; cond: 106774536192.0, ratio:0.9910982847213745
reserving basis 59/768; cond: 356977180672.0, ratio:0.9915851354598999
reserving basis 59/768; cond: 356977180672.0, ratio:0.9915851354598999
reserving basis 61/768; cond: 23653482496.0, ratio:0.9924874305725098
reserving basis 61/768; cond: 23653482496.0, ratio:0.9924874305725098
reserving basis 55/768; cond: 78754750464.0, ratio:0.9904296398162842
reserving basis 55/768; cond: 78754750464.0, ratio:0.9904296398162842
reserving basis 58/768; cond: 71291568128.0, ratio:0.990962564945221
reserving basis 58/768; cond: 71291568128.0, ratio:0.990962564945221
reserving basis 49/768; cond: 280021860352.0, ratio:0.9909488558769226
reserving basis 49/768; cond: 280021860352.0, ratio:0.9909488558769226
reserving basis 55/768; cond: 37657755648.0, ratio:0.9903380870819092
reserving basis 55/768; cond: 37657755648.0, ratio:0.9903380870819092
2026-04-27 08:10:55,243 [palora.py] => Task 8, Epoch 50/50 => Loss 0.536, Train_accy 94.19
2026-04-27 08:11:16,069 [trainer.py] => Time:609.7509446144104
2760 2760
2026-04-27 08:11:26,203 [trainer.py] => Time:10.133085250854492
2026-04-27 08:11:26,203 [trainer.py] => ACC: {'total': 83.04, '00-09': 82.79, '10-19': 87.3, '20-29': 84.37, '30-39': 83.7, '40-49': 78.74, '50-59': 81.07, '60-69': 82.48, '70-79': 78.31, '80-89': 86.7, 'old': 82.41, 'new': 86.7}
2026-04-27 08:11:26,203 [trainer.py] => ACC top1 curve: [89.62, 88.83, 88.32, 87.21, 86.07, 85.42, 84.31, 83.47, 83.04]
Average Accuracy: 86.25444444444445
2026-04-27 08:11:26,203 [trainer.py] => Average Accuracy: 86.25444444444445
2026-04-27 08:11:26,207 [trainer.py] => All params: 115034851
2026-04-27 08:11:26,210 [trainer.py] => Trainable params: 376330
2026-04-27 08:11:26,210 [palora.py] => Learning on 90-100
Parameters to be updated: {'image_encoder.blocks.3.attn.lora_A_v.9.weight', 'image_encoder.blocks.8.attn.lora_B_k.9.weight', 'image_encoder.blocks.3.attn.lora_A_k.9.weight', 'image_encoder.blocks.7.attn.lora_B_k.9.weight', 'classifier_pool.9.weight', 'image_encoder.blocks.8.attn.lora_A_k.9.weight', 'image_encoder.blocks.7.attn.lora_A_k.9.weight', 'image_encoder.blocks.7.attn.lora_B_v.9.weight', 'image_encoder.blocks.10.attn.lora_A_v.9.weight', 'image_encoder.blocks.11.attn.lora_B_v.9.weight', 'image_encoder.blocks.1.attn.lora_A_k.9.weight', 'image_encoder.blocks.3.attn.lora_B_k.9.weight', 'image_encoder.blocks.1.attn.lora_B_v.9.weight', 'image_encoder.blocks.9.attn.lora_B_k.9.weight', 'image_encoder.blocks.3.attn.lora_B_v.9.weight', 'image_encoder.blocks.0.attn.lora_B_v.9.weight', 'image_encoder.blocks.1.attn.lora_B_k.9.weight', 'image_encoder.blocks.10.attn.lora_A_k.9.weight', 'image_encoder.blocks.2.attn.lora_A_v.9.weight', 'image_encoder.blocks.11.attn.lora_B_k.9.weight', 'image_encoder.blocks.0.attn.lora_A_k.9.weight', 'image_encoder.blocks.2.attn.lora_B_v.9.weight', 'image_encoder.blocks.8.attn.lora_B_v.9.weight', 'image_encoder.blocks.9.attn.lora_A_v.9.weight', 'image_encoder.blocks.6.attn.lora_A_v.9.weight', 'image_encoder.blocks.6.attn.lora_A_k.9.weight', 'image_encoder.blocks.5.attn.lora_B_k.9.weight', 'image_encoder.blocks.1.attn.lora_A_v.9.weight', 'image_encoder.blocks.11.attn.lora_A_k.9.weight', 'image_encoder.blocks.4.attn.lora_A_v.9.weight', 'image_encoder.blocks.5.attn.lora_B_v.9.weight', 'image_encoder.blocks.6.attn.lora_B_v.9.weight', 'image_encoder.blocks.0.attn.lora_B_k.9.weight', 'image_encoder.blocks.5.attn.lora_A_v.9.weight', 'image_encoder.blocks.9.attn.lora_B_v.9.weight', 'classifier_pool.9.bias', 'image_encoder.blocks.2.attn.lora_A_k.9.weight', 'image_encoder.blocks.7.attn.lora_A_v.9.weight', 'image_encoder.blocks.4.attn.lora_B_v.9.weight', 'image_encoder.blocks.6.attn.lora_B_k.9.weight', 'image_encoder.blocks.8.attn.lora_A_v.9.weight', 'image_encoder.blocks.9.attn.lora_A_k.9.weight', 'image_encoder.blocks.11.attn.lora_A_v.9.weight', 'image_encoder.blocks.10.attn.lora_B_k.9.weight', 'image_encoder.blocks.2.attn.lora_B_k.9.weight', 'image_encoder.blocks.4.attn.lora_B_k.9.weight', 'image_encoder.blocks.4.attn.lora_A_k.9.weight', 'image_encoder.blocks.5.attn.lora_A_k.9.weight', 'image_encoder.blocks.0.attn.lora_A_v.9.weight', 'image_encoder.blocks.10.attn.lora_B_v.9.weight'}
After trained on task 8 tensor(0.1029, device='cuda:0') tensor(0.0833, device='cuda:0')
After trained on task 8 tensor(0.1078, device='cuda:0') tensor(0.1020, device='cuda:0')
After trained on task 8 tensor(0.0986, device='cuda:0') tensor(0.1330, device='cuda:0')
After trained on task 8 tensor(0.0919, device='cuda:0') tensor(0.1503, device='cuda:0')
After trained on task 8 tensor(0.0989, device='cuda:0') tensor(0.1768, device='cuda:0')
After trained on task 8 tensor(0.1363, device='cuda:0') tensor(0.2200, device='cuda:0')
After trained on task 8 tensor(0.1717, device='cuda:0') tensor(0.2193, device='cuda:0')
After trained on task 8 tensor(0.1753, device='cuda:0') tensor(0.2449, device='cuda:0')
After trained on task 8 tensor(0.1637, device='cuda:0') tensor(0.2711, device='cuda:0')
After trained on task 8 tensor(0.2045, device='cuda:0') tensor(0.2756, device='cuda:0')
After trained on task 8 tensor(0.2419, device='cuda:0') tensor(0.3317, device='cuda:0')
After trained on task 8 tensor(0.5165, device='cuda:0') tensor(0.3664, device='cuda:0')
reserving basis 67/768; cond: 344379359232.0, ratio:0.9919878840446472
reserving basis 67/768; cond: 344379359232.0, ratio:0.9919878840446472
reserving basis 68/768; cond: 329814147072.0, ratio:0.9908806681632996
reserving basis 68/768; cond: 329814147072.0, ratio:0.9908806681632996
reserving basis 68/768; cond: 119468662784.0, ratio:0.9914112687110901
reserving basis 68/768; cond: 119468662784.0, ratio:0.9914112687110901
reserving basis 71/768; cond: 34731737088.0, ratio:0.992512583732605
reserving basis 71/768; cond: 34731737088.0, ratio:0.992512583732605
reserving basis 74/768; cond: 183634182144.0, ratio:0.9920010566711426
reserving basis 74/768; cond: 183634182144.0, ratio:0.9920010566711426
reserving basis 72/768; cond: 150016786432.0, ratio:0.9926027655601501
reserving basis 72/768; cond: 150016786432.0, ratio:0.9926027655601501
reserving basis 73/768; cond: 117280243712.0, ratio:0.9923666715621948
reserving basis 73/768; cond: 117280243712.0, ratio:0.9923666715621948
reserving basis 70/768; cond: 2523944452096.0, ratio:0.9912289381027222
reserving basis 70/768; cond: 2523944452096.0, ratio:0.9912289381027222
reserving basis 74/768; cond: 57741766656.0, ratio:0.9924882054328918
reserving basis 74/768; cond: 57741766656.0, ratio:0.9924882054328918
reserving basis 70/768; cond: 98684870656.0, ratio:0.9921645522117615
reserving basis 70/768; cond: 98684870656.0, ratio:0.9921645522117615
reserving basis 70/768; cond: 99951755264.0, ratio:0.9908735156059265
reserving basis 70/768; cond: 99951755264.0, ratio:0.9908735156059265
reserving basis 67/768; cond: 306510462976.0, ratio:0.9917784929275513
reserving basis 67/768; cond: 306510462976.0, ratio:0.9917784929275513
reserving basis 71/768; cond: 184962105344.0, ratio:0.9909765124320984
reserving basis 71/768; cond: 184962105344.0, ratio:0.9909765124320984
reserving basis 66/768; cond: 436055932928.0, ratio:0.9919155240058899
reserving basis 66/768; cond: 436055932928.0, ratio:0.9919155240058899
reserving basis 70/768; cond: 151405264896.0, ratio:0.9914438724517822
reserving basis 70/768; cond: 151405264896.0, ratio:0.9914438724517822
reserving basis 68/768; cond: 21962946560.0, ratio:0.9918847680091858
reserving basis 68/768; cond: 21962946560.0, ratio:0.9918847680091858
reserving basis 70/768; cond: 57173352448.0, ratio:0.9914867281913757
reserving basis 70/768; cond: 57173352448.0, ratio:0.9914867281913757
reserving basis 66/768; cond: 249366167552.0, ratio:0.9901345372200012
reserving basis 66/768; cond: 249366167552.0, ratio:0.9901345372200012
reserving basis 64/768; cond: 157596303360.0, ratio:0.9902461767196655
reserving basis 64/768; cond: 157596303360.0, ratio:0.9902461767196655
reserving basis 67/768; cond: 43746226176.0, ratio:0.9921237230300903
reserving basis 67/768; cond: 43746226176.0, ratio:0.9921237230300903
reserving basis 60/768; cond: 2330898202624.0, ratio:0.9907842874526978
reserving basis 60/768; cond: 2330898202624.0, ratio:0.9907842874526978
reserving basis 63/768; cond: 618868637696.0, ratio:0.991235077381134
reserving basis 63/768; cond: 618868637696.0, ratio:0.991235077381134
reserving basis 52/768; cond: 111461916672.0, ratio:0.9920178055763245
reserving basis 52/768; cond: 111461916672.0, ratio:0.9920178055763245
reserving basis 60/768; cond: 41701396480.0, ratio:0.9922076463699341
reserving basis 60/768; cond: 41701396480.0, ratio:0.9922076463699341
2026-04-27 08:19:57,533 [palora.py] => Task 9, Epoch 50/50 => Loss 0.566, Train_accy 94.37
2026-04-27 08:20:15,022 [trainer.py] => Time:528.8110530376434
3100 3100
2026-04-27 08:20:25,085 [trainer.py] => Time:10.062448501586914
2026-04-27 08:20:25,085 [trainer.py] => ACC: {'total': 82.16, '00-09': 81.15, '10-19': 86.9, '20-29': 84.6, '30-39': 84.06, '40-49': 80.19, '50-59': 82.52, '60-69': 81.2, '70-79': 76.98, '80-89': 86.21, '90-99': 77.65, 'old': 82.72, 'new': 77.65}
2026-04-27 08:20:25,085 [trainer.py] => ACC top1 curve: [89.62, 88.83, 88.32, 87.21, 86.07, 85.42, 84.31, 83.47, 83.04, 82.16]
Average Accuracy: 85.845
2026-04-27 08:20:25,085 [trainer.py] => Average Accuracy: 85.845
2026-04-27 08:20:25,089 [trainer.py] => All params: 115034851
2026-04-27 08:20:25,093 [trainer.py] => Trainable params: 376330
2026-04-27 08:20:25,093 [palora.py] => Learning on 100-110
Parameters to be updated: {'image_encoder.blocks.10.attn.lora_B_k.10.weight', 'image_encoder.blocks.9.attn.lora_A_v.10.weight', 'image_encoder.blocks.0.attn.lora_B_v.10.weight', 'image_encoder.blocks.5.attn.lora_A_k.10.weight', 'image_encoder.blocks.8.attn.lora_A_v.10.weight', 'image_encoder.blocks.4.attn.lora_B_k.10.weight', 'image_encoder.blocks.10.attn.lora_A_k.10.weight', 'image_encoder.blocks.2.attn.lora_B_v.10.weight', 'image_encoder.blocks.8.attn.lora_A_k.10.weight', 'image_encoder.blocks.4.attn.lora_A_k.10.weight', 'image_encoder.blocks.7.attn.lora_B_k.10.weight', 'image_encoder.blocks.11.attn.lora_B_v.10.weight', 'image_encoder.blocks.5.attn.lora_B_v.10.weight', 'image_encoder.blocks.10.attn.lora_A_v.10.weight', 'classifier_pool.10.weight', 'image_encoder.blocks.5.attn.lora_A_v.10.weight', 'image_encoder.blocks.4.attn.lora_B_v.10.weight', 'image_encoder.blocks.8.attn.lora_B_k.10.weight', 'image_encoder.blocks.0.attn.lora_A_k.10.weight', 'image_encoder.blocks.11.attn.lora_A_k.10.weight', 'image_encoder.blocks.7.attn.lora_A_v.10.weight', 'image_encoder.blocks.8.attn.lora_B_v.10.weight', 'image_encoder.blocks.11.attn.lora_B_k.10.weight', 'image_encoder.blocks.1.attn.lora_A_k.10.weight', 'image_encoder.blocks.2.attn.lora_B_k.10.weight', 'image_encoder.blocks.10.attn.lora_B_v.10.weight', 'image_encoder.blocks.6.attn.lora_A_k.10.weight', 'image_encoder.blocks.0.attn.lora_A_v.10.weight', 'image_encoder.blocks.1.attn.lora_A_v.10.weight', 'classifier_pool.10.bias', 'image_encoder.blocks.7.attn.lora_B_v.10.weight', 'image_encoder.blocks.1.attn.lora_B_v.10.weight', 'image_encoder.blocks.7.attn.lora_A_k.10.weight', 'image_encoder.blocks.2.attn.lora_A_k.10.weight', 'image_encoder.blocks.9.attn.lora_B_k.10.weight', 'image_encoder.blocks.6.attn.lora_B_k.10.weight', 'image_encoder.blocks.1.attn.lora_B_k.10.weight', 'image_encoder.blocks.3.attn.lora_A_k.10.weight', 'image_encoder.blocks.6.attn.lora_B_v.10.weight', 'image_encoder.blocks.4.attn.lora_A_v.10.weight', 'image_encoder.blocks.3.attn.lora_B_v.10.weight', 'image_encoder.blocks.0.attn.lora_B_k.10.weight', 'image_encoder.blocks.9.attn.lora_A_k.10.weight', 'image_encoder.blocks.6.attn.lora_A_v.10.weight', 'image_encoder.blocks.9.attn.lora_B_v.10.weight', 'image_encoder.blocks.3.attn.lora_A_v.10.weight', 'image_encoder.blocks.11.attn.lora_A_v.10.weight', 'image_encoder.blocks.5.attn.lora_B_k.10.weight', 'image_encoder.blocks.3.attn.lora_B_k.10.weight', 'image_encoder.blocks.2.attn.lora_A_v.10.weight'}
After trained on task 9 tensor(0.0558, device='cuda:0') tensor(0.0710, device='cuda:0')
After trained on task 9 tensor(0.0772, device='cuda:0') tensor(0.0803, device='cuda:0')
After trained on task 9 tensor(0.0890, device='cuda:0') tensor(0.0949, device='cuda:0')
After trained on task 9 tensor(0.0904, device='cuda:0') tensor(0.1695, device='cuda:0')
After trained on task 9 tensor(0.1034, device='cuda:0') tensor(0.1614, device='cuda:0')
After trained on task 9 tensor(0.1168, device='cuda:0') tensor(0.1576, device='cuda:0')
After trained on task 9 tensor(0.1309, device='cuda:0') tensor(0.1938, device='cuda:0')
After trained on task 9 tensor(0.1723, device='cuda:0') tensor(0.2206, device='cuda:0')
After trained on task 9 tensor(0.1857, device='cuda:0') tensor(0.2713, device='cuda:0')
After trained on task 9 tensor(0.2950, device='cuda:0') tensor(0.3401, device='cuda:0')
After trained on task 9 tensor(0.2414, device='cuda:0') tensor(0.3335, device='cuda:0')
After trained on task 9 tensor(0.3474, device='cuda:0') tensor(0.3881, device='cuda:0')
reserving basis 72/768; cond: 2346784915456.0, ratio:0.9902111291885376
reserving basis 72/768; cond: 2346784915456.0, ratio:0.9902111291885376
reserving basis 74/768; cond: 78027071488.0, ratio:0.9912639856338501
reserving basis 74/768; cond: 78027071488.0, ratio:0.9912639856338501
reserving basis 73/768; cond: 218173947904.0, ratio:0.9906884431838989
reserving basis 73/768; cond: 218173947904.0, ratio:0.9906884431838989
reserving basis 77/768; cond: 65901404160.0, ratio:0.9915539622306824
reserving basis 77/768; cond: 65901404160.0, ratio:0.9915539622306824
reserving basis 80/768; cond: 234904764416.0, ratio:0.9914880990982056
reserving basis 80/768; cond: 234904764416.0, ratio:0.9914880990982056
reserving basis 78/768; cond: 34489253888.0, ratio:0.9910659790039062
reserving basis 78/768; cond: 34489253888.0, ratio:0.9910659790039062
reserving basis 79/768; cond: 1431630643200.0, ratio:0.990336000919342
reserving basis 79/768; cond: 1431630643200.0, ratio:0.990336000919342
reserving basis 76/768; cond: 16901779456.0, ratio:0.9918503165245056
reserving basis 76/768; cond: 16901779456.0, ratio:0.9918503165245056
reserving basis 80/768; cond: 56417673216.0, ratio:0.9917086362838745
reserving basis 80/768; cond: 56417673216.0, ratio:0.9917086362838745
reserving basis 75/768; cond: 175386607616.0, ratio:0.9908467531204224
reserving basis 75/768; cond: 175386607616.0, ratio:0.9908467531204224
reserving basis 76/768; cond: 56695066624.0, ratio:0.9911436438560486
reserving basis 76/768; cond: 56695066624.0, ratio:0.9911436438560486
reserving basis 73/768; cond: 1066780196864.0, ratio:0.991300642490387
reserving basis 73/768; cond: 1066780196864.0, ratio:0.991300642490387
reserving basis 77/768; cond: 929515503616.0, ratio:0.9915069937705994
reserving basis 77/768; cond: 929515503616.0, ratio:0.9915069937705994
reserving basis 72/768; cond: 125407993856.0, ratio:0.9923819899559021
reserving basis 72/768; cond: 125407993856.0, ratio:0.9923819899559021
reserving basis 75/768; cond: 43857784832.0, ratio:0.9907564520835876
reserving basis 75/768; cond: 43857784832.0, ratio:0.9907564520835876
reserving basis 73/768; cond: 375344824320.0, ratio:0.9900047183036804
reserving basis 73/768; cond: 375344824320.0, ratio:0.9900047183036804
reserving basis 75/768; cond: 190225547264.0, ratio:0.9919936656951904
reserving basis 75/768; cond: 190225547264.0, ratio:0.9919936656951904
reserving basis 71/768; cond: 54135603200.0, ratio:0.9903269410133362
reserving basis 71/768; cond: 54135603200.0, ratio:0.9903269410133362
reserving basis 69/768; cond: 1147808907264.0, ratio:0.9922557473182678
reserving basis 69/768; cond: 1147808907264.0, ratio:0.9922557473182678
reserving basis 72/768; cond: 31924252672.0, ratio:0.9910264611244202
reserving basis 72/768; cond: 31924252672.0, ratio:0.9910264611244202
reserving basis 65/768; cond: 205378994176.0, ratio:0.9918895959854126
reserving basis 65/768; cond: 205378994176.0, ratio:0.9918895959854126
reserving basis 68/768; cond: 11245064192.0, ratio:0.9921289086341858
reserving basis 68/768; cond: 11245064192.0, ratio:0.9921289086341858
reserving basis 56/768; cond: 513369735168.0, ratio:0.9913321137428284
reserving basis 56/768; cond: 513369735168.0, ratio:0.9913321137428284
reserving basis 64/768; cond: 38555688960.0, ratio:0.9914220571517944
reserving basis 64/768; cond: 38555688960.0, ratio:0.9914220571517944
2026-04-27 08:28:57,118 [palora.py] => Task 10, Epoch 50/50 => Loss 0.599, Train_accy 93.63
2026-04-27 08:29:16,823 [trainer.py] => Time:531.7302620410919
3416 3416
2026-04-27 08:29:28,721 [trainer.py] => Time:11.897707462310791
2026-04-27 08:29:28,722 [trainer.py] => ACC: {'total': 81.15, '00-09': 80.87, '10-19': 84.52, '20-29': 83.22, '30-39': 82.97, '40-49': 80.68, '50-59': 82.52, '60-69': 81.62, '70-79': 75.4, '80-89': 85.96, '90-99': 76.76, '100-109': 78.8, 'old': 81.39, 'new': 78.8}
2026-04-27 08:29:28,722 [trainer.py] => ACC top1 curve: [89.62, 88.83, 88.32, 87.21, 86.07, 85.42, 84.31, 83.47, 83.04, 82.16, 81.15]
Average Accuracy: 85.41818181818181
2026-04-27 08:29:28,722 [trainer.py] => Average Accuracy: 85.41818181818181
2026-04-27 08:29:28,726 [trainer.py] => All params: 115034851
2026-04-27 08:29:28,730 [trainer.py] => Trainable params: 376330
2026-04-27 08:29:28,730 [palora.py] => Learning on 110-120
Parameters to be updated: {'image_encoder.blocks.2.attn.lora_B_k.11.weight', 'image_encoder.blocks.3.attn.lora_B_v.11.weight', 'image_encoder.blocks.11.attn.lora_B_k.11.weight', 'image_encoder.blocks.8.attn.lora_B_k.11.weight', 'image_encoder.blocks.1.attn.lora_A_k.11.weight', 'image_encoder.blocks.1.attn.lora_A_v.11.weight', 'image_encoder.blocks.8.attn.lora_B_v.11.weight', 'image_encoder.blocks.10.attn.lora_A_k.11.weight', 'image_encoder.blocks.10.attn.lora_A_v.11.weight', 'image_encoder.blocks.1.attn.lora_B_k.11.weight', 'image_encoder.blocks.4.attn.lora_A_v.11.weight', 'image_encoder.blocks.7.attn.lora_B_k.11.weight', 'image_encoder.blocks.2.attn.lora_A_k.11.weight', 'image_encoder.blocks.3.attn.lora_A_k.11.weight', 'image_encoder.blocks.5.attn.lora_A_k.11.weight', 'classifier_pool.11.weight', 'image_encoder.blocks.6.attn.lora_A_k.11.weight', 'image_encoder.blocks.10.attn.lora_B_k.11.weight', 'image_encoder.blocks.0.attn.lora_A_v.11.weight', 'image_encoder.blocks.11.attn.lora_B_v.11.weight', 'classifier_pool.11.bias', 'image_encoder.blocks.2.attn.lora_A_v.11.weight', 'image_encoder.blocks.0.attn.lora_A_k.11.weight', 'image_encoder.blocks.7.attn.lora_A_k.11.weight', 'image_encoder.blocks.8.attn.lora_A_v.11.weight', 'image_encoder.blocks.9.attn.lora_B_v.11.weight', 'image_encoder.blocks.5.attn.lora_A_v.11.weight', 'image_encoder.blocks.6.attn.lora_A_v.11.weight', 'image_encoder.blocks.11.attn.lora_A_v.11.weight', 'image_encoder.blocks.9.attn.lora_B_k.11.weight', 'image_encoder.blocks.5.attn.lora_B_v.11.weight', 'image_encoder.blocks.11.attn.lora_A_k.11.weight', 'image_encoder.blocks.1.attn.lora_B_v.11.weight', 'image_encoder.blocks.5.attn.lora_B_k.11.weight', 'image_encoder.blocks.4.attn.lora_A_k.11.weight', 'image_encoder.blocks.3.attn.lora_B_k.11.weight', 'image_encoder.blocks.4.attn.lora_B_k.11.weight', 'image_encoder.blocks.8.attn.lora_A_k.11.weight', 'image_encoder.blocks.4.attn.lora_B_v.11.weight', 'image_encoder.blocks.6.attn.lora_B_v.11.weight', 'image_encoder.blocks.0.attn.lora_B_k.11.weight', 'image_encoder.blocks.0.attn.lora_B_v.11.weight', 'image_encoder.blocks.2.attn.lora_B_v.11.weight', 'image_encoder.blocks.7.attn.lora_A_v.11.weight', 'image_encoder.blocks.7.attn.lora_B_v.11.weight', 'image_encoder.blocks.9.attn.lora_A_k.11.weight', 'image_encoder.blocks.10.attn.lora_B_v.11.weight', 'image_encoder.blocks.9.attn.lora_A_v.11.weight', 'image_encoder.blocks.6.attn.lora_B_k.11.weight', 'image_encoder.blocks.3.attn.lora_A_v.11.weight'}
After trained on task 10 tensor(0.0961, device='cuda:0') tensor(0.0672, device='cuda:0')
After trained on task 10 tensor(0.0818, device='cuda:0') tensor(0.0767, device='cuda:0')
After trained on task 10 tensor(0.0818, device='cuda:0') tensor(0.0839, device='cuda:0')
After trained on task 10 tensor(0.0753, device='cuda:0') tensor(0.1167, device='cuda:0')
After trained on task 10 tensor(0.1079, device='cuda:0') tensor(0.1329, device='cuda:0')
After trained on task 10 tensor(0.1216, device='cuda:0') tensor(0.1430, device='cuda:0')
After trained on task 10 tensor(0.1293, device='cuda:0') tensor(0.1514, device='cuda:0')
After trained on task 10 tensor(0.1428, device='cuda:0') tensor(0.1620, device='cuda:0')
After trained on task 10 tensor(0.2091, device='cuda:0') tensor(0.2523, device='cuda:0')
After trained on task 10 tensor(0.2343, device='cuda:0') tensor(0.2660, device='cuda:0')
After trained on task 10 tensor(0.2508, device='cuda:0') tensor(0.2862, device='cuda:0')
After trained on task 10 tensor(0.3616, device='cuda:0') tensor(0.3153, device='cuda:0')
reserving basis 76/768; cond: 45282500608.0, ratio:0.9903695583343506
reserving basis 76/768; cond: 45282500608.0, ratio:0.9903695583343506
reserving basis 80/768; cond: 572184330240.0, ratio:0.9919605255126953
reserving basis 80/768; cond: 572184330240.0, ratio:0.9919605255126953
reserving basis 78/768; cond: 291268624384.0, ratio:0.9908576607704163
reserving basis 78/768; cond: 291268624384.0, ratio:0.9908576607704163
reserving basis 83/768; cond: 101459394560.0, ratio:0.992359459400177
reserving basis 83/768; cond: 101459394560.0, ratio:0.992359459400177
reserving basis 86/768; cond: 73350266880.0, ratio:0.9917303323745728
reserving basis 86/768; cond: 73350266880.0, ratio:0.9917303323745728
reserving basis 84/768; cond: 113099743232.0, ratio:0.9913144111633301
reserving basis 84/768; cond: 113099743232.0, ratio:0.9913144111633301
reserving basis 85/768; cond: 210205622272.0, ratio:0.9916141033172607
reserving basis 85/768; cond: 210205622272.0, ratio:0.9916141033172607
reserving basis 82/768; cond: 25161738240.0, ratio:0.9914522767066956
reserving basis 82/768; cond: 25161738240.0, ratio:0.9914522767066956
reserving basis 86/768; cond: 151071850496.0, ratio:0.9917769432067871
reserving basis 86/768; cond: 151071850496.0, ratio:0.9917769432067871
reserving basis 80/768; cond: 423381729280.0, ratio:0.9903361201286316
reserving basis 80/768; cond: 423381729280.0, ratio:0.9903361201286316
reserving basis 82/768; cond: 73195143168.0, ratio:0.9922508597373962
reserving basis 82/768; cond: 73195143168.0, ratio:0.9922508597373962
reserving basis 79/768; cond: 73022824448.0, ratio:0.9915128946304321
reserving basis 79/768; cond: 73022824448.0, ratio:0.9915128946304321
reserving basis 83/768; cond: 104229756928.0, ratio:0.9918966293334961
reserving basis 83/768; cond: 104229756928.0, ratio:0.9918966293334961
reserving basis 78/768; cond: 107782012928.0, ratio:0.9917957186698914
reserving basis 78/768; cond: 107782012928.0, ratio:0.9917957186698914
reserving basis 81/768; cond: 17284583424.0, ratio:0.9921030402183533
reserving basis 81/768; cond: 17284583424.0, ratio:0.9921030402183533
reserving basis 79/768; cond: 881579065344.0, ratio:0.9921595454216003
reserving basis 79/768; cond: 881579065344.0, ratio:0.9921595454216003
reserving basis 80/768; cond: 125928128512.0, ratio:0.9915226697921753
reserving basis 80/768; cond: 125928128512.0, ratio:0.9915226697921753
reserving basis 76/768; cond: 10553037824.0, ratio:0.9903033971786499
reserving basis 76/768; cond: 10553037824.0, ratio:0.9903033971786499
reserving basis 74/768; cond: 204176457728.0, ratio:0.9918346405029297
reserving basis 74/768; cond: 204176457728.0, ratio:0.9918346405029297
reserving basis 77/768; cond: 43388989440.0, ratio:0.9900842905044556
reserving basis 77/768; cond: 43388989440.0, ratio:0.9900842905044556
reserving basis 70/768; cond: 184698568704.0, ratio:0.9918972253799438
reserving basis 70/768; cond: 184698568704.0, ratio:0.9918972253799438
reserving basis 73/768; cond: 40572272640.0, ratio:0.9921067953109741
reserving basis 73/768; cond: 40572272640.0, ratio:0.9921067953109741
reserving basis 59/768; cond: 2827802902528.0, ratio:0.9916443824768066
reserving basis 59/768; cond: 2827802902528.0, ratio:0.9916443824768066
reserving basis 68/768; cond: 1100347080704.0, ratio:0.9908037781715393
reserving basis 68/768; cond: 1100347080704.0, ratio:0.9908037781715393
2026-04-27 08:37:05,626 [palora.py] => Task 11, Epoch 50/50 => Loss 0.482, Train_accy 96.65
2026-04-27 08:37:24,613 [trainer.py] => Time:475.88321256637573
3662 3662
2026-04-27 08:37:36,522 [trainer.py] => Time:11.908024072647095
2026-04-27 08:37:36,522 [trainer.py] => ACC: {'total': 81.38, '00-09': 79.78, '10-19': 86.51, '20-29': 82.53, '30-39': 82.25, '40-49': 79.23, '50-59': 82.04, '60-69': 81.62, '70-79': 75.13, '80-89': 85.96, '90-99': 76.47, '100-109': 78.16, '110-119': 89.43, 'old': 80.8, 'new': 89.43}
2026-04-27 08:37:36,522 [trainer.py] => ACC top1 curve: [89.62, 88.83, 88.32, 87.21, 86.07, 85.42, 84.31, 83.47, 83.04, 82.16, 81.15, 81.38]
Average Accuracy: 85.08166666666666
2026-04-27 08:37:36,522 [trainer.py] => Average Accuracy: 85.08166666666666
2026-04-27 08:37:36,526 [trainer.py] => All params: 115034851
2026-04-27 08:37:36,530 [trainer.py] => Trainable params: 376330
2026-04-27 08:37:36,530 [palora.py] => Learning on 120-130
Parameters to be updated: {'image_encoder.blocks.1.attn.lora_B_v.12.weight', 'image_encoder.blocks.8.attn.lora_B_k.12.weight', 'image_encoder.blocks.11.attn.lora_A_k.12.weight', 'image_encoder.blocks.0.attn.lora_B_k.12.weight', 'image_encoder.blocks.0.attn.lora_A_v.12.weight', 'image_encoder.blocks.0.attn.lora_A_k.12.weight', 'image_encoder.blocks.2.attn.lora_B_k.12.weight', 'image_encoder.blocks.6.attn.lora_B_v.12.weight', 'image_encoder.blocks.9.attn.lora_B_v.12.weight', 'image_encoder.blocks.8.attn.lora_B_v.12.weight', 'image_encoder.blocks.2.attn.lora_B_v.12.weight', 'image_encoder.blocks.4.attn.lora_A_v.12.weight', 'image_encoder.blocks.7.attn.lora_B_k.12.weight', 'image_encoder.blocks.2.attn.lora_A_v.12.weight', 'image_encoder.blocks.9.attn.lora_A_k.12.weight', 'image_encoder.blocks.7.attn.lora_A_k.12.weight', 'image_encoder.blocks.10.attn.lora_B_v.12.weight', 'image_encoder.blocks.11.attn.lora_B_v.12.weight', 'image_encoder.blocks.4.attn.lora_B_v.12.weight', 'image_encoder.blocks.5.attn.lora_A_v.12.weight', 'image_encoder.blocks.1.attn.lora_B_k.12.weight', 'image_encoder.blocks.4.attn.lora_A_k.12.weight', 'image_encoder.blocks.6.attn.lora_A_v.12.weight', 'image_encoder.blocks.9.attn.lora_A_v.12.weight', 'image_encoder.blocks.6.attn.lora_B_k.12.weight', 'classifier_pool.12.weight', 'image_encoder.blocks.6.attn.lora_A_k.12.weight', 'image_encoder.blocks.11.attn.lora_B_k.12.weight', 'image_encoder.blocks.3.attn.lora_B_k.12.weight', 'image_encoder.blocks.5.attn.lora_B_k.12.weight', 'image_encoder.blocks.0.attn.lora_B_v.12.weight', 'image_encoder.blocks.2.attn.lora_A_k.12.weight', 'classifier_pool.12.bias', 'image_encoder.blocks.3.attn.lora_B_v.12.weight', 'image_encoder.blocks.8.attn.lora_A_k.12.weight', 'image_encoder.blocks.8.attn.lora_A_v.12.weight', 'image_encoder.blocks.9.attn.lora_B_k.12.weight', 'image_encoder.blocks.1.attn.lora_A_v.12.weight', 'image_encoder.blocks.10.attn.lora_A_v.12.weight', 'image_encoder.blocks.3.attn.lora_A_v.12.weight', 'image_encoder.blocks.10.attn.lora_A_k.12.weight', 'image_encoder.blocks.11.attn.lora_A_v.12.weight', 'image_encoder.blocks.7.attn.lora_B_v.12.weight', 'image_encoder.blocks.5.attn.lora_A_k.12.weight', 'image_encoder.blocks.1.attn.lora_A_k.12.weight', 'image_encoder.blocks.5.attn.lora_B_v.12.weight', 'image_encoder.blocks.3.attn.lora_A_k.12.weight', 'image_encoder.blocks.10.attn.lora_B_k.12.weight', 'image_encoder.blocks.7.attn.lora_A_v.12.weight', 'image_encoder.blocks.4.attn.lora_B_k.12.weight'}
After trained on task 11 tensor(0.0644, device='cuda:0') tensor(0.0532, device='cuda:0')
After trained on task 11 tensor(0.0659, device='cuda:0') tensor(0.0701, device='cuda:0')
After trained on task 11 tensor(0.0660, device='cuda:0') tensor(0.0780, device='cuda:0')
After trained on task 11 tensor(0.0666, device='cuda:0') tensor(0.1160, device='cuda:0')
After trained on task 11 tensor(0.0966, device='cuda:0') tensor(0.1309, device='cuda:0')
After trained on task 11 tensor(0.0925, device='cuda:0') tensor(0.1352, device='cuda:0')
After trained on task 11 tensor(0.0865, device='cuda:0') tensor(0.1459, device='cuda:0')
After trained on task 11 tensor(0.1163, device='cuda:0') tensor(0.1563, device='cuda:0')
After trained on task 11 tensor(0.1331, device='cuda:0') tensor(0.2133, device='cuda:0')
After trained on task 11 tensor(0.2223, device='cuda:0') tensor(0.2159, device='cuda:0')
After trained on task 11 tensor(0.1794, device='cuda:0') tensor(0.2728, device='cuda:0')
After trained on task 11 tensor(0.3245, device='cuda:0') tensor(0.3207, device='cuda:0')
reserving basis 81/768; cond: 62801473536.0, ratio:0.991824746131897
reserving basis 81/768; cond: 62801473536.0, ratio:0.991824746131897
reserving basis 85/768; cond: 21152057344.0, ratio:0.9915164113044739
reserving basis 85/768; cond: 21152057344.0, ratio:0.9915164113044739
reserving basis 83/768; cond: 228575805440.0, ratio:0.9915410876274109
reserving basis 83/768; cond: 228575805440.0, ratio:0.9915410876274109
reserving basis 88/768; cond: 312912412672.0, ratio:0.9912804365158081
reserving basis 88/768; cond: 312912412672.0, ratio:0.9912804365158081
reserving basis 90/768; cond: 325733941248.0, ratio:0.9900407791137695
reserving basis 90/768; cond: 325733941248.0, ratio:0.9900407791137695
reserving basis 89/768; cond: 79030427648.0, ratio:0.9902397394180298
reserving basis 89/768; cond: 79030427648.0, ratio:0.9902397394180298
reserving basis 90/768; cond: 22777841664.0, ratio:0.9906665682792664
reserving basis 90/768; cond: 22777841664.0, ratio:0.9906665682792664
reserving basis 87/768; cond: 54626496512.0, ratio:0.991530179977417
reserving basis 87/768; cond: 54626496512.0, ratio:0.991530179977417
reserving basis 91/768; cond: 571657486336.0, ratio:0.9914761185646057
reserving basis 91/768; cond: 571657486336.0, ratio:0.9914761185646057
reserving basis 85/768; cond: 322451865600.0, ratio:0.9909889698028564
reserving basis 85/768; cond: 322451865600.0, ratio:0.9909889698028564
reserving basis 87/768; cond: 104749621248.0, ratio:0.9912501573562622
reserving basis 87/768; cond: 104749621248.0, ratio:0.9912501573562622
reserving basis 84/768; cond: 2026570383360.0, ratio:0.9910192489624023
reserving basis 84/768; cond: 2026570383360.0, ratio:0.9910192489624023
reserving basis 88/768; cond: 76602736640.0, ratio:0.9905295968055725
reserving basis 88/768; cond: 76602736640.0, ratio:0.9905295968055725
reserving basis 83/768; cond: 91991105536.0, ratio:0.99177086353302
reserving basis 83/768; cond: 91991105536.0, ratio:0.99177086353302
reserving basis 86/768; cond: 139198562304.0, ratio:0.9913120269775391
reserving basis 86/768; cond: 139198562304.0, ratio:0.9913120269775391
reserving basis 84/768; cond: 93732274176.0, ratio:0.9915571212768555
reserving basis 84/768; cond: 93732274176.0, ratio:0.9915571212768555
reserving basis 85/768; cond: 36269346816.0, ratio:0.9917762279510498
reserving basis 85/768; cond: 36269346816.0, ratio:0.9917762279510498
reserving basis 80/768; cond: 29790914560.0, ratio:0.9902181625366211
reserving basis 80/768; cond: 29790914560.0, ratio:0.9902181625366211
reserving basis 77/768; cond: 1700140941312.0, ratio:0.9902821183204651
reserving basis 77/768; cond: 1700140941312.0, ratio:0.9902821183204651
reserving basis 81/768; cond: 2061627293696.0, ratio:0.9915937781333923
reserving basis 81/768; cond: 2061627293696.0, ratio:0.9915937781333923
reserving basis 74/768; cond: 1178239631360.0, ratio:0.9918542504310608
reserving basis 74/768; cond: 1178239631360.0, ratio:0.9918542504310608
reserving basis 76/768; cond: 15042676736.0, ratio:0.9901551008224487
reserving basis 76/768; cond: 15042676736.0, ratio:0.9901551008224487
reserving basis 62/768; cond: 77056327680.0, ratio:0.9915090203285217
reserving basis 62/768; cond: 77056327680.0, ratio:0.9915090203285217
reserving basis 72/768; cond: 43361853440.0, ratio:0.9909968376159668
reserving basis 72/768; cond: 43361853440.0, ratio:0.9909968376159668
2026-04-27 08:45:29,295 [palora.py] => Task 12, Epoch 50/50 => Loss 0.563, Train_accy 93.84
2026-04-27 08:45:46,668 [trainer.py] => Time:490.1383225917816
3941 3941
2026-04-27 08:45:58,448 [trainer.py] => Time:11.779740333557129
2026-04-27 08:45:58,448 [trainer.py] => ACC: {'total': 80.61, '00-09': 79.78, '10-19': 84.52, '20-29': 82.07, '30-39': 80.8, '40-49': 79.23, '50-59': 82.52, '60-69': 81.2, '70-79': 73.28, '80-89': 85.71, '90-99': 75.59, '100-109': 77.22, '110-119': 88.21, '120-129': 80.65, 'old': 80.61, 'new': 80.65}
2026-04-27 08:45:58,449 [trainer.py] => ACC top1 curve: [89.62, 88.83, 88.32, 87.21, 86.07, 85.42, 84.31, 83.47, 83.04, 82.16, 81.15, 81.38, 80.61]
Average Accuracy: 84.7376923076923
2026-04-27 08:45:58,449 [trainer.py] => Average Accuracy: 84.7376923076923
2026-04-27 08:45:58,453 [trainer.py] => All params: 115034851
2026-04-27 08:45:58,457 [trainer.py] => Trainable params: 376330
2026-04-27 08:45:58,457 [palora.py] => Learning on 130-140
Parameters to be updated: {'image_encoder.blocks.4.attn.lora_B_k.13.weight', 'image_encoder.blocks.10.attn.lora_B_v.13.weight', 'image_encoder.blocks.2.attn.lora_A_k.13.weight', 'image_encoder.blocks.2.attn.lora_B_k.13.weight', 'image_encoder.blocks.8.attn.lora_A_k.13.weight', 'image_encoder.blocks.5.attn.lora_A_k.13.weight', 'image_encoder.blocks.2.attn.lora_B_v.13.weight', 'image_encoder.blocks.3.attn.lora_B_v.13.weight', 'image_encoder.blocks.2.attn.lora_A_v.13.weight', 'image_encoder.blocks.8.attn.lora_B_v.13.weight', 'image_encoder.blocks.6.attn.lora_B_v.13.weight', 'image_encoder.blocks.3.attn.lora_A_k.13.weight', 'image_encoder.blocks.9.attn.lora_A_k.13.weight', 'image_encoder.blocks.0.attn.lora_B_v.13.weight', 'image_encoder.blocks.5.attn.lora_B_v.13.weight', 'image_encoder.blocks.10.attn.lora_B_k.13.weight', 'image_encoder.blocks.3.attn.lora_B_k.13.weight', 'image_encoder.blocks.4.attn.lora_A_v.13.weight', 'image_encoder.blocks.7.attn.lora_B_v.13.weight', 'classifier_pool.13.weight', 'image_encoder.blocks.8.attn.lora_B_k.13.weight', 'image_encoder.blocks.1.attn.lora_A_k.13.weight', 'image_encoder.blocks.9.attn.lora_B_v.13.weight', 'image_encoder.blocks.5.attn.lora_A_v.13.weight', 'image_encoder.blocks.10.attn.lora_A_v.13.weight', 'image_encoder.blocks.11.attn.lora_A_k.13.weight', 'image_encoder.blocks.6.attn.lora_B_k.13.weight', 'image_encoder.blocks.3.attn.lora_A_v.13.weight', 'image_encoder.blocks.1.attn.lora_B_v.13.weight', 'image_encoder.blocks.0.attn.lora_A_v.13.weight', 'image_encoder.blocks.7.attn.lora_B_k.13.weight', 'classifier_pool.13.bias', 'image_encoder.blocks.0.attn.lora_A_k.13.weight', 'image_encoder.blocks.4.attn.lora_B_v.13.weight', 'image_encoder.blocks.8.attn.lora_A_v.13.weight', 'image_encoder.blocks.9.attn.lora_B_k.13.weight', 'image_encoder.blocks.9.attn.lora_A_v.13.weight', 'image_encoder.blocks.11.attn.lora_A_v.13.weight', 'image_encoder.blocks.5.attn.lora_B_k.13.weight', 'image_encoder.blocks.10.attn.lora_A_k.13.weight', 'image_encoder.blocks.6.attn.lora_A_k.13.weight', 'image_encoder.blocks.4.attn.lora_A_k.13.weight', 'image_encoder.blocks.7.attn.lora_A_k.13.weight', 'image_encoder.blocks.11.attn.lora_B_v.13.weight', 'image_encoder.blocks.6.attn.lora_A_v.13.weight', 'image_encoder.blocks.7.attn.lora_A_v.13.weight', 'image_encoder.blocks.0.attn.lora_B_k.13.weight', 'image_encoder.blocks.1.attn.lora_A_v.13.weight', 'image_encoder.blocks.11.attn.lora_B_k.13.weight', 'image_encoder.blocks.1.attn.lora_B_k.13.weight'}
After trained on task 12 tensor(0.0542, device='cuda:0') tensor(0.0598, device='cuda:0')
After trained on task 12 tensor(0.0668, device='cuda:0') tensor(0.0698, device='cuda:0')
After trained on task 12 tensor(0.0635, device='cuda:0') tensor(0.0854, device='cuda:0')
After trained on task 12 tensor(0.0766, device='cuda:0') tensor(0.1258, device='cuda:0')
After trained on task 12 tensor(0.0857, device='cuda:0') tensor(0.1570, device='cuda:0')
After trained on task 12 tensor(0.1044, device='cuda:0') tensor(0.1650, device='cuda:0')
After trained on task 12 tensor(0.1005, device='cuda:0') tensor(0.1513, device='cuda:0')
After trained on task 12 tensor(0.1458, device='cuda:0') tensor(0.1752, device='cuda:0')
After trained on task 12 tensor(0.1642, device='cuda:0') tensor(0.2562, device='cuda:0')
After trained on task 12 tensor(0.2127, device='cuda:0') tensor(0.2811, device='cuda:0')
After trained on task 12 tensor(0.2157, device='cuda:0') tensor(0.3549, device='cuda:0')
After trained on task 12 tensor(0.3596, device='cuda:0') tensor(0.3441, device='cuda:0')
reserving basis 85/768; cond: 210301337600.0, ratio:0.99118572473526
reserving basis 85/768; cond: 210301337600.0, ratio:0.99118572473526
reserving basis 90/768; cond: 258970599424.0, ratio:0.9921280741691589
reserving basis 90/768; cond: 258970599424.0, ratio:0.9921280741691589
reserving basis 88/768; cond: 142816657408.0, ratio:0.9919359683990479
reserving basis 88/768; cond: 142816657408.0, ratio:0.9919359683990479
reserving basis 93/768; cond: 138566172672.0, ratio:0.9917184114456177
reserving basis 93/768; cond: 138566172672.0, ratio:0.9917184114456177
reserving basis 95/768; cond: 37474848768.0, ratio:0.9904178977012634
reserving basis 95/768; cond: 37474848768.0, ratio:0.9904178977012634
reserving basis 94/768; cond: 96899440640.0, ratio:0.9911201000213623
reserving basis 94/768; cond: 96899440640.0, ratio:0.9911201000213623
reserving basis 95/768; cond: 346376634368.0, ratio:0.9904085993766785
reserving basis 95/768; cond: 346376634368.0, ratio:0.9904085993766785
reserving basis 92/768; cond: 129086955520.0, ratio:0.991931676864624
reserving basis 92/768; cond: 129086955520.0, ratio:0.991931676864624
reserving basis 97/768; cond: 349731160064.0, ratio:0.9921034574508667
reserving basis 97/768; cond: 349731160064.0, ratio:0.9921034574508667
reserving basis 90/768; cond: 246114664448.0, ratio:0.9918984174728394
reserving basis 90/768; cond: 246114664448.0, ratio:0.9918984174728394
reserving basis 92/768; cond: 1255254130688.0, ratio:0.9904811978340149
reserving basis 92/768; cond: 1255254130688.0, ratio:0.9904811978340149
reserving basis 89/768; cond: 22480197632.0, ratio:0.99192214012146
reserving basis 89/768; cond: 22480197632.0, ratio:0.99192214012146
reserving basis 93/768; cond: 77865607168.0, ratio:0.990142822265625
reserving basis 93/768; cond: 77865607168.0, ratio:0.990142822265625
reserving basis 88/768; cond: 28140404736.0, ratio:0.9911644458770752
reserving basis 88/768; cond: 28140404736.0, ratio:0.9911644458770752
reserving basis 91/768; cond: 105242910720.0, ratio:0.9908444285392761
reserving basis 91/768; cond: 105242910720.0, ratio:0.9908444285392761
reserving basis 88/768; cond: 54473252864.0, ratio:0.9900596737861633
reserving basis 88/768; cond: 54473252864.0, ratio:0.9900596737861633
reserving basis 90/768; cond: 109212508160.0, ratio:0.9921976327896118
reserving basis 90/768; cond: 109212508160.0, ratio:0.9921976327896118
reserving basis 84/768; cond: 94005723136.0, ratio:0.990356981754303
reserving basis 84/768; cond: 94005723136.0, ratio:0.990356981754303
reserving basis 81/768; cond: 8658098847744.0, ratio:0.9904760718345642
reserving basis 81/768; cond: 8658098847744.0, ratio:0.9904760718345642
reserving basis 85/768; cond: 275490275328.0, ratio:0.9911277294158936
reserving basis 85/768; cond: 275490275328.0, ratio:0.9911277294158936
reserving basis 78/768; cond: 348419784704.0, ratio:0.9912109375
reserving basis 78/768; cond: 348419784704.0, ratio:0.9912109375
reserving basis 80/768; cond: 24004198400.0, ratio:0.9909822940826416
reserving basis 80/768; cond: 24004198400.0, ratio:0.9909822940826416
reserving basis 64/768; cond: 77308993536.0, ratio:0.9906717538833618
reserving basis 64/768; cond: 77308993536.0, ratio:0.9906717538833618
reserving basis 76/768; cond: 11229446144.0, ratio:0.9908524751663208
reserving basis 76/768; cond: 11229446144.0, ratio:0.9908524751663208
2026-04-27 08:53:21,013 [palora.py] => Task 13, Epoch 50/50 => Loss 0.544, Train_accy 94.94
2026-04-27 08:53:37,110 [trainer.py] => Time:458.6535756587982
4214 4214
2026-04-27 08:53:49,823 [trainer.py] => Time:12.711804151535034
2026-04-27 08:53:49,823 [trainer.py] => ACC: {'total': 79.83, '00-09': 79.51, '10-19': 82.94, '20-29': 80.69, '30-39': 80.43, '40-49': 78.26, '50-59': 81.07, '60-69': 81.2, '70-79': 72.49, '80-89': 85.47, '90-99': 75.29, '100-109': 76.27, '110-119': 86.99, '120-129': 74.91, '130-139': 84.62, 'old': 79.5, 'new': 84.62}
2026-04-27 08:53:49,823 [trainer.py] => ACC top1 curve: [89.62, 88.83, 88.32, 87.21, 86.07, 85.42, 84.31, 83.47, 83.04, 82.16, 81.15, 81.38, 80.61, 79.83]
Average Accuracy: 84.38714285714285
2026-04-27 08:53:49,823 [trainer.py] => Average Accuracy: 84.38714285714285
2026-04-27 08:53:49,827 [trainer.py] => All params: 115034851
2026-04-27 08:53:49,831 [trainer.py] => Trainable params: 376330
2026-04-27 08:53:49,831 [palora.py] => Learning on 140-150
Parameters to be updated: {'image_encoder.blocks.4.attn.lora_A_k.14.weight', 'image_encoder.blocks.4.attn.lora_B_k.14.weight', 'image_encoder.blocks.10.attn.lora_B_v.14.weight', 'image_encoder.blocks.1.attn.lora_A_v.14.weight', 'image_encoder.blocks.7.attn.lora_A_k.14.weight', 'image_encoder.blocks.0.attn.lora_A_v.14.weight', 'image_encoder.blocks.3.attn.lora_B_k.14.weight', 'image_encoder.blocks.0.attn.lora_A_k.14.weight', 'image_encoder.blocks.11.attn.lora_A_k.14.weight', 'image_encoder.blocks.4.attn.lora_B_v.14.weight', 'image_encoder.blocks.8.attn.lora_A_v.14.weight', 'image_encoder.blocks.11.attn.lora_B_k.14.weight', 'image_encoder.blocks.1.attn.lora_B_k.14.weight', 'classifier_pool.14.bias', 'image_encoder.blocks.7.attn.lora_B_k.14.weight', 'image_encoder.blocks.8.attn.lora_B_k.14.weight', 'image_encoder.blocks.2.attn.lora_B_k.14.weight', 'image_encoder.blocks.2.attn.lora_A_v.14.weight', 'image_encoder.blocks.8.attn.lora_B_v.14.weight', 'image_encoder.blocks.5.attn.lora_A_k.14.weight', 'image_encoder.blocks.11.attn.lora_A_v.14.weight', 'image_encoder.blocks.10.attn.lora_A_v.14.weight', 'image_encoder.blocks.5.attn.lora_B_k.14.weight', 'image_encoder.blocks.9.attn.lora_B_k.14.weight', 'image_encoder.blocks.5.attn.lora_A_v.14.weight', 'image_encoder.blocks.2.attn.lora_B_v.14.weight', 'image_encoder.blocks.2.attn.lora_A_k.14.weight', 'image_encoder.blocks.3.attn.lora_A_v.14.weight', 'image_encoder.blocks.6.attn.lora_B_v.14.weight', 'image_encoder.blocks.4.attn.lora_A_v.14.weight', 'image_encoder.blocks.0.attn.lora_B_v.14.weight', 'image_encoder.blocks.0.attn.lora_B_k.14.weight', 'image_encoder.blocks.5.attn.lora_B_v.14.weight', 'image_encoder.blocks.10.attn.lora_B_k.14.weight', 'image_encoder.blocks.6.attn.lora_B_k.14.weight', 'image_encoder.blocks.8.attn.lora_A_k.14.weight', 'classifier_pool.14.weight', 'image_encoder.blocks.9.attn.lora_A_k.14.weight', 'image_encoder.blocks.3.attn.lora_B_v.14.weight', 'image_encoder.blocks.1.attn.lora_A_k.14.weight', 'image_encoder.blocks.3.attn.lora_A_k.14.weight', 'image_encoder.blocks.9.attn.lora_B_v.14.weight', 'image_encoder.blocks.11.attn.lora_B_v.14.weight', 'image_encoder.blocks.7.attn.lora_B_v.14.weight', 'image_encoder.blocks.1.attn.lora_B_v.14.weight', 'image_encoder.blocks.6.attn.lora_A_k.14.weight', 'image_encoder.blocks.7.attn.lora_A_v.14.weight', 'image_encoder.blocks.9.attn.lora_A_v.14.weight', 'image_encoder.blocks.10.attn.lora_A_k.14.weight', 'image_encoder.blocks.6.attn.lora_A_v.14.weight'}
After trained on task 13 tensor(0.0504, device='cuda:0') tensor(0.0520, device='cuda:0')
After trained on task 13 tensor(0.0623, device='cuda:0') tensor(0.0547, device='cuda:0')
After trained on task 13 tensor(0.0665, device='cuda:0') tensor(0.0705, device='cuda:0')
After trained on task 13 tensor(0.0571, device='cuda:0') tensor(0.0806, device='cuda:0')
After trained on task 13 tensor(0.0758, device='cuda:0') tensor(0.1066, device='cuda:0')
After trained on task 13 tensor(0.0749, device='cuda:0') tensor(0.1321, device='cuda:0')
After trained on task 13 tensor(0.1039, device='cuda:0') tensor(0.1405, device='cuda:0')
After trained on task 13 tensor(0.1334, device='cuda:0') tensor(0.1879, device='cuda:0')
After trained on task 13 tensor(0.1323, device='cuda:0') tensor(0.2068, device='cuda:0')
After trained on task 13 tensor(0.2043, device='cuda:0') tensor(0.2432, device='cuda:0')
After trained on task 13 tensor(0.2196, device='cuda:0') tensor(0.3524, device='cuda:0')
After trained on task 13 tensor(0.4307, device='cuda:0') tensor(0.3817, device='cuda:0')
reserving basis 89/768; cond: 124009979904.0, ratio:0.9908761978149414
reserving basis 89/768; cond: 124009979904.0, ratio:0.9908761978149414
reserving basis 94/768; cond: 18791069696.0, ratio:0.9901958107948303
reserving basis 94/768; cond: 18791069696.0, ratio:0.9901958107948303
reserving basis 92/768; cond: 1205490155520.0, ratio:0.9915382266044617
reserving basis 92/768; cond: 1205490155520.0, ratio:0.9915382266044617
reserving basis 98/768; cond: 223281692672.0, ratio:0.9912717938423157
reserving basis 98/768; cond: 223281692672.0, ratio:0.9912717938423157
reserving basis 100/768; cond: 31373813760.0, ratio:0.991517186164856
reserving basis 100/768; cond: 31373813760.0, ratio:0.991517186164856
reserving basis 98/768; cond: 82018435072.0, ratio:0.990094006061554
reserving basis 98/768; cond: 82018435072.0, ratio:0.990094006061554
reserving basis 100/768; cond: 187554021376.0, ratio:0.9907437562942505
reserving basis 100/768; cond: 187554021376.0, ratio:0.9907437562942505
reserving basis 97/768; cond: 514620227584.0, ratio:0.991195023059845
reserving basis 97/768; cond: 514620227584.0, ratio:0.991195023059845
reserving basis 102/768; cond: 118358884352.0, ratio:0.9916359782218933
reserving basis 102/768; cond: 118358884352.0, ratio:0.9916359782218933
reserving basis 95/768; cond: 26500714496.0, ratio:0.9915499687194824
reserving basis 95/768; cond: 26500714496.0, ratio:0.9915499687194824
reserving basis 97/768; cond: 50453184512.0, ratio:0.9913174510002136
reserving basis 97/768; cond: 50453184512.0, ratio:0.9913174510002136
reserving basis 93/768; cond: 60621328384.0, ratio:0.9902251362800598
reserving basis 93/768; cond: 60621328384.0, ratio:0.9902251362800598
reserving basis 97/768; cond: 64641138688.0, ratio:0.9907293915748596
reserving basis 97/768; cond: 64641138688.0, ratio:0.9907293915748596
reserving basis 93/768; cond: 90209738752.0, ratio:0.9918025732040405
reserving basis 93/768; cond: 90209738752.0, ratio:0.9918025732040405
reserving basis 95/768; cond: 57811877888.0, ratio:0.9915131330490112
reserving basis 95/768; cond: 57811877888.0, ratio:0.9915131330490112
reserving basis 92/768; cond: 135048593408.0, ratio:0.9914809465408325
reserving basis 92/768; cond: 135048593408.0, ratio:0.9914809465408325
reserving basis 94/768; cond: 11759478784.0, ratio:0.9905204176902771
reserving basis 94/768; cond: 11759478784.0, ratio:0.9905204176902771
reserving basis 88/768; cond: 2807078060032.0, ratio:0.9907653331756592
reserving basis 88/768; cond: 2807078060032.0, ratio:0.9907653331756592
reserving basis 84/768; cond: 43762495488.0, ratio:0.9904552102088928
reserving basis 84/768; cond: 43762495488.0, ratio:0.9904552102088928
reserving basis 89/768; cond: 73321218048.0, ratio:0.9916655421257019
reserving basis 89/768; cond: 73321218048.0, ratio:0.9916655421257019
reserving basis 81/768; cond: 681880584192.0, ratio:0.9902464151382446
reserving basis 81/768; cond: 681880584192.0, ratio:0.9902464151382446
reserving basis 83/768; cond: 21718589440.0, ratio:0.9901878237724304
reserving basis 83/768; cond: 21718589440.0, ratio:0.9901878237724304
reserving basis 65/768; cond: 265038512128.0, ratio:0.9904978275299072
reserving basis 65/768; cond: 265038512128.0, ratio:0.9904978275299072
reserving basis 79/768; cond: 154299596800.0, ratio:0.9921358823776245
reserving basis 79/768; cond: 154299596800.0, ratio:0.9921358823776245
2026-04-27 09:00:05,981 [palora.py] => Task 14, Epoch 50/50 => Loss 0.531, Train_accy 95.81
2026-04-27 09:00:21,089 [trainer.py] => Time:391.2579629421234
4406 4406
2026-04-27 09:00:33,969 [trainer.py] => Time:12.879817485809326
2026-04-27 09:00:33,969 [trainer.py] => ACC: {'total': 79.37, '00-09': 78.96, '10-19': 82.94, '20-29': 80.69, '30-39': 79.35, '40-49': 78.74, '50-59': 81.55, '60-69': 82.05, '70-79': 72.49, '80-89': 85.71, '90-99': 75.29, '100-109': 75.95, '110-119': 86.18, '120-129': 73.48, '130-139': 83.88, '140-149': 73.96, 'old': 79.62, 'new': 73.96}
2026-04-27 09:00:33,969 [trainer.py] => ACC top1 curve: [89.62, 88.83, 88.32, 87.21, 86.07, 85.42, 84.31, 83.47, 83.04, 82.16, 81.15, 81.38, 80.61, 79.83, 79.37]
Average Accuracy: 84.05266666666667
2026-04-27 09:00:33,969 [trainer.py] => Average Accuracy: 84.05266666666667
2026-04-27 09:00:33,974 [trainer.py] => All params: 115034851
2026-04-27 09:00:33,977 [trainer.py] => Trainable params: 376330
2026-04-27 09:00:33,977 [palora.py] => Learning on 150-160
Parameters to be updated: {'image_encoder.blocks.6.attn.lora_A_v.15.weight', 'image_encoder.blocks.11.attn.lora_B_v.15.weight', 'image_encoder.blocks.3.attn.lora_A_v.15.weight', 'image_encoder.blocks.5.attn.lora_A_k.15.weight', 'image_encoder.blocks.6.attn.lora_B_v.15.weight', 'image_encoder.blocks.3.attn.lora_B_k.15.weight', 'image_encoder.blocks.1.attn.lora_B_v.15.weight', 'image_encoder.blocks.4.attn.lora_B_v.15.weight', 'image_encoder.blocks.8.attn.lora_A_k.15.weight', 'image_encoder.blocks.6.attn.lora_B_k.15.weight', 'image_encoder.blocks.8.attn.lora_B_v.15.weight', 'image_encoder.blocks.4.attn.lora_A_v.15.weight', 'image_encoder.blocks.0.attn.lora_B_v.15.weight', 'image_encoder.blocks.10.attn.lora_B_v.15.weight', 'image_encoder.blocks.4.attn.lora_B_k.15.weight', 'image_encoder.blocks.6.attn.lora_A_k.15.weight', 'image_encoder.blocks.11.attn.lora_A_v.15.weight', 'classifier_pool.15.bias', 'image_encoder.blocks.1.attn.lora_B_k.15.weight', 'image_encoder.blocks.9.attn.lora_A_k.15.weight', 'image_encoder.blocks.9.attn.lora_B_k.15.weight', 'image_encoder.blocks.10.attn.lora_A_v.15.weight', 'image_encoder.blocks.7.attn.lora_A_v.15.weight', 'image_encoder.blocks.5.attn.lora_A_v.15.weight', 'image_encoder.blocks.2.attn.lora_A_v.15.weight', 'image_encoder.blocks.8.attn.lora_B_k.15.weight', 'image_encoder.blocks.2.attn.lora_B_v.15.weight', 'image_encoder.blocks.11.attn.lora_B_k.15.weight', 'image_encoder.blocks.2.attn.lora_B_k.15.weight', 'image_encoder.blocks.3.attn.lora_B_v.15.weight', 'image_encoder.blocks.10.attn.lora_B_k.15.weight', 'image_encoder.blocks.9.attn.lora_B_v.15.weight', 'image_encoder.blocks.2.attn.lora_A_k.15.weight', 'image_encoder.blocks.0.attn.lora_B_k.15.weight', 'image_encoder.blocks.0.attn.lora_A_k.15.weight', 'image_encoder.blocks.4.attn.lora_A_k.15.weight', 'image_encoder.blocks.10.attn.lora_A_k.15.weight', 'image_encoder.blocks.5.attn.lora_B_v.15.weight', 'image_encoder.blocks.1.attn.lora_A_k.15.weight', 'image_encoder.blocks.1.attn.lora_A_v.15.weight', 'image_encoder.blocks.8.attn.lora_A_v.15.weight', 'image_encoder.blocks.11.attn.lora_A_k.15.weight', 'classifier_pool.15.weight', 'image_encoder.blocks.9.attn.lora_A_v.15.weight', 'image_encoder.blocks.7.attn.lora_B_k.15.weight', 'image_encoder.blocks.5.attn.lora_B_k.15.weight', 'image_encoder.blocks.7.attn.lora_B_v.15.weight', 'image_encoder.blocks.3.attn.lora_A_k.15.weight', 'image_encoder.blocks.7.attn.lora_A_k.15.weight', 'image_encoder.blocks.0.attn.lora_A_v.15.weight'}
After trained on task 14 tensor(0.0428, device='cuda:0') tensor(0.0444, device='cuda:0')
After trained on task 14 tensor(0.0494, device='cuda:0') tensor(0.0552, device='cuda:0')
After trained on task 14 tensor(0.0480, device='cuda:0') tensor(0.0572, device='cuda:0')
After trained on task 14 tensor(0.0509, device='cuda:0') tensor(0.0639, device='cuda:0')
After trained on task 14 tensor(0.0542, device='cuda:0') tensor(0.0812, device='cuda:0')
After trained on task 14 tensor(0.0594, device='cuda:0') tensor(0.0936, device='cuda:0')
After trained on task 14 tensor(0.0709, device='cuda:0') tensor(0.1026, device='cuda:0')
After trained on task 14 tensor(0.0859, device='cuda:0') tensor(0.1133, device='cuda:0')
After trained on task 14 tensor(0.1086, device='cuda:0') tensor(0.1809, device='cuda:0')
After trained on task 14 tensor(0.1223, device='cuda:0') tensor(0.1911, device='cuda:0')
After trained on task 14 tensor(0.1391, device='cuda:0') tensor(0.2289, device='cuda:0')
After trained on task 14 tensor(0.2500, device='cuda:0') tensor(0.2385, device='cuda:0')
reserving basis 92/768; cond: 166095945728.0, ratio:0.9900875091552734
reserving basis 92/768; cond: 166095945728.0, ratio:0.9900875091552734
reserving basis 98/768; cond: 9288768512.0, ratio:0.9901416301727295
reserving basis 98/768; cond: 9288768512.0, ratio:0.9901416301727295
reserving basis 96/768; cond: 32614549504.0, ratio:0.9914674758911133
reserving basis 96/768; cond: 32614549504.0, ratio:0.9914674758911133
reserving basis 102/768; cond: 318072717312.0, ratio:0.9909946322441101
reserving basis 102/768; cond: 318072717312.0, ratio:0.9909946322441101
reserving basis 104/768; cond: 91923775488.0, ratio:0.9911434054374695
reserving basis 104/768; cond: 91923775488.0, ratio:0.9911434054374695
reserving basis 102/768; cond: 16028348416.0, ratio:0.9905382990837097
reserving basis 102/768; cond: 16028348416.0, ratio:0.9905382990837097
reserving basis 104/768; cond: 46842875904.0, ratio:0.9912033677101135
reserving basis 104/768; cond: 46842875904.0, ratio:0.9912033677101135
reserving basis 101/768; cond: 27588599808.0, ratio:0.9900982975959778
reserving basis 101/768; cond: 27588599808.0, ratio:0.9900982975959778
reserving basis 106/768; cond: 34564526080.0, ratio:0.9900992512702942
reserving basis 106/768; cond: 34564526080.0, ratio:0.9900992512702942
reserving basis 99/768; cond: 72334082048.0, ratio:0.9907480478286743
reserving basis 99/768; cond: 72334082048.0, ratio:0.9907480478286743
reserving basis 102/768; cond: 54558420992.0, ratio:0.9916741847991943
reserving basis 102/768; cond: 54558420992.0, ratio:0.9916741847991943
reserving basis 97/768; cond: 103560519680.0, ratio:0.9918323755264282
reserving basis 97/768; cond: 103560519680.0, ratio:0.9918323755264282
reserving basis 101/768; cond: 58631237632.0, ratio:0.9906492829322815
reserving basis 101/768; cond: 58631237632.0, ratio:0.9906492829322815
reserving basis 97/768; cond: 30332528640.0, ratio:0.9905771613121033
reserving basis 97/768; cond: 30332528640.0, ratio:0.9905771613121033
reserving basis 99/768; cond: 25057730560.0, ratio:0.9906526803970337
reserving basis 99/768; cond: 25057730560.0, ratio:0.9906526803970337
reserving basis 96/768; cond: 698318192640.0, ratio:0.9915556907653809
reserving basis 96/768; cond: 698318192640.0, ratio:0.9915556907653809
reserving basis 98/768; cond: 29524809728.0, ratio:0.9908245205879211
reserving basis 98/768; cond: 29524809728.0, ratio:0.9908245205879211
reserving basis 92/768; cond: 43266924544.0, ratio:0.9915353655815125
reserving basis 92/768; cond: 43266924544.0, ratio:0.9915353655815125
reserving basis 88/768; cond: 523638210560.0, ratio:0.9912922382354736
reserving basis 88/768; cond: 523638210560.0, ratio:0.9912922382354736
reserving basis 92/768; cond: 137865609216.0, ratio:0.9909265637397766
reserving basis 92/768; cond: 137865609216.0, ratio:0.9909265637397766
reserving basis 84/768; cond: 105002737664.0, ratio:0.9902721047401428
reserving basis 84/768; cond: 105002737664.0, ratio:0.9902721047401428
reserving basis 86/768; cond: 37489328128.0, ratio:0.9910306930541992
reserving basis 86/768; cond: 37489328128.0, ratio:0.9910306930541992
reserving basis 67/768; cond: 37101273088.0, ratio:0.990403950214386
reserving basis 67/768; cond: 37101273088.0, ratio:0.990403950214386
reserving basis 82/768; cond: 13180399616.0, ratio:0.9914997816085815
reserving basis 82/768; cond: 13180399616.0, ratio:0.9914997816085815
2026-04-27 09:07:43,684 [palora.py] => Task 15, Epoch 50/50 => Loss 0.523, Train_accy 94.17
2026-04-27 09:07:59,692 [trainer.py] => Time:445.7146122455597
4667 4667
2026-04-27 09:08:13,245 [trainer.py] => Time:13.552397966384888
2026-04-27 09:08:13,245 [trainer.py] => ACC: {'total': 78.92, '00-09': 79.51, '10-19': 84.92, '20-29': 80.69, '30-39': 78.99, '40-49': 78.26, '50-59': 82.04, '60-69': 82.05, '70-79': 71.69, '80-89': 86.21, '90-99': 75.59, '100-109': 74.37, '110-119': 85.37, '120-129': 71.33, '130-139': 81.68, '140-149': 74.48, '150-159': 75.86, 'old': 79.1, 'new': 75.86}
2026-04-27 09:08:13,245 [trainer.py] => ACC top1 curve: [89.62, 88.83, 88.32, 87.21, 86.07, 85.42, 84.31, 83.47, 83.04, 82.16, 81.15, 81.38, 80.61, 79.83, 79.37, 78.92]
Average Accuracy: 83.731875
2026-04-27 09:08:13,245 [trainer.py] => Average Accuracy: 83.731875
2026-04-27 09:08:13,249 [trainer.py] => All params: 115034851
2026-04-27 09:08:13,253 [trainer.py] => Trainable params: 376330
2026-04-27 09:08:13,253 [palora.py] => Learning on 160-170
Parameters to be updated: {'image_encoder.blocks.0.attn.lora_B_k.16.weight', 'image_encoder.blocks.7.attn.lora_A_k.16.weight', 'image_encoder.blocks.2.attn.lora_A_v.16.weight', 'image_encoder.blocks.11.attn.lora_B_v.16.weight', 'image_encoder.blocks.1.attn.lora_A_v.16.weight', 'image_encoder.blocks.1.attn.lora_B_v.16.weight', 'image_encoder.blocks.9.attn.lora_B_v.16.weight', 'image_encoder.blocks.3.attn.lora_B_v.16.weight', 'image_encoder.blocks.6.attn.lora_B_v.16.weight', 'image_encoder.blocks.7.attn.lora_A_v.16.weight', 'image_encoder.blocks.8.attn.lora_A_k.16.weight', 'image_encoder.blocks.5.attn.lora_A_k.16.weight', 'image_encoder.blocks.0.attn.lora_A_k.16.weight', 'image_encoder.blocks.11.attn.lora_A_k.16.weight', 'image_encoder.blocks.3.attn.lora_B_k.16.weight', 'image_encoder.blocks.6.attn.lora_A_v.16.weight', 'image_encoder.blocks.6.attn.lora_B_k.16.weight', 'image_encoder.blocks.1.attn.lora_A_k.16.weight', 'image_encoder.blocks.10.attn.lora_A_v.16.weight', 'image_encoder.blocks.3.attn.lora_A_v.16.weight', 'image_encoder.blocks.7.attn.lora_B_k.16.weight', 'image_encoder.blocks.9.attn.lora_B_k.16.weight', 'image_encoder.blocks.2.attn.lora_B_k.16.weight', 'image_encoder.blocks.0.attn.lora_B_v.16.weight', 'image_encoder.blocks.1.attn.lora_B_k.16.weight', 'image_encoder.blocks.4.attn.lora_A_v.16.weight', 'image_encoder.blocks.0.attn.lora_A_v.16.weight', 'image_encoder.blocks.11.attn.lora_B_k.16.weight', 'image_encoder.blocks.7.attn.lora_B_v.16.weight', 'image_encoder.blocks.4.attn.lora_B_k.16.weight', 'image_encoder.blocks.8.attn.lora_B_v.16.weight', 'image_encoder.blocks.10.attn.lora_B_k.16.weight', 'image_encoder.blocks.2.attn.lora_B_v.16.weight', 'image_encoder.blocks.5.attn.lora_B_k.16.weight', 'image_encoder.blocks.8.attn.lora_A_v.16.weight', 'classifier_pool.16.bias', 'classifier_pool.16.weight', 'image_encoder.blocks.3.attn.lora_A_k.16.weight', 'image_encoder.blocks.9.attn.lora_A_k.16.weight', 'image_encoder.blocks.2.attn.lora_A_k.16.weight', 'image_encoder.blocks.10.attn.lora_B_v.16.weight', 'image_encoder.blocks.8.attn.lora_B_k.16.weight', 'image_encoder.blocks.10.attn.lora_A_k.16.weight', 'image_encoder.blocks.4.attn.lora_A_k.16.weight', 'image_encoder.blocks.6.attn.lora_A_k.16.weight', 'image_encoder.blocks.5.attn.lora_A_v.16.weight', 'image_encoder.blocks.9.attn.lora_A_v.16.weight', 'image_encoder.blocks.4.attn.lora_B_v.16.weight', 'image_encoder.blocks.11.attn.lora_A_v.16.weight', 'image_encoder.blocks.5.attn.lora_B_v.16.weight'}
After trained on task 15 tensor(0.0442, device='cuda:0') tensor(0.0485, device='cuda:0')
After trained on task 15 tensor(0.0512, device='cuda:0') tensor(0.0536, device='cuda:0')
After trained on task 15 tensor(0.0506, device='cuda:0') tensor(0.0650, device='cuda:0')
After trained on task 15 tensor(0.0508, device='cuda:0') tensor(0.0699, device='cuda:0')
After trained on task 15 tensor(0.0606, device='cuda:0') tensor(0.0942, device='cuda:0')
After trained on task 15 tensor(0.0680, device='cuda:0') tensor(0.0951, device='cuda:0')
After trained on task 15 tensor(0.0859, device='cuda:0') tensor(0.1079, device='cuda:0')
After trained on task 15 tensor(0.0891, device='cuda:0') tensor(0.1425, device='cuda:0')
After trained on task 15 tensor(0.0996, device='cuda:0') tensor(0.1777, device='cuda:0')
After trained on task 15 tensor(0.1326, device='cuda:0') tensor(0.2253, device='cuda:0')
After trained on task 15 tensor(0.1524, device='cuda:0') tensor(0.2468, device='cuda:0')
After trained on task 15 tensor(0.2147, device='cuda:0') tensor(0.3114, device='cuda:0')
reserving basis 96/768; cond: 591921479680.0, ratio:0.991230845451355
reserving basis 96/768; cond: 591921479680.0, ratio:0.991230845451355
reserving basis 102/768; cond: 64670404608.0, ratio:0.9915661215782166
reserving basis 102/768; cond: 64670404608.0, ratio:0.9915661215782166
reserving basis 99/768; cond: 49460752384.0, ratio:0.9903885722160339
reserving basis 99/768; cond: 49460752384.0, ratio:0.9903885722160339
reserving basis 106/768; cond: 560771956736.0, ratio:0.9914769530296326
reserving basis 106/768; cond: 560771956736.0, ratio:0.9914769530296326
reserving basis 108/768; cond: 29108912128.0, ratio:0.9903777837753296
reserving basis 108/768; cond: 29108912128.0, ratio:0.9903777837753296
reserving basis 106/768; cond: 22136770560.0, ratio:0.9904703497886658
reserving basis 106/768; cond: 22136770560.0, ratio:0.9904703497886658
reserving basis 108/768; cond: 167717552128.0, ratio:0.99083411693573
reserving basis 108/768; cond: 167717552128.0, ratio:0.99083411693573
reserving basis 105/768; cond: 602745667584.0, ratio:0.9901794195175171
reserving basis 105/768; cond: 602745667584.0, ratio:0.9901794195175171
reserving basis 110/768; cond: 80297033728.0, ratio:0.9901744723320007
reserving basis 110/768; cond: 80297033728.0, ratio:0.9901744723320007
reserving basis 103/768; cond: 177876697088.0, ratio:0.9915922284126282
reserving basis 103/768; cond: 177876697088.0, ratio:0.9915922284126282
reserving basis 106/768; cond: 27820978176.0, ratio:0.9902008771896362
reserving basis 106/768; cond: 27820978176.0, ratio:0.9902008771896362
reserving basis 101/768; cond: 218535329792.0, ratio:0.9913158416748047
reserving basis 101/768; cond: 218535329792.0, ratio:0.9913158416748047
reserving basis 105/768; cond: 26947389440.0, ratio:0.9912711977958679
reserving basis 105/768; cond: 26947389440.0, ratio:0.9912711977958679
reserving basis 101/768; cond: 29649242112.0, ratio:0.9906035661697388
reserving basis 101/768; cond: 29649242112.0, ratio:0.9906035661697388
reserving basis 103/768; cond: 47797579776.0, ratio:0.9906553626060486
reserving basis 103/768; cond: 47797579776.0, ratio:0.9906553626060486
reserving basis 100/768; cond: 50336911360.0, ratio:0.9912065863609314
reserving basis 100/768; cond: 50336911360.0, ratio:0.9912065863609314
reserving basis 102/768; cond: 104950292480.0, ratio:0.99105304479599
reserving basis 102/768; cond: 104950292480.0, ratio:0.99105304479599
reserving basis 95/768; cond: 35125649408.0, ratio:0.9900150299072266
reserving basis 95/768; cond: 35125649408.0, ratio:0.9900150299072266
reserving basis 92/768; cond: 1612907937792.0, ratio:0.991493284702301
reserving basis 92/768; cond: 1612907937792.0, ratio:0.991493284702301
reserving basis 95/768; cond: 22635051008.0, ratio:0.9909884333610535
reserving basis 95/768; cond: 22635051008.0, ratio:0.9909884333610535
reserving basis 87/768; cond: 222819024896.0, ratio:0.9911527037620544
reserving basis 87/768; cond: 222819024896.0, ratio:0.9911527037620544
reserving basis 89/768; cond: 4337237504.0, ratio:0.9903613924980164
reserving basis 89/768; cond: 4337237504.0, ratio:0.9903613924980164
reserving basis 69/768; cond: 155641888768.0, ratio:0.9901796579360962
reserving basis 69/768; cond: 155641888768.0, ratio:0.9901796579360962
reserving basis 85/768; cond: 130438463488.0, ratio:0.9911882281303406
reserving basis 85/768; cond: 130438463488.0, ratio:0.9911882281303406
2026-04-27 09:16:39,570 [palora.py] => Task 16, Epoch 50/50 => Loss 0.446, Train_accy 97.38
2026-04-27 09:16:59,427 [trainer.py] => Time:526.1742880344391
4986 4986
2026-04-27 09:17:13,680 [trainer.py] => Time:14.252165794372559
2026-04-27 09:17:13,680 [trainer.py] => ACC: {'total': 78.58, '00-09': 79.78, '10-19': 83.73, '20-29': 79.31, '30-39': 78.26, '40-49': 78.74, '50-59': 81.55, '60-69': 81.2, '70-79': 71.43, '80-89': 85.71, '90-99': 74.41, '100-109': 72.78, '110-119': 84.15, '120-129': 69.89, '130-139': 80.95, '140-149': 73.96, '150-159': 73.18, '160-169': 86.52, 'old': 78.04, 'new': 86.52}
2026-04-27 09:17:13,680 [trainer.py] => ACC top1 curve: [89.62, 88.83, 88.32, 87.21, 86.07, 85.42, 84.31, 83.47, 83.04, 82.16, 81.15, 81.38, 80.61, 79.83, 79.37, 78.92, 78.58]
Average Accuracy: 83.42882352941176
2026-04-27 09:17:13,680 [trainer.py] => Average Accuracy: 83.42882352941176
2026-04-27 09:17:13,684 [trainer.py] => All params: 115034851
2026-04-27 09:17:13,687 [trainer.py] => Trainable params: 376330
2026-04-27 09:17:13,687 [palora.py] => Learning on 170-180
Parameters to be updated: {'image_encoder.blocks.4.attn.lora_B_k.17.weight', 'image_encoder.blocks.3.attn.lora_B_v.17.weight', 'image_encoder.blocks.0.attn.lora_B_v.17.weight', 'image_encoder.blocks.2.attn.lora_A_v.17.weight', 'image_encoder.blocks.3.attn.lora_B_k.17.weight', 'image_encoder.blocks.6.attn.lora_B_v.17.weight', 'image_encoder.blocks.3.attn.lora_A_k.17.weight', 'image_encoder.blocks.3.attn.lora_A_v.17.weight', 'image_encoder.blocks.1.attn.lora_B_k.17.weight', 'image_encoder.blocks.4.attn.lora_B_v.17.weight', 'classifier_pool.17.bias', 'image_encoder.blocks.8.attn.lora_A_v.17.weight', 'image_encoder.blocks.0.attn.lora_B_k.17.weight', 'image_encoder.blocks.10.attn.lora_A_k.17.weight', 'image_encoder.blocks.1.attn.lora_A_v.17.weight', 'image_encoder.blocks.7.attn.lora_B_k.17.weight', 'image_encoder.blocks.5.attn.lora_B_v.17.weight', 'image_encoder.blocks.7.attn.lora_A_k.17.weight', 'image_encoder.blocks.11.attn.lora_B_k.17.weight', 'image_encoder.blocks.6.attn.lora_B_k.17.weight', 'image_encoder.blocks.11.attn.lora_B_v.17.weight', 'image_encoder.blocks.7.attn.lora_B_v.17.weight', 'image_encoder.blocks.1.attn.lora_B_v.17.weight', 'image_encoder.blocks.6.attn.lora_A_v.17.weight', 'image_encoder.blocks.1.attn.lora_A_k.17.weight', 'image_encoder.blocks.9.attn.lora_B_v.17.weight', 'image_encoder.blocks.0.attn.lora_A_k.17.weight', 'image_encoder.blocks.6.attn.lora_A_k.17.weight', 'image_encoder.blocks.10.attn.lora_B_v.17.weight', 'image_encoder.blocks.8.attn.lora_A_k.17.weight', 'image_encoder.blocks.2.attn.lora_A_k.17.weight', 'image_encoder.blocks.9.attn.lora_A_k.17.weight', 'image_encoder.blocks.8.attn.lora_B_k.17.weight', 'image_encoder.blocks.10.attn.lora_B_k.17.weight', 'image_encoder.blocks.9.attn.lora_B_k.17.weight', 'image_encoder.blocks.0.attn.lora_A_v.17.weight', 'image_encoder.blocks.10.attn.lora_A_v.17.weight', 'image_encoder.blocks.8.attn.lora_B_v.17.weight', 'image_encoder.blocks.11.attn.lora_A_k.17.weight', 'image_encoder.blocks.5.attn.lora_A_v.17.weight', 'image_encoder.blocks.4.attn.lora_A_v.17.weight', 'image_encoder.blocks.4.attn.lora_A_k.17.weight', 'image_encoder.blocks.9.attn.lora_A_v.17.weight', 'image_encoder.blocks.7.attn.lora_A_v.17.weight', 'image_encoder.blocks.2.attn.lora_B_v.17.weight', 'image_encoder.blocks.2.attn.lora_B_k.17.weight', 'image_encoder.blocks.11.attn.lora_A_v.17.weight', 'image_encoder.blocks.5.attn.lora_B_k.17.weight', 'classifier_pool.17.weight', 'image_encoder.blocks.5.attn.lora_A_k.17.weight'}
After trained on task 16 tensor(0.0529, device='cuda:0') tensor(0.0486, device='cuda:0')
After trained on task 16 tensor(0.0505, device='cuda:0') tensor(0.0578, device='cuda:0')
After trained on task 16 tensor(0.0508, device='cuda:0') tensor(0.0672, device='cuda:0')
After trained on task 16 tensor(0.0541, device='cuda:0') tensor(0.0863, device='cuda:0')
After trained on task 16 tensor(0.0702, device='cuda:0') tensor(0.0983, device='cuda:0')
After trained on task 16 tensor(0.0880, device='cuda:0') tensor(0.1710, device='cuda:0')
After trained on task 16 tensor(0.0867, device='cuda:0') tensor(0.1457, device='cuda:0')
After trained on task 16 tensor(0.1020, device='cuda:0') tensor(0.1656, device='cuda:0')
After trained on task 16 tensor(0.1841, device='cuda:0') tensor(0.2081, device='cuda:0')
After trained on task 16 tensor(0.1579, device='cuda:0') tensor(0.2437, device='cuda:0')
After trained on task 16 tensor(0.1862, device='cuda:0') tensor(0.2688, device='cuda:0')
After trained on task 16 tensor(0.4084, device='cuda:0') tensor(0.3116, device='cuda:0')
reserving basis 99/768; cond: 18527633276928.0, ratio:0.9910804629325867
reserving basis 99/768; cond: 18527633276928.0, ratio:0.9910804629325867
reserving basis 106/768; cond: 55973679104.0, ratio:0.9911255240440369
reserving basis 106/768; cond: 55973679104.0, ratio:0.9911255240440369
reserving basis 103/768; cond: 22726469632.0, ratio:0.9910825490951538
reserving basis 103/768; cond: 22726469632.0, ratio:0.9910825490951538
reserving basis 110/768; cond: 64860209152.0, ratio:0.9906859397888184
reserving basis 110/768; cond: 64860209152.0, ratio:0.9906859397888184
reserving basis 112/768; cond: 20516126720.0, ratio:0.9906768202781677
reserving basis 112/768; cond: 20516126720.0, ratio:0.9906768202781677
reserving basis 111/768; cond: 14763125760.0, ratio:0.9919561743736267
reserving basis 111/768; cond: 14763125760.0, ratio:0.9919561743736267
reserving basis 113/768; cond: 73288187904.0, ratio:0.9916619658470154
reserving basis 113/768; cond: 73288187904.0, ratio:0.9916619658470154
reserving basis 109/768; cond: 89582370816.0, ratio:0.9903659224510193
reserving basis 109/768; cond: 89582370816.0, ratio:0.9903659224510193
reserving basis 115/768; cond: 743262912512.0, ratio:0.991938054561615
reserving basis 115/768; cond: 743262912512.0, ratio:0.991938054561615
reserving basis 107/768; cond: 1690254442496.0, ratio:0.9911020398139954
reserving basis 107/768; cond: 1690254442496.0, ratio:0.9911020398139954
reserving basis 110/768; cond: 36489342976.0, ratio:0.990868091583252
reserving basis 110/768; cond: 36489342976.0, ratio:0.990868091583252
reserving basis 105/768; cond: 49486508032.0, ratio:0.991794228553772
reserving basis 105/768; cond: 49486508032.0, ratio:0.991794228553772
reserving basis 109/768; cond: 58035007488.0, ratio:0.9910193681716919
reserving basis 109/768; cond: 58035007488.0, ratio:0.9910193681716919
reserving basis 104/768; cond: 54187831296.0, ratio:0.990121066570282
reserving basis 104/768; cond: 54187831296.0, ratio:0.990121066570282
reserving basis 107/768; cond: 587563794432.0, ratio:0.9908785223960876
reserving basis 107/768; cond: 587563794432.0, ratio:0.9908785223960876
reserving basis 104/768; cond: 36155510784.0, ratio:0.9912662506103516
reserving basis 104/768; cond: 36155510784.0, ratio:0.9912662506103516
reserving basis 105/768; cond: 154533986304.0, ratio:0.9914820790290833
reserving basis 105/768; cond: 154533986304.0, ratio:0.9914820790290833
reserving basis 98/768; cond: 29214662656.0, ratio:0.990692138671875
reserving basis 98/768; cond: 29214662656.0, ratio:0.990692138671875
reserving basis 95/768; cond: 206768848896.0, ratio:0.9909859299659729
reserving basis 95/768; cond: 206768848896.0, ratio:0.9909859299659729
reserving basis 98/768; cond: 64753385472.0, ratio:0.991680383682251
reserving basis 98/768; cond: 64753385472.0, ratio:0.991680383682251
reserving basis 90/768; cond: 776956346368.0, ratio:0.9909613728523254
reserving basis 90/768; cond: 776956346368.0, ratio:0.9909613728523254
reserving basis 92/768; cond: 13815625728.0, ratio:0.9902023077011108
reserving basis 92/768; cond: 13815625728.0, ratio:0.9902023077011108
reserving basis 70/768; cond: 131311337472.0, ratio:0.9915857911109924
reserving basis 70/768; cond: 131311337472.0, ratio:0.9915857911109924
reserving basis 88/768; cond: 37522505728.0, ratio:0.9907097816467285
reserving basis 88/768; cond: 37522505728.0, ratio:0.9907097816467285
2026-04-27 09:25:08,996 [palora.py] => Task 17, Epoch 50/50 => Loss 0.476, Train_accy 95.95
2026-04-27 09:25:26,715 [trainer.py] => Time:493.02783274650574
5280 5280
2026-04-27 09:25:41,871 [trainer.py] => Time:15.155313491821289
2026-04-27 09:25:41,871 [trainer.py] => ACC: {'total': 78.79, '00-09': 79.78, '10-19': 82.94, '20-29': 79.77, '30-39': 78.99, '40-49': 77.78, '50-59': 81.55, '60-69': 81.2, '70-79': 71.69, '80-89': 85.47, '90-99': 73.24, '100-109': 72.78, '110-119': 83.33, '120-129': 69.18, '130-139': 79.85, '140-149': 73.44, '150-159': 72.03, '160-169': 85.27, '170-179': 88.78, 'old': 78.2, 'new': 88.78}
2026-04-27 09:25:41,871 [trainer.py] => ACC top1 curve: [89.62, 88.83, 88.32, 87.21, 86.07, 85.42, 84.31, 83.47, 83.04, 82.16, 81.15, 81.38, 80.61, 79.83, 79.37, 78.92, 78.58, 78.79]
Average Accuracy: 83.1711111111111
2026-04-27 09:25:41,871 [trainer.py] => Average Accuracy: 83.1711111111111
2026-04-27 09:25:41,875 [trainer.py] => All params: 115034851
2026-04-27 09:25:41,879 [trainer.py] => Trainable params: 376330
2026-04-27 09:25:41,879 [palora.py] => Learning on 180-190
Parameters to be updated: {'image_encoder.blocks.5.attn.lora_A_k.18.weight', 'image_encoder.blocks.2.attn.lora_B_v.18.weight', 'image_encoder.blocks.4.attn.lora_B_k.18.weight', 'image_encoder.blocks.1.attn.lora_A_k.18.weight', 'image_encoder.blocks.11.attn.lora_A_v.18.weight', 'image_encoder.blocks.0.attn.lora_A_v.18.weight', 'image_encoder.blocks.9.attn.lora_A_k.18.weight', 'image_encoder.blocks.1.attn.lora_A_v.18.weight', 'image_encoder.blocks.3.attn.lora_B_v.18.weight', 'image_encoder.blocks.0.attn.lora_B_k.18.weight', 'image_encoder.blocks.4.attn.lora_A_v.18.weight', 'image_encoder.blocks.1.attn.lora_B_v.18.weight', 'image_encoder.blocks.9.attn.lora_A_v.18.weight', 'image_encoder.blocks.0.attn.lora_B_v.18.weight', 'classifier_pool.18.weight', 'image_encoder.blocks.7.attn.lora_A_k.18.weight', 'image_encoder.blocks.3.attn.lora_A_k.18.weight', 'image_encoder.blocks.4.attn.lora_A_k.18.weight', 'image_encoder.blocks.9.attn.lora_B_v.18.weight', 'image_encoder.blocks.3.attn.lora_B_k.18.weight', 'image_encoder.blocks.6.attn.lora_A_v.18.weight', 'image_encoder.blocks.0.attn.lora_A_k.18.weight', 'image_encoder.blocks.7.attn.lora_B_v.18.weight', 'image_encoder.blocks.7.attn.lora_A_v.18.weight', 'image_encoder.blocks.10.attn.lora_B_v.18.weight', 'image_encoder.blocks.1.attn.lora_B_k.18.weight', 'classifier_pool.18.bias', 'image_encoder.blocks.11.attn.lora_B_v.18.weight', 'image_encoder.blocks.5.attn.lora_B_k.18.weight', 'image_encoder.blocks.3.attn.lora_A_v.18.weight', 'image_encoder.blocks.4.attn.lora_B_v.18.weight', 'image_encoder.blocks.2.attn.lora_A_k.18.weight', 'image_encoder.blocks.6.attn.lora_A_k.18.weight', 'image_encoder.blocks.6.attn.lora_B_k.18.weight', 'image_encoder.blocks.8.attn.lora_B_k.18.weight', 'image_encoder.blocks.2.attn.lora_B_k.18.weight', 'image_encoder.blocks.6.attn.lora_B_v.18.weight', 'image_encoder.blocks.5.attn.lora_A_v.18.weight', 'image_encoder.blocks.8.attn.lora_B_v.18.weight', 'image_encoder.blocks.11.attn.lora_A_k.18.weight', 'image_encoder.blocks.10.attn.lora_A_v.18.weight', 'image_encoder.blocks.8.attn.lora_A_k.18.weight', 'image_encoder.blocks.7.attn.lora_B_k.18.weight', 'image_encoder.blocks.10.attn.lora_A_k.18.weight', 'image_encoder.blocks.5.attn.lora_B_v.18.weight', 'image_encoder.blocks.10.attn.lora_B_k.18.weight', 'image_encoder.blocks.9.attn.lora_B_k.18.weight', 'image_encoder.blocks.2.attn.lora_A_v.18.weight', 'image_encoder.blocks.11.attn.lora_B_k.18.weight', 'image_encoder.blocks.8.attn.lora_A_v.18.weight'}
After trained on task 17 tensor(0.0460, device='cuda:0') tensor(0.0472, device='cuda:0')
After trained on task 17 tensor(0.0587, device='cuda:0') tensor(0.0538, device='cuda:0')
After trained on task 17 tensor(0.0465, device='cuda:0') tensor(0.0591, device='cuda:0')
After trained on task 17 tensor(0.0502, device='cuda:0') tensor(0.0597, device='cuda:0')
After trained on task 17 tensor(0.0527, device='cuda:0') tensor(0.0729, device='cuda:0')
After trained on task 17 tensor(0.0590, device='cuda:0') tensor(0.0783, device='cuda:0')
After trained on task 17 tensor(0.0633, device='cuda:0') tensor(0.0902, device='cuda:0')
After trained on task 17 tensor(0.0740, device='cuda:0') tensor(0.1175, device='cuda:0')
After trained on task 17 tensor(0.0938, device='cuda:0') tensor(0.1420, device='cuda:0')
After trained on task 17 tensor(0.1321, device='cuda:0') tensor(0.1902, device='cuda:0')
After trained on task 17 tensor(0.1232, device='cuda:0') tensor(0.2042, device='cuda:0')
After trained on task 17 tensor(0.2614, device='cuda:0') tensor(0.2993, device='cuda:0')
reserving basis 102/768; cond: 36518338560.0, ratio:0.991081178188324
reserving basis 102/768; cond: 36518338560.0, ratio:0.991081178188324
reserving basis 110/768; cond: 8470596681728.0, ratio:0.9911376237869263
reserving basis 110/768; cond: 8470596681728.0, ratio:0.9911376237869263
reserving basis 106/768; cond: 17823170560.0, ratio:0.9906519651412964
reserving basis 106/768; cond: 17823170560.0, ratio:0.9906519651412964
reserving basis 114/768; cond: 72168333312.0, ratio:0.9916757941246033
reserving basis 114/768; cond: 72168333312.0, ratio:0.9916757941246033
reserving basis 116/768; cond: 44911525888.0, ratio:0.9905246496200562
reserving basis 116/768; cond: 44911525888.0, ratio:0.9905246496200562
reserving basis 115/768; cond: 52526231552.0, ratio:0.9908407926559448
reserving basis 115/768; cond: 52526231552.0, ratio:0.9908407926559448
reserving basis 117/768; cond: 21557194752.0, ratio:0.9918150305747986
reserving basis 117/768; cond: 21557194752.0, ratio:0.9918150305747986
reserving basis 113/768; cond: 43952033792.0, ratio:0.990667462348938
reserving basis 113/768; cond: 43952033792.0, ratio:0.990667462348938
reserving basis 119/768; cond: 719018917888.0, ratio:0.9914523959159851
reserving basis 119/768; cond: 719018917888.0, ratio:0.9914523959159851
reserving basis 111/768; cond: 55043862528.0, ratio:0.9916985034942627
reserving basis 111/768; cond: 55043862528.0, ratio:0.9916985034942627
reserving basis 114/768; cond: 52449325056.0, ratio:0.9910192489624023
reserving basis 114/768; cond: 52449325056.0, ratio:0.9910192489624023
reserving basis 109/768; cond: 240379691008.0, ratio:0.9911094903945923
reserving basis 109/768; cond: 240379691008.0, ratio:0.9911094903945923
reserving basis 113/768; cond: 24123097088.0, ratio:0.9913763999938965
reserving basis 113/768; cond: 24123097088.0, ratio:0.9913763999938965
reserving basis 108/768; cond: 29984438272.0, ratio:0.9916656613349915
reserving basis 108/768; cond: 29984438272.0, ratio:0.9916656613349915
reserving basis 111/768; cond: 34208835584.0, ratio:0.9917424917221069
reserving basis 111/768; cond: 34208835584.0, ratio:0.9917424917221069
reserving basis 107/768; cond: 175270100992.0, ratio:0.9903382658958435
reserving basis 107/768; cond: 175270100992.0, ratio:0.9903382658958435
reserving basis 108/768; cond: 431625273344.0, ratio:0.9907670021057129
reserving basis 108/768; cond: 431625273344.0, ratio:0.9907670021057129
reserving basis 101/768; cond: 75852128256.0, ratio:0.9912813901901245
reserving basis 101/768; cond: 75852128256.0, ratio:0.9912813901901245
reserving basis 98/768; cond: 140079726592.0, ratio:0.9912216663360596
reserving basis 98/768; cond: 140079726592.0, ratio:0.9912216663360596
reserving basis 101/768; cond: 13559042048.0, ratio:0.9906319379806519
reserving basis 101/768; cond: 13559042048.0, ratio:0.9906319379806519
reserving basis 93/768; cond: 148290125824.0, ratio:0.9907681345939636
reserving basis 93/768; cond: 148290125824.0, ratio:0.9907681345939636
reserving basis 95/768; cond: 78903451648.0, ratio:0.9908469915390015
reserving basis 95/768; cond: 78903451648.0, ratio:0.9908469915390015
reserving basis 71/768; cond: 56483041280.0, ratio:0.9902678728103638
reserving basis 71/768; cond: 56483041280.0, ratio:0.9902678728103638
reserving basis 91/768; cond: 56200736768.0, ratio:0.9915726184844971
reserving basis 91/768; cond: 56200736768.0, ratio:0.9915726184844971
2026-04-27 09:34:59,183 [palora.py] => Task 18, Epoch 50/50 => Loss 0.527, Train_accy 94.99
2026-04-27 09:35:17,187 [trainer.py] => Time:575.3076665401459
5705 5705
2026-04-27 09:35:32,782 [trainer.py] => Time:15.594319343566895
2026-04-27 09:35:32,782 [trainer.py] => ACC: {'total': 79.19, '00-09': 79.78, '10-19': 82.54, '20-29': 80.0, '30-39': 78.62, '40-49': 78.74, '50-59': 82.52, '60-69': 82.05, '70-79': 71.43, '80-89': 85.71, '90-99': 73.82, '100-109': 73.42, '110-119': 83.74, '120-129': 69.18, '130-139': 79.85, '140-149': 72.4, '150-159': 72.8, '160-169': 85.27, '170-179': 88.44, '180-189': 82.12, 'old': 78.96, 'new': 82.12}
2026-04-27 09:35:32,782 [trainer.py] => ACC top1 curve: [89.62, 88.83, 88.32, 87.21, 86.07, 85.42, 84.31, 83.47, 83.04, 82.16, 81.15, 81.38, 80.61, 79.83, 79.37, 78.92, 78.58, 78.79, 79.19]
Average Accuracy: 82.96157894736842
2026-04-27 09:35:32,782 [trainer.py] => Average Accuracy: 82.96157894736842
2026-04-27 09:35:32,786 [trainer.py] => All params: 115034851
2026-04-27 09:35:32,789 [trainer.py] => Trainable params: 376330
2026-04-27 09:35:32,789 [palora.py] => Learning on 190-200
Parameters to be updated: {'image_encoder.blocks.3.attn.lora_A_k.19.weight', 'image_encoder.blocks.4.attn.lora_A_k.19.weight', 'image_encoder.blocks.10.attn.lora_A_v.19.weight', 'image_encoder.blocks.6.attn.lora_A_v.19.weight', 'image_encoder.blocks.4.attn.lora_B_v.19.weight', 'image_encoder.blocks.11.attn.lora_A_k.19.weight', 'image_encoder.blocks.3.attn.lora_B_k.19.weight', 'image_encoder.blocks.3.attn.lora_B_v.19.weight', 'image_encoder.blocks.8.attn.lora_A_v.19.weight', 'image_encoder.blocks.9.attn.lora_B_k.19.weight', 'image_encoder.blocks.0.attn.lora_A_v.19.weight', 'image_encoder.blocks.9.attn.lora_B_v.19.weight', 'image_encoder.blocks.4.attn.lora_A_v.19.weight', 'image_encoder.blocks.6.attn.lora_B_k.19.weight', 'image_encoder.blocks.2.attn.lora_B_v.19.weight', 'image_encoder.blocks.11.attn.lora_B_k.19.weight', 'classifier_pool.19.weight', 'image_encoder.blocks.5.attn.lora_B_k.19.weight', 'image_encoder.blocks.8.attn.lora_B_k.19.weight', 'image_encoder.blocks.2.attn.lora_A_k.19.weight', 'image_encoder.blocks.1.attn.lora_A_k.19.weight', 'image_encoder.blocks.5.attn.lora_B_v.19.weight', 'image_encoder.blocks.7.attn.lora_B_v.19.weight', 'image_encoder.blocks.10.attn.lora_B_k.19.weight', 'image_encoder.blocks.10.attn.lora_B_v.19.weight', 'image_encoder.blocks.2.attn.lora_A_v.19.weight', 'classifier_pool.19.bias', 'image_encoder.blocks.0.attn.lora_B_k.19.weight', 'image_encoder.blocks.0.attn.lora_B_v.19.weight', 'image_encoder.blocks.1.attn.lora_B_k.19.weight', 'image_encoder.blocks.5.attn.lora_A_v.19.weight', 'image_encoder.blocks.1.attn.lora_B_v.19.weight', 'image_encoder.blocks.1.attn.lora_A_v.19.weight', 'image_encoder.blocks.2.attn.lora_B_k.19.weight', 'image_encoder.blocks.4.attn.lora_B_k.19.weight', 'image_encoder.blocks.10.attn.lora_A_k.19.weight', 'image_encoder.blocks.6.attn.lora_B_v.19.weight', 'image_encoder.blocks.7.attn.lora_A_v.19.weight', 'image_encoder.blocks.8.attn.lora_A_k.19.weight', 'image_encoder.blocks.11.attn.lora_B_v.19.weight', 'image_encoder.blocks.9.attn.lora_A_v.19.weight', 'image_encoder.blocks.5.attn.lora_A_k.19.weight', 'image_encoder.blocks.7.attn.lora_B_k.19.weight', 'image_encoder.blocks.8.attn.lora_B_v.19.weight', 'image_encoder.blocks.0.attn.lora_A_k.19.weight', 'image_encoder.blocks.9.attn.lora_A_k.19.weight', 'image_encoder.blocks.6.attn.lora_A_k.19.weight', 'image_encoder.blocks.3.attn.lora_A_v.19.weight', 'image_encoder.blocks.11.attn.lora_A_v.19.weight', 'image_encoder.blocks.7.attn.lora_A_k.19.weight'}
After trained on task 18 tensor(0.0530, device='cuda:0') tensor(0.0561, device='cuda:0')
After trained on task 18 tensor(0.0573, device='cuda:0') tensor(0.0607, device='cuda:0')
After trained on task 18 tensor(0.0613, device='cuda:0') tensor(0.0840, device='cuda:0')
After trained on task 18 tensor(0.0626, device='cuda:0') tensor(0.1041, device='cuda:0')
After trained on task 18 tensor(0.0827, device='cuda:0') tensor(0.1116, device='cuda:0')
After trained on task 18 tensor(0.0910, device='cuda:0') tensor(0.1314, device='cuda:0')
After trained on task 18 tensor(0.1031, device='cuda:0') tensor(0.1520, device='cuda:0')
After trained on task 18 tensor(0.1157, device='cuda:0') tensor(0.1812, device='cuda:0')
After trained on task 18 tensor(0.1488, device='cuda:0') tensor(0.2230, device='cuda:0')
After trained on task 18 tensor(0.2644, device='cuda:0') tensor(0.2933, device='cuda:0')
After trained on task 18 tensor(0.2896, device='cuda:0') tensor(0.3216, device='cuda:0')
After trained on task 18 tensor(0.5287, device='cuda:0') tensor(0.3780, device='cuda:0')
reserving basis 105/768; cond: 39960281088.0, ratio:0.9915957450866699
reserving basis 105/768; cond: 39960281088.0, ratio:0.9915957450866699
reserving basis 114/768; cond: 327734132736.0, ratio:0.9910316467285156
reserving basis 114/768; cond: 327734132736.0, ratio:0.9910316467285156
reserving basis 110/768; cond: 122281050112.0, ratio:0.9909329414367676
reserving basis 110/768; cond: 122281050112.0, ratio:0.9909329414367676
reserving basis 118/768; cond: 89481256960.0, ratio:0.9917775392532349
reserving basis 118/768; cond: 89481256960.0, ratio:0.9917775392532349
reserving basis 120/768; cond: 33860530176.0, ratio:0.9912036061286926
reserving basis 120/768; cond: 33860530176.0, ratio:0.9912036061286926
reserving basis 119/768; cond: 50031583232.0, ratio:0.991117537021637
reserving basis 119/768; cond: 50031583232.0, ratio:0.991117537021637
reserving basis 121/768; cond: 245261746176.0, ratio:0.9911877512931824
reserving basis 121/768; cond: 245261746176.0, ratio:0.9911877512931824
reserving basis 117/768; cond: 66679386112.0, ratio:0.9911600947380066
reserving basis 117/768; cond: 66679386112.0, ratio:0.9911600947380066
reserving basis 123/768; cond: 909716422656.0, ratio:0.9907047152519226
reserving basis 123/768; cond: 909716422656.0, ratio:0.9907047152519226
reserving basis 114/768; cond: 564599390208.0, ratio:0.9901853203773499
reserving basis 114/768; cond: 564599390208.0, ratio:0.9901853203773499
reserving basis 118/768; cond: 164258349056.0, ratio:0.9908850193023682
reserving basis 118/768; cond: 164258349056.0, ratio:0.9908850193023682
reserving basis 112/768; cond: 51200716800.0, ratio:0.9900868535041809
reserving basis 112/768; cond: 51200716800.0, ratio:0.9900868535041809
reserving basis 117/768; cond: 32853252096.0, ratio:0.9908978343009949
reserving basis 117/768; cond: 32853252096.0, ratio:0.9908978343009949
reserving basis 111/768; cond: 38068326400.0, ratio:0.9903783202171326
reserving basis 111/768; cond: 38068326400.0, ratio:0.9903783202171326
reserving basis 115/768; cond: 81430847488.0, ratio:0.9910377860069275
reserving basis 115/768; cond: 81430847488.0, ratio:0.9910377860069275
reserving basis 110/768; cond: 27861635072.0, ratio:0.990638256072998
reserving basis 110/768; cond: 27861635072.0, ratio:0.990638256072998
reserving basis 112/768; cond: 16735193088.0, ratio:0.9914868474006653
reserving basis 112/768; cond: 16735193088.0, ratio:0.9914868474006653
reserving basis 104/768; cond: 375698128896.0, ratio:0.9904499053955078
reserving basis 104/768; cond: 375698128896.0, ratio:0.9904499053955078
reserving basis 100/768; cond: 47376429056.0, ratio:0.9910359382629395
reserving basis 100/768; cond: 47376429056.0, ratio:0.9910359382629395
reserving basis 104/768; cond: 15442566144.0, ratio:0.9908297061920166
reserving basis 104/768; cond: 15442566144.0, ratio:0.9908297061920166
reserving basis 95/768; cond: 40254590976.0, ratio:0.991424024105072
reserving basis 95/768; cond: 40254590976.0, ratio:0.991424024105072
reserving basis 98/768; cond: 206063927296.0, ratio:0.9918857216835022
reserving basis 98/768; cond: 206063927296.0, ratio:0.9918857216835022
reserving basis 72/768; cond: 13216175104.0, ratio:0.9917327165603638
reserving basis 72/768; cond: 13216175104.0, ratio:0.9917327165603638
reserving basis 94/768; cond: 46801698816.0, ratio:0.991980791091919
reserving basis 94/768; cond: 46801698816.0, ratio:0.991980791091919
2026-04-27 09:43:59,773 [palora.py] => Task 19, Epoch 50/50 => Loss 0.491, Train_accy 96.54
2026-04-27 09:44:18,054 [trainer.py] => Time:525.264618396759
6000 6000
2026-04-27 09:44:34,837 [trainer.py] => Time:16.781962394714355
2026-04-27 09:44:34,837 [trainer.py] => ACC: {'total': 78.57, '00-09': 79.23, '10-19': 83.33, '20-29': 79.54, '30-39': 78.99, '40-49': 79.23, '50-59': 82.04, '60-69': 82.05, '70-79': 71.43, '80-89': 85.22, '90-99': 72.06, '100-109': 71.84, '110-119': 82.11, '120-129': 68.82, '130-139': 79.85, '140-149': 69.79, '150-159': 73.56, '160-169': 85.89, '170-179': 87.76, '180-189': 81.65, '190-199': 74.58, 'old': 78.77, 'new': 74.58}
2026-04-27 09:44:34,837 [trainer.py] => ACC top1 curve: [89.62, 88.83, 88.32, 87.21, 86.07, 85.42, 84.31, 83.47, 83.04, 82.16, 81.15, 81.38, 80.61, 79.83, 79.37, 78.92, 78.58, 78.79, 79.19, 78.57]
Average Accuracy: 82.74199999999999
2026-04-27 09:44:34,837 [trainer.py] => Average Accuracy: 82.74199999999999
