logs/ImageNet_R/8_8_sip/palora/Adam/0
2026-04-27 09:44:37,407 [trainer.py] => config: configs/palora/ir25_palora.json
2026-04-27 09:44:37,407 [trainer.py] => device: [device(type='cuda', index=0)]
2026-04-27 09:44:37,407 [trainer.py] => eval: False
2026-04-27 09:44:37,407 [trainer.py] => p: 0.5
2026-04-27 09:44:37,407 [trainer.py] => prefix: reproduce
2026-04-27 09:44:37,407 [trainer.py] => dataset: ImageNet_R
2026-04-27 09:44:37,407 [trainer.py] => data_path: data/imagenet-r
2026-04-27 09:44:37,407 [trainer.py] => memory_size: 0
2026-04-27 09:44:37,407 [trainer.py] => memory_per_class: 0
2026-04-27 09:44:37,407 [trainer.py] => fixed_memory: True
2026-04-27 09:44:37,407 [trainer.py] => shuffle: False
2026-04-27 09:44:37,407 [trainer.py] => seed: 0
2026-04-27 09:44:37,407 [trainer.py] => init_cls: 8
2026-04-27 09:44:37,407 [trainer.py] => increment: 8
2026-04-27 09:44:37,407 [trainer.py] => total_sessions: 25
2026-04-27 09:44:37,407 [trainer.py] => model_name: palora
2026-04-27 09:44:37,407 [trainer.py] => net_type: sip
2026-04-27 09:44:37,407 [trainer.py] => embd_dim: 768
2026-04-27 09:44:37,407 [trainer.py] => num_heads: 12
2026-04-27 09:44:37,407 [trainer.py] => EPSILON: 1e-08
2026-04-27 09:44:37,407 [trainer.py] => init_epoch: 40
2026-04-27 09:44:37,407 [trainer.py] => optim: Adam
2026-04-27 09:44:37,407 [trainer.py] => init_lr: 0.0005
2026-04-27 09:44:37,407 [trainer.py] => init_lr_decay: 0.1
2026-04-27 09:44:37,407 [trainer.py] => init_weight_decay: 0.0
2026-04-27 09:44:37,407 [trainer.py] => epochs: 50
2026-04-27 09:44:37,407 [trainer.py] => fc_lrate: 0.0005
2026-04-27 09:44:37,407 [trainer.py] => lrate: 0.0005
2026-04-27 09:44:37,407 [trainer.py] => lrate_decay: 0.1
2026-04-27 09:44:37,407 [trainer.py] => batch_size: 128
2026-04-27 09:44:37,408 [trainer.py] => weight_decay: 0.0
2026-04-27 09:44:37,408 [trainer.py] => rank: 10
2026-04-27 09:44:37,408 [trainer.py] => margin_inter: 2.0
2026-04-27 09:44:37,408 [trainer.py] => lambada: 0.5
2026-04-27 09:44:37,408 [trainer.py] => num_workers: 16
2026-04-27 09:44:37,508 [data_manager.py] => [0, 1, 2, 3, 4, 5, 6, 7, 8, 9, 10, 11, 12, 13, 14, 15, 16, 17, 18, 19, 20, 21, 22, 23, 24, 25, 26, 27, 28, 29, 30, 31, 32, 33, 34, 35, 36, 37, 38, 39, 40, 41, 42, 43, 44, 45, 46, 47, 48, 49, 50, 51, 52, 53, 54, 55, 56, 57, 58, 59, 60, 61, 62, 63, 64, 65, 66, 67, 68, 69, 70, 71, 72, 73, 74, 75, 76, 77, 78, 79, 80, 81, 82, 83, 84, 85, 86, 87, 88, 89, 90, 91, 92, 93, 94, 95, 96, 97, 98, 99, 100, 101, 102, 103, 104, 105, 106, 107, 108, 109, 110, 111, 112, 113, 114, 115, 116, 117, 118, 119, 120, 121, 122, 123, 124, 125, 126, 127, 128, 129, 130, 131, 132, 133, 134, 135, 136, 137, 138, 139, 140, 141, 142, 143, 144, 145, 146, 147, 148, 149, 150, 151, 152, 153, 154, 155, 156, 157, 158, 159, 160, 161, 162, 163, 164, 165, 166, 167, 168, 169, 170, 171, 172, 173, 174, 175, 176, 177, 178, 179, 180, 181, 182, 183, 184, 185, 186, 187, 188, 189, 190, 191, 192, 193, 194, 195, 196, 197, 198, 199]
2026-04-27 09:44:40,512 [trainer.py] => All params: 116878051
2026-04-27 09:44:40,517 [trainer.py] => Trainable params: 116878051
2026-04-27 09:44:40,517 [palora.py] => Learning on 0-8
Parameters to be updated: {'image_encoder.blocks.0.attn.lora_B_k.0.weight', 'image_encoder.blocks.10.attn.lora_B_k.0.weight', 'image_encoder.blocks.10.attn.lora_A_v.0.weight', 'image_encoder.blocks.7.attn.lora_A_v.0.weight', 'image_encoder.blocks.3.attn.lora_A_k.0.weight', 'image_encoder.blocks.1.attn.lora_B_v.0.weight', 'classifier_pool.0.weight', 'image_encoder.blocks.10.attn.lora_A_k.0.weight', 'image_encoder.blocks.4.attn.lora_A_k.0.weight', 'image_encoder.blocks.8.attn.lora_B_v.0.weight', 'image_encoder.blocks.2.attn.lora_B_v.0.weight', 'image_encoder.blocks.5.attn.lora_A_k.0.weight', 'image_encoder.blocks.8.attn.lora_A_k.0.weight', 'image_encoder.blocks.6.attn.lora_A_k.0.weight', 'image_encoder.blocks.9.attn.lora_A_k.0.weight', 'image_encoder.blocks.11.attn.lora_A_v.0.weight', 'image_encoder.blocks.0.attn.lora_A_k.0.weight', 'classifier_pool.0.bias', 'image_encoder.blocks.0.attn.lora_B_v.0.weight', 'image_encoder.blocks.0.attn.lora_A_v.0.weight', 'image_encoder.blocks.1.attn.lora_A_v.0.weight', 'image_encoder.blocks.2.attn.lora_A_k.0.weight', 'image_encoder.blocks.11.attn.lora_A_k.0.weight', 'image_encoder.blocks.4.attn.lora_B_k.0.weight', 'image_encoder.blocks.10.attn.lora_B_v.0.weight', 'image_encoder.blocks.5.attn.lora_B_k.0.weight', 'image_encoder.blocks.3.attn.lora_B_v.0.weight', 'image_encoder.blocks.9.attn.lora_A_v.0.weight', 'image_encoder.blocks.7.attn.lora_A_k.0.weight', 'image_encoder.blocks.11.attn.lora_B_v.0.weight', 'image_encoder.blocks.9.attn.lora_B_k.0.weight', 'image_encoder.blocks.7.attn.lora_B_k.0.weight', 'image_encoder.blocks.1.attn.lora_B_k.0.weight', 'image_encoder.blocks.11.attn.lora_B_k.0.weight', 'image_encoder.blocks.4.attn.lora_A_v.0.weight', 'image_encoder.blocks.9.attn.lora_B_v.0.weight', 'image_encoder.blocks.5.attn.lora_A_v.0.weight', 'image_encoder.blocks.3.attn.lora_A_v.0.weight', 'image_encoder.blocks.8.attn.lora_B_k.0.weight', 'image_encoder.blocks.5.attn.lora_B_v.0.weight', 'image_encoder.blocks.6.attn.lora_B_v.0.weight', 'image_encoder.blocks.6.attn.lora_A_v.0.weight', 'image_encoder.blocks.2.attn.lora_B_k.0.weight', 'image_encoder.blocks.2.attn.lora_A_v.0.weight', 'image_encoder.blocks.6.attn.lora_B_k.0.weight', 'image_encoder.blocks.3.attn.lora_B_k.0.weight', 'image_encoder.blocks.1.attn.lora_A_k.0.weight', 'image_encoder.blocks.8.attn.lora_A_v.0.weight', 'image_encoder.blocks.4.attn.lora_B_v.0.weight', 'image_encoder.blocks.7.attn.lora_B_v.0.weight'}
2026-04-27 09:50:35,135 [palora.py] => Task 0, Epoch 40/40 => Loss 0.492, Train_accy 96.46
2026-04-27 09:50:47,630 [trainer.py] => Time:367.1133017539978
284 284
2026-04-27 09:50:51,152 [trainer.py] => Time:3.5210440158843994
2026-04-27 09:50:51,152 [trainer.py] => ACC: {'total': 93.31, '00-07': 93.31, 'old': 0, 'new': 93.31}
2026-04-27 09:50:51,152 [trainer.py] => ACC top1 curve: [93.31]
Average Accuracy: 93.31
2026-04-27 09:50:51,152 [trainer.py] => Average Accuracy: 93.31
2026-04-27 09:50:51,159 [trainer.py] => All params: 116878051
2026-04-27 09:50:51,163 [trainer.py] => Trainable params: 374792
2026-04-27 09:50:51,163 [palora.py] => Learning on 8-16
Parameters to be updated: {'image_encoder.blocks.2.attn.lora_B_k.1.weight', 'image_encoder.blocks.10.attn.lora_A_v.1.weight', 'image_encoder.blocks.5.attn.lora_B_k.1.weight', 'image_encoder.blocks.5.attn.lora_A_v.1.weight', 'image_encoder.blocks.7.attn.lora_B_v.1.weight', 'image_encoder.blocks.3.attn.lora_A_k.1.weight', 'image_encoder.blocks.6.attn.lora_A_k.1.weight', 'image_encoder.blocks.0.attn.lora_A_v.1.weight', 'image_encoder.blocks.6.attn.lora_B_v.1.weight', 'image_encoder.blocks.2.attn.lora_A_k.1.weight', 'image_encoder.blocks.1.attn.lora_B_v.1.weight', 'image_encoder.blocks.3.attn.lora_B_k.1.weight', 'classifier_pool.1.bias', 'image_encoder.blocks.7.attn.lora_B_k.1.weight', 'image_encoder.blocks.4.attn.lora_A_v.1.weight', 'image_encoder.blocks.0.attn.lora_B_v.1.weight', 'image_encoder.blocks.11.attn.lora_B_v.1.weight', 'image_encoder.blocks.9.attn.lora_A_v.1.weight', 'image_encoder.blocks.11.attn.lora_B_k.1.weight', 'image_encoder.blocks.0.attn.lora_A_k.1.weight', 'image_encoder.blocks.2.attn.lora_A_v.1.weight', 'image_encoder.blocks.8.attn.lora_B_v.1.weight', 'image_encoder.blocks.4.attn.lora_B_k.1.weight', 'image_encoder.blocks.10.attn.lora_B_v.1.weight', 'image_encoder.blocks.6.attn.lora_A_v.1.weight', 'image_encoder.blocks.8.attn.lora_A_k.1.weight', 'image_encoder.blocks.10.attn.lora_B_k.1.weight', 'image_encoder.blocks.6.attn.lora_B_k.1.weight', 'image_encoder.blocks.3.attn.lora_B_v.1.weight', 'image_encoder.blocks.10.attn.lora_A_k.1.weight', 'image_encoder.blocks.1.attn.lora_A_k.1.weight', 'image_encoder.blocks.9.attn.lora_A_k.1.weight', 'image_encoder.blocks.4.attn.lora_B_v.1.weight', 'image_encoder.blocks.9.attn.lora_B_k.1.weight', 'classifier_pool.1.weight', 'image_encoder.blocks.1.attn.lora_A_v.1.weight', 'image_encoder.blocks.5.attn.lora_A_k.1.weight', 'image_encoder.blocks.1.attn.lora_B_k.1.weight', 'image_encoder.blocks.0.attn.lora_B_k.1.weight', 'image_encoder.blocks.8.attn.lora_B_k.1.weight', 'image_encoder.blocks.11.attn.lora_A_k.1.weight', 'image_encoder.blocks.8.attn.lora_A_v.1.weight', 'image_encoder.blocks.4.attn.lora_A_k.1.weight', 'image_encoder.blocks.5.attn.lora_B_v.1.weight', 'image_encoder.blocks.7.attn.lora_A_v.1.weight', 'image_encoder.blocks.11.attn.lora_A_v.1.weight', 'image_encoder.blocks.7.attn.lora_A_k.1.weight', 'image_encoder.blocks.3.attn.lora_A_v.1.weight', 'image_encoder.blocks.9.attn.lora_B_v.1.weight', 'image_encoder.blocks.2.attn.lora_B_v.1.weight'}
After trained on task 0 tensor(0.3305, device='cuda:0') tensor(0.2042, device='cuda:0')
After trained on task 0 tensor(0.3074, device='cuda:0') tensor(0.3047, device='cuda:0')
After trained on task 0 tensor(0.3020, device='cuda:0') tensor(0.3654, device='cuda:0')
After trained on task 0 tensor(0.3557, device='cuda:0') tensor(0.3996, device='cuda:0')
After trained on task 0 tensor(0.4243, device='cuda:0') tensor(0.4811, device='cuda:0')
After trained on task 0 tensor(0.4971, device='cuda:0') tensor(0.5738, device='cuda:0')
After trained on task 0 tensor(0.5012, device='cuda:0') tensor(0.6124, device='cuda:0')
After trained on task 0 tensor(0.5645, device='cuda:0') tensor(0.5644, device='cuda:0')
After trained on task 0 tensor(0.6739, device='cuda:0') tensor(0.5177, device='cuda:0')
After trained on task 0 tensor(0.7656, device='cuda:0') tensor(0.6126, device='cuda:0')
After trained on task 0 tensor(0.9845, device='cuda:0') tensor(0.7480, device='cuda:0')
After trained on task 0 tensor(1.1060, device='cuda:0') tensor(0.8090, device='cuda:0')
reserving basis 10/768; cond: 446721326841856.0, ratio:0.9999992251396179
reserving basis 10/768; cond: 446721326841856.0, ratio:0.9999992251396179
reserving basis 10/768; cond: 3557651382272.0, ratio:0.9999991059303284
reserving basis 10/768; cond: 3557651382272.0, ratio:0.9999991059303284
reserving basis 10/768; cond: 3537404428288.0, ratio:0.9999991059303284
reserving basis 10/768; cond: 3537404428288.0, ratio:0.9999991059303284
reserving basis 10/768; cond: 2143101517824.0, ratio:0.9999992251396179
reserving basis 10/768; cond: 2143101517824.0, ratio:0.9999992251396179
reserving basis 10/768; cond: 1225161048064.0, ratio:0.9999994039535522
reserving basis 10/768; cond: 1225161048064.0, ratio:0.9999994039535522
reserving basis 10/768; cond: 8801403011072.0, ratio:0.9999991059303284
reserving basis 10/768; cond: 8801403011072.0, ratio:0.9999991059303284
reserving basis 10/768; cond: 9985106903040.0, ratio:0.9999992847442627
reserving basis 10/768; cond: 9985106903040.0, ratio:0.9999992847442627
reserving basis 10/768; cond: 4736588709888.0, ratio:0.9999991655349731
reserving basis 10/768; cond: 4736588709888.0, ratio:0.9999991655349731
reserving basis 10/768; cond: 5783914283008.0, ratio:0.9999991655349731
reserving basis 10/768; cond: 5783914283008.0, ratio:0.9999991655349731
reserving basis 10/768; cond: 3701663072256.0, ratio:0.9999991059303284
reserving basis 10/768; cond: 3701663072256.0, ratio:0.9999991059303284
reserving basis 10/768; cond: 14979280404480.0, ratio:0.9999991059303284
reserving basis 10/768; cond: 14979280404480.0, ratio:0.9999991059303284
reserving basis 10/768; cond: 6430168449024.0, ratio:0.9999990463256836
reserving basis 10/768; cond: 6430168449024.0, ratio:0.9999990463256836
reserving basis 10/768; cond: 1265648926720.0, ratio:0.999998927116394
reserving basis 10/768; cond: 1265648926720.0, ratio:0.999998927116394
reserving basis 10/768; cond: 11562567860224.0, ratio:0.9999992251396179
reserving basis 10/768; cond: 11562567860224.0, ratio:0.9999992251396179
reserving basis 10/768; cond: 20662708076544.0, ratio:0.9999991655349731
reserving basis 10/768; cond: 20662708076544.0, ratio:0.9999991655349731
reserving basis 10/768; cond: 820218232832.0, ratio:0.999999463558197
reserving basis 10/768; cond: 820218232832.0, ratio:0.999999463558197
reserving basis 10/768; cond: 5311817580544.0, ratio:0.9999991059303284
reserving basis 10/768; cond: 5311817580544.0, ratio:0.9999991059303284
reserving basis 10/768; cond: 838872399872.0, ratio:0.9999990463256836
reserving basis 10/768; cond: 838872399872.0, ratio:0.9999990463256836
reserving basis 10/768; cond: 2827951276032.0, ratio:0.9999989867210388
reserving basis 10/768; cond: 2827951276032.0, ratio:0.9999989867210388
reserving basis 10/768; cond: 3298932031488.0, ratio:0.9999992251396179
reserving basis 10/768; cond: 3298932031488.0, ratio:0.9999992251396179
reserving basis 10/768; cond: 2247761330176.0, ratio:0.9999991655349731
reserving basis 10/768; cond: 2247761330176.0, ratio:0.9999991655349731
reserving basis 10/768; cond: 22184235892736.0, ratio:0.9999989867210388
reserving basis 10/768; cond: 22184235892736.0, ratio:0.9999989867210388
reserving basis 9/768; cond: 811448205312.0, ratio:0.9903573393821716
reserving basis 9/768; cond: 811448205312.0, ratio:0.9903573393821716
reserving basis 10/768; cond: 2689859321856.0, ratio:0.9999990463256836
reserving basis 10/768; cond: 2689859321856.0, ratio:0.9999990463256836
2026-04-27 09:57:38,727 [palora.py] => Task 1, Epoch 50/50 => Loss 0.490, Train_accy 96.06
2026-04-27 09:57:52,551 [trainer.py] => Time:421.38789653778076
510 510
2026-04-27 09:57:56,444 [trainer.py] => Time:3.8929622173309326
2026-04-27 09:57:56,445 [trainer.py] => ACC: {'total': 89.22, '00-07': 89.44, '08-15': 88.94, 'old': 89.44, 'new': 88.94}
2026-04-27 09:57:56,445 [trainer.py] => ACC top1 curve: [93.31, 89.22]
Average Accuracy: 91.265
2026-04-27 09:57:56,445 [trainer.py] => Average Accuracy: 91.265
2026-04-27 09:57:56,450 [trainer.py] => All params: 116878051
2026-04-27 09:57:56,454 [trainer.py] => Trainable params: 374792
2026-04-27 09:57:56,454 [palora.py] => Learning on 16-24
Parameters to be updated: {'image_encoder.blocks.0.attn.lora_B_k.2.weight', 'classifier_pool.2.bias', 'image_encoder.blocks.6.attn.lora_A_k.2.weight', 'image_encoder.blocks.6.attn.lora_B_k.2.weight', 'image_encoder.blocks.3.attn.lora_A_v.2.weight', 'image_encoder.blocks.1.attn.lora_A_k.2.weight', 'image_encoder.blocks.9.attn.lora_B_v.2.weight', 'image_encoder.blocks.11.attn.lora_A_v.2.weight', 'classifier_pool.2.weight', 'image_encoder.blocks.9.attn.lora_B_k.2.weight', 'image_encoder.blocks.5.attn.lora_A_v.2.weight', 'image_encoder.blocks.2.attn.lora_B_k.2.weight', 'image_encoder.blocks.10.attn.lora_A_v.2.weight', 'image_encoder.blocks.6.attn.lora_A_v.2.weight', 'image_encoder.blocks.4.attn.lora_B_k.2.weight', 'image_encoder.blocks.8.attn.lora_A_v.2.weight', 'image_encoder.blocks.8.attn.lora_B_v.2.weight', 'image_encoder.blocks.10.attn.lora_B_v.2.weight', 'image_encoder.blocks.11.attn.lora_A_k.2.weight', 'image_encoder.blocks.0.attn.lora_A_v.2.weight', 'image_encoder.blocks.0.attn.lora_B_v.2.weight', 'image_encoder.blocks.1.attn.lora_A_v.2.weight', 'image_encoder.blocks.2.attn.lora_B_v.2.weight', 'image_encoder.blocks.3.attn.lora_A_k.2.weight', 'image_encoder.blocks.7.attn.lora_A_v.2.weight', 'image_encoder.blocks.10.attn.lora_B_k.2.weight', 'image_encoder.blocks.4.attn.lora_B_v.2.weight', 'image_encoder.blocks.5.attn.lora_A_k.2.weight', 'image_encoder.blocks.8.attn.lora_B_k.2.weight', 'image_encoder.blocks.3.attn.lora_B_v.2.weight', 'image_encoder.blocks.3.attn.lora_B_k.2.weight', 'image_encoder.blocks.1.attn.lora_B_v.2.weight', 'image_encoder.blocks.5.attn.lora_B_v.2.weight', 'image_encoder.blocks.9.attn.lora_A_v.2.weight', 'image_encoder.blocks.7.attn.lora_B_k.2.weight', 'image_encoder.blocks.9.attn.lora_A_k.2.weight', 'image_encoder.blocks.11.attn.lora_B_v.2.weight', 'image_encoder.blocks.1.attn.lora_B_k.2.weight', 'image_encoder.blocks.5.attn.lora_B_k.2.weight', 'image_encoder.blocks.11.attn.lora_B_k.2.weight', 'image_encoder.blocks.7.attn.lora_B_v.2.weight', 'image_encoder.blocks.10.attn.lora_A_k.2.weight', 'image_encoder.blocks.2.attn.lora_A_k.2.weight', 'image_encoder.blocks.2.attn.lora_A_v.2.weight', 'image_encoder.blocks.4.attn.lora_A_k.2.weight', 'image_encoder.blocks.4.attn.lora_A_v.2.weight', 'image_encoder.blocks.0.attn.lora_A_k.2.weight', 'image_encoder.blocks.7.attn.lora_A_k.2.weight', 'image_encoder.blocks.8.attn.lora_A_k.2.weight', 'image_encoder.blocks.6.attn.lora_B_v.2.weight'}
After trained on task 1 tensor(0.1141, device='cuda:0') tensor(0.1668, device='cuda:0')
After trained on task 1 tensor(0.2455, device='cuda:0') tensor(0.2096, device='cuda:0')
After trained on task 1 tensor(0.1700, device='cuda:0') tensor(0.2225, device='cuda:0')
After trained on task 1 tensor(0.1554, device='cuda:0') tensor(0.3118, device='cuda:0')
After trained on task 1 tensor(0.2366, device='cuda:0') tensor(0.3427, device='cuda:0')
After trained on task 1 tensor(0.2674, device='cuda:0') tensor(0.3360, device='cuda:0')
After trained on task 1 tensor(0.3177, device='cuda:0') tensor(0.3706, device='cuda:0')
After trained on task 1 tensor(0.3025, device='cuda:0') tensor(0.3383, device='cuda:0')
After trained on task 1 tensor(0.3642, device='cuda:0') tensor(0.3752, device='cuda:0')
After trained on task 1 tensor(0.4336, device='cuda:0') tensor(0.4500, device='cuda:0')
After trained on task 1 tensor(0.3352, device='cuda:0') tensor(0.4716, device='cuda:0')
After trained on task 1 tensor(0.4806, device='cuda:0') tensor(0.5169, device='cuda:0')
reserving basis 19/768; cond: 14433798586368.0, ratio:0.9907061457633972
reserving basis 19/768; cond: 14433798586368.0, ratio:0.9907061457633972
reserving basis 19/768; cond: 19289675399168.0, ratio:0.9906236529350281
reserving basis 19/768; cond: 19289675399168.0, ratio:0.9906236529350281
reserving basis 19/768; cond: 1416427077632.0, ratio:0.9926317930221558
reserving basis 19/768; cond: 1416427077632.0, ratio:0.9926317930221558
reserving basis 19/768; cond: 8084577058816.0, ratio:0.9924249053001404
reserving basis 19/768; cond: 8084577058816.0, ratio:0.9924249053001404
reserving basis 20/768; cond: 9121443086336.0, ratio:0.9999986290931702
reserving basis 20/768; cond: 9121443086336.0, ratio:0.9999986290931702
reserving basis 19/768; cond: 2585677266944.0, ratio:0.9909303188323975
reserving basis 19/768; cond: 2585677266944.0, ratio:0.9909303188323975
reserving basis 20/768; cond: 1247141036032.0, ratio:0.9999990463256836
reserving basis 20/768; cond: 1247141036032.0, ratio:0.9999990463256836
reserving basis 19/768; cond: 6211833430016.0, ratio:0.992201566696167
reserving basis 19/768; cond: 6211833430016.0, ratio:0.992201566696167
reserving basis 20/768; cond: 1913375031296.0, ratio:0.9999988079071045
reserving basis 20/768; cond: 1913375031296.0, ratio:0.9999988079071045
reserving basis 19/768; cond: 1015179444224.0, ratio:0.9945783019065857
reserving basis 19/768; cond: 1015179444224.0, ratio:0.9945783019065857
reserving basis 20/768; cond: 2461750788096.0, ratio:0.9999988079071045
reserving basis 20/768; cond: 2461750788096.0, ratio:0.9999988079071045
reserving basis 19/768; cond: 995908648960.0, ratio:0.994253933429718
reserving basis 19/768; cond: 995908648960.0, ratio:0.994253933429718
reserving basis 19/768; cond: 701947969536.0, ratio:0.9904681444168091
reserving basis 19/768; cond: 701947969536.0, ratio:0.9904681444168091
reserving basis 19/768; cond: 746253451264.0, ratio:0.9940676689147949
reserving basis 19/768; cond: 746253451264.0, ratio:0.9940676689147949
reserving basis 20/768; cond: 959331827712.0, ratio:0.9999988079071045
reserving basis 20/768; cond: 959331827712.0, ratio:0.9999988079071045
reserving basis 19/768; cond: 951285907456.0, ratio:0.9940303564071655
reserving basis 19/768; cond: 951285907456.0, ratio:0.9940303564071655
reserving basis 20/768; cond: 938505732096.0, ratio:0.9999988079071045
reserving basis 20/768; cond: 938505732096.0, ratio:0.9999988079071045
reserving basis 19/768; cond: 1773854392320.0, ratio:0.9925110340118408
reserving basis 19/768; cond: 1773854392320.0, ratio:0.9925110340118408
reserving basis 19/768; cond: 15186367873024.0, ratio:0.9912674427032471
reserving basis 19/768; cond: 15186367873024.0, ratio:0.9912674427032471
reserving basis 19/768; cond: 5882566934528.0, ratio:0.9934885501861572
reserving basis 19/768; cond: 5882566934528.0, ratio:0.9934885501861572
reserving basis 19/768; cond: 716520882176.0, ratio:0.992028534412384
reserving basis 19/768; cond: 716520882176.0, ratio:0.992028534412384
reserving basis 19/768; cond: 6269586374656.0, ratio:0.993950605392456
reserving basis 19/768; cond: 6269586374656.0, ratio:0.993950605392456
reserving basis 18/768; cond: 36615506362368.0, ratio:0.9938400983810425
reserving basis 18/768; cond: 36615506362368.0, ratio:0.9938400983810425
reserving basis 19/768; cond: 988073558016.0, ratio:0.9942538142204285
reserving basis 19/768; cond: 988073558016.0, ratio:0.9942538142204285
2026-04-27 10:06:08,520 [palora.py] => Task 2, Epoch 50/50 => Loss 0.456, Train_accy 96.84
2026-04-27 10:06:22,601 [trainer.py] => Time:506.1463928222656
820 820
2026-04-27 10:06:27,524 [trainer.py] => Time:4.922780990600586
2026-04-27 10:06:27,524 [trainer.py] => ACC: {'total': 89.39, '00-07': 88.38, '08-15': 85.84, '16-23': 92.9, 'old': 87.25, 'new': 92.9}
2026-04-27 10:06:27,524 [trainer.py] => ACC top1 curve: [93.31, 89.22, 89.39]
Average Accuracy: 90.64
2026-04-27 10:06:27,524 [trainer.py] => Average Accuracy: 90.64
2026-04-27 10:06:27,529 [trainer.py] => All params: 116878051
2026-04-27 10:06:27,533 [trainer.py] => Trainable params: 374792
2026-04-27 10:06:27,533 [palora.py] => Learning on 24-32
Parameters to be updated: {'image_encoder.blocks.4.attn.lora_B_v.3.weight', 'image_encoder.blocks.7.attn.lora_B_v.3.weight', 'image_encoder.blocks.10.attn.lora_B_v.3.weight', 'image_encoder.blocks.10.attn.lora_A_k.3.weight', 'image_encoder.blocks.5.attn.lora_A_k.3.weight', 'image_encoder.blocks.3.attn.lora_A_v.3.weight', 'image_encoder.blocks.7.attn.lora_B_k.3.weight', 'image_encoder.blocks.7.attn.lora_A_v.3.weight', 'image_encoder.blocks.6.attn.lora_A_k.3.weight', 'image_encoder.blocks.10.attn.lora_B_k.3.weight', 'image_encoder.blocks.6.attn.lora_B_k.3.weight', 'image_encoder.blocks.5.attn.lora_B_k.3.weight', 'classifier_pool.3.bias', 'image_encoder.blocks.4.attn.lora_A_k.3.weight', 'image_encoder.blocks.4.attn.lora_A_v.3.weight', 'image_encoder.blocks.3.attn.lora_B_k.3.weight', 'image_encoder.blocks.11.attn.lora_B_k.3.weight', 'image_encoder.blocks.1.attn.lora_A_v.3.weight', 'image_encoder.blocks.0.attn.lora_A_k.3.weight', 'image_encoder.blocks.8.attn.lora_B_k.3.weight', 'image_encoder.blocks.8.attn.lora_A_v.3.weight', 'image_encoder.blocks.9.attn.lora_A_v.3.weight', 'image_encoder.blocks.3.attn.lora_B_v.3.weight', 'image_encoder.blocks.9.attn.lora_B_v.3.weight', 'image_encoder.blocks.1.attn.lora_B_k.3.weight', 'image_encoder.blocks.8.attn.lora_A_k.3.weight', 'image_encoder.blocks.9.attn.lora_A_k.3.weight', 'image_encoder.blocks.2.attn.lora_A_k.3.weight', 'image_encoder.blocks.7.attn.lora_A_k.3.weight', 'image_encoder.blocks.5.attn.lora_A_v.3.weight', 'image_encoder.blocks.0.attn.lora_B_k.3.weight', 'image_encoder.blocks.9.attn.lora_B_k.3.weight', 'image_encoder.blocks.5.attn.lora_B_v.3.weight', 'image_encoder.blocks.0.attn.lora_A_v.3.weight', 'image_encoder.blocks.1.attn.lora_A_k.3.weight', 'image_encoder.blocks.6.attn.lora_B_v.3.weight', 'image_encoder.blocks.3.attn.lora_A_k.3.weight', 'image_encoder.blocks.11.attn.lora_A_k.3.weight', 'classifier_pool.3.weight', 'image_encoder.blocks.4.attn.lora_B_k.3.weight', 'image_encoder.blocks.10.attn.lora_A_v.3.weight', 'image_encoder.blocks.2.attn.lora_B_k.3.weight', 'image_encoder.blocks.2.attn.lora_A_v.3.weight', 'image_encoder.blocks.2.attn.lora_B_v.3.weight', 'image_encoder.blocks.8.attn.lora_B_v.3.weight', 'image_encoder.blocks.11.attn.lora_B_v.3.weight', 'image_encoder.blocks.6.attn.lora_A_v.3.weight', 'image_encoder.blocks.11.attn.lora_A_v.3.weight', 'image_encoder.blocks.0.attn.lora_B_v.3.weight', 'image_encoder.blocks.1.attn.lora_B_v.3.weight'}
After trained on task 2 tensor(0.1060, device='cuda:0') tensor(0.1794, device='cuda:0')
After trained on task 2 tensor(0.1411, device='cuda:0') tensor(0.1833, device='cuda:0')
After trained on task 2 tensor(0.1641, device='cuda:0') tensor(0.2068, device='cuda:0')
After trained on task 2 tensor(0.1455, device='cuda:0') tensor(0.2012, device='cuda:0')
After trained on task 2 tensor(0.1633, device='cuda:0') tensor(0.2973, device='cuda:0')
After trained on task 2 tensor(0.2103, device='cuda:0') tensor(0.3397, device='cuda:0')
After trained on task 2 tensor(0.2111, device='cuda:0') tensor(0.3295, device='cuda:0')
After trained on task 2 tensor(0.2206, device='cuda:0') tensor(0.3560, device='cuda:0')
After trained on task 2 tensor(0.2769, device='cuda:0') tensor(0.3377, device='cuda:0')
After trained on task 2 tensor(0.3402, device='cuda:0') tensor(0.3657, device='cuda:0')
After trained on task 2 tensor(0.4863, device='cuda:0') tensor(0.4638, device='cuda:0')
After trained on task 2 tensor(0.5899, device='cuda:0') tensor(0.5060, device='cuda:0')
reserving basis 28/768; cond: 1142056288256.0, ratio:0.9943985939025879
reserving basis 28/768; cond: 1142056288256.0, ratio:0.9943985939025879
reserving basis 28/768; cond: 849920589824.0, ratio:0.9946795105934143
reserving basis 28/768; cond: 849920589824.0, ratio:0.9946795105934143
reserving basis 28/768; cond: 617829040128.0, ratio:0.9940372705459595
reserving basis 28/768; cond: 617829040128.0, ratio:0.9940372705459595
reserving basis 28/768; cond: 386993258496.0, ratio:0.9951663017272949
reserving basis 28/768; cond: 386993258496.0, ratio:0.9951663017272949
reserving basis 29/768; cond: 3946717642752.0, ratio:0.992780864238739
reserving basis 29/768; cond: 3946717642752.0, ratio:0.992780864238739
reserving basis 28/768; cond: 665279856640.0, ratio:0.9942896366119385
reserving basis 28/768; cond: 665279856640.0, ratio:0.9942896366119385
reserving basis 29/768; cond: 593348657152.0, ratio:0.9926825165748596
reserving basis 29/768; cond: 593348657152.0, ratio:0.9926825165748596
reserving basis 28/768; cond: 954886651904.0, ratio:0.994239866733551
reserving basis 28/768; cond: 954886651904.0, ratio:0.994239866733551
reserving basis 29/768; cond: 1164890996736.0, ratio:0.9919753074645996
reserving basis 29/768; cond: 1164890996736.0, ratio:0.9919753074645996
reserving basis 28/768; cond: 1964146163712.0, ratio:0.9953476190567017
reserving basis 28/768; cond: 1964146163712.0, ratio:0.9953476190567017
reserving basis 29/768; cond: 676692951040.0, ratio:0.9939550757408142
reserving basis 29/768; cond: 676692951040.0, ratio:0.9939550757408142
reserving basis 27/768; cond: 1292692094976.0, ratio:0.9921600818634033
reserving basis 27/768; cond: 1292692094976.0, ratio:0.9921600818634033
reserving basis 28/768; cond: 1217578795008.0, ratio:0.994393527507782
reserving basis 28/768; cond: 1217578795008.0, ratio:0.994393527507782
reserving basis 27/768; cond: 290364391424.0, ratio:0.991421639919281
reserving basis 27/768; cond: 290364391424.0, ratio:0.991421639919281
reserving basis 29/768; cond: 17318169018368.0, ratio:0.9926922917366028
reserving basis 29/768; cond: 17318169018368.0, ratio:0.9926922917366028
reserving basis 27/768; cond: 597733081088.0, ratio:0.9901535511016846
reserving basis 27/768; cond: 597733081088.0, ratio:0.9901535511016846
reserving basis 29/768; cond: 391836139520.0, ratio:0.9941860437393188
reserving basis 29/768; cond: 391836139520.0, ratio:0.9941860437393188
reserving basis 27/768; cond: 18168907038720.0, ratio:0.991445779800415
reserving basis 27/768; cond: 18168907038720.0, ratio:0.991445779800415
reserving basis 28/768; cond: 5723980300288.0, ratio:0.9952106475830078
reserving basis 28/768; cond: 5723980300288.0, ratio:0.9952106475830078
reserving basis 27/768; cond: 195289694208.0, ratio:0.9922329187393188
reserving basis 27/768; cond: 195289694208.0, ratio:0.9922329187393188
reserving basis 27/768; cond: 10430839783424.0, ratio:0.9916645884513855
reserving basis 27/768; cond: 10430839783424.0, ratio:0.9916645884513855
reserving basis 27/768; cond: 6566385287168.0, ratio:0.9929795265197754
reserving basis 27/768; cond: 6566385287168.0, ratio:0.9929795265197754
reserving basis 25/768; cond: 530804932608.0, ratio:0.991074800491333
reserving basis 25/768; cond: 530804932608.0, ratio:0.991074800491333
reserving basis 27/768; cond: 825500958720.0, ratio:0.9935442805290222
reserving basis 27/768; cond: 825500958720.0, ratio:0.9935442805290222
2026-04-27 10:14:46,283 [palora.py] => Task 3, Epoch 50/50 => Loss 0.488, Train_accy 95.70
2026-04-27 10:15:01,272 [trainer.py] => Time:513.7387874126434
1170 1170
2026-04-27 10:15:06,877 [trainer.py] => Time:5.604862928390503
2026-04-27 10:15:06,878 [trainer.py] => ACC: {'total': 88.29, '00-07': 86.97, '08-15': 84.96, '16-23': 89.68, '24-31': 90.29, 'old': 87.44, 'new': 90.29}
2026-04-27 10:15:06,878 [trainer.py] => ACC top1 curve: [93.31, 89.22, 89.39, 88.29]
Average Accuracy: 90.05250000000001
2026-04-27 10:15:06,878 [trainer.py] => Average Accuracy: 90.05250000000001
2026-04-27 10:15:06,884 [trainer.py] => All params: 116878051
2026-04-27 10:15:06,889 [trainer.py] => Trainable params: 374792
2026-04-27 10:15:06,889 [palora.py] => Learning on 32-40
Parameters to be updated: {'image_encoder.blocks.1.attn.lora_B_k.4.weight', 'image_encoder.blocks.2.attn.lora_B_v.4.weight', 'image_encoder.blocks.2.attn.lora_A_k.4.weight', 'image_encoder.blocks.7.attn.lora_B_v.4.weight', 'image_encoder.blocks.9.attn.lora_B_k.4.weight', 'image_encoder.blocks.7.attn.lora_B_k.4.weight', 'image_encoder.blocks.8.attn.lora_B_k.4.weight', 'image_encoder.blocks.11.attn.lora_A_k.4.weight', 'image_encoder.blocks.5.attn.lora_B_k.4.weight', 'image_encoder.blocks.10.attn.lora_A_k.4.weight', 'image_encoder.blocks.9.attn.lora_B_v.4.weight', 'image_encoder.blocks.2.attn.lora_B_k.4.weight', 'image_encoder.blocks.6.attn.lora_B_v.4.weight', 'image_encoder.blocks.11.attn.lora_B_k.4.weight', 'image_encoder.blocks.11.attn.lora_A_v.4.weight', 'image_encoder.blocks.8.attn.lora_A_v.4.weight', 'image_encoder.blocks.0.attn.lora_B_v.4.weight', 'image_encoder.blocks.5.attn.lora_B_v.4.weight', 'image_encoder.blocks.1.attn.lora_A_v.4.weight', 'image_encoder.blocks.6.attn.lora_B_k.4.weight', 'image_encoder.blocks.3.attn.lora_A_k.4.weight', 'image_encoder.blocks.3.attn.lora_A_v.4.weight', 'image_encoder.blocks.0.attn.lora_A_k.4.weight', 'image_encoder.blocks.7.attn.lora_A_v.4.weight', 'image_encoder.blocks.5.attn.lora_A_k.4.weight', 'image_encoder.blocks.10.attn.lora_A_v.4.weight', 'image_encoder.blocks.1.attn.lora_A_k.4.weight', 'classifier_pool.4.weight', 'classifier_pool.4.bias', 'image_encoder.blocks.4.attn.lora_B_v.4.weight', 'image_encoder.blocks.1.attn.lora_B_v.4.weight', 'image_encoder.blocks.10.attn.lora_B_v.4.weight', 'image_encoder.blocks.7.attn.lora_A_k.4.weight', 'image_encoder.blocks.4.attn.lora_B_k.4.weight', 'image_encoder.blocks.8.attn.lora_A_k.4.weight', 'image_encoder.blocks.3.attn.lora_B_v.4.weight', 'image_encoder.blocks.10.attn.lora_B_k.4.weight', 'image_encoder.blocks.6.attn.lora_A_v.4.weight', 'image_encoder.blocks.0.attn.lora_B_k.4.weight', 'image_encoder.blocks.9.attn.lora_A_v.4.weight', 'image_encoder.blocks.6.attn.lora_A_k.4.weight', 'image_encoder.blocks.3.attn.lora_B_k.4.weight', 'image_encoder.blocks.2.attn.lora_A_v.4.weight', 'image_encoder.blocks.4.attn.lora_A_k.4.weight', 'image_encoder.blocks.11.attn.lora_B_v.4.weight', 'image_encoder.blocks.5.attn.lora_A_v.4.weight', 'image_encoder.blocks.4.attn.lora_A_v.4.weight', 'image_encoder.blocks.0.attn.lora_A_v.4.weight', 'image_encoder.blocks.9.attn.lora_A_k.4.weight', 'image_encoder.blocks.8.attn.lora_B_v.4.weight'}
After trained on task 3 tensor(0.1460, device='cuda:0') tensor(0.1205, device='cuda:0')
After trained on task 3 tensor(0.1273, device='cuda:0') tensor(0.1865, device='cuda:0')
After trained on task 3 tensor(0.1260, device='cuda:0') tensor(0.2054, device='cuda:0')
After trained on task 3 tensor(0.2024, device='cuda:0') tensor(0.2595, device='cuda:0')
After trained on task 3 tensor(0.1585, device='cuda:0') tensor(0.2357, device='cuda:0')
After trained on task 3 tensor(0.2072, device='cuda:0') tensor(0.2587, device='cuda:0')
After trained on task 3 tensor(0.2095, device='cuda:0') tensor(0.3240, device='cuda:0')
After trained on task 3 tensor(0.2490, device='cuda:0') tensor(0.3011, device='cuda:0')
After trained on task 3 tensor(0.3127, device='cuda:0') tensor(0.3709, device='cuda:0')
After trained on task 3 tensor(0.3423, device='cuda:0') tensor(0.4192, device='cuda:0')
After trained on task 3 tensor(0.3039, device='cuda:0') tensor(0.3676, device='cuda:0')
After trained on task 3 tensor(0.3897, device='cuda:0') tensor(0.5468, device='cuda:0')
reserving basis 36/768; cond: 327107641344.0, ratio:0.9928192496299744
reserving basis 36/768; cond: 327107641344.0, ratio:0.9928192496299744
reserving basis 36/768; cond: 162706636800.0, ratio:0.9931437373161316
reserving basis 36/768; cond: 162706636800.0, ratio:0.9931437373161316
reserving basis 36/768; cond: 1904196714496.0, ratio:0.991410493850708
reserving basis 36/768; cond: 1904196714496.0, ratio:0.991410493850708
reserving basis 36/768; cond: 155641380864.0, ratio:0.9932764768600464
reserving basis 36/768; cond: 155641380864.0, ratio:0.9932764768600464
reserving basis 38/768; cond: 323077373952.0, ratio:0.9955599904060364
reserving basis 38/768; cond: 323077373952.0, ratio:0.9955599904060364
reserving basis 36/768; cond: 653910671360.0, ratio:0.9908011555671692
reserving basis 36/768; cond: 653910671360.0, ratio:0.9908011555671692
reserving basis 38/768; cond: 3811779805184.0, ratio:0.9952089786529541
reserving basis 38/768; cond: 3811779805184.0, ratio:0.9952089786529541
reserving basis 36/768; cond: 1128197128192.0, ratio:0.992054283618927
reserving basis 36/768; cond: 1128197128192.0, ratio:0.992054283618927
reserving basis 38/768; cond: 252743630848.0, ratio:0.9945290684700012
reserving basis 38/768; cond: 252743630848.0, ratio:0.9945290684700012
reserving basis 36/768; cond: 243752796160.0, ratio:0.9939172267913818
reserving basis 36/768; cond: 243752796160.0, ratio:0.9939172267913818
reserving basis 37/768; cond: 842360946688.0, ratio:0.992397129535675
reserving basis 37/768; cond: 842360946688.0, ratio:0.992397129535675
reserving basis 35/768; cond: 1113004572672.0, ratio:0.9928487539291382
reserving basis 35/768; cond: 1113004572672.0, ratio:0.9928487539291382
reserving basis 36/768; cond: 568635621376.0, ratio:0.9913331866264343
reserving basis 36/768; cond: 568635621376.0, ratio:0.9913331866264343
reserving basis 35/768; cond: 403870547968.0, ratio:0.9934320449829102
reserving basis 35/768; cond: 403870547968.0, ratio:0.9934320449829102
reserving basis 37/768; cond: 472579964928.0, ratio:0.9910545945167542
reserving basis 37/768; cond: 472579964928.0, ratio:0.9910545945167542
reserving basis 35/768; cond: 147233307623424.0, ratio:0.992470383644104
reserving basis 35/768; cond: 147233307623424.0, ratio:0.992470383644104
reserving basis 37/768; cond: 403518554112.0, ratio:0.9932273626327515
reserving basis 37/768; cond: 403518554112.0, ratio:0.9932273626327515
reserving basis 35/768; cond: 2061114015744.0, ratio:0.9933229088783264
reserving basis 35/768; cond: 2061114015744.0, ratio:0.9933229088783264
reserving basis 36/768; cond: 8264177156096.0, ratio:0.9927892684936523
reserving basis 36/768; cond: 8264177156096.0, ratio:0.9927892684936523
reserving basis 34/768; cond: 1646022623232.0, ratio:0.9915391206741333
reserving basis 34/768; cond: 1646022623232.0, ratio:0.9915391206741333
reserving basis 35/768; cond: 574565515264.0, ratio:0.9937428832054138
reserving basis 35/768; cond: 574565515264.0, ratio:0.9937428832054138
reserving basis 34/768; cond: 303558590464.0, ratio:0.9920647740364075
reserving basis 34/768; cond: 303558590464.0, ratio:0.9920647740364075
reserving basis 32/768; cond: 2962918735872.0, ratio:0.9911231398582458
reserving basis 32/768; cond: 2962918735872.0, ratio:0.9911231398582458
reserving basis 34/768; cond: 106031005696.0, ratio:0.9929567575454712
reserving basis 34/768; cond: 106031005696.0, ratio:0.9929567575454712
2026-04-27 10:20:55,537 [palora.py] => Task 4, Epoch 50/50 => Loss 0.462, Train_accy 97.02
2026-04-27 10:21:07,969 [trainer.py] => Time:361.07930278778076
1329 1329
2026-04-27 10:21:14,264 [trainer.py] => Time:6.2947752475738525
2026-04-27 10:21:14,264 [trainer.py] => ACC: {'total': 86.61, '00-07': 84.15, '08-15': 84.07, '16-23': 87.42, '24-31': 89.71, '32-39': 86.16, 'old': 86.67, 'new': 86.16}
2026-04-27 10:21:14,264 [trainer.py] => ACC top1 curve: [93.31, 89.22, 89.39, 88.29, 86.61]
Average Accuracy: 89.364
2026-04-27 10:21:14,264 [trainer.py] => Average Accuracy: 89.364
2026-04-27 10:21:14,270 [trainer.py] => All params: 116878051
2026-04-27 10:21:14,275 [trainer.py] => Trainable params: 374792
2026-04-27 10:21:14,275 [palora.py] => Learning on 40-48
Parameters to be updated: {'image_encoder.blocks.5.attn.lora_B_v.5.weight', 'image_encoder.blocks.4.attn.lora_A_k.5.weight', 'image_encoder.blocks.2.attn.lora_A_k.5.weight', 'image_encoder.blocks.10.attn.lora_A_v.5.weight', 'classifier_pool.5.weight', 'image_encoder.blocks.8.attn.lora_B_k.5.weight', 'image_encoder.blocks.3.attn.lora_A_v.5.weight', 'image_encoder.blocks.6.attn.lora_B_k.5.weight', 'image_encoder.blocks.8.attn.lora_A_k.5.weight', 'image_encoder.blocks.11.attn.lora_B_k.5.weight', 'image_encoder.blocks.11.attn.lora_B_v.5.weight', 'image_encoder.blocks.9.attn.lora_A_v.5.weight', 'image_encoder.blocks.3.attn.lora_B_v.5.weight', 'image_encoder.blocks.1.attn.lora_B_v.5.weight', 'image_encoder.blocks.4.attn.lora_B_v.5.weight', 'image_encoder.blocks.9.attn.lora_A_k.5.weight', 'image_encoder.blocks.5.attn.lora_B_k.5.weight', 'image_encoder.blocks.4.attn.lora_B_k.5.weight', 'image_encoder.blocks.7.attn.lora_A_v.5.weight', 'image_encoder.blocks.11.attn.lora_A_k.5.weight', 'image_encoder.blocks.3.attn.lora_A_k.5.weight', 'image_encoder.blocks.11.attn.lora_A_v.5.weight', 'classifier_pool.5.bias', 'image_encoder.blocks.0.attn.lora_A_k.5.weight', 'image_encoder.blocks.0.attn.lora_A_v.5.weight', 'image_encoder.blocks.7.attn.lora_B_v.5.weight', 'image_encoder.blocks.3.attn.lora_B_k.5.weight', 'image_encoder.blocks.2.attn.lora_B_k.5.weight', 'image_encoder.blocks.4.attn.lora_A_v.5.weight', 'image_encoder.blocks.8.attn.lora_A_v.5.weight', 'image_encoder.blocks.6.attn.lora_A_v.5.weight', 'image_encoder.blocks.8.attn.lora_B_v.5.weight', 'image_encoder.blocks.6.attn.lora_A_k.5.weight', 'image_encoder.blocks.5.attn.lora_A_v.5.weight', 'image_encoder.blocks.7.attn.lora_A_k.5.weight', 'image_encoder.blocks.10.attn.lora_B_v.5.weight', 'image_encoder.blocks.9.attn.lora_B_k.5.weight', 'image_encoder.blocks.1.attn.lora_A_v.5.weight', 'image_encoder.blocks.0.attn.lora_B_k.5.weight', 'image_encoder.blocks.5.attn.lora_A_k.5.weight', 'image_encoder.blocks.0.attn.lora_B_v.5.weight', 'image_encoder.blocks.9.attn.lora_B_v.5.weight', 'image_encoder.blocks.10.attn.lora_A_k.5.weight', 'image_encoder.blocks.10.attn.lora_B_k.5.weight', 'image_encoder.blocks.2.attn.lora_B_v.5.weight', 'image_encoder.blocks.2.attn.lora_A_v.5.weight', 'image_encoder.blocks.7.attn.lora_B_k.5.weight', 'image_encoder.blocks.6.attn.lora_B_v.5.weight', 'image_encoder.blocks.1.attn.lora_A_k.5.weight', 'image_encoder.blocks.1.attn.lora_B_k.5.weight'}
After trained on task 4 tensor(0.0468, device='cuda:0') tensor(0.0627, device='cuda:0')
After trained on task 4 tensor(0.0739, device='cuda:0') tensor(0.0778, device='cuda:0')
After trained on task 4 tensor(0.0965, device='cuda:0') tensor(0.1026, device='cuda:0')
After trained on task 4 tensor(0.0695, device='cuda:0') tensor(0.1587, device='cuda:0')
After trained on task 4 tensor(0.0852, device='cuda:0') tensor(0.1386, device='cuda:0')
After trained on task 4 tensor(0.1117, device='cuda:0') tensor(0.1747, device='cuda:0')
After trained on task 4 tensor(0.1261, device='cuda:0') tensor(0.1928, device='cuda:0')
After trained on task 4 tensor(0.1506, device='cuda:0') tensor(0.1898, device='cuda:0')
After trained on task 4 tensor(0.1558, device='cuda:0') tensor(0.2221, device='cuda:0')
After trained on task 4 tensor(0.1851, device='cuda:0') tensor(0.2400, device='cuda:0')
After trained on task 4 tensor(0.1791, device='cuda:0') tensor(0.3106, device='cuda:0')
After trained on task 4 tensor(0.3262, device='cuda:0') tensor(0.3094, device='cuda:0')
reserving basis 43/768; cond: 404323106816.0, ratio:0.9922329783439636
reserving basis 43/768; cond: 404323106816.0, ratio:0.9922329783439636
reserving basis 44/768; cond: 3445683126272.0, ratio:0.9940853118896484
reserving basis 44/768; cond: 3445683126272.0, ratio:0.9940853118896484
reserving basis 43/768; cond: 621131792384.0, ratio:0.9900467991828918
reserving basis 43/768; cond: 621131792384.0, ratio:0.9900467991828918
reserving basis 43/768; cond: 66033426432.0, ratio:0.9901528358459473
reserving basis 43/768; cond: 66033426432.0, ratio:0.9901528358459473
reserving basis 46/768; cond: 334357692416.0, ratio:0.9938012361526489
reserving basis 46/768; cond: 334357692416.0, ratio:0.9938012361526489
reserving basis 44/768; cond: 185500860416.0, ratio:0.9925156831741333
reserving basis 44/768; cond: 185500860416.0, ratio:0.9925156831741333
reserving basis 46/768; cond: 148959248384.0, ratio:0.9924749135971069
reserving basis 46/768; cond: 148959248384.0, ratio:0.9924749135971069
reserving basis 43/768; cond: 292436049920.0, ratio:0.9912572503089905
reserving basis 43/768; cond: 292436049920.0, ratio:0.9912572503089905
reserving basis 46/768; cond: 470609788928.0, ratio:0.9916069507598877
reserving basis 46/768; cond: 470609788928.0, ratio:0.9916069507598877
reserving basis 43/768; cond: 85857370112.0, ratio:0.9902988076210022
reserving basis 43/768; cond: 85857370112.0, ratio:0.9902988076210022
reserving basis 45/768; cond: 149454995456.0, ratio:0.9932712912559509
reserving basis 45/768; cond: 149454995456.0, ratio:0.9932712912559509
reserving basis 42/768; cond: 284527263744.0, ratio:0.9907548427581787
reserving basis 42/768; cond: 284527263744.0, ratio:0.9907548427581787
reserving basis 43/768; cond: 225907408896.0, ratio:0.9904699325561523
reserving basis 43/768; cond: 225907408896.0, ratio:0.9904699325561523
reserving basis 42/768; cond: 38453792768.0, ratio:0.991446852684021
reserving basis 42/768; cond: 38453792768.0, ratio:0.991446852684021
reserving basis 45/768; cond: 780774932480.0, ratio:0.9928160309791565
reserving basis 45/768; cond: 780774932480.0, ratio:0.9928160309791565
reserving basis 43/768; cond: 194513043456.0, ratio:0.9935182929039001
reserving basis 43/768; cond: 194513043456.0, ratio:0.9935182929039001
reserving basis 45/768; cond: 63454240768.0, ratio:0.9936500191688538
reserving basis 45/768; cond: 63454240768.0, ratio:0.9936500191688538
reserving basis 42/768; cond: 203305467904.0, ratio:0.9919098615646362
reserving basis 42/768; cond: 203305467904.0, ratio:0.9919098615646362
reserving basis 43/768; cond: 122919297024.0, ratio:0.9910080432891846
reserving basis 43/768; cond: 122919297024.0, ratio:0.9910080432891846
reserving basis 41/768; cond: 47374831616.0, ratio:0.9913196563720703
reserving basis 41/768; cond: 47374831616.0, ratio:0.9913196563720703
reserving basis 42/768; cond: 723892240384.0, ratio:0.9901756048202515
reserving basis 42/768; cond: 723892240384.0, ratio:0.9901756048202515
reserving basis 40/768; cond: 571509047296.0, ratio:0.990268886089325
reserving basis 40/768; cond: 571509047296.0, ratio:0.990268886089325
reserving basis 38/768; cond: 2408595587072.0, ratio:0.9913393259048462
reserving basis 38/768; cond: 2408595587072.0, ratio:0.9913393259048462
reserving basis 41/768; cond: 47713427456.0, ratio:0.9933430552482605
reserving basis 41/768; cond: 47713427456.0, ratio:0.9933430552482605
2026-04-27 10:26:25,744 [palora.py] => Task 5, Epoch 50/50 => Loss 0.623, Train_accy 93.90
2026-04-27 10:26:37,172 [trainer.py] => Time:322.89732837677
1470 1470
2026-04-27 10:26:43,471 [trainer.py] => Time:6.298739194869995
2026-04-27 10:26:43,472 [trainer.py] => ACC: {'total': 85.71, '00-07': 83.8, '08-15': 83.63, '16-23': 88.06, '24-31': 89.14, '32-39': 84.28, '40-47': 80.85, 'old': 86.23, 'new': 80.85}
2026-04-27 10:26:43,472 [trainer.py] => ACC top1 curve: [93.31, 89.22, 89.39, 88.29, 86.61, 85.71]
Average Accuracy: 88.75500000000001
2026-04-27 10:26:43,472 [trainer.py] => Average Accuracy: 88.75500000000001
2026-04-27 10:26:43,477 [trainer.py] => All params: 116878051
2026-04-27 10:26:43,482 [trainer.py] => Trainable params: 374792
2026-04-27 10:26:43,482 [palora.py] => Learning on 48-56
Parameters to be updated: {'image_encoder.blocks.4.attn.lora_B_v.6.weight', 'image_encoder.blocks.5.attn.lora_A_k.6.weight', 'image_encoder.blocks.6.attn.lora_A_k.6.weight', 'image_encoder.blocks.6.attn.lora_B_k.6.weight', 'image_encoder.blocks.9.attn.lora_B_v.6.weight', 'image_encoder.blocks.9.attn.lora_B_k.6.weight', 'image_encoder.blocks.1.attn.lora_A_k.6.weight', 'image_encoder.blocks.9.attn.lora_A_v.6.weight', 'image_encoder.blocks.8.attn.lora_A_v.6.weight', 'image_encoder.blocks.1.attn.lora_B_k.6.weight', 'image_encoder.blocks.6.attn.lora_A_v.6.weight', 'image_encoder.blocks.8.attn.lora_B_k.6.weight', 'image_encoder.blocks.11.attn.lora_B_v.6.weight', 'image_encoder.blocks.2.attn.lora_B_k.6.weight', 'classifier_pool.6.weight', 'image_encoder.blocks.3.attn.lora_A_v.6.weight', 'image_encoder.blocks.9.attn.lora_A_k.6.weight', 'image_encoder.blocks.5.attn.lora_A_v.6.weight', 'image_encoder.blocks.2.attn.lora_B_v.6.weight', 'image_encoder.blocks.8.attn.lora_A_k.6.weight', 'image_encoder.blocks.1.attn.lora_B_v.6.weight', 'image_encoder.blocks.10.attn.lora_B_v.6.weight', 'image_encoder.blocks.0.attn.lora_B_v.6.weight', 'classifier_pool.6.bias', 'image_encoder.blocks.7.attn.lora_A_v.6.weight', 'image_encoder.blocks.0.attn.lora_A_k.6.weight', 'image_encoder.blocks.11.attn.lora_A_k.6.weight', 'image_encoder.blocks.6.attn.lora_B_v.6.weight', 'image_encoder.blocks.3.attn.lora_B_v.6.weight', 'image_encoder.blocks.8.attn.lora_B_v.6.weight', 'image_encoder.blocks.4.attn.lora_A_v.6.weight', 'image_encoder.blocks.3.attn.lora_B_k.6.weight', 'image_encoder.blocks.7.attn.lora_B_v.6.weight', 'image_encoder.blocks.2.attn.lora_A_v.6.weight', 'image_encoder.blocks.10.attn.lora_B_k.6.weight', 'image_encoder.blocks.5.attn.lora_B_v.6.weight', 'image_encoder.blocks.0.attn.lora_A_v.6.weight', 'image_encoder.blocks.3.attn.lora_A_k.6.weight', 'image_encoder.blocks.2.attn.lora_A_k.6.weight', 'image_encoder.blocks.11.attn.lora_B_k.6.weight', 'image_encoder.blocks.5.attn.lora_B_k.6.weight', 'image_encoder.blocks.1.attn.lora_A_v.6.weight', 'image_encoder.blocks.4.attn.lora_B_k.6.weight', 'image_encoder.blocks.0.attn.lora_B_k.6.weight', 'image_encoder.blocks.7.attn.lora_B_k.6.weight', 'image_encoder.blocks.4.attn.lora_A_k.6.weight', 'image_encoder.blocks.11.attn.lora_A_v.6.weight', 'image_encoder.blocks.10.attn.lora_A_v.6.weight', 'image_encoder.blocks.10.attn.lora_A_k.6.weight', 'image_encoder.blocks.7.attn.lora_A_k.6.weight'}
After trained on task 5 tensor(0.1073, device='cuda:0') tensor(0.0659, device='cuda:0')
After trained on task 5 tensor(0.0925, device='cuda:0') tensor(0.0856, device='cuda:0')
After trained on task 5 tensor(0.0940, device='cuda:0') tensor(0.1129, device='cuda:0')
After trained on task 5 tensor(0.0738, device='cuda:0') tensor(0.1042, device='cuda:0')
After trained on task 5 tensor(0.0972, device='cuda:0') tensor(0.1352, device='cuda:0')
After trained on task 5 tensor(0.0996, device='cuda:0') tensor(0.1446, device='cuda:0')
After trained on task 5 tensor(0.1262, device='cuda:0') tensor(0.1580, device='cuda:0')
After trained on task 5 tensor(0.1189, device='cuda:0') tensor(0.1644, device='cuda:0')
After trained on task 5 tensor(0.1603, device='cuda:0') tensor(0.1800, device='cuda:0')
After trained on task 5 tensor(0.1830, device='cuda:0') tensor(0.2062, device='cuda:0')
After trained on task 5 tensor(0.2801, device='cuda:0') tensor(0.2470, device='cuda:0')
After trained on task 5 tensor(0.3808, device='cuda:0') tensor(0.2603, device='cuda:0')
reserving basis 50/768; cond: 451512303616.0, ratio:0.9920428395271301
reserving basis 50/768; cond: 451512303616.0, ratio:0.9920428395271301
reserving basis 51/768; cond: 46191837184.0, ratio:0.9920332431793213
reserving basis 51/768; cond: 46191837184.0, ratio:0.9920332431793213
reserving basis 50/768; cond: 97170989056.0, ratio:0.9915380477905273
reserving basis 50/768; cond: 97170989056.0, ratio:0.9915380477905273
reserving basis 50/768; cond: 111500435456.0, ratio:0.990342378616333
reserving basis 50/768; cond: 111500435456.0, ratio:0.990342378616333
reserving basis 53/768; cond: 113622073344.0, ratio:0.9906882643699646
reserving basis 53/768; cond: 113622073344.0, ratio:0.9906882643699646
reserving basis 51/768; cond: 235196563456.0, ratio:0.9903299808502197
reserving basis 51/768; cond: 235196563456.0, ratio:0.9903299808502197
reserving basis 53/768; cond: 57170071552.0, ratio:0.9904234409332275
reserving basis 53/768; cond: 57170071552.0, ratio:0.9904234409332275
reserving basis 50/768; cond: 121966870528.0, ratio:0.9901455640792847
reserving basis 50/768; cond: 121966870528.0, ratio:0.9901455640792847
reserving basis 54/768; cond: 922480934912.0, ratio:0.9933876395225525
reserving basis 54/768; cond: 922480934912.0, ratio:0.9933876395225525
reserving basis 50/768; cond: 159205097472.0, ratio:0.9919146299362183
reserving basis 50/768; cond: 159205097472.0, ratio:0.9919146299362183
reserving basis 53/768; cond: 391314210816.0, ratio:0.9933858513832092
reserving basis 53/768; cond: 391314210816.0, ratio:0.9933858513832092
reserving basis 49/768; cond: 649887481856.0, ratio:0.9922035932540894
reserving basis 49/768; cond: 649887481856.0, ratio:0.9922035932540894
reserving basis 50/768; cond: 33871091712.0, ratio:0.9910641312599182
reserving basis 50/768; cond: 33871091712.0, ratio:0.9910641312599182
reserving basis 49/768; cond: 367554527232.0, ratio:0.991744339466095
reserving basis 49/768; cond: 367554527232.0, ratio:0.991744339466095
reserving basis 52/768; cond: 2360926273536.0, ratio:0.9902975559234619
reserving basis 52/768; cond: 2360926273536.0, ratio:0.9902975559234619
reserving basis 50/768; cond: 225747369984.0, ratio:0.9912533760070801
reserving basis 50/768; cond: 225747369984.0, ratio:0.9912533760070801
reserving basis 52/768; cond: 96921264128.0, ratio:0.9913803935050964
reserving basis 52/768; cond: 96921264128.0, ratio:0.9913803935050964
reserving basis 49/768; cond: 391282130944.0, ratio:0.9919564127922058
reserving basis 49/768; cond: 391282130944.0, ratio:0.9919564127922058
reserving basis 50/768; cond: 232698462208.0, ratio:0.9929874539375305
reserving basis 50/768; cond: 232698462208.0, ratio:0.9929874539375305
reserving basis 47/768; cond: 87874617344.0, ratio:0.9914038181304932
reserving basis 47/768; cond: 87874617344.0, ratio:0.9914038181304932
reserving basis 48/768; cond: 263567310848.0, ratio:0.991948127746582
reserving basis 48/768; cond: 263567310848.0, ratio:0.991948127746582
reserving basis 46/768; cond: 321346273280.0, ratio:0.9918760061264038
reserving basis 46/768; cond: 321346273280.0, ratio:0.9918760061264038
reserving basis 42/768; cond: 740860559360.0, ratio:0.990257740020752
reserving basis 42/768; cond: 740860559360.0, ratio:0.990257740020752
reserving basis 47/768; cond: 676597596160.0, ratio:0.9926161170005798
reserving basis 47/768; cond: 676597596160.0, ratio:0.9926161170005798
2026-04-27 10:32:33,624 [palora.py] => Task 6, Epoch 50/50 => Loss 0.555, Train_accy 94.89
2026-04-27 10:32:45,360 [trainer.py] => Time:361.8784053325653
1658 1658
2026-04-27 10:32:52,026 [trainer.py] => Time:6.665260314941406
2026-04-27 10:32:52,026 [trainer.py] => ACC: {'total': 85.95, '00-07': 84.51, '08-15': 83.19, '16-23': 88.71, '24-31': 88.86, '32-39': 84.91, '40-47': 78.72, '48-55': 87.77, 'old': 85.71, 'new': 87.77}
2026-04-27 10:32:52,026 [trainer.py] => ACC top1 curve: [93.31, 89.22, 89.39, 88.29, 86.61, 85.71, 85.95]
Average Accuracy: 88.35428571428574
2026-04-27 10:32:52,026 [trainer.py] => Average Accuracy: 88.35428571428574
2026-04-27 10:32:52,031 [trainer.py] => All params: 116878051
2026-04-27 10:32:52,035 [trainer.py] => Trainable params: 374792
2026-04-27 10:32:52,035 [palora.py] => Learning on 56-64
Parameters to be updated: {'image_encoder.blocks.6.attn.lora_B_k.7.weight', 'classifier_pool.7.weight', 'image_encoder.blocks.6.attn.lora_A_k.7.weight', 'image_encoder.blocks.4.attn.lora_B_k.7.weight', 'image_encoder.blocks.4.attn.lora_A_v.7.weight', 'image_encoder.blocks.10.attn.lora_B_k.7.weight', 'image_encoder.blocks.3.attn.lora_A_v.7.weight', 'image_encoder.blocks.4.attn.lora_B_v.7.weight', 'image_encoder.blocks.1.attn.lora_B_k.7.weight', 'image_encoder.blocks.0.attn.lora_B_k.7.weight', 'image_encoder.blocks.5.attn.lora_B_k.7.weight', 'image_encoder.blocks.9.attn.lora_B_v.7.weight', 'image_encoder.blocks.4.attn.lora_A_k.7.weight', 'image_encoder.blocks.1.attn.lora_B_v.7.weight', 'image_encoder.blocks.2.attn.lora_A_k.7.weight', 'image_encoder.blocks.5.attn.lora_A_k.7.weight', 'image_encoder.blocks.10.attn.lora_B_v.7.weight', 'image_encoder.blocks.8.attn.lora_A_k.7.weight', 'image_encoder.blocks.1.attn.lora_A_k.7.weight', 'image_encoder.blocks.8.attn.lora_B_k.7.weight', 'image_encoder.blocks.11.attn.lora_A_v.7.weight', 'image_encoder.blocks.6.attn.lora_A_v.7.weight', 'image_encoder.blocks.9.attn.lora_B_k.7.weight', 'image_encoder.blocks.0.attn.lora_A_v.7.weight', 'image_encoder.blocks.8.attn.lora_A_v.7.weight', 'image_encoder.blocks.10.attn.lora_A_k.7.weight', 'image_encoder.blocks.7.attn.lora_B_k.7.weight', 'image_encoder.blocks.2.attn.lora_B_v.7.weight', 'image_encoder.blocks.1.attn.lora_A_v.7.weight', 'image_encoder.blocks.3.attn.lora_B_k.7.weight', 'image_encoder.blocks.9.attn.lora_A_k.7.weight', 'image_encoder.blocks.3.attn.lora_A_k.7.weight', 'image_encoder.blocks.0.attn.lora_B_v.7.weight', 'image_encoder.blocks.7.attn.lora_A_v.7.weight', 'image_encoder.blocks.11.attn.lora_B_v.7.weight', 'classifier_pool.7.bias', 'image_encoder.blocks.2.attn.lora_B_k.7.weight', 'image_encoder.blocks.7.attn.lora_A_k.7.weight', 'image_encoder.blocks.0.attn.lora_A_k.7.weight', 'image_encoder.blocks.10.attn.lora_A_v.7.weight', 'image_encoder.blocks.2.attn.lora_A_v.7.weight', 'image_encoder.blocks.7.attn.lora_B_v.7.weight', 'image_encoder.blocks.3.attn.lora_B_v.7.weight', 'image_encoder.blocks.9.attn.lora_A_v.7.weight', 'image_encoder.blocks.5.attn.lora_B_v.7.weight', 'image_encoder.blocks.6.attn.lora_B_v.7.weight', 'image_encoder.blocks.5.attn.lora_A_v.7.weight', 'image_encoder.blocks.8.attn.lora_B_v.7.weight', 'image_encoder.blocks.11.attn.lora_A_k.7.weight', 'image_encoder.blocks.11.attn.lora_B_k.7.weight'}
After trained on task 6 tensor(0.0881, device='cuda:0') tensor(0.0619, device='cuda:0')
After trained on task 6 tensor(0.0645, device='cuda:0') tensor(0.0705, device='cuda:0')
After trained on task 6 tensor(0.0623, device='cuda:0') tensor(0.0823, device='cuda:0')
After trained on task 6 tensor(0.0740, device='cuda:0') tensor(0.1213, device='cuda:0')
After trained on task 6 tensor(0.0760, device='cuda:0') tensor(0.1337, device='cuda:0')
After trained on task 6 tensor(0.0953, device='cuda:0') tensor(0.1626, device='cuda:0')
After trained on task 6 tensor(0.1296, device='cuda:0') tensor(0.1610, device='cuda:0')
After trained on task 6 tensor(0.1604, device='cuda:0') tensor(0.1764, device='cuda:0')
After trained on task 6 tensor(0.1540, device='cuda:0') tensor(0.1860, device='cuda:0')
After trained on task 6 tensor(0.1588, device='cuda:0') tensor(0.2810, device='cuda:0')
After trained on task 6 tensor(0.1979, device='cuda:0') tensor(0.2868, device='cuda:0')
After trained on task 6 tensor(0.2477, device='cuda:0') tensor(0.2622, device='cuda:0')
reserving basis 56/768; cond: 472234459136.0, ratio:0.9918758869171143
reserving basis 56/768; cond: 472234459136.0, ratio:0.9918758869171143
reserving basis 58/768; cond: 36812390400.0, ratio:0.993155837059021
reserving basis 58/768; cond: 36812390400.0, ratio:0.993155837059021
reserving basis 57/768; cond: 595230064640.0, ratio:0.9921285510063171
reserving basis 57/768; cond: 595230064640.0, ratio:0.9921285510063171
reserving basis 57/768; cond: 408482775040.0, ratio:0.9926614165306091
reserving basis 57/768; cond: 408482775040.0, ratio:0.9926614165306091
reserving basis 60/768; cond: 434878939136.0, ratio:0.9913926124572754
reserving basis 60/768; cond: 434878939136.0, ratio:0.9913926124572754
reserving basis 58/768; cond: 90842161152.0, ratio:0.9919914603233337
reserving basis 58/768; cond: 90842161152.0, ratio:0.9919914603233337
reserving basis 60/768; cond: 129421369344.0, ratio:0.9908295273780823
reserving basis 60/768; cond: 129421369344.0, ratio:0.9908295273780823
reserving basis 57/768; cond: 53471563776.0, ratio:0.9917980432510376
reserving basis 57/768; cond: 53471563776.0, ratio:0.9917980432510376
reserving basis 61/768; cond: 152447713280.0, ratio:0.9909670352935791
reserving basis 61/768; cond: 152447713280.0, ratio:0.9909670352935791
reserving basis 57/768; cond: 261826674688.0, ratio:0.9923173785209656
reserving basis 57/768; cond: 261826674688.0, ratio:0.9923173785209656
reserving basis 60/768; cond: 135813275648.0, ratio:0.9912364482879639
reserving basis 60/768; cond: 135813275648.0, ratio:0.9912364482879639
reserving basis 55/768; cond: 422602375168.0, ratio:0.9901807904243469
reserving basis 55/768; cond: 422602375168.0, ratio:0.9901807904243469
reserving basis 57/768; cond: 113298096128.0, ratio:0.9923694133758545
reserving basis 57/768; cond: 113298096128.0, ratio:0.9923694133758545
reserving basis 56/768; cond: 231472758784.0, ratio:0.9921813011169434
reserving basis 56/768; cond: 231472758784.0, ratio:0.9921813011169434
reserving basis 59/768; cond: 84622106624.0, ratio:0.9919953942298889
reserving basis 59/768; cond: 84622106624.0, ratio:0.9919953942298889
reserving basis 57/768; cond: 182682943488.0, ratio:0.9922560453414917
reserving basis 57/768; cond: 182682943488.0, ratio:0.9922560453414917
reserving basis 58/768; cond: 669477175296.0, ratio:0.9906943440437317
reserving basis 58/768; cond: 669477175296.0, ratio:0.9906943440437317
reserving basis 55/768; cond: 214791290880.0, ratio:0.9904463291168213
reserving basis 55/768; cond: 214791290880.0, ratio:0.9904463291168213
reserving basis 57/768; cond: 333855981568.0, ratio:0.9925578236579895
reserving basis 57/768; cond: 333855981568.0, ratio:0.9925578236579895
reserving basis 53/768; cond: 36180938752.0, ratio:0.9919337034225464
reserving basis 53/768; cond: 36180938752.0, ratio:0.9919337034225464
reserving basis 54/768; cond: 281481969664.0, ratio:0.9920276999473572
reserving basis 54/768; cond: 281481969664.0, ratio:0.9920276999473572
reserving basis 52/768; cond: 1209583009792.0, ratio:0.9919446110725403
reserving basis 52/768; cond: 1209583009792.0, ratio:0.9919446110725403
reserving basis 47/768; cond: 745618604032.0, ratio:0.9922953248023987
reserving basis 47/768; cond: 745618604032.0, ratio:0.9922953248023987
reserving basis 52/768; cond: 26535657472.0, ratio:0.9917304515838623
reserving basis 52/768; cond: 26535657472.0, ratio:0.9917304515838623
2026-04-27 10:39:42,148 [palora.py] => Task 7, Epoch 50/50 => Loss 0.557, Train_accy 94.48
2026-04-27 10:39:55,342 [trainer.py] => Time:423.3069694042206
1902 1902
2026-04-27 10:40:02,207 [trainer.py] => Time:6.8645429611206055
2026-04-27 10:40:02,207 [trainer.py] => ACC: {'total': 85.28, '00-07': 84.15, '08-15': 83.19, '16-23': 88.39, '24-31': 87.71, '32-39': 83.02, '40-47': 78.01, '48-55': 85.64, '56-63': 86.48, 'old': 85.1, 'new': 86.48}
2026-04-27 10:40:02,207 [trainer.py] => ACC top1 curve: [93.31, 89.22, 89.39, 88.29, 86.61, 85.71, 85.95, 85.28]
Average Accuracy: 87.97000000000001
2026-04-27 10:40:02,207 [trainer.py] => Average Accuracy: 87.97000000000001
2026-04-27 10:40:02,212 [trainer.py] => All params: 116878051
2026-04-27 10:40:02,216 [trainer.py] => Trainable params: 374792
2026-04-27 10:40:02,216 [palora.py] => Learning on 64-72
Parameters to be updated: {'image_encoder.blocks.8.attn.lora_A_k.8.weight', 'image_encoder.blocks.3.attn.lora_A_k.8.weight', 'image_encoder.blocks.1.attn.lora_B_v.8.weight', 'image_encoder.blocks.11.attn.lora_B_v.8.weight', 'image_encoder.blocks.3.attn.lora_B_v.8.weight', 'image_encoder.blocks.5.attn.lora_A_k.8.weight', 'classifier_pool.8.weight', 'image_encoder.blocks.4.attn.lora_A_v.8.weight', 'image_encoder.blocks.0.attn.lora_A_k.8.weight', 'image_encoder.blocks.1.attn.lora_A_v.8.weight', 'image_encoder.blocks.8.attn.lora_A_v.8.weight', 'image_encoder.blocks.2.attn.lora_A_v.8.weight', 'image_encoder.blocks.9.attn.lora_A_v.8.weight', 'image_encoder.blocks.11.attn.lora_A_k.8.weight', 'image_encoder.blocks.6.attn.lora_A_v.8.weight', 'image_encoder.blocks.10.attn.lora_B_k.8.weight', 'image_encoder.blocks.1.attn.lora_A_k.8.weight', 'image_encoder.blocks.7.attn.lora_A_k.8.weight', 'image_encoder.blocks.10.attn.lora_A_k.8.weight', 'image_encoder.blocks.6.attn.lora_A_k.8.weight', 'image_encoder.blocks.4.attn.lora_B_v.8.weight', 'image_encoder.blocks.7.attn.lora_B_k.8.weight', 'image_encoder.blocks.4.attn.lora_B_k.8.weight', 'image_encoder.blocks.2.attn.lora_B_v.8.weight', 'image_encoder.blocks.4.attn.lora_A_k.8.weight', 'image_encoder.blocks.7.attn.lora_B_v.8.weight', 'image_encoder.blocks.9.attn.lora_A_k.8.weight', 'image_encoder.blocks.2.attn.lora_A_k.8.weight', 'image_encoder.blocks.11.attn.lora_A_v.8.weight', 'image_encoder.blocks.0.attn.lora_A_v.8.weight', 'image_encoder.blocks.2.attn.lora_B_k.8.weight', 'image_encoder.blocks.8.attn.lora_B_v.8.weight', 'image_encoder.blocks.3.attn.lora_B_k.8.weight', 'image_encoder.blocks.1.attn.lora_B_k.8.weight', 'image_encoder.blocks.7.attn.lora_A_v.8.weight', 'image_encoder.blocks.9.attn.lora_B_v.8.weight', 'image_encoder.blocks.3.attn.lora_A_v.8.weight', 'image_encoder.blocks.0.attn.lora_B_v.8.weight', 'image_encoder.blocks.5.attn.lora_B_v.8.weight', 'image_encoder.blocks.6.attn.lora_B_v.8.weight', 'image_encoder.blocks.10.attn.lora_B_v.8.weight', 'image_encoder.blocks.0.attn.lora_B_k.8.weight', 'image_encoder.blocks.5.attn.lora_A_v.8.weight', 'image_encoder.blocks.8.attn.lora_B_k.8.weight', 'image_encoder.blocks.6.attn.lora_B_k.8.weight', 'image_encoder.blocks.9.attn.lora_B_k.8.weight', 'image_encoder.blocks.11.attn.lora_B_k.8.weight', 'classifier_pool.8.bias', 'image_encoder.blocks.5.attn.lora_B_k.8.weight', 'image_encoder.blocks.10.attn.lora_A_v.8.weight'}
After trained on task 7 tensor(0.0788, device='cuda:0') tensor(0.0665, device='cuda:0')
After trained on task 7 tensor(0.0810, device='cuda:0') tensor(0.0807, device='cuda:0')
After trained on task 7 tensor(0.0655, device='cuda:0') tensor(0.0988, device='cuda:0')
After trained on task 7 tensor(0.0760, device='cuda:0') tensor(0.1203, device='cuda:0')
After trained on task 7 tensor(0.0857, device='cuda:0') tensor(0.1222, device='cuda:0')
After trained on task 7 tensor(0.1271, device='cuda:0') tensor(0.1593, device='cuda:0')
After trained on task 7 tensor(0.1208, device='cuda:0') tensor(0.1543, device='cuda:0')
After trained on task 7 tensor(0.1271, device='cuda:0') tensor(0.1888, device='cuda:0')
After trained on task 7 tensor(0.1420, device='cuda:0') tensor(0.2200, device='cuda:0')
After trained on task 7 tensor(0.2010, device='cuda:0') tensor(0.2483, device='cuda:0')
After trained on task 7 tensor(0.2992, device='cuda:0') tensor(0.2739, device='cuda:0')
After trained on task 7 tensor(0.3229, device='cuda:0') tensor(0.3366, device='cuda:0')
reserving basis 62/768; cond: 86883074048.0, ratio:0.9909806251525879
reserving basis 62/768; cond: 86883074048.0, ratio:0.9909806251525879
reserving basis 64/768; cond: 148750139392.0, ratio:0.9912448525428772
reserving basis 64/768; cond: 148750139392.0, ratio:0.9912448525428772
reserving basis 63/768; cond: 108331450368.0, ratio:0.9910288453102112
reserving basis 63/768; cond: 108331450368.0, ratio:0.9910288453102112
reserving basis 64/768; cond: 85870542848.0, ratio:0.992250382900238
reserving basis 64/768; cond: 85870542848.0, ratio:0.992250382900238
reserving basis 67/768; cond: 1171023069184.0, ratio:0.9917860627174377
reserving basis 67/768; cond: 1171023069184.0, ratio:0.9917860627174377
reserving basis 64/768; cond: 529304420352.0, ratio:0.9907578229904175
reserving basis 64/768; cond: 529304420352.0, ratio:0.9907578229904175
reserving basis 67/768; cond: 29051305590784.0, ratio:0.9914620518684387
reserving basis 67/768; cond: 29051305590784.0, ratio:0.9914620518684387
reserving basis 64/768; cond: 71959158784.0, ratio:0.9923911690711975
reserving basis 64/768; cond: 71959158784.0, ratio:0.9923911690711975
reserving basis 68/768; cond: 66396463104.0, ratio:0.9912788271903992
reserving basis 68/768; cond: 66396463104.0, ratio:0.9912788271903992
reserving basis 64/768; cond: 24954697728.0, ratio:0.9922472238540649
reserving basis 64/768; cond: 24954697728.0, ratio:0.9922472238540649
reserving basis 67/768; cond: 130717720576.0, ratio:0.9923950433731079
reserving basis 67/768; cond: 130717720576.0, ratio:0.9923950433731079
reserving basis 61/768; cond: 115157606400.0, ratio:0.9906431436538696
reserving basis 61/768; cond: 115157606400.0, ratio:0.9906431436538696
reserving basis 64/768; cond: 49376972800.0, ratio:0.9925293326377869
reserving basis 64/768; cond: 49376972800.0, ratio:0.9925293326377869
reserving basis 62/768; cond: 155683897344.0, ratio:0.9900495409965515
reserving basis 62/768; cond: 155683897344.0, ratio:0.9900495409965515
reserving basis 66/768; cond: 256305889280.0, ratio:0.9919303059577942
reserving basis 66/768; cond: 256305889280.0, ratio:0.9919303059577942
reserving basis 63/768; cond: 308317945856.0, ratio:0.9900540113449097
reserving basis 63/768; cond: 308317945856.0, ratio:0.9900540113449097
reserving basis 64/768; cond: 1719973969920.0, ratio:0.9900306463241577
reserving basis 64/768; cond: 1719973969920.0, ratio:0.9900306463241577
reserving basis 61/768; cond: 103036731392.0, ratio:0.9907410740852356
reserving basis 61/768; cond: 103036731392.0, ratio:0.9907410740852356
reserving basis 63/768; cond: 72370012160.0, ratio:0.9915331602096558
reserving basis 63/768; cond: 72370012160.0, ratio:0.9915331602096558
reserving basis 59/768; cond: 32353703936.0, ratio:0.9922888278961182
reserving basis 59/768; cond: 32353703936.0, ratio:0.9922888278961182
reserving basis 59/768; cond: 951304650752.0, ratio:0.9921026825904846
reserving basis 59/768; cond: 951304650752.0, ratio:0.9921026825904846
reserving basis 57/768; cond: 146971705344.0, ratio:0.9901798367500305
reserving basis 57/768; cond: 146971705344.0, ratio:0.9901798367500305
reserving basis 51/768; cond: 248081186816.0, ratio:0.9913738965988159
reserving basis 51/768; cond: 248081186816.0, ratio:0.9913738965988159
reserving basis 56/768; cond: 41967677440.0, ratio:0.9901466965675354
reserving basis 56/768; cond: 41967677440.0, ratio:0.9901466965675354
2026-04-27 10:45:15,837 [palora.py] => Task 8, Epoch 50/50 => Loss 0.613, Train_accy 92.88
2026-04-27 10:45:26,846 [trainer.py] => Time:324.6301510334015
2049 2049
2026-04-27 10:45:34,777 [trainer.py] => Time:7.929713249206543
2026-04-27 10:45:34,777 [trainer.py] => ACC: {'total': 84.38, '00-07': 84.15, '08-15': 81.86, '16-23': 88.39, '24-31': 88.0, '32-39': 83.02, '40-47': 75.89, '48-55': 84.57, '56-63': 85.66, '64-71': 78.91, 'old': 84.81, 'new': 78.91}
2026-04-27 10:45:34,777 [trainer.py] => ACC top1 curve: [93.31, 89.22, 89.39, 88.29, 86.61, 85.71, 85.95, 85.28, 84.38]
Average Accuracy: 87.57111111111112
2026-04-27 10:45:34,777 [trainer.py] => Average Accuracy: 87.57111111111112
2026-04-27 10:45:34,782 [trainer.py] => All params: 116878051
2026-04-27 10:45:34,786 [trainer.py] => Trainable params: 374792
2026-04-27 10:45:34,787 [palora.py] => Learning on 72-80
Parameters to be updated: {'image_encoder.blocks.9.attn.lora_B_v.9.weight', 'image_encoder.blocks.0.attn.lora_B_k.9.weight', 'image_encoder.blocks.2.attn.lora_A_v.9.weight', 'image_encoder.blocks.5.attn.lora_B_v.9.weight', 'image_encoder.blocks.3.attn.lora_A_k.9.weight', 'classifier_pool.9.weight', 'image_encoder.blocks.2.attn.lora_B_k.9.weight', 'image_encoder.blocks.2.attn.lora_B_v.9.weight', 'image_encoder.blocks.7.attn.lora_B_v.9.weight', 'image_encoder.blocks.10.attn.lora_A_k.9.weight', 'image_encoder.blocks.1.attn.lora_B_v.9.weight', 'image_encoder.blocks.4.attn.lora_A_v.9.weight', 'image_encoder.blocks.0.attn.lora_A_k.9.weight', 'image_encoder.blocks.4.attn.lora_A_k.9.weight', 'image_encoder.blocks.5.attn.lora_B_k.9.weight', 'image_encoder.blocks.2.attn.lora_A_k.9.weight', 'image_encoder.blocks.4.attn.lora_B_v.9.weight', 'image_encoder.blocks.7.attn.lora_B_k.9.weight', 'image_encoder.blocks.0.attn.lora_B_v.9.weight', 'image_encoder.blocks.3.attn.lora_A_v.9.weight', 'image_encoder.blocks.0.attn.lora_A_v.9.weight', 'image_encoder.blocks.8.attn.lora_A_v.9.weight', 'image_encoder.blocks.3.attn.lora_B_v.9.weight', 'image_encoder.blocks.10.attn.lora_A_v.9.weight', 'image_encoder.blocks.4.attn.lora_B_k.9.weight', 'image_encoder.blocks.10.attn.lora_B_v.9.weight', 'image_encoder.blocks.6.attn.lora_B_v.9.weight', 'image_encoder.blocks.8.attn.lora_B_v.9.weight', 'image_encoder.blocks.8.attn.lora_A_k.9.weight', 'image_encoder.blocks.1.attn.lora_A_v.9.weight', 'image_encoder.blocks.1.attn.lora_A_k.9.weight', 'image_encoder.blocks.6.attn.lora_A_v.9.weight', 'image_encoder.blocks.6.attn.lora_B_k.9.weight', 'image_encoder.blocks.9.attn.lora_A_k.9.weight', 'image_encoder.blocks.9.attn.lora_B_k.9.weight', 'image_encoder.blocks.6.attn.lora_A_k.9.weight', 'image_encoder.blocks.3.attn.lora_B_k.9.weight', 'image_encoder.blocks.11.attn.lora_A_v.9.weight', 'image_encoder.blocks.10.attn.lora_B_k.9.weight', 'image_encoder.blocks.5.attn.lora_A_k.9.weight', 'image_encoder.blocks.11.attn.lora_B_k.9.weight', 'image_encoder.blocks.7.attn.lora_A_k.9.weight', 'image_encoder.blocks.7.attn.lora_A_v.9.weight', 'classifier_pool.9.bias', 'image_encoder.blocks.11.attn.lora_A_k.9.weight', 'image_encoder.blocks.1.attn.lora_B_k.9.weight', 'image_encoder.blocks.9.attn.lora_A_v.9.weight', 'image_encoder.blocks.8.attn.lora_B_k.9.weight', 'image_encoder.blocks.11.attn.lora_B_v.9.weight', 'image_encoder.blocks.5.attn.lora_A_v.9.weight'}
After trained on task 8 tensor(0.0486, device='cuda:0') tensor(0.0451, device='cuda:0')
After trained on task 8 tensor(0.0553, device='cuda:0') tensor(0.0514, device='cuda:0')
After trained on task 8 tensor(0.0477, device='cuda:0') tensor(0.0651, device='cuda:0')
After trained on task 8 tensor(0.0528, device='cuda:0') tensor(0.0726, device='cuda:0')
After trained on task 8 tensor(0.0708, device='cuda:0') tensor(0.0814, device='cuda:0')
After trained on task 8 tensor(0.0859, device='cuda:0') tensor(0.0982, device='cuda:0')
After trained on task 8 tensor(0.0855, device='cuda:0') tensor(0.1145, device='cuda:0')
After trained on task 8 tensor(0.0915, device='cuda:0') tensor(0.1267, device='cuda:0')
After trained on task 8 tensor(0.1110, device='cuda:0') tensor(0.1498, device='cuda:0')
After trained on task 8 tensor(0.1157, device='cuda:0') tensor(0.1948, device='cuda:0')
After trained on task 8 tensor(0.1193, device='cuda:0') tensor(0.2318, device='cuda:0')
After trained on task 8 tensor(0.1961, device='cuda:0') tensor(0.2769, device='cuda:0')
reserving basis 67/768; cond: 547396976640.0, ratio:0.9922711849212646
reserving basis 67/768; cond: 547396976640.0, ratio:0.9922711849212646
reserving basis 69/768; cond: 148597227520.0, ratio:0.990803062915802
reserving basis 69/768; cond: 148597227520.0, ratio:0.990803062915802
reserving basis 68/768; cond: 220142649344.0, ratio:0.9914796352386475
reserving basis 68/768; cond: 220142649344.0, ratio:0.9914796352386475
reserving basis 70/768; cond: 216522702848.0, ratio:0.9904166460037231
reserving basis 70/768; cond: 216522702848.0, ratio:0.9904166460037231
reserving basis 73/768; cond: 174781808640.0, ratio:0.9911032319068909
reserving basis 73/768; cond: 174781808640.0, ratio:0.9911032319068909
reserving basis 70/768; cond: 21762138112.0, ratio:0.991486668586731
reserving basis 70/768; cond: 21762138112.0, ratio:0.991486668586731
reserving basis 74/768; cond: 86070460416.0, ratio:0.9921940565109253
reserving basis 74/768; cond: 86070460416.0, ratio:0.9921940565109253
reserving basis 70/768; cond: 76240502784.0, ratio:0.9907359480857849
reserving basis 70/768; cond: 76240502784.0, ratio:0.9907359480857849
reserving basis 74/768; cond: 27196798976.0, ratio:0.9904728531837463
reserving basis 74/768; cond: 27196798976.0, ratio:0.9904728531837463
reserving basis 70/768; cond: 120661934080.0, ratio:0.9907560348510742
reserving basis 70/768; cond: 120661934080.0, ratio:0.9907560348510742
reserving basis 73/768; cond: 801304084480.0, ratio:0.9908033609390259
reserving basis 73/768; cond: 801304084480.0, ratio:0.9908033609390259
reserving basis 67/768; cond: 79536365568.0, ratio:0.9912775754928589
reserving basis 67/768; cond: 79536365568.0, ratio:0.9912775754928589
reserving basis 71/768; cond: 121330794496.0, ratio:0.9927244186401367
reserving basis 71/768; cond: 121330794496.0, ratio:0.9927244186401367
reserving basis 68/768; cond: 59664384000.0, ratio:0.9910514950752258
reserving basis 68/768; cond: 59664384000.0, ratio:0.9910514950752258
reserving basis 72/768; cond: 1176865341440.0, ratio:0.9903342127799988
reserving basis 72/768; cond: 1176865341440.0, ratio:0.9903342127799988
reserving basis 69/768; cond: 309058306048.0, ratio:0.9907801747322083
reserving basis 69/768; cond: 309058306048.0, ratio:0.9907801747322083
reserving basis 70/768; cond: 38198972416.0, ratio:0.9908590912818909
reserving basis 70/768; cond: 38198972416.0, ratio:0.9908590912818909
reserving basis 66/768; cond: 96455892992.0, ratio:0.9901002645492554
reserving basis 66/768; cond: 96455892992.0, ratio:0.9901002645492554
reserving basis 69/768; cond: 121319776256.0, ratio:0.9911996126174927
reserving basis 69/768; cond: 121319776256.0, ratio:0.9911996126174927
reserving basis 64/768; cond: 23143000064.0, ratio:0.9918007254600525
reserving basis 64/768; cond: 23143000064.0, ratio:0.9918007254600525
reserving basis 65/768; cond: 247035543552.0, ratio:0.9915856719017029
reserving basis 65/768; cond: 247035543552.0, ratio:0.9915856719017029
reserving basis 62/768; cond: 21151571968.0, ratio:0.9913536906242371
reserving basis 62/768; cond: 21151571968.0, ratio:0.9913536906242371
reserving basis 56/768; cond: 114166554624.0, ratio:0.9917961955070496
reserving basis 56/768; cond: 114166554624.0, ratio:0.9917961955070496
reserving basis 60/768; cond: 19376658432.0, ratio:0.992161750793457
reserving basis 60/768; cond: 19376658432.0, ratio:0.992161750793457
2026-04-27 10:53:08,313 [palora.py] => Task 9, Epoch 50/50 => Loss 0.515, Train_accy 96.47
2026-04-27 10:53:23,019 [trainer.py] => Time:468.2323079109192
2354 2354
2026-04-27 10:53:31,823 [trainer.py] => Time:8.80301570892334
2026-04-27 10:53:31,823 [trainer.py] => ACC: {'total': 83.39, '00-07': 83.8, '08-15': 81.86, '16-23': 88.06, '24-31': 85.71, '32-39': 82.39, '40-47': 75.89, '48-55': 84.57, '56-63': 84.84, '64-71': 74.83, '72-79': 82.95, 'old': 83.46, 'new': 82.95}
2026-04-27 10:53:31,823 [trainer.py] => ACC top1 curve: [93.31, 89.22, 89.39, 88.29, 86.61, 85.71, 85.95, 85.28, 84.38, 83.39]
Average Accuracy: 87.153
2026-04-27 10:53:31,823 [trainer.py] => Average Accuracy: 87.153
2026-04-27 10:53:31,828 [trainer.py] => All params: 116878051
2026-04-27 10:53:31,832 [trainer.py] => Trainable params: 374792
2026-04-27 10:53:31,832 [palora.py] => Learning on 80-88
Parameters to be updated: {'image_encoder.blocks.7.attn.lora_A_k.10.weight', 'image_encoder.blocks.2.attn.lora_B_k.10.weight', 'image_encoder.blocks.2.attn.lora_B_v.10.weight', 'image_encoder.blocks.8.attn.lora_A_v.10.weight', 'image_encoder.blocks.0.attn.lora_B_v.10.weight', 'image_encoder.blocks.11.attn.lora_A_k.10.weight', 'image_encoder.blocks.5.attn.lora_B_v.10.weight', 'image_encoder.blocks.5.attn.lora_A_v.10.weight', 'image_encoder.blocks.8.attn.lora_B_v.10.weight', 'image_encoder.blocks.2.attn.lora_A_v.10.weight', 'image_encoder.blocks.1.attn.lora_A_v.10.weight', 'image_encoder.blocks.10.attn.lora_B_v.10.weight', 'image_encoder.blocks.6.attn.lora_A_v.10.weight', 'image_encoder.blocks.0.attn.lora_B_k.10.weight', 'image_encoder.blocks.7.attn.lora_B_v.10.weight', 'classifier_pool.10.weight', 'classifier_pool.10.bias', 'image_encoder.blocks.5.attn.lora_A_k.10.weight', 'image_encoder.blocks.4.attn.lora_A_v.10.weight', 'image_encoder.blocks.3.attn.lora_B_v.10.weight', 'image_encoder.blocks.6.attn.lora_B_v.10.weight', 'image_encoder.blocks.1.attn.lora_B_k.10.weight', 'image_encoder.blocks.9.attn.lora_A_k.10.weight', 'image_encoder.blocks.6.attn.lora_A_k.10.weight', 'image_encoder.blocks.3.attn.lora_A_v.10.weight', 'image_encoder.blocks.5.attn.lora_B_k.10.weight', 'image_encoder.blocks.1.attn.lora_A_k.10.weight', 'image_encoder.blocks.7.attn.lora_B_k.10.weight', 'image_encoder.blocks.1.attn.lora_B_v.10.weight', 'image_encoder.blocks.9.attn.lora_B_v.10.weight', 'image_encoder.blocks.11.attn.lora_A_v.10.weight', 'image_encoder.blocks.3.attn.lora_B_k.10.weight', 'image_encoder.blocks.4.attn.lora_B_v.10.weight', 'image_encoder.blocks.8.attn.lora_B_k.10.weight', 'image_encoder.blocks.10.attn.lora_A_v.10.weight', 'image_encoder.blocks.7.attn.lora_A_v.10.weight', 'image_encoder.blocks.11.attn.lora_B_k.10.weight', 'image_encoder.blocks.9.attn.lora_A_v.10.weight', 'image_encoder.blocks.6.attn.lora_B_k.10.weight', 'image_encoder.blocks.4.attn.lora_A_k.10.weight', 'image_encoder.blocks.2.attn.lora_A_k.10.weight', 'image_encoder.blocks.4.attn.lora_B_k.10.weight', 'image_encoder.blocks.3.attn.lora_A_k.10.weight', 'image_encoder.blocks.0.attn.lora_A_k.10.weight', 'image_encoder.blocks.8.attn.lora_A_k.10.weight', 'image_encoder.blocks.10.attn.lora_A_k.10.weight', 'image_encoder.blocks.0.attn.lora_A_v.10.weight', 'image_encoder.blocks.11.attn.lora_B_v.10.weight', 'image_encoder.blocks.9.attn.lora_B_k.10.weight', 'image_encoder.blocks.10.attn.lora_B_k.10.weight'}
After trained on task 9 tensor(0.0552, device='cuda:0') tensor(0.0531, device='cuda:0')
After trained on task 9 tensor(0.0707, device='cuda:0') tensor(0.0803, device='cuda:0')
After trained on task 9 tensor(0.0824, device='cuda:0') tensor(0.0866, device='cuda:0')
After trained on task 9 tensor(0.0588, device='cuda:0') tensor(0.1055, device='cuda:0')
After trained on task 9 tensor(0.0881, device='cuda:0') tensor(0.1120, device='cuda:0')
After trained on task 9 tensor(0.0933, device='cuda:0') tensor(0.1149, device='cuda:0')
After trained on task 9 tensor(0.1095, device='cuda:0') tensor(0.1486, device='cuda:0')
After trained on task 9 tensor(0.1335, device='cuda:0') tensor(0.1604, device='cuda:0')
After trained on task 9 tensor(0.1263, device='cuda:0') tensor(0.1777, device='cuda:0')
After trained on task 9 tensor(0.1436, device='cuda:0') tensor(0.2207, device='cuda:0')
After trained on task 9 tensor(0.2214, device='cuda:0') tensor(0.2909, device='cuda:0')
After trained on task 9 tensor(0.3579, device='cuda:0') tensor(0.3303, device='cuda:0')
reserving basis 72/768; cond: 83422994432.0, ratio:0.9904526472091675
reserving basis 72/768; cond: 83422994432.0, ratio:0.9904526472091675
reserving basis 75/768; cond: 32796035072.0, ratio:0.990899384021759
reserving basis 75/768; cond: 32796035072.0, ratio:0.990899384021759
reserving basis 74/768; cond: 85080727552.0, ratio:0.9921929836273193
reserving basis 74/768; cond: 85080727552.0, ratio:0.9921929836273193
reserving basis 76/768; cond: 452575723520.0, ratio:0.992202877998352
reserving basis 76/768; cond: 452575723520.0, ratio:0.992202877998352
reserving basis 79/768; cond: 402074533888.0, ratio:0.9914976954460144
reserving basis 79/768; cond: 402074533888.0, ratio:0.9914976954460144
reserving basis 76/768; cond: 142630092800.0, ratio:0.9910275936126709
reserving basis 76/768; cond: 142630092800.0, ratio:0.9910275936126709
reserving basis 81/768; cond: 294713262080.0, ratio:0.9922248125076294
reserving basis 81/768; cond: 294713262080.0, ratio:0.9922248125076294
reserving basis 76/768; cond: 89039593472.0, ratio:0.9906724691390991
reserving basis 76/768; cond: 89039593472.0, ratio:0.9906724691390991
reserving basis 80/768; cond: 196632281088.0, ratio:0.9906904101371765
reserving basis 80/768; cond: 196632281088.0, ratio:0.9906904101371765
reserving basis 76/768; cond: 61382307840.0, ratio:0.991141676902771
reserving basis 76/768; cond: 61382307840.0, ratio:0.991141676902771
reserving basis 79/768; cond: 70168535040.0, ratio:0.9907445907592773
reserving basis 79/768; cond: 70168535040.0, ratio:0.9907445907592773
reserving basis 73/768; cond: 123565375488.0, ratio:0.990418016910553
reserving basis 73/768; cond: 123565375488.0, ratio:0.990418016910553
reserving basis 77/768; cond: 312172118016.0, ratio:0.9914533495903015
reserving basis 77/768; cond: 312172118016.0, ratio:0.9914533495903015
reserving basis 74/768; cond: 279510646784.0, ratio:0.9917147755622864
reserving basis 74/768; cond: 279510646784.0, ratio:0.9917147755622864
reserving basis 78/768; cond: 114974408704.0, ratio:0.9916881322860718
reserving basis 78/768; cond: 114974408704.0, ratio:0.9916881322860718
reserving basis 75/768; cond: 668213510144.0, ratio:0.9919513463973999
reserving basis 75/768; cond: 668213510144.0, ratio:0.9919513463973999
reserving basis 76/768; cond: 102777782272.0, ratio:0.9921644330024719
reserving basis 76/768; cond: 102777782272.0, ratio:0.9921644330024719
reserving basis 72/768; cond: 96138403840.0, ratio:0.9925334453582764
reserving basis 72/768; cond: 96138403840.0, ratio:0.9925334453582764
reserving basis 74/768; cond: 518575390720.0, ratio:0.9900118112564087
reserving basis 74/768; cond: 518575390720.0, ratio:0.9900118112564087
reserving basis 69/768; cond: 320126550016.0, ratio:0.9908871650695801
reserving basis 69/768; cond: 320126550016.0, ratio:0.9908871650695801
reserving basis 70/768; cond: 2431969656832.0, ratio:0.9914828538894653
reserving basis 70/768; cond: 2431969656832.0, ratio:0.9914828538894653
reserving basis 67/768; cond: 49412517888.0, ratio:0.991608202457428
reserving basis 67/768; cond: 49412517888.0, ratio:0.991608202457428
reserving basis 60/768; cond: 1019910029312.0, ratio:0.9919589757919312
reserving basis 60/768; cond: 1019910029312.0, ratio:0.9919589757919312
reserving basis 64/768; cond: 215522689024.0, ratio:0.9916557669639587
reserving basis 64/768; cond: 215522689024.0, ratio:0.9916557669639587
2026-04-27 11:01:33,814 [palora.py] => Task 10, Epoch 50/50 => Loss 0.593, Train_accy 94.25
2026-04-27 11:01:48,541 [trainer.py] => Time:496.7091267108917
2702 2702
2026-04-27 11:01:57,072 [trainer.py] => Time:8.530850410461426
2026-04-27 11:01:57,073 [trainer.py] => ACC: {'total': 82.79, '00-07': 82.75, '08-15': 80.97, '16-23': 85.81, '24-31': 85.14, '32-39': 82.39, '40-47': 74.47, '48-55': 84.57, '56-63': 83.61, '64-71': 72.79, '72-79': 81.97, '80-87': 85.92, 'old': 82.33, 'new': 85.92}
2026-04-27 11:01:57,073 [trainer.py] => ACC top1 curve: [93.31, 89.22, 89.39, 88.29, 86.61, 85.71, 85.95, 85.28, 84.38, 83.39, 82.79]
Average Accuracy: 86.75636363636364
2026-04-27 11:01:57,073 [trainer.py] => Average Accuracy: 86.75636363636364
2026-04-27 11:01:57,078 [trainer.py] => All params: 116878051
2026-04-27 11:01:57,082 [trainer.py] => Trainable params: 374792
2026-04-27 11:01:57,082 [palora.py] => Learning on 88-96
Parameters to be updated: {'image_encoder.blocks.9.attn.lora_A_k.11.weight', 'image_encoder.blocks.11.attn.lora_A_k.11.weight', 'image_encoder.blocks.1.attn.lora_A_k.11.weight', 'image_encoder.blocks.8.attn.lora_A_k.11.weight', 'image_encoder.blocks.9.attn.lora_B_k.11.weight', 'image_encoder.blocks.2.attn.lora_B_k.11.weight', 'image_encoder.blocks.7.attn.lora_A_k.11.weight', 'image_encoder.blocks.6.attn.lora_B_k.11.weight', 'image_encoder.blocks.7.attn.lora_B_v.11.weight', 'image_encoder.blocks.7.attn.lora_A_v.11.weight', 'image_encoder.blocks.4.attn.lora_A_k.11.weight', 'image_encoder.blocks.5.attn.lora_B_v.11.weight', 'image_encoder.blocks.6.attn.lora_A_v.11.weight', 'image_encoder.blocks.7.attn.lora_B_k.11.weight', 'image_encoder.blocks.10.attn.lora_B_v.11.weight', 'classifier_pool.11.bias', 'image_encoder.blocks.3.attn.lora_B_v.11.weight', 'image_encoder.blocks.8.attn.lora_A_v.11.weight', 'image_encoder.blocks.9.attn.lora_A_v.11.weight', 'image_encoder.blocks.10.attn.lora_A_k.11.weight', 'image_encoder.blocks.11.attn.lora_B_v.11.weight', 'image_encoder.blocks.6.attn.lora_A_k.11.weight', 'image_encoder.blocks.0.attn.lora_B_v.11.weight', 'image_encoder.blocks.5.attn.lora_B_k.11.weight', 'image_encoder.blocks.4.attn.lora_B_k.11.weight', 'image_encoder.blocks.3.attn.lora_B_k.11.weight', 'image_encoder.blocks.9.attn.lora_B_v.11.weight', 'image_encoder.blocks.10.attn.lora_A_v.11.weight', 'image_encoder.blocks.3.attn.lora_A_v.11.weight', 'image_encoder.blocks.6.attn.lora_B_v.11.weight', 'image_encoder.blocks.11.attn.lora_A_v.11.weight', 'image_encoder.blocks.1.attn.lora_B_k.11.weight', 'image_encoder.blocks.11.attn.lora_B_k.11.weight', 'image_encoder.blocks.3.attn.lora_A_k.11.weight', 'image_encoder.blocks.8.attn.lora_B_v.11.weight', 'image_encoder.blocks.5.attn.lora_A_v.11.weight', 'classifier_pool.11.weight', 'image_encoder.blocks.1.attn.lora_A_v.11.weight', 'image_encoder.blocks.2.attn.lora_A_v.11.weight', 'image_encoder.blocks.4.attn.lora_A_v.11.weight', 'image_encoder.blocks.0.attn.lora_B_k.11.weight', 'image_encoder.blocks.10.attn.lora_B_k.11.weight', 'image_encoder.blocks.5.attn.lora_A_k.11.weight', 'image_encoder.blocks.1.attn.lora_B_v.11.weight', 'image_encoder.blocks.2.attn.lora_A_k.11.weight', 'image_encoder.blocks.0.attn.lora_A_k.11.weight', 'image_encoder.blocks.8.attn.lora_B_k.11.weight', 'image_encoder.blocks.4.attn.lora_B_v.11.weight', 'image_encoder.blocks.0.attn.lora_A_v.11.weight', 'image_encoder.blocks.2.attn.lora_B_v.11.weight'}
After trained on task 10 tensor(0.0562, device='cuda:0') tensor(0.0628, device='cuda:0')
After trained on task 10 tensor(0.0686, device='cuda:0') tensor(0.0727, device='cuda:0')
After trained on task 10 tensor(0.0645, device='cuda:0') tensor(0.0807, device='cuda:0')
After trained on task 10 tensor(0.0866, device='cuda:0') tensor(0.1095, device='cuda:0')
After trained on task 10 tensor(0.0883, device='cuda:0') tensor(0.1067, device='cuda:0')
After trained on task 10 tensor(0.1034, device='cuda:0') tensor(0.1437, device='cuda:0')
After trained on task 10 tensor(0.0945, device='cuda:0') tensor(0.1494, device='cuda:0')
After trained on task 10 tensor(0.1280, device='cuda:0') tensor(0.1846, device='cuda:0')
After trained on task 10 tensor(0.1308, device='cuda:0') tensor(0.2073, device='cuda:0')
After trained on task 10 tensor(0.1514, device='cuda:0') tensor(0.2646, device='cuda:0')
After trained on task 10 tensor(0.1943, device='cuda:0') tensor(0.2790, device='cuda:0')
After trained on task 10 tensor(0.3565, device='cuda:0') tensor(0.3574, device='cuda:0')
reserving basis 77/768; cond: 97754669056.0, ratio:0.9919248223304749
reserving basis 77/768; cond: 97754669056.0, ratio:0.9919248223304749
reserving basis 81/768; cond: 47231787008.0, ratio:0.9914073944091797
reserving basis 81/768; cond: 47231787008.0, ratio:0.9914073944091797
reserving basis 80/768; cond: 1415763984384.0, ratio:0.9915984869003296
reserving basis 80/768; cond: 1415763984384.0, ratio:0.9915984869003296
reserving basis 82/768; cond: 112793305088.0, ratio:0.9911916851997375
reserving basis 82/768; cond: 112793305088.0, ratio:0.9911916851997375
reserving basis 85/768; cond: 61311483904.0, ratio:0.991048276424408
reserving basis 85/768; cond: 61311483904.0, ratio:0.991048276424408
reserving basis 82/768; cond: 51241037824.0, ratio:0.9912902116775513
reserving basis 82/768; cond: 51241037824.0, ratio:0.9912902116775513
reserving basis 87/768; cond: 16045446144.0, ratio:0.9906043410301208
reserving basis 87/768; cond: 16045446144.0, ratio:0.9906043410301208
reserving basis 82/768; cond: 40381677568.0, ratio:0.9915904998779297
reserving basis 82/768; cond: 40381677568.0, ratio:0.9915904998779297
reserving basis 86/768; cond: 142006288384.0, ratio:0.9910662174224854
reserving basis 86/768; cond: 142006288384.0, ratio:0.9910662174224854
reserving basis 82/768; cond: 176046407680.0, ratio:0.9908381700515747
reserving basis 82/768; cond: 176046407680.0, ratio:0.9908381700515747
reserving basis 85/768; cond: 408975376384.0, ratio:0.9909239411354065
reserving basis 85/768; cond: 408975376384.0, ratio:0.9909239411354065
reserving basis 79/768; cond: 19977674752.0, ratio:0.991376519203186
reserving basis 79/768; cond: 19977674752.0, ratio:0.991376519203186
reserving basis 83/768; cond: 65819332608.0, ratio:0.9916385412216187
reserving basis 83/768; cond: 65819332608.0, ratio:0.9916385412216187
reserving basis 80/768; cond: 1201339105280.0, ratio:0.9915621876716614
reserving basis 80/768; cond: 1201339105280.0, ratio:0.9915621876716614
reserving basis 84/768; cond: 74502742016.0, ratio:0.9920718669891357
reserving basis 84/768; cond: 74502742016.0, ratio:0.9920718669891357
reserving basis 80/768; cond: 167028424704.0, ratio:0.9903386235237122
reserving basis 80/768; cond: 167028424704.0, ratio:0.9903386235237122
reserving basis 82/768; cond: 868265361408.0, ratio:0.9922679662704468
reserving basis 82/768; cond: 868265361408.0, ratio:0.9922679662704468
reserving basis 77/768; cond: 39368626176.0, ratio:0.9903622269630432
reserving basis 77/768; cond: 39368626176.0, ratio:0.9903622269630432
reserving basis 79/768; cond: 78239940608.0, ratio:0.9919762015342712
reserving basis 79/768; cond: 78239940608.0, ratio:0.9919762015342712
reserving basis 74/768; cond: 27424399360.0, ratio:0.9914048910140991
reserving basis 74/768; cond: 27424399360.0, ratio:0.9914048910140991
reserving basis 75/768; cond: 120651227136.0, ratio:0.9917286038398743
reserving basis 75/768; cond: 120651227136.0, ratio:0.9917286038398743
reserving basis 71/768; cond: 190057447424.0, ratio:0.9915382266044617
reserving basis 71/768; cond: 190057447424.0, ratio:0.9915382266044617
reserving basis 62/768; cond: 42717433856.0, ratio:0.9901987314224243
reserving basis 62/768; cond: 42717433856.0, ratio:0.9901987314224243
reserving basis 67/768; cond: 28132591616.0, ratio:0.9911544322967529
reserving basis 67/768; cond: 28132591616.0, ratio:0.9911544322967529
2026-04-27 11:08:13,589 [palora.py] => Task 11, Epoch 50/50 => Loss 0.516, Train_accy 95.73
2026-04-27 11:08:26,966 [trainer.py] => Time:389.883985042572
2919 2919
2026-04-27 11:08:36,366 [trainer.py] => Time:9.39945936203003
2026-04-27 11:08:36,366 [trainer.py] => ACC: {'total': 82.7, '00-07': 83.45, '08-15': 80.97, '16-23': 86.13, '24-31': 82.29, '32-39': 82.39, '40-47': 76.6, '48-55': 83.51, '56-63': 83.61, '64-71': 72.79, '72-79': 81.31, '80-87': 86.21, '88-95': 84.79, 'old': 82.53, 'new': 84.79}
2026-04-27 11:08:36,366 [trainer.py] => ACC top1 curve: [93.31, 89.22, 89.39, 88.29, 86.61, 85.71, 85.95, 85.28, 84.38, 83.39, 82.79, 82.7]
Average Accuracy: 86.41833333333334
2026-04-27 11:08:36,366 [trainer.py] => Average Accuracy: 86.41833333333334
2026-04-27 11:08:36,371 [trainer.py] => All params: 116878051
2026-04-27 11:08:36,375 [trainer.py] => Trainable params: 374792
2026-04-27 11:08:36,375 [palora.py] => Learning on 96-104
Parameters to be updated: {'image_encoder.blocks.8.attn.lora_B_k.12.weight', 'image_encoder.blocks.11.attn.lora_A_v.12.weight', 'image_encoder.blocks.2.attn.lora_B_k.12.weight', 'image_encoder.blocks.6.attn.lora_A_k.12.weight', 'image_encoder.blocks.1.attn.lora_B_v.12.weight', 'image_encoder.blocks.1.attn.lora_A_v.12.weight', 'image_encoder.blocks.10.attn.lora_A_k.12.weight', 'image_encoder.blocks.4.attn.lora_B_v.12.weight', 'image_encoder.blocks.10.attn.lora_B_v.12.weight', 'image_encoder.blocks.3.attn.lora_B_v.12.weight', 'image_encoder.blocks.5.attn.lora_B_k.12.weight', 'image_encoder.blocks.4.attn.lora_A_v.12.weight', 'image_encoder.blocks.1.attn.lora_B_k.12.weight', 'image_encoder.blocks.5.attn.lora_A_v.12.weight', 'image_encoder.blocks.3.attn.lora_A_k.12.weight', 'image_encoder.blocks.9.attn.lora_B_v.12.weight', 'image_encoder.blocks.2.attn.lora_A_v.12.weight', 'image_encoder.blocks.5.attn.lora_B_v.12.weight', 'image_encoder.blocks.7.attn.lora_B_k.12.weight', 'image_encoder.blocks.11.attn.lora_B_k.12.weight', 'classifier_pool.12.bias', 'image_encoder.blocks.11.attn.lora_A_k.12.weight', 'image_encoder.blocks.9.attn.lora_A_k.12.weight', 'image_encoder.blocks.0.attn.lora_A_v.12.weight', 'image_encoder.blocks.3.attn.lora_B_k.12.weight', 'image_encoder.blocks.10.attn.lora_B_k.12.weight', 'image_encoder.blocks.11.attn.lora_B_v.12.weight', 'image_encoder.blocks.6.attn.lora_B_k.12.weight', 'image_encoder.blocks.0.attn.lora_B_v.12.weight', 'image_encoder.blocks.9.attn.lora_B_k.12.weight', 'image_encoder.blocks.10.attn.lora_A_v.12.weight', 'image_encoder.blocks.4.attn.lora_B_k.12.weight', 'image_encoder.blocks.4.attn.lora_A_k.12.weight', 'image_encoder.blocks.6.attn.lora_A_v.12.weight', 'image_encoder.blocks.8.attn.lora_A_k.12.weight', 'classifier_pool.12.weight', 'image_encoder.blocks.3.attn.lora_A_v.12.weight', 'image_encoder.blocks.0.attn.lora_B_k.12.weight', 'image_encoder.blocks.6.attn.lora_B_v.12.weight', 'image_encoder.blocks.7.attn.lora_A_v.12.weight', 'image_encoder.blocks.9.attn.lora_A_v.12.weight', 'image_encoder.blocks.0.attn.lora_A_k.12.weight', 'image_encoder.blocks.8.attn.lora_A_v.12.weight', 'image_encoder.blocks.2.attn.lora_A_k.12.weight', 'image_encoder.blocks.7.attn.lora_A_k.12.weight', 'image_encoder.blocks.5.attn.lora_A_k.12.weight', 'image_encoder.blocks.8.attn.lora_B_v.12.weight', 'image_encoder.blocks.2.attn.lora_B_v.12.weight', 'image_encoder.blocks.1.attn.lora_A_k.12.weight', 'image_encoder.blocks.7.attn.lora_B_v.12.weight'}
After trained on task 11 tensor(0.0580, device='cuda:0') tensor(0.0514, device='cuda:0')
After trained on task 11 tensor(0.0559, device='cuda:0') tensor(0.0544, device='cuda:0')
After trained on task 11 tensor(0.0460, device='cuda:0') tensor(0.0615, device='cuda:0')
After trained on task 11 tensor(0.0450, device='cuda:0') tensor(0.0688, device='cuda:0')
After trained on task 11 tensor(0.0572, device='cuda:0') tensor(0.0801, device='cuda:0')
After trained on task 11 tensor(0.0734, device='cuda:0') tensor(0.0919, device='cuda:0')
After trained on task 11 tensor(0.0830, device='cuda:0') tensor(0.1063, device='cuda:0')
After trained on task 11 tensor(0.0914, device='cuda:0') tensor(0.1382, device='cuda:0')
After trained on task 11 tensor(0.1170, device='cuda:0') tensor(0.1920, device='cuda:0')
After trained on task 11 tensor(0.1615, device='cuda:0') tensor(0.2434, device='cuda:0')
After trained on task 11 tensor(0.1453, device='cuda:0') tensor(0.2489, device='cuda:0')
After trained on task 11 tensor(0.2825, device='cuda:0') tensor(0.3097, device='cuda:0')
reserving basis 81/768; cond: 518387892224.0, ratio:0.990464448928833
reserving basis 81/768; cond: 518387892224.0, ratio:0.990464448928833
reserving basis 86/768; cond: 54812852224.0, ratio:0.9910770654678345
reserving basis 86/768; cond: 54812852224.0, ratio:0.9910770654678345
reserving basis 85/768; cond: 5248960692224.0, ratio:0.9917555451393127
reserving basis 85/768; cond: 5248960692224.0, ratio:0.9917555451393127
reserving basis 87/768; cond: 26778200064.0, ratio:0.9902828335762024
reserving basis 87/768; cond: 26778200064.0, ratio:0.9902828335762024
reserving basis 90/768; cond: 39179595776.0, ratio:0.9904858469963074
reserving basis 90/768; cond: 39179595776.0, ratio:0.9904858469963074
reserving basis 88/768; cond: 84101824512.0, ratio:0.992074191570282
reserving basis 88/768; cond: 84101824512.0, ratio:0.992074191570282
reserving basis 93/768; cond: 41175822336.0, ratio:0.9909987449645996
reserving basis 93/768; cond: 41175822336.0, ratio:0.9909987449645996
reserving basis 87/768; cond: 68419661824.0, ratio:0.9906091094017029
reserving basis 87/768; cond: 68419661824.0, ratio:0.9906091094017029
reserving basis 92/768; cond: 2802535628800.0, ratio:0.9921078085899353
reserving basis 92/768; cond: 2802535628800.0, ratio:0.9921078085899353
reserving basis 88/768; cond: 481941291008.0, ratio:0.9923551678657532
reserving basis 88/768; cond: 481941291008.0, ratio:0.9923551678657532
reserving basis 90/768; cond: 433614716928.0, ratio:0.9905040860176086
reserving basis 90/768; cond: 433614716928.0, ratio:0.9905040860176086
reserving basis 84/768; cond: 107618639872.0, ratio:0.9908511638641357
reserving basis 84/768; cond: 107618639872.0, ratio:0.9908511638641357
reserving basis 88/768; cond: 23415396352.0, ratio:0.9902889728546143
reserving basis 88/768; cond: 23415396352.0, ratio:0.9902889728546143
reserving basis 85/768; cond: 113435295744.0, ratio:0.9906533360481262
reserving basis 85/768; cond: 113435295744.0, ratio:0.9906533360481262
reserving basis 90/768; cond: 1239555112960.0, ratio:0.9920002222061157
reserving basis 90/768; cond: 1239555112960.0, ratio:0.9920002222061157
reserving basis 85/768; cond: 26716790784.0, ratio:0.9905839562416077
reserving basis 85/768; cond: 26716790784.0, ratio:0.9905839562416077
reserving basis 87/768; cond: 567063478272.0, ratio:0.9922752976417542
reserving basis 87/768; cond: 567063478272.0, ratio:0.9922752976417542
reserving basis 82/768; cond: 43101069312.0, ratio:0.9912002682685852
reserving basis 82/768; cond: 43101069312.0, ratio:0.9912002682685852
reserving basis 83/768; cond: 338231427072.0, ratio:0.9911070466041565
reserving basis 83/768; cond: 338231427072.0, ratio:0.9911070466041565
reserving basis 78/768; cond: 9247414272.0, ratio:0.9909310340881348
reserving basis 78/768; cond: 9247414272.0, ratio:0.9909310340881348
reserving basis 80/768; cond: 80781320192.0, ratio:0.9919140934944153
reserving basis 80/768; cond: 80781320192.0, ratio:0.9919140934944153
reserving basis 75/768; cond: 285549232128.0, ratio:0.9918520450592041
reserving basis 75/768; cond: 285549232128.0, ratio:0.9918520450592041
reserving basis 65/768; cond: 1044888289280.0, ratio:0.9919454455375671
reserving basis 65/768; cond: 1044888289280.0, ratio:0.9919454455375671
reserving basis 70/768; cond: 120271904768.0, ratio:0.99016273021698
reserving basis 70/768; cond: 120271904768.0, ratio:0.99016273021698
2026-04-27 11:16:05,133 [palora.py] => Task 12, Epoch 50/50 => Loss 0.554, Train_accy 94.95
2026-04-27 11:16:19,539 [trainer.py] => Time:463.1639461517334
3211 3211
2026-04-27 11:16:30,017 [trainer.py] => Time:10.47778606414795
2026-04-27 11:16:30,018 [trainer.py] => ACC: {'total': 81.75, '00-07': 82.75, '08-15': 81.86, '16-23': 85.81, '24-31': 82.29, '32-39': 83.02, '40-47': 76.6, '48-55': 84.57, '56-63': 84.02, '64-71': 72.79, '72-79': 80.0, '80-87': 85.92, '88-95': 82.03, '96-103': 75.0, 'old': 82.43, 'new': 75.0}
2026-04-27 11:16:30,018 [trainer.py] => ACC top1 curve: [93.31, 89.22, 89.39, 88.29, 86.61, 85.71, 85.95, 85.28, 84.38, 83.39, 82.79, 82.7, 81.75]
Average Accuracy: 86.05923076923077
2026-04-27 11:16:30,018 [trainer.py] => Average Accuracy: 86.05923076923077
2026-04-27 11:16:30,023 [trainer.py] => All params: 116878051
2026-04-27 11:16:30,027 [trainer.py] => Trainable params: 374792
2026-04-27 11:16:30,027 [palora.py] => Learning on 104-112
Parameters to be updated: {'image_encoder.blocks.0.attn.lora_B_v.13.weight', 'image_encoder.blocks.8.attn.lora_B_v.13.weight', 'image_encoder.blocks.1.attn.lora_A_k.13.weight', 'image_encoder.blocks.3.attn.lora_B_v.13.weight', 'image_encoder.blocks.9.attn.lora_A_v.13.weight', 'image_encoder.blocks.7.attn.lora_A_k.13.weight', 'image_encoder.blocks.6.attn.lora_B_v.13.weight', 'image_encoder.blocks.9.attn.lora_B_k.13.weight', 'image_encoder.blocks.5.attn.lora_A_v.13.weight', 'image_encoder.blocks.9.attn.lora_B_v.13.weight', 'image_encoder.blocks.4.attn.lora_B_k.13.weight', 'classifier_pool.13.weight', 'image_encoder.blocks.4.attn.lora_A_v.13.weight', 'image_encoder.blocks.3.attn.lora_A_v.13.weight', 'classifier_pool.13.bias', 'image_encoder.blocks.5.attn.lora_B_k.13.weight', 'image_encoder.blocks.2.attn.lora_B_k.13.weight', 'image_encoder.blocks.0.attn.lora_B_k.13.weight', 'image_encoder.blocks.3.attn.lora_A_k.13.weight', 'image_encoder.blocks.6.attn.lora_A_k.13.weight', 'image_encoder.blocks.10.attn.lora_B_k.13.weight', 'image_encoder.blocks.10.attn.lora_A_k.13.weight', 'image_encoder.blocks.4.attn.lora_A_k.13.weight', 'image_encoder.blocks.3.attn.lora_B_k.13.weight', 'image_encoder.blocks.11.attn.lora_A_k.13.weight', 'image_encoder.blocks.9.attn.lora_A_k.13.weight', 'image_encoder.blocks.5.attn.lora_B_v.13.weight', 'image_encoder.blocks.2.attn.lora_A_v.13.weight', 'image_encoder.blocks.11.attn.lora_B_k.13.weight', 'image_encoder.blocks.7.attn.lora_A_v.13.weight', 'image_encoder.blocks.0.attn.lora_A_k.13.weight', 'image_encoder.blocks.11.attn.lora_A_v.13.weight', 'image_encoder.blocks.7.attn.lora_B_v.13.weight', 'image_encoder.blocks.8.attn.lora_A_v.13.weight', 'image_encoder.blocks.1.attn.lora_A_v.13.weight', 'image_encoder.blocks.10.attn.lora_A_v.13.weight', 'image_encoder.blocks.5.attn.lora_A_k.13.weight', 'image_encoder.blocks.6.attn.lora_B_k.13.weight', 'image_encoder.blocks.0.attn.lora_A_v.13.weight', 'image_encoder.blocks.4.attn.lora_B_v.13.weight', 'image_encoder.blocks.1.attn.lora_B_k.13.weight', 'image_encoder.blocks.6.attn.lora_A_v.13.weight', 'image_encoder.blocks.7.attn.lora_B_k.13.weight', 'image_encoder.blocks.8.attn.lora_B_k.13.weight', 'image_encoder.blocks.10.attn.lora_B_v.13.weight', 'image_encoder.blocks.2.attn.lora_A_k.13.weight', 'image_encoder.blocks.8.attn.lora_A_k.13.weight', 'image_encoder.blocks.11.attn.lora_B_v.13.weight', 'image_encoder.blocks.2.attn.lora_B_v.13.weight', 'image_encoder.blocks.1.attn.lora_B_v.13.weight'}
After trained on task 12 tensor(0.0516, device='cuda:0') tensor(0.0584, device='cuda:0')
After trained on task 12 tensor(0.0590, device='cuda:0') tensor(0.0671, device='cuda:0')
After trained on task 12 tensor(0.0579, device='cuda:0') tensor(0.0807, device='cuda:0')
After trained on task 12 tensor(0.0637, device='cuda:0') tensor(0.1018, device='cuda:0')
After trained on task 12 tensor(0.0760, device='cuda:0') tensor(0.1097, device='cuda:0')
After trained on task 12 tensor(0.0891, device='cuda:0') tensor(0.1302, device='cuda:0')
After trained on task 12 tensor(0.1052, device='cuda:0') tensor(0.1334, device='cuda:0')
After trained on task 12 tensor(0.1399, device='cuda:0') tensor(0.1739, device='cuda:0')
After trained on task 12 tensor(0.1365, device='cuda:0') tensor(0.2242, device='cuda:0')
After trained on task 12 tensor(0.1739, device='cuda:0') tensor(0.3207, device='cuda:0')
After trained on task 12 tensor(0.1835, device='cuda:0') tensor(0.2968, device='cuda:0')
After trained on task 12 tensor(0.3540, device='cuda:0') tensor(0.3738, device='cuda:0')
reserving basis 85/768; cond: 377994084352.0, ratio:0.9903543591499329
reserving basis 85/768; cond: 377994084352.0, ratio:0.9903543591499329
reserving basis 91/768; cond: 37416849408.0, ratio:0.9918819069862366
reserving basis 91/768; cond: 37416849408.0, ratio:0.9918819069862366
reserving basis 90/768; cond: 619798659072.0, ratio:0.9910476803779602
reserving basis 90/768; cond: 619798659072.0, ratio:0.9910476803779602
reserving basis 92/768; cond: 84659412992.0, ratio:0.9907463192939758
reserving basis 92/768; cond: 84659412992.0, ratio:0.9907463192939758
reserving basis 95/768; cond: 65276542976.0, ratio:0.990505576133728
reserving basis 95/768; cond: 65276542976.0, ratio:0.990505576133728
reserving basis 93/768; cond: 440545542144.0, ratio:0.9905826449394226
reserving basis 93/768; cond: 440545542144.0, ratio:0.9905826449394226
reserving basis 98/768; cond: 40317730816.0, ratio:0.9900266528129578
reserving basis 98/768; cond: 40317730816.0, ratio:0.9900266528129578
reserving basis 92/768; cond: 21941704704.0, ratio:0.9906830191612244
reserving basis 92/768; cond: 21941704704.0, ratio:0.9906830191612244
reserving basis 98/768; cond: 175336800256.0, ratio:0.9924254417419434
reserving basis 98/768; cond: 175336800256.0, ratio:0.9924254417419434
reserving basis 93/768; cond: 791300734976.0, ratio:0.9903613328933716
reserving basis 93/768; cond: 791300734976.0, ratio:0.9903613328933716
reserving basis 96/768; cond: 127632433152.0, ratio:0.9920306205749512
reserving basis 96/768; cond: 127632433152.0, ratio:0.9920306205749512
reserving basis 89/768; cond: 73659080704.0, ratio:0.9904426336288452
reserving basis 89/768; cond: 73659080704.0, ratio:0.9904426336288452
reserving basis 93/768; cond: 78683807744.0, ratio:0.9900932312011719
reserving basis 93/768; cond: 78683807744.0, ratio:0.9900932312011719
reserving basis 90/768; cond: 95983280128.0, ratio:0.9902979135513306
reserving basis 90/768; cond: 95983280128.0, ratio:0.9902979135513306
reserving basis 95/768; cond: 704101810176.0, ratio:0.9914379715919495
reserving basis 95/768; cond: 704101810176.0, ratio:0.9914379715919495
reserving basis 90/768; cond: 185027559424.0, ratio:0.991249144077301
reserving basis 90/768; cond: 185027559424.0, ratio:0.991249144077301
reserving basis 92/768; cond: 55818895360.0, ratio:0.9907966256141663
reserving basis 92/768; cond: 55818895360.0, ratio:0.9907966256141663
reserving basis 87/768; cond: 20636475392.0, ratio:0.9913495182991028
reserving basis 87/768; cond: 20636475392.0, ratio:0.9913495182991028
reserving basis 88/768; cond: 51580862464.0, ratio:0.991792619228363
reserving basis 88/768; cond: 51580862464.0, ratio:0.991792619228363
reserving basis 82/768; cond: 56614420480.0, ratio:0.9914687871932983
reserving basis 82/768; cond: 56614420480.0, ratio:0.9914687871932983
reserving basis 85/768; cond: 87607123968.0, ratio:0.9919251799583435
reserving basis 85/768; cond: 87607123968.0, ratio:0.9919251799583435
reserving basis 79/768; cond: 5854891868160.0, ratio:0.9917306900024414
reserving basis 79/768; cond: 5854891868160.0, ratio:0.9917306900024414
reserving basis 67/768; cond: 948090241024.0, ratio:0.9914076328277588
reserving basis 67/768; cond: 948090241024.0, ratio:0.9914076328277588
reserving basis 74/768; cond: 165155028992.0, ratio:0.9918423891067505
reserving basis 74/768; cond: 165155028992.0, ratio:0.9918423891067505
2026-04-27 11:23:46,946 [palora.py] => Task 13, Epoch 50/50 => Loss 0.533, Train_accy 95.34
2026-04-27 11:24:00,944 [trainer.py] => Time:450.91695737838745
3471 3471
2026-04-27 11:24:11,728 [trainer.py] => Time:10.783384561538696
2026-04-27 11:24:11,728 [trainer.py] => ACC: {'total': 81.42, '00-07': 82.39, '08-15': 80.97, '16-23': 85.48, '24-31': 81.43, '32-39': 82.39, '40-47': 77.3, '48-55': 84.57, '56-63': 84.02, '64-71': 74.15, '72-79': 80.0, '80-87': 85.34, '88-95': 82.49, '96-103': 75.0, '104-111': 79.62, 'old': 81.56, 'new': 79.62}
2026-04-27 11:24:11,728 [trainer.py] => ACC top1 curve: [93.31, 89.22, 89.39, 88.29, 86.61, 85.71, 85.95, 85.28, 84.38, 83.39, 82.79, 82.7, 81.75, 81.42]
Average Accuracy: 85.72785714285715
2026-04-27 11:24:11,729 [trainer.py] => Average Accuracy: 85.72785714285715
2026-04-27 11:24:11,734 [trainer.py] => All params: 116878051
2026-04-27 11:24:11,738 [trainer.py] => Trainable params: 374792
2026-04-27 11:24:11,738 [palora.py] => Learning on 112-120
Parameters to be updated: {'image_encoder.blocks.1.attn.lora_B_k.14.weight', 'image_encoder.blocks.3.attn.lora_B_k.14.weight', 'image_encoder.blocks.7.attn.lora_A_k.14.weight', 'classifier_pool.14.bias', 'image_encoder.blocks.9.attn.lora_A_k.14.weight', 'image_encoder.blocks.3.attn.lora_A_v.14.weight', 'image_encoder.blocks.11.attn.lora_A_k.14.weight', 'image_encoder.blocks.0.attn.lora_B_v.14.weight', 'image_encoder.blocks.2.attn.lora_B_k.14.weight', 'image_encoder.blocks.5.attn.lora_A_v.14.weight', 'image_encoder.blocks.3.attn.lora_B_v.14.weight', 'image_encoder.blocks.5.attn.lora_A_k.14.weight', 'image_encoder.blocks.4.attn.lora_B_k.14.weight', 'image_encoder.blocks.0.attn.lora_A_k.14.weight', 'image_encoder.blocks.6.attn.lora_A_k.14.weight', 'image_encoder.blocks.11.attn.lora_B_k.14.weight', 'image_encoder.blocks.10.attn.lora_B_v.14.weight', 'image_encoder.blocks.4.attn.lora_A_v.14.weight', 'image_encoder.blocks.3.attn.lora_A_k.14.weight', 'image_encoder.blocks.2.attn.lora_A_k.14.weight', 'image_encoder.blocks.4.attn.lora_B_v.14.weight', 'image_encoder.blocks.11.attn.lora_B_v.14.weight', 'image_encoder.blocks.8.attn.lora_B_k.14.weight', 'image_encoder.blocks.11.attn.lora_A_v.14.weight', 'image_encoder.blocks.4.attn.lora_A_k.14.weight', 'image_encoder.blocks.9.attn.lora_B_k.14.weight', 'image_encoder.blocks.6.attn.lora_A_v.14.weight', 'image_encoder.blocks.5.attn.lora_B_v.14.weight', 'image_encoder.blocks.10.attn.lora_A_k.14.weight', 'image_encoder.blocks.1.attn.lora_A_v.14.weight', 'image_encoder.blocks.8.attn.lora_A_v.14.weight', 'image_encoder.blocks.9.attn.lora_A_v.14.weight', 'image_encoder.blocks.8.attn.lora_B_v.14.weight', 'image_encoder.blocks.6.attn.lora_B_v.14.weight', 'image_encoder.blocks.2.attn.lora_B_v.14.weight', 'image_encoder.blocks.2.attn.lora_A_v.14.weight', 'image_encoder.blocks.5.attn.lora_B_k.14.weight', 'image_encoder.blocks.8.attn.lora_A_k.14.weight', 'image_encoder.blocks.7.attn.lora_B_k.14.weight', 'image_encoder.blocks.10.attn.lora_A_v.14.weight', 'image_encoder.blocks.10.attn.lora_B_k.14.weight', 'image_encoder.blocks.7.attn.lora_B_v.14.weight', 'image_encoder.blocks.1.attn.lora_A_k.14.weight', 'image_encoder.blocks.0.attn.lora_A_v.14.weight', 'image_encoder.blocks.1.attn.lora_B_v.14.weight', 'image_encoder.blocks.6.attn.lora_B_k.14.weight', 'image_encoder.blocks.9.attn.lora_B_v.14.weight', 'image_encoder.blocks.7.attn.lora_A_v.14.weight', 'image_encoder.blocks.0.attn.lora_B_k.14.weight', 'classifier_pool.14.weight'}
After trained on task 13 tensor(0.0449, device='cuda:0') tensor(0.0487, device='cuda:0')
After trained on task 13 tensor(0.0524, device='cuda:0') tensor(0.0540, device='cuda:0')
After trained on task 13 tensor(0.0532, device='cuda:0') tensor(0.0730, device='cuda:0')
After trained on task 13 tensor(0.0514, device='cuda:0') tensor(0.0825, device='cuda:0')
After trained on task 13 tensor(0.0669, device='cuda:0') tensor(0.1042, device='cuda:0')
After trained on task 13 tensor(0.0769, device='cuda:0') tensor(0.1188, device='cuda:0')
After trained on task 13 tensor(0.0932, device='cuda:0') tensor(0.1138, device='cuda:0')
After trained on task 13 tensor(0.0977, device='cuda:0') tensor(0.1495, device='cuda:0')
After trained on task 13 tensor(0.1223, device='cuda:0') tensor(0.1945, device='cuda:0')
After trained on task 13 tensor(0.1795, device='cuda:0') tensor(0.2235, device='cuda:0')
After trained on task 13 tensor(0.1990, device='cuda:0') tensor(0.2300, device='cuda:0')
After trained on task 13 tensor(0.2790, device='cuda:0') tensor(0.2595, device='cuda:0')
reserving basis 89/768; cond: 799815172096.0, ratio:0.9909289479255676
reserving basis 89/768; cond: 799815172096.0, ratio:0.9909289479255676
reserving basis 96/768; cond: 29972869120.0, ratio:0.9914067983627319
reserving basis 96/768; cond: 29972869120.0, ratio:0.9914067983627319
reserving basis 94/768; cond: 67390275584.0, ratio:0.9909455180168152
reserving basis 94/768; cond: 67390275584.0, ratio:0.9909455180168152
reserving basis 97/768; cond: 57641558016.0, ratio:0.9911097288131714
reserving basis 97/768; cond: 57641558016.0, ratio:0.9911097288131714
reserving basis 100/768; cond: 257684717568.0, ratio:0.9910938143730164
reserving basis 100/768; cond: 257684717568.0, ratio:0.9910938143730164
reserving basis 98/768; cond: 27649853440.0, ratio:0.9910264611244202
reserving basis 98/768; cond: 27649853440.0, ratio:0.9910264611244202
reserving basis 104/768; cond: 74549428224.0, ratio:0.9919939637184143
reserving basis 104/768; cond: 74549428224.0, ratio:0.9919939637184143
reserving basis 97/768; cond: 566508126208.0, ratio:0.9909592270851135
reserving basis 97/768; cond: 566508126208.0, ratio:0.9909592270851135
reserving basis 103/768; cond: 21573021696.0, ratio:0.9905945062637329
reserving basis 103/768; cond: 21573021696.0, ratio:0.9905945062637329
reserving basis 98/768; cond: 161504296960.0, ratio:0.9914783835411072
reserving basis 98/768; cond: 161504296960.0, ratio:0.9914783835411072
reserving basis 101/768; cond: 105863684096.0, ratio:0.9912208914756775
reserving basis 101/768; cond: 105863684096.0, ratio:0.9912208914756775
reserving basis 94/768; cond: 297298821120.0, ratio:0.9912275671958923
reserving basis 94/768; cond: 297298821120.0, ratio:0.9912275671958923
reserving basis 98/768; cond: 33936177152.0, ratio:0.9911268353462219
reserving basis 98/768; cond: 33936177152.0, ratio:0.9911268353462219
reserving basis 95/768; cond: 145723949056.0, ratio:0.9908285140991211
reserving basis 95/768; cond: 145723949056.0, ratio:0.9908285140991211
reserving basis 100/768; cond: 130756665344.0, ratio:0.9912375807762146
reserving basis 100/768; cond: 130756665344.0, ratio:0.9912375807762146
reserving basis 95/768; cond: 709032345600.0, ratio:0.9915242195129395
reserving basis 95/768; cond: 709032345600.0, ratio:0.9915242195129395
reserving basis 97/768; cond: 282799210496.0, ratio:0.9920008778572083
reserving basis 97/768; cond: 282799210496.0, ratio:0.9920008778572083
reserving basis 91/768; cond: 169433841664.0, ratio:0.9902499318122864
reserving basis 91/768; cond: 169433841664.0, ratio:0.9902499318122864
reserving basis 92/768; cond: 33870839808.0, ratio:0.990960955619812
reserving basis 92/768; cond: 33870839808.0, ratio:0.990960955619812
reserving basis 85/768; cond: 545426014208.0, ratio:0.9906936287879944
reserving basis 85/768; cond: 545426014208.0, ratio:0.9906936287879944
reserving basis 88/768; cond: 105065095168.0, ratio:0.9906415343284607
reserving basis 88/768; cond: 105065095168.0, ratio:0.9906415343284607
reserving basis 82/768; cond: 51119022080.0, ratio:0.9902639389038086
reserving basis 82/768; cond: 51119022080.0, ratio:0.9902639389038086
reserving basis 69/768; cond: 94196899840.0, ratio:0.990636944770813
reserving basis 69/768; cond: 94196899840.0, ratio:0.990636944770813
reserving basis 77/768; cond: 25520537600.0, ratio:0.9914930462837219
reserving basis 77/768; cond: 25520537600.0, ratio:0.9914930462837219
2026-04-27 11:29:57,418 [palora.py] => Task 14, Epoch 50/50 => Loss 0.537, Train_accy 94.78
2026-04-27 11:30:09,821 [trainer.py] => Time:358.0833640098572
3662 3662
2026-04-27 11:30:21,294 [trainer.py] => Time:11.473100423812866
2026-04-27 11:30:21,295 [trainer.py] => ACC: {'total': 81.46, '00-07': 82.04, '08-15': 80.97, '16-23': 85.16, '24-31': 82.29, '32-39': 82.39, '40-47': 77.3, '48-55': 84.57, '56-63': 84.02, '64-71': 72.11, '72-79': 79.67, '80-87': 83.91, '88-95': 81.57, '96-103': 76.03, '104-111': 77.69, '112-119': 88.48, 'old': 81.07, 'new': 88.48}
2026-04-27 11:30:21,295 [trainer.py] => ACC top1 curve: [93.31, 89.22, 89.39, 88.29, 86.61, 85.71, 85.95, 85.28, 84.38, 83.39, 82.79, 82.7, 81.75, 81.42, 81.46]
Average Accuracy: 85.44333333333334
2026-04-27 11:30:21,295 [trainer.py] => Average Accuracy: 85.44333333333334
2026-04-27 11:30:21,300 [trainer.py] => All params: 116878051
2026-04-27 11:30:21,304 [trainer.py] => Trainable params: 374792
2026-04-27 11:30:21,304 [palora.py] => Learning on 120-128
Parameters to be updated: {'image_encoder.blocks.1.attn.lora_B_v.15.weight', 'image_encoder.blocks.11.attn.lora_B_k.15.weight', 'image_encoder.blocks.3.attn.lora_B_k.15.weight', 'image_encoder.blocks.10.attn.lora_B_v.15.weight', 'image_encoder.blocks.11.attn.lora_A_v.15.weight', 'image_encoder.blocks.2.attn.lora_A_v.15.weight', 'image_encoder.blocks.2.attn.lora_B_k.15.weight', 'image_encoder.blocks.8.attn.lora_B_v.15.weight', 'image_encoder.blocks.3.attn.lora_A_k.15.weight', 'image_encoder.blocks.8.attn.lora_B_k.15.weight', 'image_encoder.blocks.9.attn.lora_A_k.15.weight', 'image_encoder.blocks.6.attn.lora_A_v.15.weight', 'image_encoder.blocks.3.attn.lora_A_v.15.weight', 'image_encoder.blocks.11.attn.lora_A_k.15.weight', 'image_encoder.blocks.7.attn.lora_B_v.15.weight', 'image_encoder.blocks.1.attn.lora_A_k.15.weight', 'image_encoder.blocks.8.attn.lora_A_k.15.weight', 'image_encoder.blocks.7.attn.lora_A_v.15.weight', 'image_encoder.blocks.6.attn.lora_A_k.15.weight', 'classifier_pool.15.weight', 'classifier_pool.15.bias', 'image_encoder.blocks.11.attn.lora_B_v.15.weight', 'image_encoder.blocks.4.attn.lora_B_k.15.weight', 'image_encoder.blocks.10.attn.lora_A_k.15.weight', 'image_encoder.blocks.0.attn.lora_A_k.15.weight', 'image_encoder.blocks.2.attn.lora_B_v.15.weight', 'image_encoder.blocks.4.attn.lora_A_k.15.weight', 'image_encoder.blocks.5.attn.lora_B_k.15.weight', 'image_encoder.blocks.7.attn.lora_A_k.15.weight', 'image_encoder.blocks.0.attn.lora_B_k.15.weight', 'image_encoder.blocks.5.attn.lora_A_k.15.weight', 'image_encoder.blocks.10.attn.lora_B_k.15.weight', 'image_encoder.blocks.4.attn.lora_B_v.15.weight', 'image_encoder.blocks.6.attn.lora_B_v.15.weight', 'image_encoder.blocks.8.attn.lora_A_v.15.weight', 'image_encoder.blocks.2.attn.lora_A_k.15.weight', 'image_encoder.blocks.5.attn.lora_A_v.15.weight', 'image_encoder.blocks.1.attn.lora_B_k.15.weight', 'image_encoder.blocks.0.attn.lora_A_v.15.weight', 'image_encoder.blocks.1.attn.lora_A_v.15.weight', 'image_encoder.blocks.9.attn.lora_A_v.15.weight', 'image_encoder.blocks.0.attn.lora_B_v.15.weight', 'image_encoder.blocks.6.attn.lora_B_k.15.weight', 'image_encoder.blocks.5.attn.lora_B_v.15.weight', 'image_encoder.blocks.4.attn.lora_A_v.15.weight', 'image_encoder.blocks.9.attn.lora_B_k.15.weight', 'image_encoder.blocks.10.attn.lora_A_v.15.weight', 'image_encoder.blocks.9.attn.lora_B_v.15.weight', 'image_encoder.blocks.3.attn.lora_B_v.15.weight', 'image_encoder.blocks.7.attn.lora_B_k.15.weight'}
After trained on task 14 tensor(0.0382, device='cuda:0') tensor(0.0423, device='cuda:0')
After trained on task 14 tensor(0.0428, device='cuda:0') tensor(0.0489, device='cuda:0')
After trained on task 14 tensor(0.0422, device='cuda:0') tensor(0.0520, device='cuda:0')
After trained on task 14 tensor(0.0422, device='cuda:0') tensor(0.0641, device='cuda:0')
After trained on task 14 tensor(0.0489, device='cuda:0') tensor(0.0773, device='cuda:0')
After trained on task 14 tensor(0.0612, device='cuda:0') tensor(0.0824, device='cuda:0')
After trained on task 14 tensor(0.0694, device='cuda:0') tensor(0.0964, device='cuda:0')
After trained on task 14 tensor(0.0898, device='cuda:0') tensor(0.1184, device='cuda:0')
After trained on task 14 tensor(0.0981, device='cuda:0') tensor(0.1626, device='cuda:0')
After trained on task 14 tensor(0.1809, device='cuda:0') tensor(0.2281, device='cuda:0')
After trained on task 14 tensor(0.1697, device='cuda:0') tensor(0.2272, device='cuda:0')
After trained on task 14 tensor(0.2222, device='cuda:0') tensor(0.2750, device='cuda:0')
reserving basis 93/768; cond: 188534456320.0, ratio:0.9917225241661072
reserving basis 93/768; cond: 188534456320.0, ratio:0.9917225241661072
reserving basis 100/768; cond: 173304856576.0, ratio:0.9912641048431396
reserving basis 100/768; cond: 173304856576.0, ratio:0.9912641048431396
reserving basis 98/768; cond: 55514390528.0, ratio:0.9913266897201538
reserving basis 98/768; cond: 55514390528.0, ratio:0.9913266897201538
reserving basis 101/768; cond: 123664146432.0, ratio:0.9907373189926147
reserving basis 101/768; cond: 123664146432.0, ratio:0.9907373189926147
reserving basis 105/768; cond: 41053319168.0, ratio:0.9919794797897339
reserving basis 105/768; cond: 41053319168.0, ratio:0.9919794797897339
reserving basis 103/768; cond: 41041399808.0, ratio:0.9916700124740601
reserving basis 103/768; cond: 41041399808.0, ratio:0.9916700124740601
reserving basis 108/768; cond: 43835408384.0, ratio:0.9900172352790833
reserving basis 108/768; cond: 43835408384.0, ratio:0.9900172352790833
reserving basis 102/768; cond: 62024740864.0, ratio:0.9920734763145447
reserving basis 102/768; cond: 62024740864.0, ratio:0.9920734763145447
reserving basis 107/768; cond: 28839014400.0, ratio:0.9901191592216492
reserving basis 107/768; cond: 28839014400.0, ratio:0.9901191592216492
reserving basis 102/768; cond: 78351228928.0, ratio:0.9915609359741211
reserving basis 102/768; cond: 78351228928.0, ratio:0.9915609359741211
reserving basis 106/768; cond: 264048427008.0, ratio:0.9920256733894348
reserving basis 106/768; cond: 264048427008.0, ratio:0.9920256733894348
reserving basis 98/768; cond: 36452794368.0, ratio:0.9900843501091003
reserving basis 98/768; cond: 36452794368.0, ratio:0.9900843501091003
reserving basis 102/768; cond: 22059089920.0, ratio:0.9902609586715698
reserving basis 102/768; cond: 22059089920.0, ratio:0.9902609586715698
reserving basis 99/768; cond: 160305446912.0, ratio:0.9900131225585938
reserving basis 99/768; cond: 160305446912.0, ratio:0.9900131225585938
reserving basis 104/768; cond: 86097108992.0, ratio:0.9914081692695618
reserving basis 104/768; cond: 86097108992.0, ratio:0.9914081692695618
reserving basis 99/768; cond: 28497426432.0, ratio:0.9901184439659119
reserving basis 99/768; cond: 28497426432.0, ratio:0.9901184439659119
reserving basis 101/768; cond: 293465686016.0, ratio:0.9912657737731934
reserving basis 101/768; cond: 293465686016.0, ratio:0.9912657737731934
reserving basis 95/768; cond: 170102161408.0, ratio:0.9906661510467529
reserving basis 95/768; cond: 170102161408.0, ratio:0.9906661510467529
reserving basis 95/768; cond: 44328607744.0, ratio:0.991136908531189
reserving basis 95/768; cond: 44328607744.0, ratio:0.991136908531189
reserving basis 88/768; cond: 8005552128.0, ratio:0.9920576214790344
reserving basis 88/768; cond: 8005552128.0, ratio:0.9920576214790344
reserving basis 90/768; cond: 1831462371328.0, ratio:0.9903134703636169
reserving basis 90/768; cond: 1831462371328.0, ratio:0.9903134703636169
reserving basis 85/768; cond: 65720287232.0, ratio:0.9908509850502014
reserving basis 85/768; cond: 65720287232.0, ratio:0.9908509850502014
reserving basis 72/768; cond: 104010334208.0, ratio:0.9916499257087708
reserving basis 72/768; cond: 104010334208.0, ratio:0.9916499257087708
reserving basis 80/768; cond: 12176056320.0, ratio:0.9907631874084473
reserving basis 80/768; cond: 12176056320.0, ratio:0.9907631874084473
2026-04-27 11:37:06,537 [palora.py] => Task 15, Epoch 50/50 => Loss 0.568, Train_accy 93.49
2026-04-27 11:37:21,164 [trainer.py] => Time:419.8595678806305
3881 3881
2026-04-27 11:37:32,433 [trainer.py] => Time:11.268484592437744
2026-04-27 11:37:32,433 [trainer.py] => ACC: {'total': 80.78, '00-07': 82.39, '08-15': 80.97, '16-23': 83.23, '24-31': 80.57, '32-39': 83.02, '40-47': 76.6, '48-55': 84.04, '56-63': 83.61, '64-71': 71.43, '72-79': 79.67, '80-87': 83.91, '88-95': 81.57, '96-103': 75.68, '104-111': 77.69, '112-119': 86.39, '120-127': 78.08, 'old': 80.94, 'new': 78.08}
2026-04-27 11:37:32,433 [trainer.py] => ACC top1 curve: [93.31, 89.22, 89.39, 88.29, 86.61, 85.71, 85.95, 85.28, 84.38, 83.39, 82.79, 82.7, 81.75, 81.42, 81.46, 80.78]
Average Accuracy: 85.151875
2026-04-27 11:37:32,433 [trainer.py] => Average Accuracy: 85.151875
2026-04-27 11:37:32,438 [trainer.py] => All params: 116878051
2026-04-27 11:37:32,442 [trainer.py] => Trainable params: 374792
2026-04-27 11:37:32,442 [palora.py] => Learning on 128-136
Parameters to be updated: {'image_encoder.blocks.6.attn.lora_B_v.16.weight', 'image_encoder.blocks.1.attn.lora_B_k.16.weight', 'image_encoder.blocks.1.attn.lora_A_k.16.weight', 'image_encoder.blocks.6.attn.lora_B_k.16.weight', 'image_encoder.blocks.8.attn.lora_A_v.16.weight', 'image_encoder.blocks.10.attn.lora_B_k.16.weight', 'image_encoder.blocks.4.attn.lora_A_k.16.weight', 'image_encoder.blocks.8.attn.lora_B_v.16.weight', 'image_encoder.blocks.5.attn.lora_A_v.16.weight', 'image_encoder.blocks.8.attn.lora_B_k.16.weight', 'image_encoder.blocks.5.attn.lora_B_v.16.weight', 'image_encoder.blocks.3.attn.lora_A_k.16.weight', 'image_encoder.blocks.9.attn.lora_A_v.16.weight', 'image_encoder.blocks.11.attn.lora_B_k.16.weight', 'image_encoder.blocks.0.attn.lora_B_v.16.weight', 'image_encoder.blocks.7.attn.lora_A_v.16.weight', 'image_encoder.blocks.1.attn.lora_A_v.16.weight', 'image_encoder.blocks.6.attn.lora_A_v.16.weight', 'classifier_pool.16.weight', 'image_encoder.blocks.1.attn.lora_B_v.16.weight', 'image_encoder.blocks.2.attn.lora_A_k.16.weight', 'image_encoder.blocks.7.attn.lora_B_k.16.weight', 'image_encoder.blocks.7.attn.lora_A_k.16.weight', 'image_encoder.blocks.10.attn.lora_A_v.16.weight', 'image_encoder.blocks.5.attn.lora_A_k.16.weight', 'image_encoder.blocks.4.attn.lora_A_v.16.weight', 'image_encoder.blocks.4.attn.lora_B_v.16.weight', 'image_encoder.blocks.2.attn.lora_B_v.16.weight', 'image_encoder.blocks.7.attn.lora_B_v.16.weight', 'image_encoder.blocks.6.attn.lora_A_k.16.weight', 'image_encoder.blocks.11.attn.lora_A_k.16.weight', 'image_encoder.blocks.11.attn.lora_B_v.16.weight', 'image_encoder.blocks.0.attn.lora_A_k.16.weight', 'image_encoder.blocks.10.attn.lora_B_v.16.weight', 'image_encoder.blocks.3.attn.lora_A_v.16.weight', 'image_encoder.blocks.2.attn.lora_B_k.16.weight', 'image_encoder.blocks.2.attn.lora_A_v.16.weight', 'image_encoder.blocks.11.attn.lora_A_v.16.weight', 'image_encoder.blocks.4.attn.lora_B_k.16.weight', 'image_encoder.blocks.3.attn.lora_B_k.16.weight', 'image_encoder.blocks.10.attn.lora_A_k.16.weight', 'image_encoder.blocks.8.attn.lora_A_k.16.weight', 'image_encoder.blocks.9.attn.lora_A_k.16.weight', 'image_encoder.blocks.0.attn.lora_B_k.16.weight', 'image_encoder.blocks.3.attn.lora_B_v.16.weight', 'image_encoder.blocks.9.attn.lora_B_k.16.weight', 'image_encoder.blocks.9.attn.lora_B_v.16.weight', 'classifier_pool.16.bias', 'image_encoder.blocks.5.attn.lora_B_k.16.weight', 'image_encoder.blocks.0.attn.lora_A_v.16.weight'}
After trained on task 15 tensor(0.0455, device='cuda:0') tensor(0.0393, device='cuda:0')
After trained on task 15 tensor(0.0503, device='cuda:0') tensor(0.0540, device='cuda:0')
After trained on task 15 tensor(0.0522, device='cuda:0') tensor(0.0659, device='cuda:0')
After trained on task 15 tensor(0.0443, device='cuda:0') tensor(0.0818, device='cuda:0')
After trained on task 15 tensor(0.0622, device='cuda:0') tensor(0.0836, device='cuda:0')
After trained on task 15 tensor(0.0758, device='cuda:0') tensor(0.0968, device='cuda:0')
After trained on task 15 tensor(0.0753, device='cuda:0') tensor(0.1092, device='cuda:0')
After trained on task 15 tensor(0.0924, device='cuda:0') tensor(0.1165, device='cuda:0')
After trained on task 15 tensor(0.1145, device='cuda:0') tensor(0.1624, device='cuda:0')
After trained on task 15 tensor(0.2026, device='cuda:0') tensor(0.2342, device='cuda:0')
After trained on task 15 tensor(0.1912, device='cuda:0') tensor(0.2374, device='cuda:0')
After trained on task 15 tensor(0.3285, device='cuda:0') tensor(0.2740, device='cuda:0')
reserving basis 97/768; cond: 36463284224.0, ratio:0.9913174510002136
reserving basis 97/768; cond: 36463284224.0, ratio:0.9913174510002136
reserving basis 104/768; cond: 38668701696.0, ratio:0.9910197257995605
reserving basis 104/768; cond: 38668701696.0, ratio:0.9910197257995605
reserving basis 101/768; cond: 79506071552.0, ratio:0.9910256862640381
reserving basis 101/768; cond: 79506071552.0, ratio:0.9910256862640381
reserving basis 105/768; cond: 21296742400.0, ratio:0.9906693696975708
reserving basis 105/768; cond: 21296742400.0, ratio:0.9906693696975708
reserving basis 109/768; cond: 244670480384.0, ratio:0.9908608198165894
reserving basis 109/768; cond: 244670480384.0, ratio:0.9908608198165894
reserving basis 107/768; cond: 43284840448.0, ratio:0.9900859594345093
reserving basis 107/768; cond: 43284840448.0, ratio:0.9900859594345093
reserving basis 113/768; cond: 38241558528.0, ratio:0.9915931224822998
reserving basis 113/768; cond: 38241558528.0, ratio:0.9915931224822998
reserving basis 106/768; cond: 49827475456.0, ratio:0.9906891584396362
reserving basis 106/768; cond: 49827475456.0, ratio:0.9906891584396362
reserving basis 112/768; cond: 130356895744.0, ratio:0.9916722178459167
reserving basis 112/768; cond: 130356895744.0, ratio:0.9916722178459167
reserving basis 106/768; cond: 74489135104.0, ratio:0.9905210733413696
reserving basis 106/768; cond: 74489135104.0, ratio:0.9905210733413696
reserving basis 111/768; cond: 346341801984.0, ratio:0.9919193983078003
reserving basis 111/768; cond: 346341801984.0, ratio:0.9919193983078003
reserving basis 102/768; cond: 52525735936.0, ratio:0.9907746315002441
reserving basis 102/768; cond: 52525735936.0, ratio:0.9907746315002441
reserving basis 107/768; cond: 42213359616.0, ratio:0.9920128583908081
reserving basis 107/768; cond: 42213359616.0, ratio:0.9920128583908081
reserving basis 104/768; cond: 1929062252544.0, ratio:0.991865873336792
reserving basis 104/768; cond: 1929062252544.0, ratio:0.991865873336792
reserving basis 108/768; cond: 65850355712.0, ratio:0.9902900457382202
reserving basis 108/768; cond: 65850355712.0, ratio:0.9902900457382202
reserving basis 104/768; cond: 76351315968.0, ratio:0.9916927814483643
reserving basis 104/768; cond: 76351315968.0, ratio:0.9916927814483643
reserving basis 105/768; cond: 83232530432.0, ratio:0.9908695220947266
reserving basis 105/768; cond: 83232530432.0, ratio:0.9908695220947266
reserving basis 99/768; cond: 87816978432.0, ratio:0.9918006658554077
reserving basis 99/768; cond: 87816978432.0, ratio:0.9918006658554077
reserving basis 98/768; cond: 110264205312.0, ratio:0.9918527007102966
reserving basis 98/768; cond: 110264205312.0, ratio:0.9918527007102966
reserving basis 91/768; cond: 17997244416.0, ratio:0.9917418360710144
reserving basis 91/768; cond: 17997244416.0, ratio:0.9917418360710144
reserving basis 93/768; cond: 342049259520.0, ratio:0.9904086589813232
reserving basis 93/768; cond: 342049259520.0, ratio:0.9904086589813232
reserving basis 88/768; cond: 126399758336.0, ratio:0.9900534152984619
reserving basis 88/768; cond: 126399758336.0, ratio:0.9900534152984619
reserving basis 74/768; cond: 279367745536.0, ratio:0.9918092489242554
reserving basis 74/768; cond: 279367745536.0, ratio:0.9918092489242554
reserving basis 82/768; cond: 37926633472.0, ratio:0.9900228381156921
reserving basis 82/768; cond: 37926633472.0, ratio:0.9900228381156921
2026-04-27 11:44:15,129 [palora.py] => Task 16, Epoch 50/50 => Loss 0.543, Train_accy 94.07
2026-04-27 11:44:27,575 [trainer.py] => Time:415.13287448883057
4102 4102
2026-04-27 11:44:39,175 [trainer.py] => Time:11.599018335342407
2026-04-27 11:44:39,175 [trainer.py] => ACC: {'total': 79.96, '00-07': 81.69, '08-15': 80.53, '16-23': 83.23, '24-31': 79.14, '32-39': 81.76, '40-47': 76.6, '48-55': 84.04, '56-63': 84.02, '64-71': 72.79, '72-79': 78.03, '80-87': 83.33, '88-95': 81.57, '96-103': 75.0, '104-111': 76.54, '112-119': 85.34, '120-127': 73.97, '128-135': 79.19, 'old': 80.01, 'new': 79.19}
2026-04-27 11:44:39,175 [trainer.py] => ACC top1 curve: [93.31, 89.22, 89.39, 88.29, 86.61, 85.71, 85.95, 85.28, 84.38, 83.39, 82.79, 82.7, 81.75, 81.42, 81.46, 80.78, 79.96]
Average Accuracy: 84.8464705882353
2026-04-27 11:44:39,175 [trainer.py] => Average Accuracy: 84.8464705882353
2026-04-27 11:44:39,180 [trainer.py] => All params: 116878051
2026-04-27 11:44:39,184 [trainer.py] => Trainable params: 374792
2026-04-27 11:44:39,184 [palora.py] => Learning on 136-144
Parameters to be updated: {'image_encoder.blocks.10.attn.lora_A_v.17.weight', 'image_encoder.blocks.5.attn.lora_B_v.17.weight', 'image_encoder.blocks.5.attn.lora_B_k.17.weight', 'image_encoder.blocks.1.attn.lora_A_v.17.weight', 'image_encoder.blocks.11.attn.lora_B_v.17.weight', 'image_encoder.blocks.4.attn.lora_B_v.17.weight', 'image_encoder.blocks.9.attn.lora_B_v.17.weight', 'image_encoder.blocks.9.attn.lora_B_k.17.weight', 'image_encoder.blocks.0.attn.lora_B_k.17.weight', 'image_encoder.blocks.5.attn.lora_A_v.17.weight', 'image_encoder.blocks.8.attn.lora_B_v.17.weight', 'image_encoder.blocks.5.attn.lora_A_k.17.weight', 'image_encoder.blocks.6.attn.lora_B_v.17.weight', 'image_encoder.blocks.2.attn.lora_A_k.17.weight', 'image_encoder.blocks.0.attn.lora_A_k.17.weight', 'image_encoder.blocks.3.attn.lora_B_k.17.weight', 'image_encoder.blocks.10.attn.lora_A_k.17.weight', 'image_encoder.blocks.10.attn.lora_B_v.17.weight', 'image_encoder.blocks.11.attn.lora_B_k.17.weight', 'image_encoder.blocks.8.attn.lora_B_k.17.weight', 'image_encoder.blocks.2.attn.lora_A_v.17.weight', 'image_encoder.blocks.0.attn.lora_B_v.17.weight', 'image_encoder.blocks.2.attn.lora_B_v.17.weight', 'image_encoder.blocks.8.attn.lora_A_v.17.weight', 'classifier_pool.17.weight', 'image_encoder.blocks.7.attn.lora_A_k.17.weight', 'image_encoder.blocks.1.attn.lora_B_v.17.weight', 'image_encoder.blocks.9.attn.lora_A_k.17.weight', 'image_encoder.blocks.2.attn.lora_B_k.17.weight', 'image_encoder.blocks.8.attn.lora_A_k.17.weight', 'image_encoder.blocks.3.attn.lora_B_v.17.weight', 'image_encoder.blocks.4.attn.lora_B_k.17.weight', 'image_encoder.blocks.6.attn.lora_A_v.17.weight', 'image_encoder.blocks.7.attn.lora_B_v.17.weight', 'image_encoder.blocks.6.attn.lora_A_k.17.weight', 'image_encoder.blocks.3.attn.lora_A_k.17.weight', 'image_encoder.blocks.10.attn.lora_B_k.17.weight', 'image_encoder.blocks.11.attn.lora_A_v.17.weight', 'image_encoder.blocks.9.attn.lora_A_v.17.weight', 'image_encoder.blocks.1.attn.lora_A_k.17.weight', 'image_encoder.blocks.7.attn.lora_B_k.17.weight', 'classifier_pool.17.bias', 'image_encoder.blocks.4.attn.lora_A_k.17.weight', 'image_encoder.blocks.3.attn.lora_A_v.17.weight', 'image_encoder.blocks.6.attn.lora_B_k.17.weight', 'image_encoder.blocks.1.attn.lora_B_k.17.weight', 'image_encoder.blocks.11.attn.lora_A_k.17.weight', 'image_encoder.blocks.7.attn.lora_A_v.17.weight', 'image_encoder.blocks.4.attn.lora_A_v.17.weight', 'image_encoder.blocks.0.attn.lora_A_v.17.weight'}
After trained on task 16 tensor(0.0566, device='cuda:0') tensor(0.0469, device='cuda:0')
After trained on task 16 tensor(0.0468, device='cuda:0') tensor(0.0504, device='cuda:0')
After trained on task 16 tensor(0.0530, device='cuda:0') tensor(0.0625, device='cuda:0')
After trained on task 16 tensor(0.0571, device='cuda:0') tensor(0.0842, device='cuda:0')
After trained on task 16 tensor(0.0555, device='cuda:0') tensor(0.0804, device='cuda:0')
After trained on task 16 tensor(0.0655, device='cuda:0') tensor(0.0977, device='cuda:0')
After trained on task 16 tensor(0.0723, device='cuda:0') tensor(0.1026, device='cuda:0')
After trained on task 16 tensor(0.0870, device='cuda:0') tensor(0.1195, device='cuda:0')
After trained on task 16 tensor(0.1075, device='cuda:0') tensor(0.1697, device='cuda:0')
After trained on task 16 tensor(0.1692, device='cuda:0') tensor(0.2553, device='cuda:0')
After trained on task 16 tensor(0.1579, device='cuda:0') tensor(0.3074, device='cuda:0')
After trained on task 16 tensor(0.3607, device='cuda:0') tensor(0.3855, device='cuda:0')
reserving basis 101/768; cond: 867735240704.0, ratio:0.9915051460266113
reserving basis 101/768; cond: 867735240704.0, ratio:0.9915051460266113
reserving basis 108/768; cond: 22933757952.0, ratio:0.9910709857940674
reserving basis 108/768; cond: 22933757952.0, ratio:0.9910709857940674
reserving basis 105/768; cond: 415218401280.0, ratio:0.9916499853134155
reserving basis 105/768; cond: 415218401280.0, ratio:0.9916499853134155
reserving basis 109/768; cond: 282719715328.0, ratio:0.9909299612045288
reserving basis 109/768; cond: 282719715328.0, ratio:0.9909299612045288
reserving basis 113/768; cond: 92579848192.0, ratio:0.9915130734443665
reserving basis 113/768; cond: 92579848192.0, ratio:0.9915130734443665
reserving basis 112/768; cond: 59833667584.0, ratio:0.9917680025100708
reserving basis 112/768; cond: 59833667584.0, ratio:0.9917680025100708
reserving basis 117/768; cond: 75268866048.0, ratio:0.9903083443641663
reserving basis 117/768; cond: 75268866048.0, ratio:0.9903083443641663
reserving basis 110/768; cond: 48925065216.0, ratio:0.9913848638534546
reserving basis 110/768; cond: 48925065216.0, ratio:0.9913848638534546
reserving basis 116/768; cond: 32708974592.0, ratio:0.9901509881019592
reserving basis 116/768; cond: 32708974592.0, ratio:0.9901509881019592
reserving basis 110/768; cond: 207924363264.0, ratio:0.9907593131065369
reserving basis 110/768; cond: 207924363264.0, ratio:0.9907593131065369
reserving basis 115/768; cond: 48057868288.0, ratio:0.9908368587493896
reserving basis 115/768; cond: 48057868288.0, ratio:0.9908368587493896
reserving basis 106/768; cond: 49779302400.0, ratio:0.9900919198989868
reserving basis 106/768; cond: 49779302400.0, ratio:0.9900919198989868
reserving basis 112/768; cond: 16462154752.0, ratio:0.9919288754463196
reserving basis 112/768; cond: 16462154752.0, ratio:0.9919288754463196
reserving basis 108/768; cond: 87313424384.0, ratio:0.9904100298881531
reserving basis 108/768; cond: 87313424384.0, ratio:0.9904100298881531
reserving basis 112/768; cond: 61087477760.0, ratio:0.9902966022491455
reserving basis 112/768; cond: 61087477760.0, ratio:0.9902966022491455
reserving basis 108/768; cond: 30779035648.0, ratio:0.9911364316940308
reserving basis 108/768; cond: 30779035648.0, ratio:0.9911364316940308
reserving basis 109/768; cond: 556101337088.0, ratio:0.9909921288490295
reserving basis 109/768; cond: 556101337088.0, ratio:0.9909921288490295
reserving basis 103/768; cond: 51571339264.0, ratio:0.9918131828308105
reserving basis 103/768; cond: 51571339264.0, ratio:0.9918131828308105
reserving basis 101/768; cond: 72964874240.0, ratio:0.9909901022911072
reserving basis 101/768; cond: 72964874240.0, ratio:0.9909901022911072
reserving basis 94/768; cond: 8901770240.0, ratio:0.9903776049613953
reserving basis 94/768; cond: 8901770240.0, ratio:0.9903776049613953
reserving basis 96/768; cond: 90003218432.0, ratio:0.991037130355835
reserving basis 96/768; cond: 90003218432.0, ratio:0.991037130355835
reserving basis 91/768; cond: 51126210560.0, ratio:0.9913722276687622
reserving basis 91/768; cond: 51126210560.0, ratio:0.9913722276687622
reserving basis 75/768; cond: 137175105536.0, ratio:0.9902193546295166
reserving basis 75/768; cond: 137175105536.0, ratio:0.9902193546295166
reserving basis 84/768; cond: 85233008640.0, ratio:0.9913750886917114
reserving basis 84/768; cond: 85233008640.0, ratio:0.9913750886917114
2026-04-27 11:50:43,846 [palora.py] => Task 17, Epoch 50/50 => Loss 0.530, Train_accy 93.24
2026-04-27 11:50:56,698 [trainer.py] => Time:377.5138065814972
4299 4299
2026-04-27 11:51:09,334 [trainer.py] => Time:12.636192083358765
2026-04-27 11:51:09,335 [trainer.py] => ACC: {'total': 79.69, '00-07': 81.34, '08-15': 80.53, '16-23': 83.23, '24-31': 78.86, '32-39': 81.76, '40-47': 76.6, '48-55': 84.57, '56-63': 84.02, '64-71': 72.79, '72-79': 77.38, '80-87': 83.62, '88-95': 82.03, '96-103': 74.66, '104-111': 76.15, '112-119': 85.34, '120-127': 71.23, '128-135': 76.47, '136-143': 81.73, 'old': 79.6, 'new': 81.73}
2026-04-27 11:51:09,335 [trainer.py] => ACC top1 curve: [93.31, 89.22, 89.39, 88.29, 86.61, 85.71, 85.95, 85.28, 84.38, 83.39, 82.79, 82.7, 81.75, 81.42, 81.46, 80.78, 79.96, 79.69]
Average Accuracy: 84.56
2026-04-27 11:51:09,335 [trainer.py] => Average Accuracy: 84.56
2026-04-27 11:51:09,340 [trainer.py] => All params: 116878051
2026-04-27 11:51:09,344 [trainer.py] => Trainable params: 374792
2026-04-27 11:51:09,344 [palora.py] => Learning on 144-152
Parameters to be updated: {'image_encoder.blocks.7.attn.lora_B_k.18.weight', 'image_encoder.blocks.7.attn.lora_B_v.18.weight', 'image_encoder.blocks.2.attn.lora_B_v.18.weight', 'image_encoder.blocks.3.attn.lora_A_k.18.weight', 'image_encoder.blocks.2.attn.lora_A_v.18.weight', 'image_encoder.blocks.9.attn.lora_B_k.18.weight', 'image_encoder.blocks.1.attn.lora_B_k.18.weight', 'image_encoder.blocks.5.attn.lora_A_k.18.weight', 'image_encoder.blocks.8.attn.lora_B_v.18.weight', 'image_encoder.blocks.0.attn.lora_A_k.18.weight', 'image_encoder.blocks.1.attn.lora_B_v.18.weight', 'image_encoder.blocks.10.attn.lora_B_k.18.weight', 'image_encoder.blocks.4.attn.lora_B_k.18.weight', 'image_encoder.blocks.10.attn.lora_A_v.18.weight', 'image_encoder.blocks.7.attn.lora_A_v.18.weight', 'image_encoder.blocks.9.attn.lora_A_v.18.weight', 'image_encoder.blocks.6.attn.lora_A_k.18.weight', 'image_encoder.blocks.7.attn.lora_A_k.18.weight', 'image_encoder.blocks.2.attn.lora_B_k.18.weight', 'image_encoder.blocks.3.attn.lora_B_v.18.weight', 'image_encoder.blocks.5.attn.lora_A_v.18.weight', 'image_encoder.blocks.6.attn.lora_A_v.18.weight', 'image_encoder.blocks.1.attn.lora_A_v.18.weight', 'image_encoder.blocks.5.attn.lora_B_k.18.weight', 'image_encoder.blocks.11.attn.lora_B_v.18.weight', 'image_encoder.blocks.10.attn.lora_A_k.18.weight', 'image_encoder.blocks.8.attn.lora_B_k.18.weight', 'image_encoder.blocks.3.attn.lora_B_k.18.weight', 'image_encoder.blocks.0.attn.lora_B_v.18.weight', 'image_encoder.blocks.0.attn.lora_B_k.18.weight', 'image_encoder.blocks.6.attn.lora_B_v.18.weight', 'image_encoder.blocks.2.attn.lora_A_k.18.weight', 'image_encoder.blocks.4.attn.lora_B_v.18.weight', 'image_encoder.blocks.3.attn.lora_A_v.18.weight', 'image_encoder.blocks.11.attn.lora_B_k.18.weight', 'image_encoder.blocks.8.attn.lora_A_v.18.weight', 'image_encoder.blocks.8.attn.lora_A_k.18.weight', 'image_encoder.blocks.10.attn.lora_B_v.18.weight', 'classifier_pool.18.weight', 'image_encoder.blocks.4.attn.lora_A_v.18.weight', 'image_encoder.blocks.9.attn.lora_B_v.18.weight', 'image_encoder.blocks.11.attn.lora_A_v.18.weight', 'image_encoder.blocks.0.attn.lora_A_v.18.weight', 'image_encoder.blocks.4.attn.lora_A_k.18.weight', 'image_encoder.blocks.1.attn.lora_A_k.18.weight', 'image_encoder.blocks.9.attn.lora_A_k.18.weight', 'classifier_pool.18.bias', 'image_encoder.blocks.5.attn.lora_B_v.18.weight', 'image_encoder.blocks.11.attn.lora_A_k.18.weight', 'image_encoder.blocks.6.attn.lora_B_k.18.weight'}
After trained on task 17 tensor(0.0438, device='cuda:0') tensor(0.0345, device='cuda:0')
After trained on task 17 tensor(0.0389, device='cuda:0') tensor(0.0420, device='cuda:0')
After trained on task 17 tensor(0.0355, device='cuda:0') tensor(0.0422, device='cuda:0')
After trained on task 17 tensor(0.0431, device='cuda:0') tensor(0.0456, device='cuda:0')
After trained on task 17 tensor(0.0419, device='cuda:0') tensor(0.0513, device='cuda:0')
After trained on task 17 tensor(0.0424, device='cuda:0') tensor(0.0501, device='cuda:0')
After trained on task 17 tensor(0.0481, device='cuda:0') tensor(0.0602, device='cuda:0')
After trained on task 17 tensor(0.0516, device='cuda:0') tensor(0.0680, device='cuda:0')
After trained on task 17 tensor(0.0627, device='cuda:0') tensor(0.0902, device='cuda:0')
After trained on task 17 tensor(0.0763, device='cuda:0') tensor(0.1112, device='cuda:0')
After trained on task 17 tensor(0.0734, device='cuda:0') tensor(0.1348, device='cuda:0')
After trained on task 17 tensor(0.1743, device='cuda:0') tensor(0.1801, device='cuda:0')
reserving basis 104/768; cond: 55460782080.0, ratio:0.9900358319282532
reserving basis 104/768; cond: 55460782080.0, ratio:0.9900358319282532
reserving basis 112/768; cond: 31793907712.0, ratio:0.9908741116523743
reserving basis 112/768; cond: 31793907712.0, ratio:0.9908741116523743
reserving basis 108/768; cond: 1378294169600.0, ratio:0.9900141954421997
reserving basis 108/768; cond: 1378294169600.0, ratio:0.9900141954421997
reserving basis 113/768; cond: 3069891051520.0, ratio:0.9918264746665955
reserving basis 113/768; cond: 3069891051520.0, ratio:0.9918264746665955
reserving basis 117/768; cond: 26185711616.0, ratio:0.9909182786941528
reserving basis 117/768; cond: 26185711616.0, ratio:0.9909182786941528
reserving basis 116/768; cond: 459809587200.0, ratio:0.9917197227478027
reserving basis 116/768; cond: 459809587200.0, ratio:0.9917197227478027
reserving basis 121/768; cond: 211519176704.0, ratio:0.9917105436325073
reserving basis 121/768; cond: 211519176704.0, ratio:0.9917105436325073
reserving basis 114/768; cond: 20072896512.0, ratio:0.9913408756256104
reserving basis 114/768; cond: 20072896512.0, ratio:0.9913408756256104
reserving basis 120/768; cond: 74086072320.0, ratio:0.9911465048789978
reserving basis 120/768; cond: 74086072320.0, ratio:0.9911465048789978
reserving basis 113/768; cond: 30575720448.0, ratio:0.9904295802116394
reserving basis 113/768; cond: 30575720448.0, ratio:0.9904295802116394
reserving basis 118/768; cond: 39015440384.0, ratio:0.9900527596473694
reserving basis 118/768; cond: 39015440384.0, ratio:0.9900527596473694
reserving basis 109/768; cond: 72216444928.0, ratio:0.9914175271987915
reserving basis 109/768; cond: 72216444928.0, ratio:0.9914175271987915
reserving basis 115/768; cond: 52273848320.0, ratio:0.9906368255615234
reserving basis 115/768; cond: 52273848320.0, ratio:0.9906368255615234
reserving basis 111/768; cond: 182538174464.0, ratio:0.9907642006874084
reserving basis 111/768; cond: 182538174464.0, ratio:0.9907642006874084
reserving basis 116/768; cond: 343686610944.0, ratio:0.9916519522666931
reserving basis 116/768; cond: 343686610944.0, ratio:0.9916519522666931
reserving basis 111/768; cond: 171419516928.0, ratio:0.9911206960678101
reserving basis 111/768; cond: 171419516928.0, ratio:0.9911206960678101
reserving basis 112/768; cond: 57165553664.0, ratio:0.9904795289039612
reserving basis 112/768; cond: 57165553664.0, ratio:0.9904795289039612
reserving basis 106/768; cond: 20075343872.0, ratio:0.9902659058570862
reserving basis 106/768; cond: 20075343872.0, ratio:0.9902659058570862
reserving basis 104/768; cond: 60295663616.0, ratio:0.990126371383667
reserving basis 104/768; cond: 60295663616.0, ratio:0.990126371383667
reserving basis 97/768; cond: 11399580672.0, ratio:0.991710364818573
reserving basis 97/768; cond: 11399580672.0, ratio:0.991710364818573
reserving basis 99/768; cond: 106316464128.0, ratio:0.9905703663825989
reserving basis 99/768; cond: 106316464128.0, ratio:0.9905703663825989
reserving basis 94/768; cond: 12730996736.0, ratio:0.9915446043014526
reserving basis 94/768; cond: 12730996736.0, ratio:0.9915446043014526
reserving basis 77/768; cond: 116773404672.0, ratio:0.9904850125312805
reserving basis 77/768; cond: 116773404672.0, ratio:0.9904850125312805
reserving basis 86/768; cond: 32780042240.0, ratio:0.990635097026825
reserving basis 86/768; cond: 32780042240.0, ratio:0.990635097026825
2026-04-27 11:56:24,912 [palora.py] => Task 18, Epoch 50/50 => Loss 0.525, Train_accy 95.11
2026-04-27 11:56:35,693 [trainer.py] => Time:326.34909868240356
4439 4439
2026-04-27 11:56:48,369 [trainer.py] => Time:12.67610216140747
2026-04-27 11:56:48,370 [trainer.py] => ACC: {'total': 79.14, '00-07': 80.99, '08-15': 80.53, '16-23': 82.9, '24-31': 78.57, '32-39': 81.13, '40-47': 76.6, '48-55': 84.57, '56-63': 84.43, '64-71': 72.79, '72-79': 77.38, '80-87': 83.33, '88-95': 81.57, '96-103': 75.0, '104-111': 76.15, '112-119': 84.29, '120-127': 70.78, '128-135': 74.66, '136-143': 78.68, '144-151': 74.29, 'old': 79.3, 'new': 74.29}
2026-04-27 11:56:48,370 [trainer.py] => ACC top1 curve: [93.31, 89.22, 89.39, 88.29, 86.61, 85.71, 85.95, 85.28, 84.38, 83.39, 82.79, 82.7, 81.75, 81.42, 81.46, 80.78, 79.96, 79.69, 79.14]
Average Accuracy: 84.27473684210527
2026-04-27 11:56:48,370 [trainer.py] => Average Accuracy: 84.27473684210527
2026-04-27 11:56:48,375 [trainer.py] => All params: 116878051
2026-04-27 11:56:48,379 [trainer.py] => Trainable params: 374792
2026-04-27 11:56:48,380 [palora.py] => Learning on 152-160
Parameters to be updated: {'image_encoder.blocks.8.attn.lora_A_k.19.weight', 'image_encoder.blocks.10.attn.lora_B_k.19.weight', 'image_encoder.blocks.7.attn.lora_A_k.19.weight', 'image_encoder.blocks.11.attn.lora_A_v.19.weight', 'image_encoder.blocks.3.attn.lora_A_k.19.weight', 'image_encoder.blocks.7.attn.lora_A_v.19.weight', 'classifier_pool.19.weight', 'image_encoder.blocks.2.attn.lora_A_k.19.weight', 'image_encoder.blocks.0.attn.lora_B_v.19.weight', 'image_encoder.blocks.7.attn.lora_B_v.19.weight', 'image_encoder.blocks.10.attn.lora_A_v.19.weight', 'image_encoder.blocks.2.attn.lora_B_k.19.weight', 'image_encoder.blocks.3.attn.lora_A_v.19.weight', 'image_encoder.blocks.5.attn.lora_B_k.19.weight', 'image_encoder.blocks.6.attn.lora_B_k.19.weight', 'image_encoder.blocks.4.attn.lora_B_k.19.weight', 'image_encoder.blocks.1.attn.lora_A_k.19.weight', 'image_encoder.blocks.2.attn.lora_A_v.19.weight', 'image_encoder.blocks.4.attn.lora_A_k.19.weight', 'image_encoder.blocks.0.attn.lora_A_v.19.weight', 'image_encoder.blocks.9.attn.lora_A_k.19.weight', 'image_encoder.blocks.9.attn.lora_B_k.19.weight', 'image_encoder.blocks.11.attn.lora_B_k.19.weight', 'image_encoder.blocks.1.attn.lora_B_k.19.weight', 'image_encoder.blocks.3.attn.lora_B_k.19.weight', 'classifier_pool.19.bias', 'image_encoder.blocks.7.attn.lora_B_k.19.weight', 'image_encoder.blocks.8.attn.lora_B_k.19.weight', 'image_encoder.blocks.6.attn.lora_A_v.19.weight', 'image_encoder.blocks.5.attn.lora_B_v.19.weight', 'image_encoder.blocks.6.attn.lora_B_v.19.weight', 'image_encoder.blocks.11.attn.lora_A_k.19.weight', 'image_encoder.blocks.9.attn.lora_A_v.19.weight', 'image_encoder.blocks.9.attn.lora_B_v.19.weight', 'image_encoder.blocks.5.attn.lora_A_v.19.weight', 'image_encoder.blocks.6.attn.lora_A_k.19.weight', 'image_encoder.blocks.3.attn.lora_B_v.19.weight', 'image_encoder.blocks.2.attn.lora_B_v.19.weight', 'image_encoder.blocks.10.attn.lora_B_v.19.weight', 'image_encoder.blocks.5.attn.lora_A_k.19.weight', 'image_encoder.blocks.8.attn.lora_B_v.19.weight', 'image_encoder.blocks.11.attn.lora_B_v.19.weight', 'image_encoder.blocks.10.attn.lora_A_k.19.weight', 'image_encoder.blocks.0.attn.lora_A_k.19.weight', 'image_encoder.blocks.4.attn.lora_A_v.19.weight', 'image_encoder.blocks.0.attn.lora_B_k.19.weight', 'image_encoder.blocks.4.attn.lora_B_v.19.weight', 'image_encoder.blocks.1.attn.lora_B_v.19.weight', 'image_encoder.blocks.8.attn.lora_A_v.19.weight', 'image_encoder.blocks.1.attn.lora_A_v.19.weight'}
After trained on task 18 tensor(0.0362, device='cuda:0') tensor(0.0359, device='cuda:0')
After trained on task 18 tensor(0.0370, device='cuda:0') tensor(0.0431, device='cuda:0')
After trained on task 18 tensor(0.0348, device='cuda:0') tensor(0.0461, device='cuda:0')
After trained on task 18 tensor(0.0394, device='cuda:0') tensor(0.0604, device='cuda:0')
After trained on task 18 tensor(0.0446, device='cuda:0') tensor(0.0792, device='cuda:0')
After trained on task 18 tensor(0.0502, device='cuda:0') tensor(0.0659, device='cuda:0')
After trained on task 18 tensor(0.0560, device='cuda:0') tensor(0.0840, device='cuda:0')
After trained on task 18 tensor(0.0650, device='cuda:0') tensor(0.0834, device='cuda:0')
After trained on task 18 tensor(0.0713, device='cuda:0') tensor(0.1037, device='cuda:0')
After trained on task 18 tensor(0.0869, device='cuda:0') tensor(0.1384, device='cuda:0')
After trained on task 18 tensor(0.0985, device='cuda:0') tensor(0.1755, device='cuda:0')
After trained on task 18 tensor(0.1622, device='cuda:0') tensor(0.2223, device='cuda:0')
reserving basis 107/768; cond: 835970072576.0, ratio:0.9905281066894531
reserving basis 107/768; cond: 835970072576.0, ratio:0.9905281066894531
reserving basis 115/768; cond: 15229395968.0, ratio:0.9904483556747437
reserving basis 115/768; cond: 15229395968.0, ratio:0.9904483556747437
reserving basis 111/768; cond: 110769184768.0, ratio:0.9910217523574829
reserving basis 111/768; cond: 110769184768.0, ratio:0.9910217523574829
reserving basis 116/768; cond: 28948776960.0, ratio:0.9903976917266846
reserving basis 116/768; cond: 28948776960.0, ratio:0.9903976917266846
reserving basis 120/768; cond: 81798094848.0, ratio:0.9912320971488953
reserving basis 120/768; cond: 81798094848.0, ratio:0.9912320971488953
reserving basis 119/768; cond: 30115598336.0, ratio:0.9906623363494873
reserving basis 119/768; cond: 30115598336.0, ratio:0.9906623363494873
reserving basis 125/768; cond: 80080535552.0, ratio:0.9915079474449158
reserving basis 125/768; cond: 80080535552.0, ratio:0.9915079474449158
reserving basis 117/768; cond: 1485618020352.0, ratio:0.9910355806350708
reserving basis 117/768; cond: 1485618020352.0, ratio:0.9910355806350708
reserving basis 124/768; cond: 678943588352.0, ratio:0.9916377663612366
reserving basis 124/768; cond: 678943588352.0, ratio:0.9916377663612366
reserving basis 116/768; cond: 216655085568.0, ratio:0.9909011125564575
reserving basis 116/768; cond: 216655085568.0, ratio:0.9909011125564575
reserving basis 121/768; cond: 96687964160.0, ratio:0.9902974963188171
reserving basis 121/768; cond: 96687964160.0, ratio:0.9902974963188171
reserving basis 113/768; cond: 38255910912.0, ratio:0.9917452335357666
reserving basis 113/768; cond: 38255910912.0, ratio:0.9917452335357666
reserving basis 118/768; cond: 12297269248.0, ratio:0.9908681511878967
reserving basis 118/768; cond: 12297269248.0, ratio:0.9908681511878967
reserving basis 114/768; cond: 57713012736.0, ratio:0.9908835887908936
reserving basis 114/768; cond: 57713012736.0, ratio:0.9908835887908936
reserving basis 119/768; cond: 256174374912.0, ratio:0.9903966784477234
reserving basis 119/768; cond: 256174374912.0, ratio:0.9903966784477234
reserving basis 115/768; cond: 2247289995264.0, ratio:0.9913286566734314
reserving basis 115/768; cond: 2247289995264.0, ratio:0.9913286566734314
reserving basis 115/768; cond: 246385459200.0, ratio:0.9909279942512512
reserving basis 115/768; cond: 246385459200.0, ratio:0.9909279942512512
reserving basis 109/768; cond: 186558005248.0, ratio:0.9907011389732361
reserving basis 109/768; cond: 186558005248.0, ratio:0.9907011389732361
reserving basis 107/768; cond: 176842915840.0, ratio:0.9907521605491638
reserving basis 107/768; cond: 176842915840.0, ratio:0.9907521605491638
reserving basis 100/768; cond: 55313805312.0, ratio:0.9900175333023071
reserving basis 100/768; cond: 55313805312.0, ratio:0.9900175333023071
reserving basis 102/768; cond: 56731230208.0, ratio:0.991395115852356
reserving basis 102/768; cond: 56731230208.0, ratio:0.991395115852356
reserving basis 97/768; cond: 101472116736.0, ratio:0.9919434189796448
reserving basis 97/768; cond: 101472116736.0, ratio:0.9919434189796448
reserving basis 79/768; cond: 282356776960.0, ratio:0.9900633096694946
reserving basis 79/768; cond: 282356776960.0, ratio:0.9900633096694946
reserving basis 89/768; cond: 15500827648.0, ratio:0.9916133284568787
reserving basis 89/768; cond: 15500827648.0, ratio:0.9916133284568787
2026-04-27 12:03:07,834 [palora.py] => Task 19, Epoch 50/50 => Loss 0.474, Train_accy 96.55
2026-04-27 12:03:20,030 [trainer.py] => Time:391.6500942707062
4667 4667
2026-04-27 12:03:33,047 [trainer.py] => Time:13.016723394393921
2026-04-27 12:03:33,047 [trainer.py] => ACC: {'total': 78.55, '00-07': 80.99, '08-15': 79.65, '16-23': 83.23, '24-31': 78.57, '32-39': 80.5, '40-47': 75.89, '48-55': 84.57, '56-63': 84.43, '64-71': 72.11, '72-79': 76.39, '80-87': 83.05, '88-95': 81.57, '96-103': 73.63, '104-111': 75.0, '112-119': 82.72, '120-127': 70.32, '128-135': 74.21, '136-143': 79.19, '144-151': 73.57, '152-159': 75.88, 'old': 78.69, 'new': 75.88}
2026-04-27 12:03:33,047 [trainer.py] => ACC top1 curve: [93.31, 89.22, 89.39, 88.29, 86.61, 85.71, 85.95, 85.28, 84.38, 83.39, 82.79, 82.7, 81.75, 81.42, 81.46, 80.78, 79.96, 79.69, 79.14, 78.55]
Average Accuracy: 83.98850000000002
2026-04-27 12:03:33,047 [trainer.py] => Average Accuracy: 83.98850000000002
2026-04-27 12:03:33,053 [trainer.py] => All params: 116878051
2026-04-27 12:03:33,057 [trainer.py] => Trainable params: 374792
2026-04-27 12:03:33,057 [palora.py] => Learning on 160-168
Parameters to be updated: {'image_encoder.blocks.10.attn.lora_B_k.20.weight', 'image_encoder.blocks.0.attn.lora_B_k.20.weight', 'image_encoder.blocks.11.attn.lora_A_k.20.weight', 'image_encoder.blocks.8.attn.lora_A_k.20.weight', 'image_encoder.blocks.5.attn.lora_B_v.20.weight', 'image_encoder.blocks.1.attn.lora_B_v.20.weight', 'image_encoder.blocks.2.attn.lora_A_k.20.weight', 'image_encoder.blocks.3.attn.lora_B_v.20.weight', 'image_encoder.blocks.6.attn.lora_A_k.20.weight', 'image_encoder.blocks.10.attn.lora_A_v.20.weight', 'classifier_pool.20.weight', 'image_encoder.blocks.0.attn.lora_B_v.20.weight', 'image_encoder.blocks.4.attn.lora_A_k.20.weight', 'image_encoder.blocks.6.attn.lora_A_v.20.weight', 'image_encoder.blocks.7.attn.lora_A_k.20.weight', 'image_encoder.blocks.5.attn.lora_A_k.20.weight', 'image_encoder.blocks.3.attn.lora_B_k.20.weight', 'image_encoder.blocks.0.attn.lora_A_v.20.weight', 'image_encoder.blocks.11.attn.lora_A_v.20.weight', 'image_encoder.blocks.4.attn.lora_B_v.20.weight', 'image_encoder.blocks.5.attn.lora_A_v.20.weight', 'image_encoder.blocks.9.attn.lora_B_k.20.weight', 'image_encoder.blocks.9.attn.lora_B_v.20.weight', 'image_encoder.blocks.2.attn.lora_B_v.20.weight', 'image_encoder.blocks.6.attn.lora_B_v.20.weight', 'image_encoder.blocks.8.attn.lora_B_k.20.weight', 'image_encoder.blocks.10.attn.lora_A_k.20.weight', 'image_encoder.blocks.2.attn.lora_B_k.20.weight', 'image_encoder.blocks.1.attn.lora_A_v.20.weight', 'image_encoder.blocks.8.attn.lora_B_v.20.weight', 'image_encoder.blocks.9.attn.lora_A_v.20.weight', 'image_encoder.blocks.3.attn.lora_A_k.20.weight', 'image_encoder.blocks.4.attn.lora_B_k.20.weight', 'classifier_pool.20.bias', 'image_encoder.blocks.3.attn.lora_A_v.20.weight', 'image_encoder.blocks.7.attn.lora_B_k.20.weight', 'image_encoder.blocks.5.attn.lora_B_k.20.weight', 'image_encoder.blocks.7.attn.lora_A_v.20.weight', 'image_encoder.blocks.0.attn.lora_A_k.20.weight', 'image_encoder.blocks.2.attn.lora_A_v.20.weight', 'image_encoder.blocks.4.attn.lora_A_v.20.weight', 'image_encoder.blocks.9.attn.lora_A_k.20.weight', 'image_encoder.blocks.7.attn.lora_B_v.20.weight', 'image_encoder.blocks.8.attn.lora_A_v.20.weight', 'image_encoder.blocks.10.attn.lora_B_v.20.weight', 'image_encoder.blocks.11.attn.lora_B_k.20.weight', 'image_encoder.blocks.11.attn.lora_B_v.20.weight', 'image_encoder.blocks.6.attn.lora_B_k.20.weight', 'image_encoder.blocks.1.attn.lora_A_k.20.weight', 'image_encoder.blocks.1.attn.lora_B_k.20.weight'}
After trained on task 19 tensor(0.0472, device='cuda:0') tensor(0.0370, device='cuda:0')
After trained on task 19 tensor(0.0464, device='cuda:0') tensor(0.0438, device='cuda:0')
After trained on task 19 tensor(0.0436, device='cuda:0') tensor(0.0503, device='cuda:0')
After trained on task 19 tensor(0.0418, device='cuda:0') tensor(0.0630, device='cuda:0')
After trained on task 19 tensor(0.0415, device='cuda:0') tensor(0.0725, device='cuda:0')
After trained on task 19 tensor(0.0589, device='cuda:0') tensor(0.0837, device='cuda:0')
After trained on task 19 tensor(0.0680, device='cuda:0') tensor(0.0968, device='cuda:0')
After trained on task 19 tensor(0.0700, device='cuda:0') tensor(0.1093, device='cuda:0')
After trained on task 19 tensor(0.0905, device='cuda:0') tensor(0.1757, device='cuda:0')
After trained on task 19 tensor(0.1115, device='cuda:0') tensor(0.1812, device='cuda:0')
After trained on task 19 tensor(0.1053, device='cuda:0') tensor(0.2541, device='cuda:0')
After trained on task 19 tensor(0.2346, device='cuda:0') tensor(0.2717, device='cuda:0')
reserving basis 110/768; cond: 169574465536.0, ratio:0.991121768951416
reserving basis 110/768; cond: 169574465536.0, ratio:0.991121768951416
reserving basis 118/768; cond: 23676049408.0, ratio:0.9906765222549438
reserving basis 118/768; cond: 23676049408.0, ratio:0.9906765222549438
reserving basis 114/768; cond: 18285084672.0, ratio:0.9916207194328308
reserving basis 114/768; cond: 18285084672.0, ratio:0.9916207194328308
reserving basis 119/768; cond: 35128102912.0, ratio:0.9901169538497925
reserving basis 119/768; cond: 35128102912.0, ratio:0.9901169538497925
reserving basis 124/768; cond: 40158322688.0, ratio:0.9913998246192932
reserving basis 124/768; cond: 40158322688.0, ratio:0.9913998246192932
reserving basis 122/768; cond: 4596643659776.0, ratio:0.9903337955474854
reserving basis 122/768; cond: 4596643659776.0, ratio:0.9903337955474854
reserving basis 128/768; cond: 16977199104.0, ratio:0.9900401830673218
reserving basis 128/768; cond: 16977199104.0, ratio:0.9900401830673218
reserving basis 120/768; cond: 121721790464.0, ratio:0.9904353618621826
reserving basis 120/768; cond: 121721790464.0, ratio:0.9904353618621826
reserving basis 128/768; cond: 56158273536.0, ratio:0.9916583895683289
reserving basis 128/768; cond: 56158273536.0, ratio:0.9916583895683289
reserving basis 119/768; cond: 321062469632.0, ratio:0.990323007106781
reserving basis 119/768; cond: 321062469632.0, ratio:0.990323007106781
reserving basis 125/768; cond: 270365114368.0, ratio:0.9915863275527954
reserving basis 125/768; cond: 270365114368.0, ratio:0.9915863275527954
reserving basis 117/768; cond: 89160998912.0, ratio:0.9917356967926025
reserving basis 117/768; cond: 89160998912.0, ratio:0.9917356967926025
reserving basis 121/768; cond: 741931024384.0, ratio:0.9903238415718079
reserving basis 121/768; cond: 741931024384.0, ratio:0.9903238415718079
reserving basis 117/768; cond: 62587121664.0, ratio:0.990993857383728
reserving basis 117/768; cond: 62587121664.0, ratio:0.990993857383728
reserving basis 122/768; cond: 49614352384.0, ratio:0.9900564551353455
reserving basis 122/768; cond: 49614352384.0, ratio:0.9900564551353455
reserving basis 118/768; cond: 101826174976.0, ratio:0.9900408387184143
reserving basis 118/768; cond: 101826174976.0, ratio:0.9900408387184143
reserving basis 118/768; cond: 43626262528.0, ratio:0.9910599589347839
reserving basis 118/768; cond: 43626262528.0, ratio:0.9910599589347839
reserving basis 112/768; cond: 128437927936.0, ratio:0.991417407989502
reserving basis 112/768; cond: 128437927936.0, ratio:0.991417407989502
reserving basis 110/768; cond: 460626657280.0, ratio:0.991075336933136
reserving basis 110/768; cond: 460626657280.0, ratio:0.991075336933136
reserving basis 103/768; cond: 2961697792.0, ratio:0.9914884567260742
reserving basis 103/768; cond: 2961697792.0, ratio:0.9914884567260742
reserving basis 105/768; cond: 665708003328.0, ratio:0.9912723898887634
reserving basis 105/768; cond: 665708003328.0, ratio:0.9912723898887634
reserving basis 99/768; cond: 55605202944.0, ratio:0.9908595681190491
reserving basis 99/768; cond: 55605202944.0, ratio:0.9908595681190491
reserving basis 81/768; cond: 44403220480.0, ratio:0.9919250011444092
reserving basis 81/768; cond: 44403220480.0, ratio:0.9919250011444092
reserving basis 91/768; cond: 31309156352.0, ratio:0.9907151460647583
reserving basis 91/768; cond: 31309156352.0, ratio:0.9907151460647583
2026-04-27 12:10:23,833 [palora.py] => Task 20, Epoch 50/50 => Loss 0.430, Train_accy 97.93
2026-04-27 12:10:37,448 [trainer.py] => Time:424.39076566696167
4897 4897
2026-04-27 12:10:51,163 [trainer.py] => Time:13.714722633361816
2026-04-27 12:10:51,163 [trainer.py] => ACC: {'total': 78.48, '00-07': 80.63, '08-15': 78.76, '16-23': 83.23, '24-31': 77.43, '32-39': 81.13, '40-47': 76.6, '48-55': 85.11, '56-63': 83.61, '64-71': 71.43, '72-79': 76.39, '80-87': 83.33, '88-95': 82.03, '96-103': 73.29, '104-111': 75.0, '112-119': 82.2, '120-127': 68.49, '128-135': 72.4, '136-143': 78.17, '144-151': 72.86, '152-159': 74.12, '160-167': 86.52, 'old': 78.08, 'new': 86.52}
2026-04-27 12:10:51,163 [trainer.py] => ACC top1 curve: [93.31, 89.22, 89.39, 88.29, 86.61, 85.71, 85.95, 85.28, 84.38, 83.39, 82.79, 82.7, 81.75, 81.42, 81.46, 80.78, 79.96, 79.69, 79.14, 78.55, 78.48]
Average Accuracy: 83.72619047619048
2026-04-27 12:10:51,163 [trainer.py] => Average Accuracy: 83.72619047619048
2026-04-27 12:10:51,168 [trainer.py] => All params: 116878051
2026-04-27 12:10:51,172 [trainer.py] => Trainable params: 374792
2026-04-27 12:10:51,172 [palora.py] => Learning on 168-176
Parameters to be updated: {'image_encoder.blocks.7.attn.lora_A_v.21.weight', 'image_encoder.blocks.10.attn.lora_A_v.21.weight', 'image_encoder.blocks.7.attn.lora_B_v.21.weight', 'image_encoder.blocks.9.attn.lora_B_k.21.weight', 'image_encoder.blocks.3.attn.lora_A_k.21.weight', 'image_encoder.blocks.8.attn.lora_B_k.21.weight', 'image_encoder.blocks.4.attn.lora_A_v.21.weight', 'image_encoder.blocks.0.attn.lora_A_k.21.weight', 'image_encoder.blocks.5.attn.lora_B_v.21.weight', 'image_encoder.blocks.0.attn.lora_B_k.21.weight', 'image_encoder.blocks.2.attn.lora_B_k.21.weight', 'image_encoder.blocks.0.attn.lora_A_v.21.weight', 'image_encoder.blocks.4.attn.lora_B_k.21.weight', 'image_encoder.blocks.7.attn.lora_B_k.21.weight', 'image_encoder.blocks.10.attn.lora_B_k.21.weight', 'image_encoder.blocks.3.attn.lora_B_v.21.weight', 'image_encoder.blocks.1.attn.lora_A_k.21.weight', 'image_encoder.blocks.9.attn.lora_B_v.21.weight', 'image_encoder.blocks.11.attn.lora_B_v.21.weight', 'image_encoder.blocks.6.attn.lora_A_k.21.weight', 'image_encoder.blocks.5.attn.lora_A_v.21.weight', 'image_encoder.blocks.11.attn.lora_A_v.21.weight', 'classifier_pool.21.bias', 'image_encoder.blocks.8.attn.lora_B_v.21.weight', 'image_encoder.blocks.3.attn.lora_A_v.21.weight', 'image_encoder.blocks.4.attn.lora_A_k.21.weight', 'image_encoder.blocks.6.attn.lora_B_v.21.weight', 'image_encoder.blocks.3.attn.lora_B_k.21.weight', 'image_encoder.blocks.2.attn.lora_A_v.21.weight', 'image_encoder.blocks.4.attn.lora_B_v.21.weight', 'image_encoder.blocks.6.attn.lora_A_v.21.weight', 'image_encoder.blocks.5.attn.lora_A_k.21.weight', 'image_encoder.blocks.2.attn.lora_B_v.21.weight', 'image_encoder.blocks.5.attn.lora_B_k.21.weight', 'image_encoder.blocks.2.attn.lora_A_k.21.weight', 'image_encoder.blocks.10.attn.lora_A_k.21.weight', 'image_encoder.blocks.1.attn.lora_B_v.21.weight', 'image_encoder.blocks.8.attn.lora_A_k.21.weight', 'image_encoder.blocks.9.attn.lora_A_v.21.weight', 'image_encoder.blocks.6.attn.lora_B_k.21.weight', 'image_encoder.blocks.10.attn.lora_B_v.21.weight', 'image_encoder.blocks.8.attn.lora_A_v.21.weight', 'classifier_pool.21.weight', 'image_encoder.blocks.0.attn.lora_B_v.21.weight', 'image_encoder.blocks.11.attn.lora_B_k.21.weight', 'image_encoder.blocks.1.attn.lora_A_v.21.weight', 'image_encoder.blocks.9.attn.lora_A_k.21.weight', 'image_encoder.blocks.11.attn.lora_A_k.21.weight', 'image_encoder.blocks.1.attn.lora_B_k.21.weight', 'image_encoder.blocks.7.attn.lora_A_k.21.weight'}
After trained on task 20 tensor(0.0464, device='cuda:0') tensor(0.0418, device='cuda:0')
After trained on task 20 tensor(0.0386, device='cuda:0') tensor(0.0416, device='cuda:0')
After trained on task 20 tensor(0.0399, device='cuda:0') tensor(0.0518, device='cuda:0')
After trained on task 20 tensor(0.0384, device='cuda:0') tensor(0.0726, device='cuda:0')
After trained on task 20 tensor(0.0471, device='cuda:0') tensor(0.0702, device='cuda:0')
After trained on task 20 tensor(0.0588, device='cuda:0') tensor(0.0769, device='cuda:0')
After trained on task 20 tensor(0.0647, device='cuda:0') tensor(0.0970, device='cuda:0')
After trained on task 20 tensor(0.0756, device='cuda:0') tensor(0.1376, device='cuda:0')
After trained on task 20 tensor(0.1025, device='cuda:0') tensor(0.1748, device='cuda:0')
After trained on task 20 tensor(0.1235, device='cuda:0') tensor(0.2094, device='cuda:0')
After trained on task 20 tensor(0.1337, device='cuda:0') tensor(0.2456, device='cuda:0')
After trained on task 20 tensor(0.3190, device='cuda:0') tensor(0.2982, device='cuda:0')
reserving basis 112/768; cond: 95204081664.0, ratio:0.9901832938194275
reserving basis 112/768; cond: 95204081664.0, ratio:0.9901832938194275
reserving basis 121/768; cond: 132778901504.0, ratio:0.9909923672676086
reserving basis 121/768; cond: 132778901504.0, ratio:0.9909923672676086
reserving basis 116/768; cond: 15857936384.0, ratio:0.991191565990448
reserving basis 116/768; cond: 15857936384.0, ratio:0.991191565990448
reserving basis 122/768; cond: 29004998656.0, ratio:0.9909960031509399
reserving basis 122/768; cond: 29004998656.0, ratio:0.9909960031509399
reserving basis 127/768; cond: 79042117632.0, ratio:0.9908396601676941
reserving basis 127/768; cond: 79042117632.0, ratio:0.9908396601676941
reserving basis 125/768; cond: 194564538368.0, ratio:0.9903776049613953
reserving basis 125/768; cond: 194564538368.0, ratio:0.9903776049613953
reserving basis 132/768; cond: 11164212224.0, ratio:0.991607129573822
reserving basis 132/768; cond: 11164212224.0, ratio:0.991607129573822
reserving basis 123/768; cond: 23517556736.0, ratio:0.9911646842956543
reserving basis 123/768; cond: 23517556736.0, ratio:0.9911646842956543
reserving basis 131/768; cond: 74867335168.0, ratio:0.9903711676597595
reserving basis 131/768; cond: 74867335168.0, ratio:0.9903711676597595
reserving basis 123/768; cond: 113022836736.0, ratio:0.9915505051612854
reserving basis 123/768; cond: 113022836736.0, ratio:0.9915505051612854
reserving basis 128/768; cond: 27038871552.0, ratio:0.9908475279808044
reserving basis 128/768; cond: 27038871552.0, ratio:0.9908475279808044
reserving basis 121/768; cond: 10331475968.0, ratio:0.9912784695625305
reserving basis 121/768; cond: 10331475968.0, ratio:0.9912784695625305
reserving basis 124/768; cond: 85318819840.0, ratio:0.9913819432258606
reserving basis 124/768; cond: 85318819840.0, ratio:0.9913819432258606
reserving basis 121/768; cond: 29155088384.0, ratio:0.9917612671852112
reserving basis 121/768; cond: 29155088384.0, ratio:0.9917612671852112
reserving basis 125/768; cond: 242560073728.0, ratio:0.990077793598175
reserving basis 125/768; cond: 242560073728.0, ratio:0.990077793598175
reserving basis 121/768; cond: 15868353536.0, ratio:0.9913780689239502
reserving basis 121/768; cond: 15868353536.0, ratio:0.9913780689239502
reserving basis 121/768; cond: 63190683648.0, ratio:0.9911271333694458
reserving basis 121/768; cond: 63190683648.0, ratio:0.9911271333694458
reserving basis 115/768; cond: 44573503488.0, ratio:0.9916917085647583
reserving basis 115/768; cond: 44573503488.0, ratio:0.9916917085647583
reserving basis 113/768; cond: 13503243264.0, ratio:0.9910963773727417
reserving basis 113/768; cond: 13503243264.0, ratio:0.9910963773727417
reserving basis 105/768; cond: 10418170880.0, ratio:0.9909085631370544
reserving basis 105/768; cond: 10418170880.0, ratio:0.9909085631370544
reserving basis 107/768; cond: 68668268544.0, ratio:0.9906617403030396
reserving basis 107/768; cond: 68668268544.0, ratio:0.9906617403030396
reserving basis 101/768; cond: 32639700992.0, ratio:0.9902214407920837
reserving basis 101/768; cond: 32639700992.0, ratio:0.9902214407920837
reserving basis 82/768; cond: 156691791872.0, ratio:0.9909379482269287
reserving basis 82/768; cond: 156691791872.0, ratio:0.9909379482269287
reserving basis 93/768; cond: 135738392576.0, ratio:0.990280270576477
reserving basis 93/768; cond: 135738392576.0, ratio:0.990280270576477
2026-04-27 12:17:51,336 [palora.py] => Task 21, Epoch 50/50 => Loss 0.467, Train_accy 97.16
2026-04-27 12:18:05,381 [trainer.py] => Time:434.2083692550659
5178 5178
2026-04-27 12:18:19,535 [trainer.py] => Time:14.153955459594727
2026-04-27 12:18:19,535 [trainer.py] => ACC: {'total': 78.6, '00-07': 80.63, '08-15': 78.76, '16-23': 83.23, '24-31': 77.71, '32-39': 81.13, '40-47': 75.89, '48-55': 84.57, '56-63': 83.2, '64-71': 71.43, '72-79': 75.41, '80-87': 81.61, '88-95': 82.03, '96-103': 73.29, '104-111': 75.0, '112-119': 82.72, '120-127': 68.49, '128-135': 71.95, '136-143': 78.68, '144-151': 70.71, '152-159': 73.25, '160-167': 85.22, '168-175': 87.19, 'old': 78.11, 'new': 87.19}
2026-04-27 12:18:19,536 [trainer.py] => ACC top1 curve: [93.31, 89.22, 89.39, 88.29, 86.61, 85.71, 85.95, 85.28, 84.38, 83.39, 82.79, 82.7, 81.75, 81.42, 81.46, 80.78, 79.96, 79.69, 79.14, 78.55, 78.48, 78.6]
Average Accuracy: 83.49318181818182
2026-04-27 12:18:19,536 [trainer.py] => Average Accuracy: 83.49318181818182
2026-04-27 12:18:19,540 [trainer.py] => All params: 116878051
2026-04-27 12:18:19,544 [trainer.py] => Trainable params: 374792
2026-04-27 12:18:19,544 [palora.py] => Learning on 176-184
Parameters to be updated: {'image_encoder.blocks.0.attn.lora_B_k.22.weight', 'image_encoder.blocks.3.attn.lora_A_k.22.weight', 'image_encoder.blocks.11.attn.lora_B_k.22.weight', 'image_encoder.blocks.11.attn.lora_B_v.22.weight', 'image_encoder.blocks.3.attn.lora_A_v.22.weight', 'image_encoder.blocks.4.attn.lora_B_k.22.weight', 'image_encoder.blocks.2.attn.lora_A_k.22.weight', 'image_encoder.blocks.7.attn.lora_B_v.22.weight', 'image_encoder.blocks.2.attn.lora_A_v.22.weight', 'image_encoder.blocks.8.attn.lora_B_k.22.weight', 'image_encoder.blocks.7.attn.lora_B_k.22.weight', 'image_encoder.blocks.9.attn.lora_A_v.22.weight', 'image_encoder.blocks.11.attn.lora_A_v.22.weight', 'image_encoder.blocks.0.attn.lora_A_v.22.weight', 'image_encoder.blocks.4.attn.lora_A_v.22.weight', 'image_encoder.blocks.5.attn.lora_A_v.22.weight', 'image_encoder.blocks.8.attn.lora_A_v.22.weight', 'image_encoder.blocks.11.attn.lora_A_k.22.weight', 'image_encoder.blocks.1.attn.lora_A_k.22.weight', 'image_encoder.blocks.6.attn.lora_A_v.22.weight', 'image_encoder.blocks.2.attn.lora_B_v.22.weight', 'image_encoder.blocks.10.attn.lora_A_v.22.weight', 'image_encoder.blocks.6.attn.lora_B_k.22.weight', 'image_encoder.blocks.8.attn.lora_B_v.22.weight', 'image_encoder.blocks.3.attn.lora_B_k.22.weight', 'image_encoder.blocks.9.attn.lora_B_v.22.weight', 'image_encoder.blocks.5.attn.lora_B_k.22.weight', 'image_encoder.blocks.5.attn.lora_B_v.22.weight', 'image_encoder.blocks.5.attn.lora_A_k.22.weight', 'image_encoder.blocks.8.attn.lora_A_k.22.weight', 'image_encoder.blocks.10.attn.lora_B_v.22.weight', 'image_encoder.blocks.1.attn.lora_B_v.22.weight', 'image_encoder.blocks.4.attn.lora_A_k.22.weight', 'image_encoder.blocks.1.attn.lora_A_v.22.weight', 'image_encoder.blocks.6.attn.lora_A_k.22.weight', 'image_encoder.blocks.6.attn.lora_B_v.22.weight', 'image_encoder.blocks.9.attn.lora_A_k.22.weight', 'image_encoder.blocks.4.attn.lora_B_v.22.weight', 'image_encoder.blocks.10.attn.lora_B_k.22.weight', 'image_encoder.blocks.10.attn.lora_A_k.22.weight', 'image_encoder.blocks.0.attn.lora_A_k.22.weight', 'image_encoder.blocks.1.attn.lora_B_k.22.weight', 'classifier_pool.22.weight', 'image_encoder.blocks.9.attn.lora_B_k.22.weight', 'image_encoder.blocks.2.attn.lora_B_k.22.weight', 'image_encoder.blocks.7.attn.lora_A_v.22.weight', 'image_encoder.blocks.0.attn.lora_B_v.22.weight', 'classifier_pool.22.bias', 'image_encoder.blocks.3.attn.lora_B_v.22.weight', 'image_encoder.blocks.7.attn.lora_A_k.22.weight'}
After trained on task 21 tensor(0.0451, device='cuda:0') tensor(0.0388, device='cuda:0')
After trained on task 21 tensor(0.0413, device='cuda:0') tensor(0.0459, device='cuda:0')
After trained on task 21 tensor(0.0415, device='cuda:0') tensor(0.0523, device='cuda:0')
After trained on task 21 tensor(0.0419, device='cuda:0') tensor(0.0590, device='cuda:0')
After trained on task 21 tensor(0.0524, device='cuda:0') tensor(0.0747, device='cuda:0')
After trained on task 21 tensor(0.0605, device='cuda:0') tensor(0.0927, device='cuda:0')
After trained on task 21 tensor(0.0655, device='cuda:0') tensor(0.0912, device='cuda:0')
After trained on task 21 tensor(0.0731, device='cuda:0') tensor(0.1067, device='cuda:0')
After trained on task 21 tensor(0.0818, device='cuda:0') tensor(0.1496, device='cuda:0')
After trained on task 21 tensor(0.1214, device='cuda:0') tensor(0.1887, device='cuda:0')
After trained on task 21 tensor(0.1270, device='cuda:0') tensor(0.2640, device='cuda:0')
After trained on task 21 tensor(0.2853, device='cuda:0') tensor(0.2729, device='cuda:0')
reserving basis 114/768; cond: 36416647168.0, ratio:0.9900618195533752
reserving basis 114/768; cond: 36416647168.0, ratio:0.9900618195533752
reserving basis 124/768; cond: 10477743104.0, ratio:0.9906162023544312
reserving basis 124/768; cond: 10477743104.0, ratio:0.9906162023544312
reserving basis 118/768; cond: 30398337024.0, ratio:0.9902139902114868
reserving basis 118/768; cond: 30398337024.0, ratio:0.9902139902114868
reserving basis 125/768; cond: 450722136064.0, ratio:0.9907690286636353
reserving basis 125/768; cond: 450722136064.0, ratio:0.9907690286636353
reserving basis 130/768; cond: 81446535168.0, ratio:0.9902495741844177
reserving basis 130/768; cond: 81446535168.0, ratio:0.9902495741844177
reserving basis 129/768; cond: 195881205760.0, ratio:0.9917744994163513
reserving basis 129/768; cond: 195881205760.0, ratio:0.9917744994163513
reserving basis 135/768; cond: 49539436544.0, ratio:0.9904887080192566
reserving basis 135/768; cond: 49539436544.0, ratio:0.9904887080192566
reserving basis 126/768; cond: 18924867584.0, ratio:0.9903814792633057
reserving basis 126/768; cond: 18924867584.0, ratio:0.9903814792633057
reserving basis 134/768; cond: 78564646912.0, ratio:0.9906647801399231
reserving basis 134/768; cond: 78564646912.0, ratio:0.9906647801399231
reserving basis 126/768; cond: 60716453888.0, ratio:0.9915207624435425
reserving basis 126/768; cond: 60716453888.0, ratio:0.9915207624435425
reserving basis 131/768; cond: 818818580480.0, ratio:0.9908008575439453
reserving basis 131/768; cond: 818818580480.0, ratio:0.9908008575439453
reserving basis 124/768; cond: 75259183104.0, ratio:0.9915686845779419
reserving basis 124/768; cond: 75259183104.0, ratio:0.9915686845779419
reserving basis 127/768; cond: 230192513024.0, ratio:0.9910717606544495
reserving basis 127/768; cond: 230192513024.0, ratio:0.9910717606544495
reserving basis 124/768; cond: 66248105984.0, ratio:0.9915211200714111
reserving basis 124/768; cond: 66248105984.0, ratio:0.9915211200714111
reserving basis 128/768; cond: 88948793344.0, ratio:0.9907223582267761
reserving basis 128/768; cond: 88948793344.0, ratio:0.9907223582267761
reserving basis 124/768; cond: 93915963392.0, ratio:0.9907065033912659
reserving basis 124/768; cond: 93915963392.0, ratio:0.9907065033912659
reserving basis 124/768; cond: 203792154624.0, ratio:0.9900761842727661
reserving basis 124/768; cond: 203792154624.0, ratio:0.9900761842727661
reserving basis 118/768; cond: 11281163264.0, ratio:0.9908992052078247
reserving basis 118/768; cond: 11281163264.0, ratio:0.9908992052078247
reserving basis 116/768; cond: 89762037760.0, ratio:0.9916957020759583
reserving basis 116/768; cond: 89762037760.0, ratio:0.9916957020759583
reserving basis 108/768; cond: 165552046080.0, ratio:0.9914728999137878
reserving basis 108/768; cond: 165552046080.0, ratio:0.9914728999137878
reserving basis 109/768; cond: 39774973952.0, ratio:0.9900643825531006
reserving basis 109/768; cond: 39774973952.0, ratio:0.9900643825531006
reserving basis 103/768; cond: 87827963904.0, ratio:0.9905835390090942
reserving basis 103/768; cond: 87827963904.0, ratio:0.9905835390090942
reserving basis 83/768; cond: 201767632896.0, ratio:0.9906188249588013
reserving basis 83/768; cond: 201767632896.0, ratio:0.9906188249588013
reserving basis 95/768; cond: 31089041408.0, ratio:0.9904321432113647
reserving basis 95/768; cond: 31089041408.0, ratio:0.9904321432113647
2026-04-27 12:25:23,987 [palora.py] => Task 22, Epoch 50/50 => Loss 0.520, Train_accy 94.24
2026-04-27 12:25:37,540 [trainer.py] => Time:437.9950511455536
5428 5428
2026-04-27 12:25:52,278 [trainer.py] => Time:14.737786769866943
2026-04-27 12:25:52,278 [trainer.py] => ACC: {'total': 78.8, '00-07': 80.99, '08-15': 78.76, '16-23': 83.55, '24-31': 77.71, '32-39': 81.13, '40-47': 75.18, '48-55': 84.04, '56-63': 83.2, '64-71': 71.43, '72-79': 75.41, '80-87': 82.47, '88-95': 81.57, '96-103': 73.63, '104-111': 75.0, '112-119': 81.68, '120-127': 69.41, '128-135': 71.49, '136-143': 79.19, '144-151': 71.43, '152-159': 73.25, '160-167': 85.65, '168-175': 86.12, '176-183': 82.0, 'old': 78.64, 'new': 82.0}
2026-04-27 12:25:52,278 [trainer.py] => ACC top1 curve: [93.31, 89.22, 89.39, 88.29, 86.61, 85.71, 85.95, 85.28, 84.38, 83.39, 82.79, 82.7, 81.75, 81.42, 81.46, 80.78, 79.96, 79.69, 79.14, 78.55, 78.48, 78.6, 78.8]
Average Accuracy: 83.2891304347826
2026-04-27 12:25:52,278 [trainer.py] => Average Accuracy: 83.2891304347826
2026-04-27 12:25:52,284 [trainer.py] => All params: 116878051
2026-04-27 12:25:52,288 [trainer.py] => Trainable params: 374792
2026-04-27 12:25:52,289 [palora.py] => Learning on 184-192
Parameters to be updated: {'image_encoder.blocks.10.attn.lora_B_v.23.weight', 'image_encoder.blocks.3.attn.lora_B_v.23.weight', 'image_encoder.blocks.1.attn.lora_A_v.23.weight', 'image_encoder.blocks.6.attn.lora_B_k.23.weight', 'image_encoder.blocks.9.attn.lora_A_v.23.weight', 'image_encoder.blocks.5.attn.lora_A_v.23.weight', 'image_encoder.blocks.2.attn.lora_A_k.23.weight', 'image_encoder.blocks.3.attn.lora_B_k.23.weight', 'image_encoder.blocks.9.attn.lora_A_k.23.weight', 'image_encoder.blocks.9.attn.lora_B_v.23.weight', 'image_encoder.blocks.5.attn.lora_A_k.23.weight', 'image_encoder.blocks.10.attn.lora_A_v.23.weight', 'image_encoder.blocks.4.attn.lora_B_v.23.weight', 'image_encoder.blocks.1.attn.lora_A_k.23.weight', 'image_encoder.blocks.6.attn.lora_B_v.23.weight', 'image_encoder.blocks.1.attn.lora_B_v.23.weight', 'image_encoder.blocks.2.attn.lora_A_v.23.weight', 'image_encoder.blocks.8.attn.lora_B_k.23.weight', 'image_encoder.blocks.11.attn.lora_B_v.23.weight', 'image_encoder.blocks.3.attn.lora_A_k.23.weight', 'image_encoder.blocks.0.attn.lora_B_v.23.weight', 'image_encoder.blocks.4.attn.lora_A_k.23.weight', 'image_encoder.blocks.7.attn.lora_A_v.23.weight', 'image_encoder.blocks.1.attn.lora_B_k.23.weight', 'image_encoder.blocks.4.attn.lora_A_v.23.weight', 'image_encoder.blocks.11.attn.lora_A_k.23.weight', 'image_encoder.blocks.8.attn.lora_A_v.23.weight', 'image_encoder.blocks.8.attn.lora_B_v.23.weight', 'image_encoder.blocks.0.attn.lora_B_k.23.weight', 'classifier_pool.23.bias', 'image_encoder.blocks.5.attn.lora_B_v.23.weight', 'image_encoder.blocks.7.attn.lora_B_k.23.weight', 'image_encoder.blocks.6.attn.lora_A_v.23.weight', 'image_encoder.blocks.3.attn.lora_A_v.23.weight', 'image_encoder.blocks.11.attn.lora_A_v.23.weight', 'image_encoder.blocks.10.attn.lora_B_k.23.weight', 'image_encoder.blocks.7.attn.lora_B_v.23.weight', 'image_encoder.blocks.5.attn.lora_B_k.23.weight', 'image_encoder.blocks.2.attn.lora_B_k.23.weight', 'image_encoder.blocks.7.attn.lora_A_k.23.weight', 'image_encoder.blocks.8.attn.lora_A_k.23.weight', 'image_encoder.blocks.10.attn.lora_A_k.23.weight', 'image_encoder.blocks.11.attn.lora_B_k.23.weight', 'image_encoder.blocks.2.attn.lora_B_v.23.weight', 'image_encoder.blocks.6.attn.lora_A_k.23.weight', 'classifier_pool.23.weight', 'image_encoder.blocks.0.attn.lora_A_k.23.weight', 'image_encoder.blocks.4.attn.lora_B_k.23.weight', 'image_encoder.blocks.0.attn.lora_A_v.23.weight', 'image_encoder.blocks.9.attn.lora_B_k.23.weight'}
After trained on task 22 tensor(0.0530, device='cuda:0') tensor(0.0409, device='cuda:0')
After trained on task 22 tensor(0.0463, device='cuda:0') tensor(0.0529, device='cuda:0')
After trained on task 22 tensor(0.0401, device='cuda:0') tensor(0.0656, device='cuda:0')
After trained on task 22 tensor(0.0424, device='cuda:0') tensor(0.0665, device='cuda:0')
After trained on task 22 tensor(0.0528, device='cuda:0') tensor(0.0718, device='cuda:0')
After trained on task 22 tensor(0.0767, device='cuda:0') tensor(0.0776, device='cuda:0')
After trained on task 22 tensor(0.0711, device='cuda:0') tensor(0.0975, device='cuda:0')
After trained on task 22 tensor(0.0772, device='cuda:0') tensor(0.1143, device='cuda:0')
After trained on task 22 tensor(0.0910, device='cuda:0') tensor(0.1485, device='cuda:0')
After trained on task 22 tensor(0.1618, device='cuda:0') tensor(0.2160, device='cuda:0')
After trained on task 22 tensor(0.2157, device='cuda:0') tensor(0.2339, device='cuda:0')
After trained on task 22 tensor(0.2670, device='cuda:0') tensor(0.2987, device='cuda:0')
reserving basis 116/768; cond: 72996069376.0, ratio:0.9905117154121399
reserving basis 116/768; cond: 72996069376.0, ratio:0.9905117154121399
reserving basis 127/768; cond: 1120279855104.0, ratio:0.9910756945610046
reserving basis 127/768; cond: 1120279855104.0, ratio:0.9910756945610046
reserving basis 121/768; cond: 128209412096.0, ratio:0.9911579489707947
reserving basis 121/768; cond: 128209412096.0, ratio:0.9911579489707947
reserving basis 128/768; cond: 126283776000.0, ratio:0.990397572517395
reserving basis 128/768; cond: 126283776000.0, ratio:0.990397572517395
reserving basis 133/768; cond: 55146004480.0, ratio:0.9904168248176575
reserving basis 133/768; cond: 55146004480.0, ratio:0.9904168248176575
reserving basis 132/768; cond: 34468024320.0, ratio:0.9910328984260559
reserving basis 132/768; cond: 34468024320.0, ratio:0.9910328984260559
reserving basis 139/768; cond: 90393026560.0, ratio:0.9914504885673523
reserving basis 139/768; cond: 90393026560.0, ratio:0.9914504885673523
reserving basis 129/768; cond: 35845353472.0, ratio:0.9906856417655945
reserving basis 129/768; cond: 35845353472.0, ratio:0.9906856417655945
reserving basis 137/768; cond: 100107632640.0, ratio:0.9901975393295288
reserving basis 137/768; cond: 100107632640.0, ratio:0.9901975393295288
reserving basis 129/768; cond: 45254811648.0, ratio:0.990154504776001
reserving basis 129/768; cond: 45254811648.0, ratio:0.990154504776001
reserving basis 134/768; cond: 10415015936.0, ratio:0.9906232953071594
reserving basis 134/768; cond: 10415015936.0, ratio:0.9906232953071594
reserving basis 127/768; cond: 32139282432.0, ratio:0.9906603097915649
reserving basis 127/768; cond: 32139282432.0, ratio:0.9906603097915649
reserving basis 130/768; cond: 39848136704.0, ratio:0.9911799430847168
reserving basis 130/768; cond: 39848136704.0, ratio:0.9911799430847168
reserving basis 127/768; cond: 69197774848.0, ratio:0.9907404780387878
reserving basis 127/768; cond: 69197774848.0, ratio:0.9907404780387878
reserving basis 131/768; cond: 72797339648.0, ratio:0.9905782341957092
reserving basis 131/768; cond: 72797339648.0, ratio:0.9905782341957092
reserving basis 127/768; cond: 14558669824.0, ratio:0.9912461042404175
reserving basis 127/768; cond: 14558669824.0, ratio:0.9912461042404175
reserving basis 127/768; cond: 260956225536.0, ratio:0.9908643960952759
reserving basis 127/768; cond: 260956225536.0, ratio:0.9908643960952759
reserving basis 121/768; cond: 7373931520.0, ratio:0.9909306168556213
reserving basis 121/768; cond: 7373931520.0, ratio:0.9909306168556213
reserving basis 118/768; cond: 131609051136.0, ratio:0.9909561276435852
reserving basis 118/768; cond: 131609051136.0, ratio:0.9909561276435852
reserving basis 111/768; cond: 77170966528.0, ratio:0.9918467998504639
reserving basis 111/768; cond: 77170966528.0, ratio:0.9918467998504639
reserving basis 110/768; cond: 552671182848.0, ratio:0.9908460378646851
reserving basis 110/768; cond: 552671182848.0, ratio:0.9908460378646851
reserving basis 105/768; cond: 35375661056.0, ratio:0.9901604652404785
reserving basis 105/768; cond: 35375661056.0, ratio:0.9901604652404785
reserving basis 84/768; cond: 196489822208.0, ratio:0.9905098676681519
reserving basis 84/768; cond: 196489822208.0, ratio:0.9905098676681519
reserving basis 98/768; cond: 18517989376.0, ratio:0.992346465587616
reserving basis 98/768; cond: 18517989376.0, ratio:0.992346465587616
2026-04-27 12:34:02,015 [palora.py] => Task 23, Epoch 50/50 => Loss 0.497, Train_accy 95.64
2026-04-27 12:34:16,334 [trainer.py] => Time:504.045303106308
5780 5780
2026-04-27 12:34:31,877 [trainer.py] => Time:15.54236125946045
2026-04-27 12:34:31,877 [trainer.py] => ACC: {'total': 78.84, '00-07': 80.63, '08-15': 79.2, '16-23': 83.23, '24-31': 79.14, '32-39': 80.5, '40-47': 75.18, '48-55': 84.57, '56-63': 83.2, '64-71': 72.11, '72-79': 76.07, '80-87': 81.9, '88-95': 81.57, '96-103': 73.63, '104-111': 75.38, '112-119': 82.2, '120-127': 68.49, '128-135': 70.14, '136-143': 79.7, '144-151': 72.14, '152-159': 71.93, '160-167': 85.22, '168-175': 86.12, '176-183': 81.6, '184-191': 79.83, 'old': 78.78, 'new': 79.83}
2026-04-27 12:34:31,877 [trainer.py] => ACC top1 curve: [93.31, 89.22, 89.39, 88.29, 86.61, 85.71, 85.95, 85.28, 84.38, 83.39, 82.79, 82.7, 81.75, 81.42, 81.46, 80.78, 79.96, 79.69, 79.14, 78.55, 78.48, 78.6, 78.8, 78.84]
Average Accuracy: 83.10375
2026-04-27 12:34:31,877 [trainer.py] => Average Accuracy: 83.10375
2026-04-27 12:34:31,882 [trainer.py] => All params: 116878051
2026-04-27 12:34:31,886 [trainer.py] => Trainable params: 374792
2026-04-27 12:34:31,886 [palora.py] => Learning on 192-200
Parameters to be updated: {'image_encoder.blocks.2.attn.lora_A_k.24.weight', 'image_encoder.blocks.8.attn.lora_B_k.24.weight', 'image_encoder.blocks.0.attn.lora_B_v.24.weight', 'image_encoder.blocks.0.attn.lora_A_v.24.weight', 'image_encoder.blocks.0.attn.lora_A_k.24.weight', 'image_encoder.blocks.0.attn.lora_B_k.24.weight', 'image_encoder.blocks.4.attn.lora_A_v.24.weight', 'image_encoder.blocks.9.attn.lora_A_v.24.weight', 'image_encoder.blocks.3.attn.lora_B_v.24.weight', 'image_encoder.blocks.5.attn.lora_B_v.24.weight', 'image_encoder.blocks.11.attn.lora_B_k.24.weight', 'image_encoder.blocks.3.attn.lora_A_k.24.weight', 'image_encoder.blocks.2.attn.lora_A_v.24.weight', 'image_encoder.blocks.11.attn.lora_B_v.24.weight', 'image_encoder.blocks.8.attn.lora_A_k.24.weight', 'image_encoder.blocks.1.attn.lora_B_v.24.weight', 'image_encoder.blocks.6.attn.lora_A_v.24.weight', 'image_encoder.blocks.7.attn.lora_A_k.24.weight', 'image_encoder.blocks.4.attn.lora_B_v.24.weight', 'image_encoder.blocks.2.attn.lora_B_v.24.weight', 'image_encoder.blocks.7.attn.lora_B_k.24.weight', 'image_encoder.blocks.4.attn.lora_A_k.24.weight', 'image_encoder.blocks.7.attn.lora_A_v.24.weight', 'image_encoder.blocks.3.attn.lora_B_k.24.weight', 'image_encoder.blocks.5.attn.lora_A_v.24.weight', 'image_encoder.blocks.3.attn.lora_A_v.24.weight', 'image_encoder.blocks.1.attn.lora_B_k.24.weight', 'image_encoder.blocks.6.attn.lora_A_k.24.weight', 'image_encoder.blocks.1.attn.lora_A_k.24.weight', 'image_encoder.blocks.6.attn.lora_B_v.24.weight', 'image_encoder.blocks.11.attn.lora_A_k.24.weight', 'image_encoder.blocks.9.attn.lora_B_v.24.weight', 'image_encoder.blocks.4.attn.lora_B_k.24.weight', 'image_encoder.blocks.10.attn.lora_A_v.24.weight', 'classifier_pool.24.weight', 'classifier_pool.24.bias', 'image_encoder.blocks.7.attn.lora_B_v.24.weight', 'image_encoder.blocks.5.attn.lora_A_k.24.weight', 'image_encoder.blocks.1.attn.lora_A_v.24.weight', 'image_encoder.blocks.8.attn.lora_A_v.24.weight', 'image_encoder.blocks.8.attn.lora_B_v.24.weight', 'image_encoder.blocks.10.attn.lora_B_v.24.weight', 'image_encoder.blocks.5.attn.lora_B_k.24.weight', 'image_encoder.blocks.9.attn.lora_A_k.24.weight', 'image_encoder.blocks.2.attn.lora_B_k.24.weight', 'image_encoder.blocks.6.attn.lora_B_k.24.weight', 'image_encoder.blocks.10.attn.lora_A_k.24.weight', 'image_encoder.blocks.9.attn.lora_B_k.24.weight', 'image_encoder.blocks.10.attn.lora_B_k.24.weight', 'image_encoder.blocks.11.attn.lora_A_v.24.weight'}
After trained on task 23 tensor(0.0524, device='cuda:0') tensor(0.0468, device='cuda:0')
After trained on task 23 tensor(0.0498, device='cuda:0') tensor(0.0550, device='cuda:0')
After trained on task 23 tensor(0.0467, device='cuda:0') tensor(0.0565, device='cuda:0')
After trained on task 23 tensor(0.0447, device='cuda:0') tensor(0.0721, device='cuda:0')
After trained on task 23 tensor(0.0592, device='cuda:0') tensor(0.0973, device='cuda:0')
After trained on task 23 tensor(0.0773, device='cuda:0') tensor(0.0974, device='cuda:0')
After trained on task 23 tensor(0.0954, device='cuda:0') tensor(0.1166, device='cuda:0')
After trained on task 23 tensor(0.0922, device='cuda:0') tensor(0.1431, device='cuda:0')
After trained on task 23 tensor(0.1346, device='cuda:0') tensor(0.1829, device='cuda:0')
After trained on task 23 tensor(0.1637, device='cuda:0') tensor(0.2603, device='cuda:0')
After trained on task 23 tensor(0.1748, device='cuda:0') tensor(0.2961, device='cuda:0')
After trained on task 23 tensor(0.4776, device='cuda:0') tensor(0.3690, device='cuda:0')
reserving basis 119/768; cond: 115374317568.0, ratio:0.9916046857833862
reserving basis 119/768; cond: 115374317568.0, ratio:0.9916046857833862
reserving basis 130/768; cond: 213793357824.0, ratio:0.9913567900657654
reserving basis 130/768; cond: 213793357824.0, ratio:0.9913567900657654
reserving basis 124/768; cond: 147652657152.0, ratio:0.9912304282188416
reserving basis 124/768; cond: 147652657152.0, ratio:0.9912304282188416
reserving basis 132/768; cond: 130521522176.0, ratio:0.9916093945503235
reserving basis 132/768; cond: 130521522176.0, ratio:0.9916093945503235
reserving basis 136/768; cond: 267808653312.0, ratio:0.9902063608169556
reserving basis 136/768; cond: 267808653312.0, ratio:0.9902063608169556
reserving basis 135/768; cond: 44318228480.0, ratio:0.9902551174163818
reserving basis 135/768; cond: 44318228480.0, ratio:0.9902551174163818
reserving basis 143/768; cond: 35433275392.0, ratio:0.9912878274917603
reserving basis 143/768; cond: 35433275392.0, ratio:0.9912878274917603
reserving basis 132/768; cond: 19734253568.0, ratio:0.9902803301811218
reserving basis 132/768; cond: 19734253568.0, ratio:0.9902803301811218
reserving basis 141/768; cond: 896902430720.0, ratio:0.9910928606987
reserving basis 141/768; cond: 896902430720.0, ratio:0.9910928606987
reserving basis 131/768; cond: 18359068672.0, ratio:0.9902082085609436
reserving basis 131/768; cond: 18359068672.0, ratio:0.9902082085609436
reserving basis 137/768; cond: 125885169664.0, ratio:0.9906454086303711
reserving basis 137/768; cond: 125885169664.0, ratio:0.9906454086303711
reserving basis 130/768; cond: 4194711371776.0, ratio:0.9909359812736511
reserving basis 130/768; cond: 4194711371776.0, ratio:0.9909359812736511
reserving basis 133/768; cond: 9508971520.0, ratio:0.9908524751663208
reserving basis 133/768; cond: 9508971520.0, ratio:0.9908524751663208
reserving basis 130/768; cond: 34304860160.0, ratio:0.9910978674888611
reserving basis 130/768; cond: 34304860160.0, ratio:0.9910978674888611
reserving basis 134/768; cond: 28506603520.0, ratio:0.990288257598877
reserving basis 134/768; cond: 28506603520.0, ratio:0.990288257598877
reserving basis 130/768; cond: 208649191424.0, ratio:0.9909743666648865
reserving basis 130/768; cond: 208649191424.0, ratio:0.9909743666648865
reserving basis 130/768; cond: 37155823616.0, ratio:0.9915949106216431
reserving basis 130/768; cond: 37155823616.0, ratio:0.9915949106216431
reserving basis 124/768; cond: 56251736064.0, ratio:0.9917640089988708
reserving basis 124/768; cond: 56251736064.0, ratio:0.9917640089988708
reserving basis 120/768; cond: 22549645312.0, ratio:0.9911406636238098
reserving basis 120/768; cond: 22549645312.0, ratio:0.9911406636238098
reserving basis 113/768; cond: 10020286464.0, ratio:0.991123378276825
reserving basis 113/768; cond: 10020286464.0, ratio:0.991123378276825
reserving basis 113/768; cond: 259645063168.0, ratio:0.9917369484901428
reserving basis 113/768; cond: 259645063168.0, ratio:0.9917369484901428
reserving basis 107/768; cond: 124644343808.0, ratio:0.9906153678894043
reserving basis 107/768; cond: 124644343808.0, ratio:0.9906153678894043
reserving basis 84/768; cond: 35681349632.0, ratio:0.9908803701400757
reserving basis 84/768; cond: 35681349632.0, ratio:0.9908803701400757
reserving basis 100/768; cond: 13954541568.0, ratio:0.9912232756614685
reserving basis 100/768; cond: 13954541568.0, ratio:0.9912232756614685
2026-04-27 12:41:05,949 [palora.py] => Task 24, Epoch 50/50 => Loss 0.493, Train_accy 95.36
2026-04-27 12:41:19,095 [trainer.py] => Time:407.20854806900024
6000 6000
2026-04-27 12:41:35,221 [trainer.py] => Time:16.125306367874146
2026-04-27 12:41:35,221 [trainer.py] => ACC: {'total': 78.1, '00-07': 80.28, '08-15': 79.2, '16-23': 82.58, '24-31': 79.71, '32-39': 80.5, '40-47': 75.18, '48-55': 84.57, '56-63': 83.2, '64-71': 72.11, '72-79': 75.74, '80-87': 81.61, '88-95': 81.11, '96-103': 72.95, '104-111': 75.0, '112-119': 81.68, '120-127': 68.49, '128-135': 68.78, '136-143': 77.16, '144-151': 71.43, '152-159': 71.49, '160-167': 85.22, '168-175': 85.77, '176-183': 81.2, '184-191': 78.69, '192-199': 69.55, 'old': 78.43, 'new': 69.55}
2026-04-27 12:41:35,221 [trainer.py] => ACC top1 curve: [93.31, 89.22, 89.39, 88.29, 86.61, 85.71, 85.95, 85.28, 84.38, 83.39, 82.79, 82.7, 81.75, 81.42, 81.46, 80.78, 79.96, 79.69, 79.14, 78.55, 78.48, 78.6, 78.8, 78.84, 78.1]
Average Accuracy: 82.90360000000001
2026-04-27 12:41:35,221 [trainer.py] => Average Accuracy: 82.90360000000001
