logs/ImageNet_R/4_4_sip/palora/Adam/0
2026-04-27 12:41:38,009 [trainer.py] => config: configs/palora/ir50_palora.json
2026-04-27 12:41:38,009 [trainer.py] => device: [device(type='cuda', index=0)]
2026-04-27 12:41:38,009 [trainer.py] => eval: False
2026-04-27 12:41:38,009 [trainer.py] => p: 0.5
2026-04-27 12:41:38,009 [trainer.py] => prefix: reproduce
2026-04-27 12:41:38,009 [trainer.py] => dataset: ImageNet_R
2026-04-27 12:41:38,009 [trainer.py] => data_path: data/imagenet-r
2026-04-27 12:41:38,009 [trainer.py] => memory_size: 0
2026-04-27 12:41:38,009 [trainer.py] => memory_per_class: 0
2026-04-27 12:41:38,009 [trainer.py] => fixed_memory: True
2026-04-27 12:41:38,009 [trainer.py] => shuffle: False
2026-04-27 12:41:38,009 [trainer.py] => seed: 0
2026-04-27 12:41:38,009 [trainer.py] => init_cls: 4
2026-04-27 12:41:38,010 [trainer.py] => increment: 4
2026-04-27 12:41:38,010 [trainer.py] => total_sessions: 50
2026-04-27 12:41:38,010 [trainer.py] => model_name: palora
2026-04-27 12:41:38,010 [trainer.py] => net_type: sip
2026-04-27 12:41:38,010 [trainer.py] => embd_dim: 768
2026-04-27 12:41:38,010 [trainer.py] => num_heads: 12
2026-04-27 12:41:38,010 [trainer.py] => EPSILON: 1e-08
2026-04-27 12:41:38,010 [trainer.py] => init_epoch: 40
2026-04-27 12:41:38,010 [trainer.py] => optim: Adam
2026-04-27 12:41:38,010 [trainer.py] => init_lr: 0.0005
2026-04-27 12:41:38,010 [trainer.py] => init_lr_decay: 0.1
2026-04-27 12:41:38,010 [trainer.py] => init_weight_decay: 0.0
2026-04-27 12:41:38,010 [trainer.py] => epochs: 50
2026-04-27 12:41:38,010 [trainer.py] => fc_lrate: 0.0005
2026-04-27 12:41:38,010 [trainer.py] => lrate: 0.0005
2026-04-27 12:41:38,010 [trainer.py] => lrate_decay: 0.1
2026-04-27 12:41:38,010 [trainer.py] => batch_size: 128
2026-04-27 12:41:38,010 [trainer.py] => weight_decay: 0.0
2026-04-27 12:41:38,010 [trainer.py] => rank: 10
2026-04-27 12:41:38,010 [trainer.py] => margin_inter: 2.0
2026-04-27 12:41:38,010 [trainer.py] => lambada: 0.5
2026-04-27 12:41:38,010 [trainer.py] => num_workers: 16
2026-04-27 12:41:38,112 [data_manager.py] => [0, 1, 2, 3, 4, 5, 6, 7, 8, 9, 10, 11, 12, 13, 14, 15, 16, 17, 18, 19, 20, 21, 22, 23, 24, 25, 26, 27, 28, 29, 30, 31, 32, 33, 34, 35, 36, 37, 38, 39, 40, 41, 42, 43, 44, 45, 46, 47, 48, 49, 50, 51, 52, 53, 54, 55, 56, 57, 58, 59, 60, 61, 62, 63, 64, 65, 66, 67, 68, 69, 70, 71, 72, 73, 74, 75, 76, 77, 78, 79, 80, 81, 82, 83, 84, 85, 86, 87, 88, 89, 90, 91, 92, 93, 94, 95, 96, 97, 98, 99, 100, 101, 102, 103, 104, 105, 106, 107, 108, 109, 110, 111, 112, 113, 114, 115, 116, 117, 118, 119, 120, 121, 122, 123, 124, 125, 126, 127, 128, 129, 130, 131, 132, 133, 134, 135, 136, 137, 138, 139, 140, 141, 142, 143, 144, 145, 146, 147, 148, 149, 150, 151, 152, 153, 154, 155, 156, 157, 158, 159, 160, 161, 162, 163, 164, 165, 166, 167, 168, 169, 170, 171, 172, 173, 174, 175, 176, 177, 178, 179, 180, 181, 182, 183, 184, 185, 186, 187, 188, 189, 190, 191, 192, 193, 194, 195, 196, 197, 198, 199]
2026-04-27 12:41:41,633 [trainer.py] => All params: 126094051
2026-04-27 12:41:41,641 [trainer.py] => Trainable params: 126094051
2026-04-27 12:41:41,641 [palora.py] => Learning on 0-4
Parameters to be updated: {'image_encoder.blocks.0.attn.lora_B_k.0.weight', 'image_encoder.blocks.3.attn.lora_A_k.0.weight', 'image_encoder.blocks.1.attn.lora_B_v.0.weight', 'image_encoder.blocks.2.attn.lora_A_v.0.weight', 'image_encoder.blocks.5.attn.lora_A_v.0.weight', 'image_encoder.blocks.4.attn.lora_B_k.0.weight', 'image_encoder.blocks.10.attn.lora_B_v.0.weight', 'image_encoder.blocks.5.attn.lora_B_k.0.weight', 'image_encoder.blocks.5.attn.lora_B_v.0.weight', 'image_encoder.blocks.8.attn.lora_B_k.0.weight', 'image_encoder.blocks.11.attn.lora_B_k.0.weight', 'image_encoder.blocks.11.attn.lora_A_k.0.weight', 'image_encoder.blocks.1.attn.lora_A_v.0.weight', 'image_encoder.blocks.4.attn.lora_A_k.0.weight', 'image_encoder.blocks.5.attn.lora_A_k.0.weight', 'image_encoder.blocks.2.attn.lora_B_k.0.weight', 'image_encoder.blocks.10.attn.lora_B_k.0.weight', 'classifier_pool.0.weight', 'image_encoder.blocks.7.attn.lora_B_v.0.weight', 'image_encoder.blocks.0.attn.lora_A_v.0.weight', 'image_encoder.blocks.6.attn.lora_B_k.0.weight', 'image_encoder.blocks.11.attn.lora_A_v.0.weight', 'image_encoder.blocks.9.attn.lora_B_k.0.weight', 'image_encoder.blocks.6.attn.lora_B_v.0.weight', 'image_encoder.blocks.2.attn.lora_A_k.0.weight', 'image_encoder.blocks.8.attn.lora_A_k.0.weight', 'image_encoder.blocks.9.attn.lora_B_v.0.weight', 'image_encoder.blocks.0.attn.lora_A_k.0.weight', 'image_encoder.blocks.10.attn.lora_A_v.0.weight', 'image_encoder.blocks.0.attn.lora_B_v.0.weight', 'image_encoder.blocks.4.attn.lora_B_v.0.weight', 'image_encoder.blocks.1.attn.lora_B_k.0.weight', 'image_encoder.blocks.8.attn.lora_B_v.0.weight', 'image_encoder.blocks.7.attn.lora_A_k.0.weight', 'image_encoder.blocks.7.attn.lora_B_k.0.weight', 'image_encoder.blocks.11.attn.lora_B_v.0.weight', 'image_encoder.blocks.7.attn.lora_A_v.0.weight', 'image_encoder.blocks.2.attn.lora_B_v.0.weight', 'image_encoder.blocks.10.attn.lora_A_k.0.weight', 'image_encoder.blocks.6.attn.lora_A_v.0.weight', 'image_encoder.blocks.1.attn.lora_A_k.0.weight', 'classifier_pool.0.bias', 'image_encoder.blocks.9.attn.lora_A_k.0.weight', 'image_encoder.blocks.3.attn.lora_B_k.0.weight', 'image_encoder.blocks.6.attn.lora_A_k.0.weight', 'image_encoder.blocks.3.attn.lora_B_v.0.weight', 'image_encoder.blocks.8.attn.lora_A_v.0.weight', 'image_encoder.blocks.4.attn.lora_A_v.0.weight', 'image_encoder.blocks.9.attn.lora_A_v.0.weight', 'image_encoder.blocks.3.attn.lora_A_v.0.weight'}
2026-04-27 12:45:48,131 [palora.py] => Task 0, Epoch 40/40 => Loss 0.462, Train_accy 96.49
2026-04-27 12:45:54,970 [trainer.py] => Time:253.32811212539673
160 160
2026-04-27 12:45:58,475 [trainer.py] => Time:3.5047638416290283
2026-04-27 12:45:58,475 [trainer.py] => ACC: {'total': 89.38, '00-03': 89.38, 'old': 0, 'new': 89.38}
2026-04-27 12:45:58,475 [trainer.py] => ACC top1 curve: [89.38]
Average Accuracy: 89.38
2026-04-27 12:45:58,475 [trainer.py] => Average Accuracy: 89.38
2026-04-27 12:45:58,486 [trainer.py] => All params: 126094051
2026-04-27 12:45:58,494 [trainer.py] => Trainable params: 371716
2026-04-27 12:45:58,494 [palora.py] => Learning on 4-8
Parameters to be updated: {'image_encoder.blocks.11.attn.lora_A_k.1.weight', 'image_encoder.blocks.3.attn.lora_A_k.1.weight', 'image_encoder.blocks.1.attn.lora_A_v.1.weight', 'image_encoder.blocks.5.attn.lora_A_k.1.weight', 'image_encoder.blocks.1.attn.lora_B_v.1.weight', 'image_encoder.blocks.6.attn.lora_A_k.1.weight', 'image_encoder.blocks.9.attn.lora_B_k.1.weight', 'classifier_pool.1.weight', 'image_encoder.blocks.2.attn.lora_A_v.1.weight', 'image_encoder.blocks.11.attn.lora_A_v.1.weight', 'image_encoder.blocks.9.attn.lora_A_k.1.weight', 'image_encoder.blocks.2.attn.lora_A_k.1.weight', 'image_encoder.blocks.11.attn.lora_B_v.1.weight', 'image_encoder.blocks.0.attn.lora_A_v.1.weight', 'image_encoder.blocks.10.attn.lora_B_v.1.weight', 'image_encoder.blocks.11.attn.lora_B_k.1.weight', 'image_encoder.blocks.3.attn.lora_A_v.1.weight', 'image_encoder.blocks.4.attn.lora_B_v.1.weight', 'image_encoder.blocks.2.attn.lora_B_v.1.weight', 'image_encoder.blocks.1.attn.lora_B_k.1.weight', 'image_encoder.blocks.6.attn.lora_B_k.1.weight', 'image_encoder.blocks.3.attn.lora_B_k.1.weight', 'image_encoder.blocks.7.attn.lora_B_k.1.weight', 'image_encoder.blocks.8.attn.lora_A_k.1.weight', 'image_encoder.blocks.6.attn.lora_A_v.1.weight', 'image_encoder.blocks.8.attn.lora_A_v.1.weight', 'classifier_pool.1.bias', 'image_encoder.blocks.1.attn.lora_A_k.1.weight', 'image_encoder.blocks.0.attn.lora_B_k.1.weight', 'image_encoder.blocks.4.attn.lora_A_k.1.weight', 'image_encoder.blocks.10.attn.lora_A_v.1.weight', 'image_encoder.blocks.3.attn.lora_B_v.1.weight', 'image_encoder.blocks.10.attn.lora_A_k.1.weight', 'image_encoder.blocks.10.attn.lora_B_k.1.weight', 'image_encoder.blocks.4.attn.lora_A_v.1.weight', 'image_encoder.blocks.5.attn.lora_B_k.1.weight', 'image_encoder.blocks.0.attn.lora_B_v.1.weight', 'image_encoder.blocks.8.attn.lora_B_v.1.weight', 'image_encoder.blocks.5.attn.lora_B_v.1.weight', 'image_encoder.blocks.6.attn.lora_B_v.1.weight', 'image_encoder.blocks.0.attn.lora_A_k.1.weight', 'image_encoder.blocks.7.attn.lora_A_v.1.weight', 'image_encoder.blocks.4.attn.lora_B_k.1.weight', 'image_encoder.blocks.8.attn.lora_B_k.1.weight', 'image_encoder.blocks.5.attn.lora_A_v.1.weight', 'image_encoder.blocks.2.attn.lora_B_k.1.weight', 'image_encoder.blocks.7.attn.lora_B_v.1.weight', 'image_encoder.blocks.7.attn.lora_A_k.1.weight', 'image_encoder.blocks.9.attn.lora_A_v.1.weight', 'image_encoder.blocks.9.attn.lora_B_v.1.weight'}
After trained on task 0 tensor(0.1392, device='cuda:0') tensor(0.1989, device='cuda:0')
After trained on task 0 tensor(0.2223, device='cuda:0') tensor(0.2691, device='cuda:0')
After trained on task 0 tensor(0.2147, device='cuda:0') tensor(0.3024, device='cuda:0')
After trained on task 0 tensor(0.2072, device='cuda:0') tensor(0.3478, device='cuda:0')
After trained on task 0 tensor(0.2910, device='cuda:0') tensor(0.4031, device='cuda:0')
After trained on task 0 tensor(0.3585, device='cuda:0') tensor(0.4587, device='cuda:0')
After trained on task 0 tensor(0.3894, device='cuda:0') tensor(0.4639, device='cuda:0')
After trained on task 0 tensor(0.4219, device='cuda:0') tensor(0.4674, device='cuda:0')
After trained on task 0 tensor(0.5738, device='cuda:0') tensor(0.4602, device='cuda:0')
After trained on task 0 tensor(0.5667, device='cuda:0') tensor(0.5476, device='cuda:0')
After trained on task 0 tensor(0.7880, device='cuda:0') tensor(0.6357, device='cuda:0')
After trained on task 0 tensor(0.6063, device='cuda:0') tensor(0.6708, device='cuda:0')
reserving basis 10/768; cond: 1117322739712.0, ratio:0.9999993443489075
reserving basis 10/768; cond: 1117322739712.0, ratio:0.9999993443489075
reserving basis 10/768; cond: 1242787479552.0, ratio:0.9999990463256836
reserving basis 10/768; cond: 1242787479552.0, ratio:0.9999990463256836
reserving basis 10/768; cond: 1081036767232.0, ratio:0.9999990463256836
reserving basis 10/768; cond: 1081036767232.0, ratio:0.9999990463256836
reserving basis 10/768; cond: 2395102773248.0, ratio:0.9999989867210388
reserving basis 10/768; cond: 2395102773248.0, ratio:0.9999989867210388
reserving basis 10/768; cond: 1743057977344.0, ratio:0.9999991059303284
reserving basis 10/768; cond: 1743057977344.0, ratio:0.9999991059303284
reserving basis 10/768; cond: 1542738673664.0, ratio:0.9999991059303284
reserving basis 10/768; cond: 1542738673664.0, ratio:0.9999991059303284
reserving basis 10/768; cond: 10619436662784.0, ratio:0.9999991655349731
reserving basis 10/768; cond: 10619436662784.0, ratio:0.9999991655349731
reserving basis 10/768; cond: 45436958146560.0, ratio:0.9999992847442627
reserving basis 10/768; cond: 45436958146560.0, ratio:0.9999992847442627
reserving basis 10/768; cond: 1901068943360.0, ratio:0.9999994039535522
reserving basis 10/768; cond: 1901068943360.0, ratio:0.9999994039535522
reserving basis 10/768; cond: 1730644934656.0, ratio:0.9999990463256836
reserving basis 10/768; cond: 1730644934656.0, ratio:0.9999990463256836
reserving basis 10/768; cond: 2105437192192.0, ratio:0.9999992251396179
reserving basis 10/768; cond: 2105437192192.0, ratio:0.9999992251396179
reserving basis 10/768; cond: 5922286469120.0, ratio:0.9999990463256836
reserving basis 10/768; cond: 5922286469120.0, ratio:0.9999990463256836
reserving basis 10/768; cond: 2117513904128.0, ratio:0.9999991059303284
reserving basis 10/768; cond: 2117513904128.0, ratio:0.9999991059303284
reserving basis 10/768; cond: 7271478198272.0, ratio:0.9999991655349731
reserving basis 10/768; cond: 7271478198272.0, ratio:0.9999991655349731
reserving basis 10/768; cond: 7388499804160.0, ratio:0.9999991059303284
reserving basis 10/768; cond: 7388499804160.0, ratio:0.9999991059303284
reserving basis 10/768; cond: 5566712774656.0, ratio:0.9999991655349731
reserving basis 10/768; cond: 5566712774656.0, ratio:0.9999991655349731
reserving basis 10/768; cond: 3120343023616.0, ratio:0.9999991655349731
reserving basis 10/768; cond: 3120343023616.0, ratio:0.9999991655349731
reserving basis 10/768; cond: 2016880754688.0, ratio:0.999998927116394
reserving basis 10/768; cond: 2016880754688.0, ratio:0.999998927116394
reserving basis 10/768; cond: 2055721582592.0, ratio:0.9999993443489075
reserving basis 10/768; cond: 2055721582592.0, ratio:0.9999993443489075
reserving basis 10/768; cond: 1025678901248.0, ratio:0.9999989867210388
reserving basis 10/768; cond: 1025678901248.0, ratio:0.9999989867210388
reserving basis 10/768; cond: 8885278605312.0, ratio:0.9999992847442627
reserving basis 10/768; cond: 8885278605312.0, ratio:0.9999992847442627
reserving basis 10/768; cond: 6224998301696.0, ratio:0.9999991655349731
reserving basis 10/768; cond: 6224998301696.0, ratio:0.9999991655349731
reserving basis 10/768; cond: 2331041071104.0, ratio:0.9999992251396179
reserving basis 10/768; cond: 2331041071104.0, ratio:0.9999992251396179
reserving basis 10/768; cond: 3392314802176.0, ratio:0.9999991655349731
reserving basis 10/768; cond: 3392314802176.0, ratio:0.9999991655349731
2026-04-27 12:50:55,196 [palora.py] => Task 1, Epoch 50/50 => Loss 0.393, Train_accy 98.31
2026-04-27 12:51:01,588 [trainer.py] => Time:303.09474182128906
284 284
2026-04-27 12:51:05,908 [trainer.py] => Time:4.318884372711182
2026-04-27 12:51:05,908 [trainer.py] => ACC: {'total': 88.73, '00-03': 86.25, '04-07': 91.94, 'old': 86.25, 'new': 91.94}
2026-04-27 12:51:05,908 [trainer.py] => ACC top1 curve: [89.38, 88.73]
Average Accuracy: 89.055
2026-04-27 12:51:05,908 [trainer.py] => Average Accuracy: 89.055
2026-04-27 12:51:05,917 [trainer.py] => All params: 126094051
2026-04-27 12:51:05,925 [trainer.py] => Trainable params: 371716
2026-04-27 12:51:05,925 [palora.py] => Learning on 8-12
Parameters to be updated: {'image_encoder.blocks.7.attn.lora_A_v.2.weight', 'image_encoder.blocks.1.attn.lora_B_k.2.weight', 'image_encoder.blocks.0.attn.lora_B_v.2.weight', 'image_encoder.blocks.3.attn.lora_B_v.2.weight', 'image_encoder.blocks.5.attn.lora_B_k.2.weight', 'image_encoder.blocks.5.attn.lora_A_k.2.weight', 'image_encoder.blocks.6.attn.lora_B_k.2.weight', 'image_encoder.blocks.6.attn.lora_A_k.2.weight', 'image_encoder.blocks.8.attn.lora_A_v.2.weight', 'image_encoder.blocks.11.attn.lora_B_k.2.weight', 'image_encoder.blocks.1.attn.lora_B_v.2.weight', 'image_encoder.blocks.7.attn.lora_B_k.2.weight', 'image_encoder.blocks.0.attn.lora_B_k.2.weight', 'image_encoder.blocks.8.attn.lora_A_k.2.weight', 'image_encoder.blocks.9.attn.lora_B_k.2.weight', 'image_encoder.blocks.3.attn.lora_A_k.2.weight', 'image_encoder.blocks.2.attn.lora_A_k.2.weight', 'image_encoder.blocks.10.attn.lora_B_v.2.weight', 'image_encoder.blocks.6.attn.lora_A_v.2.weight', 'image_encoder.blocks.2.attn.lora_B_k.2.weight', 'image_encoder.blocks.6.attn.lora_B_v.2.weight', 'image_encoder.blocks.11.attn.lora_B_v.2.weight', 'image_encoder.blocks.8.attn.lora_B_v.2.weight', 'image_encoder.blocks.1.attn.lora_A_k.2.weight', 'image_encoder.blocks.7.attn.lora_B_v.2.weight', 'image_encoder.blocks.4.attn.lora_B_k.2.weight', 'image_encoder.blocks.10.attn.lora_A_v.2.weight', 'image_encoder.blocks.2.attn.lora_B_v.2.weight', 'image_encoder.blocks.4.attn.lora_B_v.2.weight', 'image_encoder.blocks.5.attn.lora_B_v.2.weight', 'classifier_pool.2.weight', 'image_encoder.blocks.1.attn.lora_A_v.2.weight', 'image_encoder.blocks.4.attn.lora_A_v.2.weight', 'classifier_pool.2.bias', 'image_encoder.blocks.7.attn.lora_A_k.2.weight', 'image_encoder.blocks.11.attn.lora_A_k.2.weight', 'image_encoder.blocks.0.attn.lora_A_v.2.weight', 'image_encoder.blocks.2.attn.lora_A_v.2.weight', 'image_encoder.blocks.9.attn.lora_A_v.2.weight', 'image_encoder.blocks.4.attn.lora_A_k.2.weight', 'image_encoder.blocks.10.attn.lora_A_k.2.weight', 'image_encoder.blocks.8.attn.lora_B_k.2.weight', 'image_encoder.blocks.11.attn.lora_A_v.2.weight', 'image_encoder.blocks.10.attn.lora_B_k.2.weight', 'image_encoder.blocks.3.attn.lora_A_v.2.weight', 'image_encoder.blocks.9.attn.lora_B_v.2.weight', 'image_encoder.blocks.0.attn.lora_A_k.2.weight', 'image_encoder.blocks.5.attn.lora_A_v.2.weight', 'image_encoder.blocks.9.attn.lora_A_k.2.weight', 'image_encoder.blocks.3.attn.lora_B_k.2.weight'}
After trained on task 1 tensor(0.1782, device='cuda:0') tensor(0.1371, device='cuda:0')
After trained on task 1 tensor(0.1314, device='cuda:0') tensor(0.1574, device='cuda:0')
After trained on task 1 tensor(0.1304, device='cuda:0') tensor(0.1675, device='cuda:0')
After trained on task 1 tensor(0.1210, device='cuda:0') tensor(0.2149, device='cuda:0')
After trained on task 1 tensor(0.1194, device='cuda:0') tensor(0.2544, device='cuda:0')
After trained on task 1 tensor(0.1751, device='cuda:0') tensor(0.2610, device='cuda:0')
After trained on task 1 tensor(0.1838, device='cuda:0') tensor(0.3189, device='cuda:0')
After trained on task 1 tensor(0.1754, device='cuda:0') tensor(0.2738, device='cuda:0')
After trained on task 1 tensor(0.2562, device='cuda:0') tensor(0.2394, device='cuda:0')
After trained on task 1 tensor(0.2857, device='cuda:0') tensor(0.2888, device='cuda:0')
After trained on task 1 tensor(0.2768, device='cuda:0') tensor(0.3784, device='cuda:0')
After trained on task 1 tensor(0.4211, device='cuda:0') tensor(0.4768, device='cuda:0')
reserving basis 19/768; cond: 5822025302016.0, ratio:0.9915256500244141
reserving basis 19/768; cond: 5822025302016.0, ratio:0.9915256500244141
reserving basis 19/768; cond: 456601927680.0, ratio:0.9921920299530029
reserving basis 19/768; cond: 456601927680.0, ratio:0.9921920299530029
reserving basis 20/768; cond: 793004802048.0, ratio:0.999998927116394
reserving basis 20/768; cond: 793004802048.0, ratio:0.999998927116394
reserving basis 19/768; cond: 873046867968.0, ratio:0.9908087849617004
reserving basis 19/768; cond: 873046867968.0, ratio:0.9908087849617004
reserving basis 20/768; cond: 24589402898432.0, ratio:0.9999986886978149
reserving basis 20/768; cond: 24589402898432.0, ratio:0.9999986886978149
reserving basis 19/768; cond: 566812082176.0, ratio:0.9913473129272461
reserving basis 19/768; cond: 566812082176.0, ratio:0.9913473129272461
reserving basis 20/768; cond: 10835448561664.0, ratio:0.9999987483024597
reserving basis 20/768; cond: 10835448561664.0, ratio:0.9999987483024597
reserving basis 19/768; cond: 40779078696960.0, ratio:0.9910743832588196
reserving basis 19/768; cond: 40779078696960.0, ratio:0.9910743832588196
reserving basis 20/768; cond: 14639586869248.0, ratio:0.9999988079071045
reserving basis 20/768; cond: 14639586869248.0, ratio:0.9999988079071045
reserving basis 19/768; cond: 6079970279424.0, ratio:0.99177485704422
reserving basis 19/768; cond: 6079970279424.0, ratio:0.99177485704422
reserving basis 20/768; cond: 4406610231296.0, ratio:0.9999988079071045
reserving basis 20/768; cond: 4406610231296.0, ratio:0.9999988079071045
reserving basis 19/768; cond: 1811565641728.0, ratio:0.9926199913024902
reserving basis 19/768; cond: 1811565641728.0, ratio:0.9926199913024902
reserving basis 19/768; cond: 960693207040.0, ratio:0.9900738596916199
reserving basis 19/768; cond: 960693207040.0, ratio:0.9900738596916199
reserving basis 19/768; cond: 2125023412224.0, ratio:0.9942200779914856
reserving basis 19/768; cond: 2125023412224.0, ratio:0.9942200779914856
reserving basis 20/768; cond: 974929920000.0, ratio:0.9999989867210388
reserving basis 20/768; cond: 974929920000.0, ratio:0.9999989867210388
reserving basis 19/768; cond: 2123551604736.0, ratio:0.9926373958587646
reserving basis 19/768; cond: 2123551604736.0, ratio:0.9926373958587646
reserving basis 20/768; cond: 1026175533056.0, ratio:0.9999989867210388
reserving basis 20/768; cond: 1026175533056.0, ratio:0.9999989867210388
reserving basis 19/768; cond: 5677295599616.0, ratio:0.9918650388717651
reserving basis 19/768; cond: 5677295599616.0, ratio:0.9918650388717651
reserving basis 19/768; cond: 607383715840.0, ratio:0.9907709360122681
reserving basis 19/768; cond: 607383715840.0, ratio:0.9907709360122681
reserving basis 19/768; cond: 30701401407488.0, ratio:0.9944249391555786
reserving basis 19/768; cond: 30701401407488.0, ratio:0.9944249391555786
reserving basis 19/768; cond: 25857087242240.0, ratio:0.9914005994796753
reserving basis 19/768; cond: 25857087242240.0, ratio:0.9914005994796753
reserving basis 19/768; cond: 1020791357440.0, ratio:0.9942384958267212
reserving basis 19/768; cond: 1020791357440.0, ratio:0.9942384958267212
reserving basis 19/768; cond: 1449968009216.0, ratio:0.9933698177337646
reserving basis 19/768; cond: 1449968009216.0, ratio:0.9933698177337646
reserving basis 18/768; cond: 1340461154304.0, ratio:0.9906780123710632
reserving basis 18/768; cond: 1340461154304.0, ratio:0.9906780123710632
2026-04-27 12:56:06,263 [palora.py] => Task 2, Epoch 50/50 => Loss 0.472, Train_accy 96.82
2026-04-27 12:56:13,376 [trainer.py] => Time:307.45007157325745
409 409
2026-04-27 12:56:17,837 [trainer.py] => Time:4.4607768058776855
2026-04-27 12:56:17,837 [trainer.py] => ACC: {'total': 86.55, '00-03': 86.88, '04-07': 91.13, '08-11': 81.6, 'old': 88.73, 'new': 81.6}
2026-04-27 12:56:17,837 [trainer.py] => ACC top1 curve: [89.38, 88.73, 86.55]
Average Accuracy: 88.22000000000001
2026-04-27 12:56:17,837 [trainer.py] => Average Accuracy: 88.22000000000001
2026-04-27 12:56:17,846 [trainer.py] => All params: 126094051
2026-04-27 12:56:17,854 [trainer.py] => Trainable params: 371716
2026-04-27 12:56:17,854 [palora.py] => Learning on 12-16
Parameters to be updated: {'image_encoder.blocks.4.attn.lora_A_v.3.weight', 'image_encoder.blocks.6.attn.lora_B_k.3.weight', 'image_encoder.blocks.5.attn.lora_B_v.3.weight', 'image_encoder.blocks.6.attn.lora_B_v.3.weight', 'image_encoder.blocks.9.attn.lora_B_k.3.weight', 'image_encoder.blocks.3.attn.lora_A_k.3.weight', 'image_encoder.blocks.10.attn.lora_B_k.3.weight', 'image_encoder.blocks.9.attn.lora_B_v.3.weight', 'image_encoder.blocks.1.attn.lora_A_v.3.weight', 'image_encoder.blocks.7.attn.lora_B_k.3.weight', 'image_encoder.blocks.11.attn.lora_B_v.3.weight', 'image_encoder.blocks.2.attn.lora_B_v.3.weight', 'image_encoder.blocks.4.attn.lora_B_k.3.weight', 'image_encoder.blocks.2.attn.lora_A_v.3.weight', 'image_encoder.blocks.0.attn.lora_B_v.3.weight', 'image_encoder.blocks.10.attn.lora_B_v.3.weight', 'image_encoder.blocks.7.attn.lora_A_k.3.weight', 'image_encoder.blocks.0.attn.lora_B_k.3.weight', 'image_encoder.blocks.2.attn.lora_B_k.3.weight', 'image_encoder.blocks.11.attn.lora_A_k.3.weight', 'image_encoder.blocks.10.attn.lora_A_v.3.weight', 'image_encoder.blocks.1.attn.lora_B_v.3.weight', 'image_encoder.blocks.6.attn.lora_A_k.3.weight', 'image_encoder.blocks.5.attn.lora_A_k.3.weight', 'image_encoder.blocks.9.attn.lora_A_k.3.weight', 'image_encoder.blocks.11.attn.lora_B_k.3.weight', 'image_encoder.blocks.4.attn.lora_B_v.3.weight', 'image_encoder.blocks.0.attn.lora_A_v.3.weight', 'image_encoder.blocks.4.attn.lora_A_k.3.weight', 'image_encoder.blocks.7.attn.lora_A_v.3.weight', 'classifier_pool.3.weight', 'image_encoder.blocks.9.attn.lora_A_v.3.weight', 'image_encoder.blocks.8.attn.lora_A_v.3.weight', 'image_encoder.blocks.11.attn.lora_A_v.3.weight', 'image_encoder.blocks.8.attn.lora_B_v.3.weight', 'image_encoder.blocks.5.attn.lora_A_v.3.weight', 'image_encoder.blocks.3.attn.lora_B_v.3.weight', 'image_encoder.blocks.6.attn.lora_A_v.3.weight', 'image_encoder.blocks.2.attn.lora_A_k.3.weight', 'image_encoder.blocks.8.attn.lora_A_k.3.weight', 'image_encoder.blocks.7.attn.lora_B_v.3.weight', 'image_encoder.blocks.5.attn.lora_B_k.3.weight', 'image_encoder.blocks.0.attn.lora_A_k.3.weight', 'image_encoder.blocks.3.attn.lora_A_v.3.weight', 'image_encoder.blocks.10.attn.lora_A_k.3.weight', 'image_encoder.blocks.1.attn.lora_A_k.3.weight', 'image_encoder.blocks.1.attn.lora_B_k.3.weight', 'image_encoder.blocks.3.attn.lora_B_k.3.weight', 'classifier_pool.3.bias', 'image_encoder.blocks.8.attn.lora_B_k.3.weight'}
After trained on task 2 tensor(0.0964, device='cuda:0') tensor(0.0875, device='cuda:0')
After trained on task 2 tensor(0.1047, device='cuda:0') tensor(0.1176, device='cuda:0')
After trained on task 2 tensor(0.0907, device='cuda:0') tensor(0.1694, device='cuda:0')
After trained on task 2 tensor(0.1024, device='cuda:0') tensor(0.1962, device='cuda:0')
After trained on task 2 tensor(0.0977, device='cuda:0') tensor(0.1976, device='cuda:0')
After trained on task 2 tensor(0.1500, device='cuda:0') tensor(0.2195, device='cuda:0')
After trained on task 2 tensor(0.1474, device='cuda:0') tensor(0.2162, device='cuda:0')
After trained on task 2 tensor(0.1596, device='cuda:0') tensor(0.2193, device='cuda:0')
After trained on task 2 tensor(0.1793, device='cuda:0') tensor(0.2202, device='cuda:0')
After trained on task 2 tensor(0.1844, device='cuda:0') tensor(0.2613, device='cuda:0')
After trained on task 2 tensor(0.2141, device='cuda:0') tensor(0.3561, device='cuda:0')
After trained on task 2 tensor(0.4049, device='cuda:0') tensor(0.4140, device='cuda:0')
reserving basis 28/768; cond: 138808524800.0, ratio:0.9930240511894226
reserving basis 28/768; cond: 138808524800.0, ratio:0.9930240511894226
reserving basis 28/768; cond: 1123233562624.0, ratio:0.9929972887039185
reserving basis 28/768; cond: 1123233562624.0, ratio:0.9929972887039185
reserving basis 29/768; cond: 396150112256.0, ratio:0.9935818910598755
reserving basis 29/768; cond: 396150112256.0, ratio:0.9935818910598755
reserving basis 28/768; cond: 5995564105728.0, ratio:0.9933995604515076
reserving basis 28/768; cond: 5995564105728.0, ratio:0.9933995604515076
reserving basis 29/768; cond: 1282148007936.0, ratio:0.9917178750038147
reserving basis 29/768; cond: 1282148007936.0, ratio:0.9917178750038147
reserving basis 28/768; cond: 7854964080640.0, ratio:0.9939867854118347
reserving basis 28/768; cond: 7854964080640.0, ratio:0.9939867854118347
reserving basis 29/768; cond: 535148822528.0, ratio:0.991911768913269
reserving basis 29/768; cond: 535148822528.0, ratio:0.991911768913269
reserving basis 28/768; cond: 12113466621952.0, ratio:0.9942484498023987
reserving basis 28/768; cond: 12113466621952.0, ratio:0.9942484498023987
reserving basis 29/768; cond: 1402793623552.0, ratio:0.9902219176292419
reserving basis 29/768; cond: 1402793623552.0, ratio:0.9902219176292419
reserving basis 28/768; cond: 2263786979328.0, ratio:0.9942624568939209
reserving basis 28/768; cond: 2263786979328.0, ratio:0.9942624568939209
reserving basis 29/768; cond: 2112060784640.0, ratio:0.993291974067688
reserving basis 29/768; cond: 2112060784640.0, ratio:0.993291974067688
reserving basis 27/768; cond: 544886915072.0, ratio:0.9901812672615051
reserving basis 27/768; cond: 544886915072.0, ratio:0.9901812672615051
reserving basis 28/768; cond: 1325906919424.0, ratio:0.9918989539146423
reserving basis 28/768; cond: 1325906919424.0, ratio:0.9918989539146423
reserving basis 28/768; cond: 172589891584.0, ratio:0.9947224855422974
reserving basis 28/768; cond: 172589891584.0, ratio:0.9947224855422974
reserving basis 29/768; cond: 395795267584.0, ratio:0.9929983019828796
reserving basis 29/768; cond: 395795267584.0, ratio:0.9929983019828796
reserving basis 27/768; cond: 41930184458240.0, ratio:0.9908240437507629
reserving basis 27/768; cond: 41930184458240.0, ratio:0.9908240437507629
reserving basis 29/768; cond: 323893985280.0, ratio:0.9934032559394836
reserving basis 29/768; cond: 323893985280.0, ratio:0.9934032559394836
reserving basis 27/768; cond: 751073230848.0, ratio:0.9904189109802246
reserving basis 27/768; cond: 751073230848.0, ratio:0.9904189109802246
reserving basis 28/768; cond: 1233133764608.0, ratio:0.9934804439544678
reserving basis 28/768; cond: 1233133764608.0, ratio:0.9934804439544678
reserving basis 27/768; cond: 4628090978304.0, ratio:0.9903078079223633
reserving basis 27/768; cond: 4628090978304.0, ratio:0.9903078079223633
reserving basis 28/768; cond: 897987379200.0, ratio:0.9935227036476135
reserving basis 28/768; cond: 897987379200.0, ratio:0.9935227036476135
reserving basis 27/768; cond: 2646425993216.0, ratio:0.9916473031044006
reserving basis 27/768; cond: 2646425993216.0, ratio:0.9916473031044006
reserving basis 27/768; cond: 2367467290624.0, ratio:0.9920476078987122
reserving basis 27/768; cond: 2367467290624.0, ratio:0.9920476078987122
reserving basis 25/768; cond: 99055157903360.0, ratio:0.9901045560836792
reserving basis 25/768; cond: 99055157903360.0, ratio:0.9901045560836792
2026-04-27 13:00:56,224 [palora.py] => Task 3, Epoch 50/50 => Loss 0.457, Train_accy 96.92
2026-04-27 13:01:02,556 [trainer.py] => Time:284.702112197876
510 510
2026-04-27 13:01:07,163 [trainer.py] => Time:4.60621452331543
2026-04-27 13:01:07,163 [trainer.py] => ACC: {'total': 85.29, '00-03': 82.5, '04-07': 88.71, '08-11': 80.0, '12-15': 92.08, 'old': 83.62, 'new': 92.08}
2026-04-27 13:01:07,163 [trainer.py] => ACC top1 curve: [89.38, 88.73, 86.55, 85.29]
Average Accuracy: 87.48750000000001
2026-04-27 13:01:07,163 [trainer.py] => Average Accuracy: 87.48750000000001
2026-04-27 13:01:07,172 [trainer.py] => All params: 126094051
2026-04-27 13:01:07,181 [trainer.py] => Trainable params: 371716
2026-04-27 13:01:07,181 [palora.py] => Learning on 16-20
Parameters to be updated: {'image_encoder.blocks.3.attn.lora_A_k.4.weight', 'image_encoder.blocks.6.attn.lora_A_k.4.weight', 'image_encoder.blocks.5.attn.lora_A_k.4.weight', 'image_encoder.blocks.0.attn.lora_B_v.4.weight', 'image_encoder.blocks.9.attn.lora_B_k.4.weight', 'image_encoder.blocks.2.attn.lora_A_k.4.weight', 'image_encoder.blocks.10.attn.lora_B_v.4.weight', 'image_encoder.blocks.2.attn.lora_A_v.4.weight', 'image_encoder.blocks.10.attn.lora_A_v.4.weight', 'image_encoder.blocks.3.attn.lora_A_v.4.weight', 'image_encoder.blocks.10.attn.lora_A_k.4.weight', 'classifier_pool.4.weight', 'image_encoder.blocks.11.attn.lora_A_k.4.weight', 'image_encoder.blocks.1.attn.lora_B_k.4.weight', 'image_encoder.blocks.1.attn.lora_B_v.4.weight', 'image_encoder.blocks.7.attn.lora_B_v.4.weight', 'image_encoder.blocks.5.attn.lora_B_v.4.weight', 'image_encoder.blocks.7.attn.lora_A_v.4.weight', 'image_encoder.blocks.2.attn.lora_B_k.4.weight', 'image_encoder.blocks.0.attn.lora_B_k.4.weight', 'image_encoder.blocks.2.attn.lora_B_v.4.weight', 'image_encoder.blocks.9.attn.lora_A_k.4.weight', 'image_encoder.blocks.9.attn.lora_A_v.4.weight', 'image_encoder.blocks.11.attn.lora_B_v.4.weight', 'image_encoder.blocks.8.attn.lora_A_k.4.weight', 'image_encoder.blocks.8.attn.lora_B_v.4.weight', 'image_encoder.blocks.7.attn.lora_B_k.4.weight', 'image_encoder.blocks.5.attn.lora_B_k.4.weight', 'image_encoder.blocks.0.attn.lora_A_v.4.weight', 'image_encoder.blocks.7.attn.lora_A_k.4.weight', 'image_encoder.blocks.3.attn.lora_B_k.4.weight', 'image_encoder.blocks.10.attn.lora_B_k.4.weight', 'image_encoder.blocks.0.attn.lora_A_k.4.weight', 'image_encoder.blocks.6.attn.lora_A_v.4.weight', 'image_encoder.blocks.8.attn.lora_B_k.4.weight', 'image_encoder.blocks.11.attn.lora_A_v.4.weight', 'image_encoder.blocks.5.attn.lora_A_v.4.weight', 'classifier_pool.4.bias', 'image_encoder.blocks.8.attn.lora_A_v.4.weight', 'image_encoder.blocks.4.attn.lora_B_v.4.weight', 'image_encoder.blocks.3.attn.lora_B_v.4.weight', 'image_encoder.blocks.4.attn.lora_A_v.4.weight', 'image_encoder.blocks.6.attn.lora_B_v.4.weight', 'image_encoder.blocks.1.attn.lora_A_v.4.weight', 'image_encoder.blocks.4.attn.lora_B_k.4.weight', 'image_encoder.blocks.6.attn.lora_B_k.4.weight', 'image_encoder.blocks.9.attn.lora_B_v.4.weight', 'image_encoder.blocks.4.attn.lora_A_k.4.weight', 'image_encoder.blocks.11.attn.lora_B_k.4.weight', 'image_encoder.blocks.1.attn.lora_A_k.4.weight'}
After trained on task 3 tensor(0.1167, device='cuda:0') tensor(0.0929, device='cuda:0')
After trained on task 3 tensor(0.0804, device='cuda:0') tensor(0.1023, device='cuda:0')
After trained on task 3 tensor(0.0843, device='cuda:0') tensor(0.1240, device='cuda:0')
After trained on task 3 tensor(0.0824, device='cuda:0') tensor(0.1210, device='cuda:0')
After trained on task 3 tensor(0.1082, device='cuda:0') tensor(0.1404, device='cuda:0')
After trained on task 3 tensor(0.1215, device='cuda:0') tensor(0.1503, device='cuda:0')
After trained on task 3 tensor(0.1119, device='cuda:0') tensor(0.1545, device='cuda:0')
After trained on task 3 tensor(0.1362, device='cuda:0') tensor(0.1956, device='cuda:0')
After trained on task 3 tensor(0.1417, device='cuda:0') tensor(0.1990, device='cuda:0')
After trained on task 3 tensor(0.2139, device='cuda:0') tensor(0.1932, device='cuda:0')
After trained on task 3 tensor(0.1772, device='cuda:0') tensor(0.2771, device='cuda:0')
After trained on task 3 tensor(0.3365, device='cuda:0') tensor(0.3051, device='cuda:0')
reserving basis 36/768; cond: 7113235496960.0, ratio:0.9913067817687988
reserving basis 36/768; cond: 7113235496960.0, ratio:0.9913067817687988
reserving basis 36/768; cond: 599707942912.0, ratio:0.9917377829551697
reserving basis 36/768; cond: 599707942912.0, ratio:0.9917377829551697
reserving basis 37/768; cond: 700206809088.0, ratio:0.9913742542266846
reserving basis 37/768; cond: 700206809088.0, ratio:0.9913742542266846
reserving basis 36/768; cond: 914648924160.0, ratio:0.990165650844574
reserving basis 36/768; cond: 914648924160.0, ratio:0.990165650844574
reserving basis 38/768; cond: 355096854528.0, ratio:0.9937789440155029
reserving basis 38/768; cond: 355096854528.0, ratio:0.9937789440155029
reserving basis 36/768; cond: 1437984620544.0, ratio:0.9913606643676758
reserving basis 36/768; cond: 1437984620544.0, ratio:0.9913606643676758
reserving basis 38/768; cond: 124531752960.0, ratio:0.9934462308883667
reserving basis 38/768; cond: 124531752960.0, ratio:0.9934462308883667
reserving basis 36/768; cond: 421524537344.0, ratio:0.9915130138397217
reserving basis 36/768; cond: 421524537344.0, ratio:0.9915130138397217
reserving basis 38/768; cond: 164244389888.0, ratio:0.9948212504386902
reserving basis 38/768; cond: 164244389888.0, ratio:0.9948212504386902
reserving basis 36/768; cond: 401206149120.0, ratio:0.991459846496582
reserving basis 36/768; cond: 401206149120.0, ratio:0.991459846496582
reserving basis 38/768; cond: 204183584768.0, ratio:0.995406985282898
reserving basis 38/768; cond: 204183584768.0, ratio:0.995406985282898
reserving basis 35/768; cond: 1324109004800.0, ratio:0.9912205338478088
reserving basis 35/768; cond: 1324109004800.0, ratio:0.9912205338478088
reserving basis 37/768; cond: 385372160000.0, ratio:0.9944704174995422
reserving basis 37/768; cond: 385372160000.0, ratio:0.9944704174995422
reserving basis 36/768; cond: 4432043966464.0, ratio:0.9911983609199524
reserving basis 36/768; cond: 4432043966464.0, ratio:0.9911983609199524
reserving basis 38/768; cond: 711291502592.0, ratio:0.9942268133163452
reserving basis 38/768; cond: 711291502592.0, ratio:0.9942268133163452
reserving basis 35/768; cond: 701866049536.0, ratio:0.9924594759941101
reserving basis 35/768; cond: 701866049536.0, ratio:0.9924594759941101
reserving basis 38/768; cond: 211105841152.0, ratio:0.9945362210273743
reserving basis 38/768; cond: 211105841152.0, ratio:0.9945362210273743
reserving basis 35/768; cond: 3405666582528.0, ratio:0.9914016127586365
reserving basis 35/768; cond: 3405666582528.0, ratio:0.9914016127586365
reserving basis 36/768; cond: 587021025280.0, ratio:0.9910749197006226
reserving basis 36/768; cond: 587021025280.0, ratio:0.9910749197006226
reserving basis 34/768; cond: 282695696384.0, ratio:0.9905323386192322
reserving basis 34/768; cond: 282695696384.0, ratio:0.9905323386192322
reserving basis 36/768; cond: 723373719552.0, ratio:0.9902203679084778
reserving basis 36/768; cond: 723373719552.0, ratio:0.9902203679084778
reserving basis 34/768; cond: 4441727041536.0, ratio:0.9916678667068481
reserving basis 34/768; cond: 4441727041536.0, ratio:0.9916678667068481
reserving basis 34/768; cond: 1583621210112.0, ratio:0.9922541975975037
reserving basis 34/768; cond: 1583621210112.0, ratio:0.9922541975975037
reserving basis 32/768; cond: 281841926144.0, ratio:0.9929161667823792
reserving basis 32/768; cond: 281841926144.0, ratio:0.9929161667823792
2026-04-27 13:06:05,977 [palora.py] => Task 4, Epoch 50/50 => Loss 0.440, Train_accy 98.08
2026-04-27 13:06:13,217 [trainer.py] => Time:306.0358057022095
618 618
2026-04-27 13:06:18,033 [trainer.py] => Time:4.815975189208984
2026-04-27 13:06:18,034 [trainer.py] => ACC: {'total': 86.08, '00-03': 83.75, '04-07': 85.48, '08-11': 79.2, '12-15': 90.1, '16-19': 94.44, 'old': 84.31, 'new': 94.44}
2026-04-27 13:06:18,034 [trainer.py] => ACC top1 curve: [89.38, 88.73, 86.55, 85.29, 86.08]
Average Accuracy: 87.206
2026-04-27 13:06:18,034 [trainer.py] => Average Accuracy: 87.206
2026-04-27 13:06:18,051 [trainer.py] => All params: 126094051
2026-04-27 13:06:18,067 [trainer.py] => Trainable params: 371716
2026-04-27 13:06:18,067 [palora.py] => Learning on 20-24
Parameters to be updated: {'image_encoder.blocks.9.attn.lora_B_v.5.weight', 'image_encoder.blocks.3.attn.lora_B_v.5.weight', 'image_encoder.blocks.2.attn.lora_B_k.5.weight', 'image_encoder.blocks.5.attn.lora_B_v.5.weight', 'image_encoder.blocks.9.attn.lora_A_v.5.weight', 'image_encoder.blocks.4.attn.lora_A_v.5.weight', 'image_encoder.blocks.11.attn.lora_A_v.5.weight', 'classifier_pool.5.weight', 'image_encoder.blocks.8.attn.lora_B_k.5.weight', 'image_encoder.blocks.4.attn.lora_B_v.5.weight', 'image_encoder.blocks.11.attn.lora_A_k.5.weight', 'image_encoder.blocks.5.attn.lora_A_k.5.weight', 'image_encoder.blocks.1.attn.lora_B_k.5.weight', 'classifier_pool.5.bias', 'image_encoder.blocks.4.attn.lora_A_k.5.weight', 'image_encoder.blocks.0.attn.lora_B_k.5.weight', 'image_encoder.blocks.10.attn.lora_A_v.5.weight', 'image_encoder.blocks.9.attn.lora_B_k.5.weight', 'image_encoder.blocks.6.attn.lora_B_k.5.weight', 'image_encoder.blocks.8.attn.lora_A_k.5.weight', 'image_encoder.blocks.5.attn.lora_B_k.5.weight', 'image_encoder.blocks.6.attn.lora_B_v.5.weight', 'image_encoder.blocks.11.attn.lora_B_v.5.weight', 'image_encoder.blocks.2.attn.lora_A_k.5.weight', 'image_encoder.blocks.2.attn.lora_A_v.5.weight', 'image_encoder.blocks.0.attn.lora_A_k.5.weight', 'image_encoder.blocks.7.attn.lora_A_k.5.weight', 'image_encoder.blocks.3.attn.lora_A_k.5.weight', 'image_encoder.blocks.8.attn.lora_B_v.5.weight', 'image_encoder.blocks.7.attn.lora_B_k.5.weight', 'image_encoder.blocks.6.attn.lora_A_k.5.weight', 'image_encoder.blocks.11.attn.lora_B_k.5.weight', 'image_encoder.blocks.10.attn.lora_B_k.5.weight', 'image_encoder.blocks.4.attn.lora_B_k.5.weight', 'image_encoder.blocks.0.attn.lora_A_v.5.weight', 'image_encoder.blocks.5.attn.lora_A_v.5.weight', 'image_encoder.blocks.6.attn.lora_A_v.5.weight', 'image_encoder.blocks.8.attn.lora_A_v.5.weight', 'image_encoder.blocks.1.attn.lora_A_v.5.weight', 'image_encoder.blocks.3.attn.lora_B_k.5.weight', 'image_encoder.blocks.1.attn.lora_A_k.5.weight', 'image_encoder.blocks.1.attn.lora_B_v.5.weight', 'image_encoder.blocks.7.attn.lora_A_v.5.weight', 'image_encoder.blocks.9.attn.lora_A_k.5.weight', 'image_encoder.blocks.3.attn.lora_A_v.5.weight', 'image_encoder.blocks.10.attn.lora_B_v.5.weight', 'image_encoder.blocks.7.attn.lora_B_v.5.weight', 'image_encoder.blocks.10.attn.lora_A_k.5.weight', 'image_encoder.blocks.2.attn.lora_B_v.5.weight', 'image_encoder.blocks.0.attn.lora_B_v.5.weight'}
After trained on task 4 tensor(0.0528, device='cuda:0') tensor(0.0553, device='cuda:0')
After trained on task 4 tensor(0.0705, device='cuda:0') tensor(0.0769, device='cuda:0')
After trained on task 4 tensor(0.0788, device='cuda:0') tensor(0.0933, device='cuda:0')
After trained on task 4 tensor(0.0723, device='cuda:0') tensor(0.1039, device='cuda:0')
After trained on task 4 tensor(0.0787, device='cuda:0') tensor(0.1155, device='cuda:0')
After trained on task 4 tensor(0.0796, device='cuda:0') tensor(0.0985, device='cuda:0')
After trained on task 4 tensor(0.0785, device='cuda:0') tensor(0.1223, device='cuda:0')
After trained on task 4 tensor(0.1078, device='cuda:0') tensor(0.1357, device='cuda:0')
After trained on task 4 tensor(0.1131, device='cuda:0') tensor(0.1747, device='cuda:0')
After trained on task 4 tensor(0.1873, device='cuda:0') tensor(0.2568, device='cuda:0')
After trained on task 4 tensor(0.1515, device='cuda:0') tensor(0.2745, device='cuda:0')
After trained on task 4 tensor(0.2534, device='cuda:0') tensor(0.2814, device='cuda:0')
reserving basis 44/768; cond: 261331599360.0, ratio:0.992591917514801
reserving basis 44/768; cond: 261331599360.0, ratio:0.992591917514801
reserving basis 44/768; cond: 86536435531776.0, ratio:0.9916331768035889
reserving basis 44/768; cond: 86536435531776.0, ratio:0.9916331768035889
reserving basis 45/768; cond: 2672040345600.0, ratio:0.9927781224250793
reserving basis 45/768; cond: 2672040345600.0, ratio:0.9927781224250793
reserving basis 44/768; cond: 558406041600.0, ratio:0.9933850765228271
reserving basis 44/768; cond: 558406041600.0, ratio:0.9933850765228271
reserving basis 46/768; cond: 640201916416.0, ratio:0.9909605383872986
reserving basis 46/768; cond: 640201916416.0, ratio:0.9909605383872986
reserving basis 44/768; cond: 5380827512832.0, ratio:0.9917135238647461
reserving basis 44/768; cond: 5380827512832.0, ratio:0.9917135238647461
reserving basis 47/768; cond: 128950951936.0, ratio:0.9950720071792603
reserving basis 47/768; cond: 128950951936.0, ratio:0.9950720071792603
reserving basis 44/768; cond: 1731535831040.0, ratio:0.9919222593307495
reserving basis 44/768; cond: 1731535831040.0, ratio:0.9919222593307495
reserving basis 46/768; cond: 74669637632.0, ratio:0.9901309609413147
reserving basis 46/768; cond: 74669637632.0, ratio:0.9901309609413147
reserving basis 44/768; cond: 114499756032.0, ratio:0.992394745349884
reserving basis 44/768; cond: 114499756032.0, ratio:0.992394745349884
reserving basis 46/768; cond: 184985681920.0, ratio:0.9908832311630249
reserving basis 46/768; cond: 184985681920.0, ratio:0.9908832311630249
reserving basis 43/768; cond: 8707897294848.0, ratio:0.9918755292892456
reserving basis 43/768; cond: 8707897294848.0, ratio:0.9918755292892456
reserving basis 45/768; cond: 208372465664.0, ratio:0.9910820126533508
reserving basis 45/768; cond: 208372465664.0, ratio:0.9910820126533508
reserving basis 44/768; cond: 1429308702720.0, ratio:0.9933384656906128
reserving basis 44/768; cond: 1429308702720.0, ratio:0.9933384656906128
reserving basis 46/768; cond: 171369414656.0, ratio:0.9915425777435303
reserving basis 46/768; cond: 171369414656.0, ratio:0.9915425777435303
reserving basis 43/768; cond: 63408095232.0, ratio:0.9935435056686401
reserving basis 43/768; cond: 63408095232.0, ratio:0.9935435056686401
reserving basis 46/768; cond: 428687228928.0, ratio:0.9916681051254272
reserving basis 46/768; cond: 428687228928.0, ratio:0.9916681051254272
reserving basis 42/768; cond: 1263038758912.0, ratio:0.9901347160339355
reserving basis 42/768; cond: 1263038758912.0, ratio:0.9901347160339355
reserving basis 44/768; cond: 361054568448.0, ratio:0.9930717349052429
reserving basis 44/768; cond: 361054568448.0, ratio:0.9930717349052429
reserving basis 41/768; cond: 1463462526976.0, ratio:0.9922458529472351
reserving basis 41/768; cond: 1463462526976.0, ratio:0.9922458529472351
reserving basis 44/768; cond: 8459480727552.0, ratio:0.9933902621269226
reserving basis 44/768; cond: 8459480727552.0, ratio:0.9933902621269226
reserving basis 41/768; cond: 63344168960.0, ratio:0.9927191734313965
reserving basis 41/768; cond: 63344168960.0, ratio:0.9927191734313965
reserving basis 40/768; cond: 340231815168.0, ratio:0.9901598691940308
reserving basis 40/768; cond: 340231815168.0, ratio:0.9901598691940308
reserving basis 38/768; cond: 4487332757504.0, ratio:0.9909770488739014
reserving basis 38/768; cond: 4487332757504.0, ratio:0.9909770488739014
2026-04-27 13:12:22,998 [palora.py] => Task 5, Epoch 50/50 => Loss 0.441, Train_accy 97.40
2026-04-27 13:12:30,262 [trainer.py] => Time:372.19469451904297
820 820
2026-04-27 13:12:35,140 [trainer.py] => Time:4.8775107860565186
2026-04-27 13:12:35,140 [trainer.py] => ACC: {'total': 85.37, '00-03': 81.88, '04-07': 82.26, '08-11': 77.6, '12-15': 88.12, '16-19': 94.44, '20-23': 88.61, 'old': 84.3, 'new': 88.61}
2026-04-27 13:12:35,140 [trainer.py] => ACC top1 curve: [89.38, 88.73, 86.55, 85.29, 86.08, 85.37]
Average Accuracy: 86.90000000000002
2026-04-27 13:12:35,140 [trainer.py] => Average Accuracy: 86.90000000000002
2026-04-27 13:12:35,149 [trainer.py] => All params: 126094051
2026-04-27 13:12:35,157 [trainer.py] => Trainable params: 371716
2026-04-27 13:12:35,157 [palora.py] => Learning on 24-28
Parameters to be updated: {'image_encoder.blocks.2.attn.lora_A_v.6.weight', 'image_encoder.blocks.6.attn.lora_B_v.6.weight', 'image_encoder.blocks.7.attn.lora_A_v.6.weight', 'image_encoder.blocks.10.attn.lora_A_k.6.weight', 'image_encoder.blocks.4.attn.lora_A_v.6.weight', 'image_encoder.blocks.9.attn.lora_A_v.6.weight', 'image_encoder.blocks.8.attn.lora_A_k.6.weight', 'image_encoder.blocks.1.attn.lora_B_k.6.weight', 'image_encoder.blocks.3.attn.lora_B_v.6.weight', 'image_encoder.blocks.6.attn.lora_B_k.6.weight', 'image_encoder.blocks.11.attn.lora_A_k.6.weight', 'classifier_pool.6.bias', 'image_encoder.blocks.8.attn.lora_B_v.6.weight', 'image_encoder.blocks.2.attn.lora_A_k.6.weight', 'image_encoder.blocks.9.attn.lora_A_k.6.weight', 'image_encoder.blocks.2.attn.lora_B_k.6.weight', 'image_encoder.blocks.1.attn.lora_A_k.6.weight', 'image_encoder.blocks.5.attn.lora_B_k.6.weight', 'image_encoder.blocks.7.attn.lora_B_k.6.weight', 'image_encoder.blocks.11.attn.lora_B_k.6.weight', 'image_encoder.blocks.11.attn.lora_B_v.6.weight', 'image_encoder.blocks.7.attn.lora_A_k.6.weight', 'image_encoder.blocks.10.attn.lora_A_v.6.weight', 'image_encoder.blocks.0.attn.lora_A_v.6.weight', 'image_encoder.blocks.4.attn.lora_B_k.6.weight', 'image_encoder.blocks.4.attn.lora_A_k.6.weight', 'image_encoder.blocks.10.attn.lora_B_v.6.weight', 'image_encoder.blocks.10.attn.lora_B_k.6.weight', 'image_encoder.blocks.0.attn.lora_A_k.6.weight', 'image_encoder.blocks.7.attn.lora_B_v.6.weight', 'image_encoder.blocks.2.attn.lora_B_v.6.weight', 'image_encoder.blocks.3.attn.lora_A_v.6.weight', 'image_encoder.blocks.1.attn.lora_B_v.6.weight', 'image_encoder.blocks.3.attn.lora_A_k.6.weight', 'image_encoder.blocks.8.attn.lora_A_v.6.weight', 'image_encoder.blocks.9.attn.lora_B_k.6.weight', 'image_encoder.blocks.4.attn.lora_B_v.6.weight', 'image_encoder.blocks.6.attn.lora_A_v.6.weight', 'image_encoder.blocks.6.attn.lora_A_k.6.weight', 'image_encoder.blocks.0.attn.lora_B_k.6.weight', 'image_encoder.blocks.3.attn.lora_B_k.6.weight', 'image_encoder.blocks.1.attn.lora_A_v.6.weight', 'image_encoder.blocks.5.attn.lora_A_v.6.weight', 'image_encoder.blocks.8.attn.lora_B_k.6.weight', 'image_encoder.blocks.11.attn.lora_A_v.6.weight', 'image_encoder.blocks.0.attn.lora_B_v.6.weight', 'classifier_pool.6.weight', 'image_encoder.blocks.5.attn.lora_A_k.6.weight', 'image_encoder.blocks.5.attn.lora_B_v.6.weight', 'image_encoder.blocks.9.attn.lora_B_v.6.weight'}
After trained on task 5 tensor(0.0733, device='cuda:0') tensor(0.0594, device='cuda:0')
After trained on task 5 tensor(0.0594, device='cuda:0') tensor(0.0738, device='cuda:0')
After trained on task 5 tensor(0.0633, device='cuda:0') tensor(0.0983, device='cuda:0')
After trained on task 5 tensor(0.0805, device='cuda:0') tensor(0.1087, device='cuda:0')
After trained on task 5 tensor(0.0778, device='cuda:0') tensor(0.1136, device='cuda:0')
After trained on task 5 tensor(0.0978, device='cuda:0') tensor(0.1499, device='cuda:0')
After trained on task 5 tensor(0.1088, device='cuda:0') tensor(0.1593, device='cuda:0')
After trained on task 5 tensor(0.1423, device='cuda:0') tensor(0.1862, device='cuda:0')
After trained on task 5 tensor(0.1488, device='cuda:0') tensor(0.2333, device='cuda:0')
After trained on task 5 tensor(0.1728, device='cuda:0') tensor(0.2980, device='cuda:0')
After trained on task 5 tensor(0.2076, device='cuda:0') tensor(0.3612, device='cuda:0')
After trained on task 5 tensor(0.5092, device='cuda:0') tensor(0.4049, device='cuda:0')
reserving basis 51/768; cond: 149025767424.0, ratio:0.9901719689369202
reserving basis 51/768; cond: 149025767424.0, ratio:0.9901719689369202
reserving basis 52/768; cond: 19072245760.0, ratio:0.993904709815979
reserving basis 52/768; cond: 19072245760.0, ratio:0.993904709815979
reserving basis 53/768; cond: 60938606608384.0, ratio:0.992525577545166
reserving basis 53/768; cond: 60938606608384.0, ratio:0.992525577545166
reserving basis 52/768; cond: 42250977280.0, ratio:0.9935746192932129
reserving basis 52/768; cond: 42250977280.0, ratio:0.9935746192932129
reserving basis 54/768; cond: 891084079104.0, ratio:0.9911245107650757
reserving basis 54/768; cond: 891084079104.0, ratio:0.9911245107650757
reserving basis 52/768; cond: 1126934380544.0, ratio:0.9928919672966003
reserving basis 52/768; cond: 1126934380544.0, ratio:0.9928919672966003
reserving basis 55/768; cond: 57370071040.0, ratio:0.9923941493034363
reserving basis 55/768; cond: 57370071040.0, ratio:0.9923941493034363
reserving basis 52/768; cond: 349428252672.0, ratio:0.9929078817367554
reserving basis 52/768; cond: 349428252672.0, ratio:0.9929078817367554
reserving basis 54/768; cond: 154179862528.0, ratio:0.9902824759483337
reserving basis 54/768; cond: 154179862528.0, ratio:0.9902824759483337
reserving basis 52/768; cond: 17096154021888.0, ratio:0.9926345348358154
reserving basis 52/768; cond: 17096154021888.0, ratio:0.9926345348358154
reserving basis 54/768; cond: 396808749056.0, ratio:0.9920567274093628
reserving basis 54/768; cond: 396808749056.0, ratio:0.9920567274093628
reserving basis 51/768; cond: 1146022658048.0, ratio:0.993502676486969
reserving basis 51/768; cond: 1146022658048.0, ratio:0.993502676486969
reserving basis 53/768; cond: 2198373924864.0, ratio:0.9931325316429138
reserving basis 53/768; cond: 2198373924864.0, ratio:0.9931325316429138
reserving basis 51/768; cond: 97284259840.0, ratio:0.9901346564292908
reserving basis 51/768; cond: 97284259840.0, ratio:0.9901346564292908
reserving basis 54/768; cond: 18944059392.0, ratio:0.9931966066360474
reserving basis 54/768; cond: 18944059392.0, ratio:0.9931966066360474
reserving basis 50/768; cond: 251124875264.0, ratio:0.9904673099517822
reserving basis 50/768; cond: 251124875264.0, ratio:0.9904673099517822
reserving basis 54/768; cond: 68712648704.0, ratio:0.9931439757347107
reserving basis 54/768; cond: 68712648704.0, ratio:0.9931439757347107
reserving basis 49/768; cond: 171534794752.0, ratio:0.9922642707824707
reserving basis 49/768; cond: 171534794752.0, ratio:0.9922642707824707
reserving basis 51/768; cond: 186603421696.0, ratio:0.9909137487411499
reserving basis 51/768; cond: 186603421696.0, ratio:0.9909137487411499
reserving basis 48/768; cond: 73503637504.0, ratio:0.9924829602241516
reserving basis 48/768; cond: 73503637504.0, ratio:0.9924829602241516
reserving basis 51/768; cond: 197239668736.0, ratio:0.9908689260482788
reserving basis 51/768; cond: 197239668736.0, ratio:0.9908689260482788
reserving basis 47/768; cond: 191083544576.0, ratio:0.9912023544311523
reserving basis 47/768; cond: 191083544576.0, ratio:0.9912023544311523
reserving basis 45/768; cond: 388132241408.0, ratio:0.9912700653076172
reserving basis 45/768; cond: 388132241408.0, ratio:0.9912700653076172
reserving basis 44/768; cond: 73253527552.0, ratio:0.992180585861206
reserving basis 44/768; cond: 73253527552.0, ratio:0.992180585861206
2026-04-27 13:18:04,859 [palora.py] => Task 6, Epoch 50/50 => Loss 0.448, Train_accy 95.72
2026-04-27 13:18:11,475 [trainer.py] => Time:336.3184132575989
996 996
2026-04-27 13:18:16,439 [trainer.py] => Time:4.963866949081421
2026-04-27 13:18:16,440 [trainer.py] => ACC: {'total': 85.84, '00-03': 80.62, '04-07': 80.65, '08-11': 76.8, '12-15': 88.12, '16-19': 94.44, '20-23': 87.13, '24-27': 92.61, 'old': 84.39, 'new': 92.61}
2026-04-27 13:18:16,440 [trainer.py] => ACC top1 curve: [89.38, 88.73, 86.55, 85.29, 86.08, 85.37, 85.84]
Average Accuracy: 86.74857142857145
2026-04-27 13:18:16,440 [trainer.py] => Average Accuracy: 86.74857142857145
2026-04-27 13:18:16,451 [trainer.py] => All params: 126094051
2026-04-27 13:18:16,460 [trainer.py] => Trainable params: 371716
2026-04-27 13:18:16,460 [palora.py] => Learning on 28-32
Parameters to be updated: {'image_encoder.blocks.1.attn.lora_A_k.7.weight', 'image_encoder.blocks.7.attn.lora_A_k.7.weight', 'image_encoder.blocks.9.attn.lora_A_k.7.weight', 'image_encoder.blocks.4.attn.lora_A_k.7.weight', 'image_encoder.blocks.9.attn.lora_A_v.7.weight', 'image_encoder.blocks.6.attn.lora_A_k.7.weight', 'image_encoder.blocks.5.attn.lora_A_k.7.weight', 'image_encoder.blocks.7.attn.lora_B_v.7.weight', 'image_encoder.blocks.8.attn.lora_A_k.7.weight', 'image_encoder.blocks.2.attn.lora_A_k.7.weight', 'image_encoder.blocks.4.attn.lora_B_v.7.weight', 'image_encoder.blocks.11.attn.lora_A_k.7.weight', 'image_encoder.blocks.4.attn.lora_B_k.7.weight', 'image_encoder.blocks.0.attn.lora_B_k.7.weight', 'image_encoder.blocks.11.attn.lora_B_v.7.weight', 'image_encoder.blocks.10.attn.lora_B_k.7.weight', 'classifier_pool.7.weight', 'image_encoder.blocks.5.attn.lora_B_k.7.weight', 'image_encoder.blocks.5.attn.lora_B_v.7.weight', 'image_encoder.blocks.1.attn.lora_B_v.7.weight', 'image_encoder.blocks.2.attn.lora_B_k.7.weight', 'image_encoder.blocks.5.attn.lora_A_v.7.weight', 'image_encoder.blocks.9.attn.lora_B_k.7.weight', 'image_encoder.blocks.10.attn.lora_A_v.7.weight', 'image_encoder.blocks.6.attn.lora_B_k.7.weight', 'image_encoder.blocks.4.attn.lora_A_v.7.weight', 'image_encoder.blocks.10.attn.lora_B_v.7.weight', 'image_encoder.blocks.3.attn.lora_A_k.7.weight', 'image_encoder.blocks.1.attn.lora_B_k.7.weight', 'image_encoder.blocks.7.attn.lora_B_k.7.weight', 'image_encoder.blocks.3.attn.lora_A_v.7.weight', 'classifier_pool.7.bias', 'image_encoder.blocks.6.attn.lora_B_v.7.weight', 'image_encoder.blocks.2.attn.lora_B_v.7.weight', 'image_encoder.blocks.11.attn.lora_B_k.7.weight', 'image_encoder.blocks.6.attn.lora_A_v.7.weight', 'image_encoder.blocks.3.attn.lora_B_v.7.weight', 'image_encoder.blocks.0.attn.lora_A_k.7.weight', 'image_encoder.blocks.8.attn.lora_B_k.7.weight', 'image_encoder.blocks.8.attn.lora_B_v.7.weight', 'image_encoder.blocks.0.attn.lora_B_v.7.weight', 'image_encoder.blocks.9.attn.lora_B_v.7.weight', 'image_encoder.blocks.3.attn.lora_B_k.7.weight', 'image_encoder.blocks.11.attn.lora_A_v.7.weight', 'image_encoder.blocks.7.attn.lora_A_v.7.weight', 'image_encoder.blocks.10.attn.lora_A_k.7.weight', 'image_encoder.blocks.8.attn.lora_A_v.7.weight', 'image_encoder.blocks.2.attn.lora_A_v.7.weight', 'image_encoder.blocks.1.attn.lora_A_v.7.weight', 'image_encoder.blocks.0.attn.lora_A_v.7.weight'}
After trained on task 6 tensor(0.0527, device='cuda:0') tensor(0.0561, device='cuda:0')
After trained on task 6 tensor(0.0571, device='cuda:0') tensor(0.0746, device='cuda:0')
After trained on task 6 tensor(0.0678, device='cuda:0') tensor(0.0849, device='cuda:0')
After trained on task 6 tensor(0.0623, device='cuda:0') tensor(0.0873, device='cuda:0')
After trained on task 6 tensor(0.0589, device='cuda:0') tensor(0.0860, device='cuda:0')
After trained on task 6 tensor(0.0734, device='cuda:0') tensor(0.1054, device='cuda:0')
After trained on task 6 tensor(0.0774, device='cuda:0') tensor(0.1011, device='cuda:0')
After trained on task 6 tensor(0.0834, device='cuda:0') tensor(0.1306, device='cuda:0')
After trained on task 6 tensor(0.1052, device='cuda:0') tensor(0.1735, device='cuda:0')
After trained on task 6 tensor(0.1229, device='cuda:0') tensor(0.2614, device='cuda:0')
After trained on task 6 tensor(0.1211, device='cuda:0') tensor(0.2830, device='cuda:0')
After trained on task 6 tensor(0.2268, device='cuda:0') tensor(0.2859, device='cuda:0')
reserving basis 57/768; cond: 167628816384.0, ratio:0.9903272986412048
reserving basis 57/768; cond: 167628816384.0, ratio:0.9903272986412048
reserving basis 59/768; cond: 186465140736.0, ratio:0.9905494451522827
reserving basis 59/768; cond: 186465140736.0, ratio:0.9905494451522827
reserving basis 60/768; cond: 65635233792.0, ratio:0.9911667108535767
reserving basis 60/768; cond: 65635233792.0, ratio:0.9911667108535767
reserving basis 59/768; cond: 48794886144.0, ratio:0.9918840527534485
reserving basis 59/768; cond: 48794886144.0, ratio:0.9918840527534485
reserving basis 62/768; cond: 158966939648.0, ratio:0.9933371543884277
reserving basis 62/768; cond: 158966939648.0, ratio:0.9933371543884277
reserving basis 59/768; cond: 95454380032.0, ratio:0.991450846195221
reserving basis 59/768; cond: 95454380032.0, ratio:0.991450846195221
reserving basis 63/768; cond: 413547233280.0, ratio:0.9928510189056396
reserving basis 63/768; cond: 413547233280.0, ratio:0.9928510189056396
reserving basis 59/768; cond: 959373443072.0, ratio:0.9903382658958435
reserving basis 59/768; cond: 959373443072.0, ratio:0.9903382658958435
reserving basis 62/768; cond: 2184044740608.0, ratio:0.9923771619796753
reserving basis 62/768; cond: 2184044740608.0, ratio:0.9923771619796753
reserving basis 59/768; cond: 324896948224.0, ratio:0.9903227090835571
reserving basis 59/768; cond: 324896948224.0, ratio:0.9903227090835571
reserving basis 62/768; cond: 63322492928.0, ratio:0.993319571018219
reserving basis 62/768; cond: 63322492928.0, ratio:0.993319571018219
reserving basis 58/768; cond: 158617468928.0, ratio:0.9912703037261963
reserving basis 58/768; cond: 158617468928.0, ratio:0.9912703037261963
reserving basis 61/768; cond: 4287555174400.0, ratio:0.993625819683075
reserving basis 61/768; cond: 4287555174400.0, ratio:0.993625819683075
reserving basis 58/768; cond: 264552972288.0, ratio:0.9913014769554138
reserving basis 58/768; cond: 264552972288.0, ratio:0.9913014769554138
reserving basis 62/768; cond: 330370351104.0, ratio:0.9930660724639893
reserving basis 62/768; cond: 330370351104.0, ratio:0.9930660724639893
reserving basis 57/768; cond: 508692692992.0, ratio:0.9918144941329956
reserving basis 57/768; cond: 508692692992.0, ratio:0.9918144941329956
reserving basis 61/768; cond: 888770134016.0, ratio:0.9916059374809265
reserving basis 61/768; cond: 888770134016.0, ratio:0.9916059374809265
reserving basis 56/768; cond: 2467658203136.0, ratio:0.9929642677307129
reserving basis 56/768; cond: 2467658203136.0, ratio:0.9929642677307129
reserving basis 58/768; cond: 130672730112.0, ratio:0.9914118051528931
reserving basis 58/768; cond: 130672730112.0, ratio:0.9914118051528931
reserving basis 54/768; cond: 762102546432.0, ratio:0.992028534412384
reserving basis 54/768; cond: 762102546432.0, ratio:0.992028534412384
reserving basis 58/768; cond: 65673453568.0, ratio:0.9918349981307983
reserving basis 58/768; cond: 65673453568.0, ratio:0.9918349981307983
reserving basis 52/768; cond: 357906055168.0, ratio:0.9903894662857056
reserving basis 52/768; cond: 357906055168.0, ratio:0.9903894662857056
reserving basis 51/768; cond: 159387680768.0, ratio:0.9921479225158691
reserving basis 51/768; cond: 159387680768.0, ratio:0.9921479225158691
reserving basis 48/768; cond: 55538487296.0, ratio:0.9906002879142761
reserving basis 48/768; cond: 55538487296.0, ratio:0.9906002879142761
2026-04-27 13:24:00,355 [palora.py] => Task 7, Epoch 50/50 => Loss 0.464, Train_accy 96.40
2026-04-27 13:24:08,325 [trainer.py] => Time:351.8643774986267
1170 1170
2026-04-27 13:24:14,062 [trainer.py] => Time:5.7370688915252686
2026-04-27 13:24:14,062 [trainer.py] => ACC: {'total': 84.96, '00-03': 82.5, '04-07': 79.03, '08-11': 75.2, '12-15': 85.15, '16-19': 91.67, '20-23': 85.64, '24-27': 93.75, '28-31': 84.48, 'old': 85.04, 'new': 84.48}
2026-04-27 13:24:14,062 [trainer.py] => ACC top1 curve: [89.38, 88.73, 86.55, 85.29, 86.08, 85.37, 85.84, 84.96]
Average Accuracy: 86.52500000000002
2026-04-27 13:24:14,063 [trainer.py] => Average Accuracy: 86.52500000000002
2026-04-27 13:24:14,073 [trainer.py] => All params: 126094051
2026-04-27 13:24:14,082 [trainer.py] => Trainable params: 371716
2026-04-27 13:24:14,082 [palora.py] => Learning on 32-36
Parameters to be updated: {'image_encoder.blocks.5.attn.lora_B_v.8.weight', 'image_encoder.blocks.11.attn.lora_B_k.8.weight', 'image_encoder.blocks.9.attn.lora_B_k.8.weight', 'image_encoder.blocks.5.attn.lora_A_k.8.weight', 'image_encoder.blocks.1.attn.lora_A_v.8.weight', 'image_encoder.blocks.11.attn.lora_B_v.8.weight', 'image_encoder.blocks.6.attn.lora_B_k.8.weight', 'image_encoder.blocks.9.attn.lora_A_v.8.weight', 'image_encoder.blocks.2.attn.lora_B_v.8.weight', 'image_encoder.blocks.6.attn.lora_A_k.8.weight', 'image_encoder.blocks.8.attn.lora_A_k.8.weight', 'image_encoder.blocks.2.attn.lora_A_k.8.weight', 'image_encoder.blocks.4.attn.lora_A_v.8.weight', 'image_encoder.blocks.9.attn.lora_B_v.8.weight', 'image_encoder.blocks.10.attn.lora_A_v.8.weight', 'image_encoder.blocks.5.attn.lora_B_k.8.weight', 'image_encoder.blocks.7.attn.lora_B_k.8.weight', 'image_encoder.blocks.4.attn.lora_B_v.8.weight', 'image_encoder.blocks.7.attn.lora_A_v.8.weight', 'image_encoder.blocks.11.attn.lora_A_k.8.weight', 'image_encoder.blocks.10.attn.lora_B_k.8.weight', 'image_encoder.blocks.1.attn.lora_A_k.8.weight', 'image_encoder.blocks.2.attn.lora_A_v.8.weight', 'image_encoder.blocks.4.attn.lora_B_k.8.weight', 'image_encoder.blocks.6.attn.lora_A_v.8.weight', 'classifier_pool.8.weight', 'image_encoder.blocks.1.attn.lora_B_k.8.weight', 'image_encoder.blocks.4.attn.lora_A_k.8.weight', 'image_encoder.blocks.0.attn.lora_A_v.8.weight', 'image_encoder.blocks.10.attn.lora_B_v.8.weight', 'image_encoder.blocks.11.attn.lora_A_v.8.weight', 'image_encoder.blocks.6.attn.lora_B_v.8.weight', 'image_encoder.blocks.1.attn.lora_B_v.8.weight', 'image_encoder.blocks.3.attn.lora_A_v.8.weight', 'image_encoder.blocks.5.attn.lora_A_v.8.weight', 'image_encoder.blocks.7.attn.lora_A_k.8.weight', 'image_encoder.blocks.8.attn.lora_B_k.8.weight', 'classifier_pool.8.bias', 'image_encoder.blocks.3.attn.lora_B_v.8.weight', 'image_encoder.blocks.2.attn.lora_B_k.8.weight', 'image_encoder.blocks.8.attn.lora_A_v.8.weight', 'image_encoder.blocks.3.attn.lora_B_k.8.weight', 'image_encoder.blocks.3.attn.lora_A_k.8.weight', 'image_encoder.blocks.0.attn.lora_B_k.8.weight', 'image_encoder.blocks.8.attn.lora_B_v.8.weight', 'image_encoder.blocks.0.attn.lora_A_k.8.weight', 'image_encoder.blocks.10.attn.lora_A_k.8.weight', 'image_encoder.blocks.7.attn.lora_B_v.8.weight', 'image_encoder.blocks.9.attn.lora_A_k.8.weight', 'image_encoder.blocks.0.attn.lora_B_v.8.weight'}
After trained on task 7 tensor(0.0594, device='cuda:0') tensor(0.0523, device='cuda:0')
After trained on task 7 tensor(0.0599, device='cuda:0') tensor(0.0776, device='cuda:0')
After trained on task 7 tensor(0.0723, device='cuda:0') tensor(0.0924, device='cuda:0')
After trained on task 7 tensor(0.0708, device='cuda:0') tensor(0.0892, device='cuda:0')
After trained on task 7 tensor(0.0727, device='cuda:0') tensor(0.1016, device='cuda:0')
After trained on task 7 tensor(0.0955, device='cuda:0') tensor(0.1153, device='cuda:0')
After trained on task 7 tensor(0.0853, device='cuda:0') tensor(0.1350, device='cuda:0')
After trained on task 7 tensor(0.0952, device='cuda:0') tensor(0.1831, device='cuda:0')
After trained on task 7 tensor(0.1343, device='cuda:0') tensor(0.2300, device='cuda:0')
After trained on task 7 tensor(0.1281, device='cuda:0') tensor(0.2873, device='cuda:0')
After trained on task 7 tensor(0.1563, device='cuda:0') tensor(0.3590, device='cuda:0')
After trained on task 7 tensor(0.2211, device='cuda:0') tensor(0.4440, device='cuda:0')
reserving basis 63/768; cond: 305540497408.0, ratio:0.9909661412239075
reserving basis 63/768; cond: 305540497408.0, ratio:0.9909661412239075
reserving basis 66/768; cond: 92935561216.0, ratio:0.9926337599754333
reserving basis 66/768; cond: 92935561216.0, ratio:0.9926337599754333
reserving basis 67/768; cond: 42793877504.0, ratio:0.9923349022865295
reserving basis 67/768; cond: 42793877504.0, ratio:0.9923349022865295
reserving basis 66/768; cond: 1051583578112.0, ratio:0.9924204349517822
reserving basis 66/768; cond: 1051583578112.0, ratio:0.9924204349517822
reserving basis 69/768; cond: 218988445696.0, ratio:0.9917466044425964
reserving basis 69/768; cond: 218988445696.0, ratio:0.9917466044425964
reserving basis 66/768; cond: 116642725888.0, ratio:0.9918966889381409
reserving basis 66/768; cond: 116642725888.0, ratio:0.9918966889381409
reserving basis 70/768; cond: 106584571904.0, ratio:0.9904632568359375
reserving basis 70/768; cond: 106584571904.0, ratio:0.9904632568359375
reserving basis 66/768; cond: 115971219456.0, ratio:0.9907025694847107
reserving basis 66/768; cond: 115971219456.0, ratio:0.9907025694847107
reserving basis 69/768; cond: 61046669312.0, ratio:0.9909340143203735
reserving basis 69/768; cond: 61046669312.0, ratio:0.9909340143203735
reserving basis 66/768; cond: 674262220800.0, ratio:0.991512656211853
reserving basis 66/768; cond: 674262220800.0, ratio:0.991512656211853
reserving basis 69/768; cond: 430720057344.0, ratio:0.9912649393081665
reserving basis 69/768; cond: 430720057344.0, ratio:0.9912649393081665
reserving basis 65/768; cond: 384575733760.0, ratio:0.991703987121582
reserving basis 65/768; cond: 384575733760.0, ratio:0.991703987121582
reserving basis 68/768; cond: 171506728960.0, ratio:0.990860104560852
reserving basis 68/768; cond: 171506728960.0, ratio:0.990860104560852
reserving basis 65/768; cond: 486269747200.0, ratio:0.9922167062759399
reserving basis 65/768; cond: 486269747200.0, ratio:0.9922167062759399
reserving basis 69/768; cond: 121102573568.0, ratio:0.9907802939414978
reserving basis 69/768; cond: 121102573568.0, ratio:0.9907802939414978
reserving basis 64/768; cond: 37382483968.0, ratio:0.9926165342330933
reserving basis 64/768; cond: 37382483968.0, ratio:0.9926165342330933
reserving basis 68/768; cond: 90411442176.0, ratio:0.9923491477966309
reserving basis 68/768; cond: 90411442176.0, ratio:0.9923491477966309
reserving basis 62/768; cond: 104323661824.0, ratio:0.9907708168029785
reserving basis 62/768; cond: 104323661824.0, ratio:0.9907708168029785
reserving basis 65/768; cond: 212803108864.0, ratio:0.9916013479232788
reserving basis 65/768; cond: 212803108864.0, ratio:0.9916013479232788
reserving basis 59/768; cond: 29788688384.0, ratio:0.9903861880302429
reserving basis 59/768; cond: 29788688384.0, ratio:0.9903861880302429
reserving basis 64/768; cond: 286235590656.0, ratio:0.9905580878257751
reserving basis 64/768; cond: 286235590656.0, ratio:0.9905580878257751
reserving basis 56/768; cond: 106312826880.0, ratio:0.9908384084701538
reserving basis 56/768; cond: 106312826880.0, ratio:0.9908384084701538
reserving basis 57/768; cond: 280882446336.0, ratio:0.9919795989990234
reserving basis 57/768; cond: 280882446336.0, ratio:0.9919795989990234
reserving basis 52/768; cond: 126755954688.0, ratio:0.9910228252410889
reserving basis 52/768; cond: 126755954688.0, ratio:0.9910228252410889
2026-04-27 13:28:27,637 [palora.py] => Task 8, Epoch 50/50 => Loss 0.492, Train_accy 95.67
2026-04-27 13:28:33,584 [trainer.py] => Time:259.50236415863037
1231 1231
2026-04-27 13:28:39,571 [trainer.py] => Time:5.986918210983276
2026-04-27 13:28:39,572 [trainer.py] => ACC: {'total': 84.57, '00-03': 80.0, '04-07': 79.84, '08-11': 75.2, '12-15': 86.14, '16-19': 91.67, '20-23': 85.64, '24-27': 92.61, '28-31': 83.91, '32-35': 85.25, 'old': 84.53, 'new': 85.25}
2026-04-27 13:28:39,572 [trainer.py] => ACC top1 curve: [89.38, 88.73, 86.55, 85.29, 86.08, 85.37, 85.84, 84.96, 84.57]
Average Accuracy: 86.3077777777778
2026-04-27 13:28:39,572 [trainer.py] => Average Accuracy: 86.3077777777778
2026-04-27 13:28:39,582 [trainer.py] => All params: 126094051
2026-04-27 13:28:39,591 [trainer.py] => Trainable params: 371716
2026-04-27 13:28:39,591 [palora.py] => Learning on 36-40
Parameters to be updated: {'classifier_pool.9.weight', 'image_encoder.blocks.9.attn.lora_A_v.9.weight', 'image_encoder.blocks.11.attn.lora_A_v.9.weight', 'image_encoder.blocks.0.attn.lora_B_v.9.weight', 'image_encoder.blocks.4.attn.lora_A_k.9.weight', 'image_encoder.blocks.9.attn.lora_B_k.9.weight', 'image_encoder.blocks.8.attn.lora_B_v.9.weight', 'image_encoder.blocks.10.attn.lora_A_v.9.weight', 'image_encoder.blocks.4.attn.lora_B_v.9.weight', 'image_encoder.blocks.11.attn.lora_A_k.9.weight', 'image_encoder.blocks.2.attn.lora_A_k.9.weight', 'image_encoder.blocks.10.attn.lora_B_v.9.weight', 'image_encoder.blocks.4.attn.lora_B_k.9.weight', 'image_encoder.blocks.8.attn.lora_A_k.9.weight', 'image_encoder.blocks.2.attn.lora_B_k.9.weight', 'image_encoder.blocks.0.attn.lora_A_k.9.weight', 'image_encoder.blocks.6.attn.lora_A_k.9.weight', 'image_encoder.blocks.8.attn.lora_A_v.9.weight', 'image_encoder.blocks.1.attn.lora_A_k.9.weight', 'image_encoder.blocks.3.attn.lora_A_k.9.weight', 'image_encoder.blocks.7.attn.lora_A_v.9.weight', 'image_encoder.blocks.1.attn.lora_A_v.9.weight', 'image_encoder.blocks.11.attn.lora_B_v.9.weight', 'image_encoder.blocks.1.attn.lora_B_v.9.weight', 'image_encoder.blocks.7.attn.lora_B_k.9.weight', 'image_encoder.blocks.9.attn.lora_B_v.9.weight', 'image_encoder.blocks.10.attn.lora_B_k.9.weight', 'image_encoder.blocks.11.attn.lora_B_k.9.weight', 'image_encoder.blocks.3.attn.lora_B_k.9.weight', 'image_encoder.blocks.2.attn.lora_B_v.9.weight', 'image_encoder.blocks.6.attn.lora_B_v.9.weight', 'image_encoder.blocks.3.attn.lora_B_v.9.weight', 'image_encoder.blocks.5.attn.lora_A_v.9.weight', 'image_encoder.blocks.4.attn.lora_A_v.9.weight', 'image_encoder.blocks.5.attn.lora_B_v.9.weight', 'image_encoder.blocks.10.attn.lora_A_k.9.weight', 'image_encoder.blocks.7.attn.lora_B_v.9.weight', 'image_encoder.blocks.7.attn.lora_A_k.9.weight', 'image_encoder.blocks.8.attn.lora_B_k.9.weight', 'image_encoder.blocks.6.attn.lora_B_k.9.weight', 'image_encoder.blocks.0.attn.lora_A_v.9.weight', 'classifier_pool.9.bias', 'image_encoder.blocks.1.attn.lora_B_k.9.weight', 'image_encoder.blocks.3.attn.lora_A_v.9.weight', 'image_encoder.blocks.9.attn.lora_A_k.9.weight', 'image_encoder.blocks.5.attn.lora_B_k.9.weight', 'image_encoder.blocks.5.attn.lora_A_k.9.weight', 'image_encoder.blocks.6.attn.lora_A_v.9.weight', 'image_encoder.blocks.0.attn.lora_B_k.9.weight', 'image_encoder.blocks.2.attn.lora_A_v.9.weight'}
After trained on task 8 tensor(0.0419, device='cuda:0') tensor(0.0365, device='cuda:0')
After trained on task 8 tensor(0.0395, device='cuda:0') tensor(0.0448, device='cuda:0')
After trained on task 8 tensor(0.0409, device='cuda:0') tensor(0.0527, device='cuda:0')
After trained on task 8 tensor(0.0394, device='cuda:0') tensor(0.0581, device='cuda:0')
After trained on task 8 tensor(0.0470, device='cuda:0') tensor(0.0659, device='cuda:0')
After trained on task 8 tensor(0.0550, device='cuda:0') tensor(0.0727, device='cuda:0')
After trained on task 8 tensor(0.0632, device='cuda:0') tensor(0.0780, device='cuda:0')
After trained on task 8 tensor(0.0641, device='cuda:0') tensor(0.0827, device='cuda:0')
After trained on task 8 tensor(0.0759, device='cuda:0') tensor(0.1467, device='cuda:0')
After trained on task 8 tensor(0.0869, device='cuda:0') tensor(0.1679, device='cuda:0')
After trained on task 8 tensor(0.0865, device='cuda:0') tensor(0.2057, device='cuda:0')
After trained on task 8 tensor(0.1944, device='cuda:0') tensor(0.2482, device='cuda:0')
reserving basis 69/768; cond: 73581264896.0, ratio:0.9914232492446899
reserving basis 69/768; cond: 73581264896.0, ratio:0.9914232492446899
reserving basis 72/768; cond: 39271477248.0, ratio:0.9919032454490662
reserving basis 72/768; cond: 39271477248.0, ratio:0.9919032454490662
reserving basis 73/768; cond: 61457002496.0, ratio:0.9911550879478455
reserving basis 73/768; cond: 61457002496.0, ratio:0.9911550879478455
reserving basis 72/768; cond: 47911075840.0, ratio:0.9923593401908875
reserving basis 72/768; cond: 47911075840.0, ratio:0.9923593401908875
reserving basis 76/768; cond: 627167330304.0, ratio:0.992211103439331
reserving basis 76/768; cond: 627167330304.0, ratio:0.992211103439331
reserving basis 73/768; cond: 48085729280.0, ratio:0.9921039342880249
reserving basis 73/768; cond: 48085729280.0, ratio:0.9921039342880249
reserving basis 77/768; cond: 74154409984.0, ratio:0.9925236701965332
reserving basis 77/768; cond: 74154409984.0, ratio:0.9925236701965332
reserving basis 72/768; cond: 93445799936.0, ratio:0.9904232025146484
reserving basis 72/768; cond: 93445799936.0, ratio:0.9904232025146484
reserving basis 76/768; cond: 26753873920.0, ratio:0.9914848804473877
reserving basis 76/768; cond: 26753873920.0, ratio:0.9914848804473877
reserving basis 72/768; cond: 27939536896.0, ratio:0.9905608892440796
reserving basis 72/768; cond: 27939536896.0, ratio:0.9905608892440796
reserving basis 75/768; cond: 230171344896.0, ratio:0.9902114272117615
reserving basis 75/768; cond: 230171344896.0, ratio:0.9902114272117615
reserving basis 71/768; cond: 211133054976.0, ratio:0.9906948208808899
reserving basis 71/768; cond: 211133054976.0, ratio:0.9906948208808899
reserving basis 74/768; cond: 216480038912.0, ratio:0.9900609254837036
reserving basis 74/768; cond: 216480038912.0, ratio:0.9900609254837036
reserving basis 71/768; cond: 192284737536.0, ratio:0.9905040860176086
reserving basis 71/768; cond: 192284737536.0, ratio:0.9905040860176086
reserving basis 76/768; cond: 44961988608.0, ratio:0.9926390051841736
reserving basis 76/768; cond: 44961988608.0, ratio:0.9926390051841736
reserving basis 70/768; cond: 209040490496.0, ratio:0.9919201135635376
reserving basis 70/768; cond: 209040490496.0, ratio:0.9919201135635376
reserving basis 74/768; cond: 71170269184.0, ratio:0.990455687046051
reserving basis 74/768; cond: 71170269184.0, ratio:0.990455687046051
reserving basis 68/768; cond: 77739352064.0, ratio:0.9923641085624695
reserving basis 68/768; cond: 77739352064.0, ratio:0.9923641085624695
reserving basis 71/768; cond: 197130256384.0, ratio:0.9906343221664429
reserving basis 71/768; cond: 197130256384.0, ratio:0.9906343221664429
reserving basis 64/768; cond: 8205264486400.0, ratio:0.9917774200439453
reserving basis 64/768; cond: 8205264486400.0, ratio:0.9917774200439453
reserving basis 70/768; cond: 223443288064.0, ratio:0.9912499785423279
reserving basis 70/768; cond: 223443288064.0, ratio:0.9912499785423279
reserving basis 60/768; cond: 34711629824.0, ratio:0.9909261465072632
reserving basis 60/768; cond: 34711629824.0, ratio:0.9909261465072632
reserving basis 61/768; cond: 84029112320.0, ratio:0.9910210967063904
reserving basis 61/768; cond: 84029112320.0, ratio:0.9910210967063904
reserving basis 56/768; cond: 51798298624.0, ratio:0.9918926954269409
reserving basis 56/768; cond: 51798298624.0, ratio:0.9918926954269409
2026-04-27 13:33:11,412 [palora.py] => Task 9, Epoch 50/50 => Loss 0.453, Train_accy 97.60
2026-04-27 13:33:18,029 [trainer.py] => Time:278.4379425048828
1329 1329
2026-04-27 13:33:23,961 [trainer.py] => Time:5.931662559509277
2026-04-27 13:33:23,961 [trainer.py] => ACC: {'total': 83.67, '00-03': 75.62, '04-07': 79.84, '08-11': 74.4, '12-15': 85.15, '16-19': 92.59, '20-23': 85.15, '24-27': 90.91, '28-31': 84.48, '32-35': 80.33, '36-39': 86.73, 'old': 83.43, 'new': 86.73}
2026-04-27 13:33:23,961 [trainer.py] => ACC top1 curve: [89.38, 88.73, 86.55, 85.29, 86.08, 85.37, 85.84, 84.96, 84.57, 83.67]
Average Accuracy: 86.04400000000001
2026-04-27 13:33:23,961 [trainer.py] => Average Accuracy: 86.04400000000001
2026-04-27 13:33:23,971 [trainer.py] => All params: 126094051
2026-04-27 13:33:23,979 [trainer.py] => Trainable params: 371716
2026-04-27 13:33:23,979 [palora.py] => Learning on 40-44
Parameters to be updated: {'image_encoder.blocks.8.attn.lora_A_v.10.weight', 'image_encoder.blocks.6.attn.lora_A_v.10.weight', 'image_encoder.blocks.1.attn.lora_B_v.10.weight', 'image_encoder.blocks.3.attn.lora_B_v.10.weight', 'image_encoder.blocks.11.attn.lora_B_k.10.weight', 'image_encoder.blocks.5.attn.lora_B_v.10.weight', 'image_encoder.blocks.5.attn.lora_A_k.10.weight', 'image_encoder.blocks.3.attn.lora_B_k.10.weight', 'image_encoder.blocks.9.attn.lora_B_k.10.weight', 'image_encoder.blocks.4.attn.lora_B_v.10.weight', 'image_encoder.blocks.11.attn.lora_A_k.10.weight', 'image_encoder.blocks.10.attn.lora_B_k.10.weight', 'image_encoder.blocks.0.attn.lora_A_v.10.weight', 'image_encoder.blocks.5.attn.lora_A_v.10.weight', 'image_encoder.blocks.2.attn.lora_B_k.10.weight', 'image_encoder.blocks.10.attn.lora_A_v.10.weight', 'image_encoder.blocks.10.attn.lora_B_v.10.weight', 'classifier_pool.10.bias', 'image_encoder.blocks.4.attn.lora_A_v.10.weight', 'image_encoder.blocks.7.attn.lora_B_v.10.weight', 'image_encoder.blocks.5.attn.lora_B_k.10.weight', 'image_encoder.blocks.2.attn.lora_B_v.10.weight', 'image_encoder.blocks.6.attn.lora_B_v.10.weight', 'image_encoder.blocks.7.attn.lora_A_k.10.weight', 'image_encoder.blocks.1.attn.lora_A_v.10.weight', 'image_encoder.blocks.8.attn.lora_B_v.10.weight', 'image_encoder.blocks.11.attn.lora_B_v.10.weight', 'image_encoder.blocks.1.attn.lora_A_k.10.weight', 'image_encoder.blocks.7.attn.lora_A_v.10.weight', 'image_encoder.blocks.6.attn.lora_B_k.10.weight', 'image_encoder.blocks.10.attn.lora_A_k.10.weight', 'image_encoder.blocks.4.attn.lora_A_k.10.weight', 'image_encoder.blocks.1.attn.lora_B_k.10.weight', 'image_encoder.blocks.9.attn.lora_A_k.10.weight', 'image_encoder.blocks.4.attn.lora_B_k.10.weight', 'image_encoder.blocks.8.attn.lora_A_k.10.weight', 'image_encoder.blocks.0.attn.lora_B_k.10.weight', 'image_encoder.blocks.9.attn.lora_B_v.10.weight', 'image_encoder.blocks.3.attn.lora_A_k.10.weight', 'image_encoder.blocks.2.attn.lora_A_v.10.weight', 'classifier_pool.10.weight', 'image_encoder.blocks.2.attn.lora_A_k.10.weight', 'image_encoder.blocks.7.attn.lora_B_k.10.weight', 'image_encoder.blocks.0.attn.lora_A_k.10.weight', 'image_encoder.blocks.0.attn.lora_B_v.10.weight', 'image_encoder.blocks.9.attn.lora_A_v.10.weight', 'image_encoder.blocks.8.attn.lora_B_k.10.weight', 'image_encoder.blocks.11.attn.lora_A_v.10.weight', 'image_encoder.blocks.6.attn.lora_A_k.10.weight', 'image_encoder.blocks.3.attn.lora_A_v.10.weight'}
After trained on task 9 tensor(0.0470, device='cuda:0') tensor(0.0442, device='cuda:0')
After trained on task 9 tensor(0.0368, device='cuda:0') tensor(0.0463, device='cuda:0')
After trained on task 9 tensor(0.0379, device='cuda:0') tensor(0.0479, device='cuda:0')
After trained on task 9 tensor(0.0397, device='cuda:0') tensor(0.0555, device='cuda:0')
After trained on task 9 tensor(0.0510, device='cuda:0') tensor(0.0634, device='cuda:0')
After trained on task 9 tensor(0.0518, device='cuda:0') tensor(0.0684, device='cuda:0')
After trained on task 9 tensor(0.0567, device='cuda:0') tensor(0.0760, device='cuda:0')
After trained on task 9 tensor(0.0662, device='cuda:0') tensor(0.0879, device='cuda:0')
After trained on task 9 tensor(0.0719, device='cuda:0') tensor(0.1316, device='cuda:0')
After trained on task 9 tensor(0.0935, device='cuda:0') tensor(0.1676, device='cuda:0')
After trained on task 9 tensor(0.0984, device='cuda:0') tensor(0.2031, device='cuda:0')
After trained on task 9 tensor(0.2055, device='cuda:0') tensor(0.2466, device='cuda:0')
reserving basis 75/768; cond: 64817569792.0, ratio:0.9922162890434265
reserving basis 75/768; cond: 64817569792.0, ratio:0.9922162890434265
reserving basis 77/768; cond: 31246477312.0, ratio:0.9900499582290649
reserving basis 77/768; cond: 31246477312.0, ratio:0.9900499582290649
reserving basis 78/768; cond: 264817164288.0, ratio:0.9905157089233398
reserving basis 78/768; cond: 264817164288.0, ratio:0.9905157089233398
reserving basis 78/768; cond: 52059369472.0, ratio:0.9904316663742065
reserving basis 78/768; cond: 52059369472.0, ratio:0.9904316663742065
reserving basis 82/768; cond: 130529099776.0, ratio:0.9901785254478455
reserving basis 82/768; cond: 130529099776.0, ratio:0.9901785254478455
reserving basis 79/768; cond: 30685452288.0, ratio:0.9913675785064697
reserving basis 79/768; cond: 30685452288.0, ratio:0.9913675785064697
reserving basis 84/768; cond: 30755979264.0, ratio:0.9917210936546326
reserving basis 84/768; cond: 30755979264.0, ratio:0.9917210936546326
reserving basis 78/768; cond: 29974896640.0, ratio:0.9917892217636108
reserving basis 78/768; cond: 29974896640.0, ratio:0.9917892217636108
reserving basis 83/768; cond: 63410593792.0, ratio:0.9926704168319702
reserving basis 83/768; cond: 63410593792.0, ratio:0.9926704168319702
reserving basis 78/768; cond: 50186100736.0, ratio:0.9905790090560913
reserving basis 78/768; cond: 50186100736.0, ratio:0.9905790090560913
reserving basis 81/768; cond: 630304866304.0, ratio:0.9908199310302734
reserving basis 81/768; cond: 630304866304.0, ratio:0.9908199310302734
reserving basis 77/768; cond: 65709240320.0, ratio:0.9905430674552917
reserving basis 77/768; cond: 65709240320.0, ratio:0.9905430674552917
reserving basis 80/768; cond: 181447000064.0, ratio:0.9913930892944336
reserving basis 80/768; cond: 181447000064.0, ratio:0.9913930892944336
reserving basis 77/768; cond: 107536949248.0, ratio:0.9913945198059082
reserving basis 77/768; cond: 107536949248.0, ratio:0.9913945198059082
reserving basis 82/768; cond: 208040280064.0, ratio:0.9906254410743713
reserving basis 82/768; cond: 208040280064.0, ratio:0.9906254410743713
reserving basis 76/768; cond: 42316587008.0, ratio:0.9912673234939575
reserving basis 76/768; cond: 42316587008.0, ratio:0.9912673234939575
reserving basis 80/768; cond: 93272342528.0, ratio:0.9911485314369202
reserving basis 80/768; cond: 93272342528.0, ratio:0.9911485314369202
reserving basis 73/768; cond: 134901866496.0, ratio:0.9905926585197449
reserving basis 73/768; cond: 134901866496.0, ratio:0.9905926585197449
reserving basis 77/768; cond: 156037316608.0, ratio:0.9919707179069519
reserving basis 77/768; cond: 156037316608.0, ratio:0.9919707179069519
reserving basis 69/768; cond: 405890957312.0, ratio:0.9919531941413879
reserving basis 69/768; cond: 405890957312.0, ratio:0.9919531941413879
reserving basis 76/768; cond: 1598038474752.0, ratio:0.9915847778320312
reserving basis 76/768; cond: 1598038474752.0, ratio:0.9915847778320312
reserving basis 64/768; cond: 114458075136.0, ratio:0.9919110536575317
reserving basis 64/768; cond: 114458075136.0, ratio:0.9919110536575317
reserving basis 64/768; cond: 91493294080.0, ratio:0.9901256561279297
reserving basis 64/768; cond: 91493294080.0, ratio:0.9901256561279297
reserving basis 59/768; cond: 107999977472.0, ratio:0.9905887246131897
reserving basis 59/768; cond: 107999977472.0, ratio:0.9905887246131897
2026-04-27 13:37:45,032 [palora.py] => Task 10, Epoch 50/50 => Loss 0.616, Train_accy 94.94
2026-04-27 13:37:51,429 [trainer.py] => Time:267.45029306411743
1407 1407
2026-04-27 13:37:57,790 [trainer.py] => Time:6.359769582748413
2026-04-27 13:37:57,790 [trainer.py] => ACC: {'total': 83.37, '00-03': 76.25, '04-07': 79.03, '08-11': 76.0, '12-15': 85.15, '16-19': 93.52, '20-23': 84.65, '24-27': 92.61, '28-31': 83.91, '32-35': 83.61, '36-39': 86.73, '40-43': 70.51, 'old': 84.12, 'new': 70.51}
2026-04-27 13:37:57,790 [trainer.py] => ACC top1 curve: [89.38, 88.73, 86.55, 85.29, 86.08, 85.37, 85.84, 84.96, 84.57, 83.67, 83.37]
Average Accuracy: 85.8009090909091
2026-04-27 13:37:57,790 [trainer.py] => Average Accuracy: 85.8009090909091
2026-04-27 13:37:57,803 [trainer.py] => All params: 126094051
2026-04-27 13:37:57,812 [trainer.py] => Trainable params: 371716
2026-04-27 13:37:57,812 [palora.py] => Learning on 44-48
Parameters to be updated: {'image_encoder.blocks.10.attn.lora_A_v.11.weight', 'image_encoder.blocks.1.attn.lora_B_k.11.weight', 'image_encoder.blocks.5.attn.lora_B_k.11.weight', 'image_encoder.blocks.5.attn.lora_A_v.11.weight', 'image_encoder.blocks.9.attn.lora_B_k.11.weight', 'image_encoder.blocks.1.attn.lora_A_v.11.weight', 'classifier_pool.11.weight', 'image_encoder.blocks.2.attn.lora_B_k.11.weight', 'image_encoder.blocks.9.attn.lora_B_v.11.weight', 'image_encoder.blocks.6.attn.lora_B_k.11.weight', 'image_encoder.blocks.0.attn.lora_A_v.11.weight', 'image_encoder.blocks.4.attn.lora_A_v.11.weight', 'image_encoder.blocks.0.attn.lora_B_k.11.weight', 'image_encoder.blocks.2.attn.lora_A_v.11.weight', 'image_encoder.blocks.1.attn.lora_B_v.11.weight', 'image_encoder.blocks.8.attn.lora_B_k.11.weight', 'image_encoder.blocks.3.attn.lora_A_k.11.weight', 'image_encoder.blocks.10.attn.lora_B_k.11.weight', 'image_encoder.blocks.11.attn.lora_A_v.11.weight', 'image_encoder.blocks.10.attn.lora_B_v.11.weight', 'classifier_pool.11.bias', 'image_encoder.blocks.3.attn.lora_B_v.11.weight', 'image_encoder.blocks.6.attn.lora_B_v.11.weight', 'image_encoder.blocks.10.attn.lora_A_k.11.weight', 'image_encoder.blocks.0.attn.lora_A_k.11.weight', 'image_encoder.blocks.7.attn.lora_A_k.11.weight', 'image_encoder.blocks.5.attn.lora_A_k.11.weight', 'image_encoder.blocks.8.attn.lora_A_v.11.weight', 'image_encoder.blocks.7.attn.lora_A_v.11.weight', 'image_encoder.blocks.1.attn.lora_A_k.11.weight', 'image_encoder.blocks.4.attn.lora_A_k.11.weight', 'image_encoder.blocks.11.attn.lora_B_v.11.weight', 'image_encoder.blocks.2.attn.lora_A_k.11.weight', 'image_encoder.blocks.3.attn.lora_B_k.11.weight', 'image_encoder.blocks.8.attn.lora_A_k.11.weight', 'image_encoder.blocks.11.attn.lora_B_k.11.weight', 'image_encoder.blocks.3.attn.lora_A_v.11.weight', 'image_encoder.blocks.6.attn.lora_A_v.11.weight', 'image_encoder.blocks.2.attn.lora_B_v.11.weight', 'image_encoder.blocks.7.attn.lora_B_v.11.weight', 'image_encoder.blocks.8.attn.lora_B_v.11.weight', 'image_encoder.blocks.7.attn.lora_B_k.11.weight', 'image_encoder.blocks.4.attn.lora_B_k.11.weight', 'image_encoder.blocks.9.attn.lora_A_v.11.weight', 'image_encoder.blocks.0.attn.lora_B_v.11.weight', 'image_encoder.blocks.11.attn.lora_A_k.11.weight', 'image_encoder.blocks.4.attn.lora_B_v.11.weight', 'image_encoder.blocks.9.attn.lora_A_k.11.weight', 'image_encoder.blocks.6.attn.lora_A_k.11.weight', 'image_encoder.blocks.5.attn.lora_B_v.11.weight'}
After trained on task 10 tensor(0.0293, device='cuda:0') tensor(0.0313, device='cuda:0')
After trained on task 10 tensor(0.0316, device='cuda:0') tensor(0.0414, device='cuda:0')
After trained on task 10 tensor(0.0347, device='cuda:0') tensor(0.0471, device='cuda:0')
After trained on task 10 tensor(0.0387, device='cuda:0') tensor(0.0594, device='cuda:0')
After trained on task 10 tensor(0.0423, device='cuda:0') tensor(0.0687, device='cuda:0')
After trained on task 10 tensor(0.0575, device='cuda:0') tensor(0.0758, device='cuda:0')
After trained on task 10 tensor(0.0648, device='cuda:0') tensor(0.0833, device='cuda:0')
After trained on task 10 tensor(0.0746, device='cuda:0') tensor(0.0893, device='cuda:0')
After trained on task 10 tensor(0.0915, device='cuda:0') tensor(0.1295, device='cuda:0')
After trained on task 10 tensor(0.0883, device='cuda:0') tensor(0.1204, device='cuda:0')
After trained on task 10 tensor(0.1127, device='cuda:0') tensor(0.1816, device='cuda:0')
After trained on task 10 tensor(0.2395, device='cuda:0') tensor(0.1947, device='cuda:0')
reserving basis 80/768; cond: 97029185536.0, ratio:0.9908804893493652
reserving basis 80/768; cond: 97029185536.0, ratio:0.9908804893493652
reserving basis 82/768; cond: 1087575818240.0, ratio:0.9915977716445923
reserving basis 82/768; cond: 1087575818240.0, ratio:0.9915977716445923
reserving basis 83/768; cond: 309797617664.0, ratio:0.9921413064002991
reserving basis 83/768; cond: 309797617664.0, ratio:0.9921413064002991
reserving basis 83/768; cond: 88790204416.0, ratio:0.9900883436203003
reserving basis 83/768; cond: 88790204416.0, ratio:0.9900883436203003
reserving basis 88/768; cond: 94599757824.0, ratio:0.9907184839248657
reserving basis 88/768; cond: 94599757824.0, ratio:0.9907184839248657
reserving basis 85/768; cond: 145232379904.0, ratio:0.9918653964996338
reserving basis 85/768; cond: 145232379904.0, ratio:0.9918653964996338
reserving basis 90/768; cond: 238821097472.0, ratio:0.9915228486061096
reserving basis 90/768; cond: 238821097472.0, ratio:0.9915228486061096
reserving basis 84/768; cond: 162774384640.0, ratio:0.9920156598091125
reserving basis 84/768; cond: 162774384640.0, ratio:0.9920156598091125
reserving basis 89/768; cond: 32016048128.0, ratio:0.9910951256752014
reserving basis 89/768; cond: 32016048128.0, ratio:0.9910951256752014
reserving basis 84/768; cond: 99822452736.0, ratio:0.9915608167648315
reserving basis 84/768; cond: 99822452736.0, ratio:0.9915608167648315
reserving basis 87/768; cond: 121880551424.0, ratio:0.9915189146995544
reserving basis 87/768; cond: 121880551424.0, ratio:0.9915189146995544
reserving basis 83/768; cond: 575569854464.0, ratio:0.9918566346168518
reserving basis 83/768; cond: 575569854464.0, ratio:0.9918566346168518
reserving basis 86/768; cond: 630646964224.0, ratio:0.9920918941497803
reserving basis 86/768; cond: 630646964224.0, ratio:0.9920918941497803
reserving basis 83/768; cond: 40829730816.0, ratio:0.9920591115951538
reserving basis 83/768; cond: 40829730816.0, ratio:0.9920591115951538
reserving basis 88/768; cond: 187605286912.0, ratio:0.9915074110031128
reserving basis 88/768; cond: 187605286912.0, ratio:0.9915074110031128
reserving basis 81/768; cond: 2714933657600.0, ratio:0.991282045841217
reserving basis 81/768; cond: 2714933657600.0, ratio:0.991282045841217
reserving basis 86/768; cond: 66647502848.0, ratio:0.9922347068786621
reserving basis 86/768; cond: 66647502848.0, ratio:0.9922347068786621
reserving basis 78/768; cond: 51246432256.0, ratio:0.9901584982872009
reserving basis 78/768; cond: 51246432256.0, ratio:0.9901584982872009
reserving basis 83/768; cond: 377685147648.0, ratio:0.9923417568206787
reserving basis 83/768; cond: 377685147648.0, ratio:0.9923417568206787
reserving basis 74/768; cond: 189747085312.0, ratio:0.9918738603591919
reserving basis 74/768; cond: 189747085312.0, ratio:0.9918738603591919
reserving basis 81/768; cond: 176105799680.0, ratio:0.990418016910553
reserving basis 81/768; cond: 176105799680.0, ratio:0.990418016910553
reserving basis 68/768; cond: 46485876736.0, ratio:0.9913203120231628
reserving basis 68/768; cond: 46485876736.0, ratio:0.9913203120231628
reserving basis 66/768; cond: 540806938624.0, ratio:0.9903055429458618
reserving basis 66/768; cond: 540806938624.0, ratio:0.9903055429458618
reserving basis 62/768; cond: 235740971008.0, ratio:0.9917846322059631
reserving basis 62/768; cond: 235740971008.0, ratio:0.9917846322059631
2026-04-27 13:41:59,535 [palora.py] => Task 11, Epoch 50/50 => Loss 0.598, Train_accy 93.43
2026-04-27 13:42:04,544 [trainer.py] => Time:246.7316677570343
1470 1470
2026-04-27 13:42:10,652 [trainer.py] => Time:6.108306407928467
2026-04-27 13:42:10,653 [trainer.py] => ACC: {'total': 82.86, '00-03': 76.25, '04-07': 78.23, '08-11': 75.2, '12-15': 85.15, '16-19': 93.52, '20-23': 84.65, '24-27': 92.05, '28-31': 83.91, '32-35': 83.61, '36-39': 84.69, '40-43': 71.79, '44-47': 77.78, 'old': 83.08, 'new': 77.78}
2026-04-27 13:42:10,653 [trainer.py] => ACC top1 curve: [89.38, 88.73, 86.55, 85.29, 86.08, 85.37, 85.84, 84.96, 84.57, 83.67, 83.37, 82.86]
Average Accuracy: 85.55583333333334
2026-04-27 13:42:10,653 [trainer.py] => Average Accuracy: 85.55583333333334
2026-04-27 13:42:10,663 [trainer.py] => All params: 126094051
2026-04-27 13:42:10,671 [trainer.py] => Trainable params: 371716
2026-04-27 13:42:10,671 [palora.py] => Learning on 48-52
Parameters to be updated: {'image_encoder.blocks.10.attn.lora_B_v.12.weight', 'image_encoder.blocks.4.attn.lora_A_k.12.weight', 'image_encoder.blocks.3.attn.lora_A_v.12.weight', 'image_encoder.blocks.0.attn.lora_B_v.12.weight', 'image_encoder.blocks.5.attn.lora_A_k.12.weight', 'image_encoder.blocks.9.attn.lora_B_v.12.weight', 'image_encoder.blocks.10.attn.lora_A_v.12.weight', 'image_encoder.blocks.2.attn.lora_A_v.12.weight', 'image_encoder.blocks.1.attn.lora_B_v.12.weight', 'image_encoder.blocks.7.attn.lora_A_v.12.weight', 'image_encoder.blocks.0.attn.lora_A_v.12.weight', 'image_encoder.blocks.2.attn.lora_B_v.12.weight', 'image_encoder.blocks.11.attn.lora_B_k.12.weight', 'image_encoder.blocks.3.attn.lora_B_k.12.weight', 'image_encoder.blocks.11.attn.lora_B_v.12.weight', 'image_encoder.blocks.0.attn.lora_B_k.12.weight', 'classifier_pool.12.weight', 'image_encoder.blocks.1.attn.lora_B_k.12.weight', 'image_encoder.blocks.9.attn.lora_A_v.12.weight', 'image_encoder.blocks.10.attn.lora_B_k.12.weight', 'image_encoder.blocks.2.attn.lora_B_k.12.weight', 'image_encoder.blocks.8.attn.lora_B_v.12.weight', 'classifier_pool.12.bias', 'image_encoder.blocks.6.attn.lora_B_v.12.weight', 'image_encoder.blocks.1.attn.lora_A_k.12.weight', 'image_encoder.blocks.7.attn.lora_A_k.12.weight', 'image_encoder.blocks.8.attn.lora_A_k.12.weight', 'image_encoder.blocks.7.attn.lora_B_k.12.weight', 'image_encoder.blocks.4.attn.lora_B_k.12.weight', 'image_encoder.blocks.10.attn.lora_A_k.12.weight', 'image_encoder.blocks.9.attn.lora_B_k.12.weight', 'image_encoder.blocks.4.attn.lora_A_v.12.weight', 'image_encoder.blocks.8.attn.lora_A_v.12.weight', 'image_encoder.blocks.3.attn.lora_A_k.12.weight', 'image_encoder.blocks.6.attn.lora_A_k.12.weight', 'image_encoder.blocks.9.attn.lora_A_k.12.weight', 'image_encoder.blocks.5.attn.lora_B_k.12.weight', 'image_encoder.blocks.8.attn.lora_B_k.12.weight', 'image_encoder.blocks.7.attn.lora_B_v.12.weight', 'image_encoder.blocks.2.attn.lora_A_k.12.weight', 'image_encoder.blocks.0.attn.lora_A_k.12.weight', 'image_encoder.blocks.11.attn.lora_A_k.12.weight', 'image_encoder.blocks.1.attn.lora_A_v.12.weight', 'image_encoder.blocks.6.attn.lora_B_k.12.weight', 'image_encoder.blocks.3.attn.lora_B_v.12.weight', 'image_encoder.blocks.4.attn.lora_B_v.12.weight', 'image_encoder.blocks.6.attn.lora_A_v.12.weight', 'image_encoder.blocks.11.attn.lora_A_v.12.weight', 'image_encoder.blocks.5.attn.lora_A_v.12.weight', 'image_encoder.blocks.5.attn.lora_B_v.12.weight'}
After trained on task 11 tensor(0.0248, device='cuda:0') tensor(0.0335, device='cuda:0')
After trained on task 11 tensor(0.0297, device='cuda:0') tensor(0.0369, device='cuda:0')
After trained on task 11 tensor(0.0332, device='cuda:0') tensor(0.0389, device='cuda:0')
After trained on task 11 tensor(0.0346, device='cuda:0') tensor(0.0479, device='cuda:0')
After trained on task 11 tensor(0.0381, device='cuda:0') tensor(0.0532, device='cuda:0')
After trained on task 11 tensor(0.0414, device='cuda:0') tensor(0.0595, device='cuda:0')
After trained on task 11 tensor(0.0494, device='cuda:0') tensor(0.0636, device='cuda:0')
After trained on task 11 tensor(0.0488, device='cuda:0') tensor(0.0683, device='cuda:0')
After trained on task 11 tensor(0.0561, device='cuda:0') tensor(0.1066, device='cuda:0')
After trained on task 11 tensor(0.0592, device='cuda:0') tensor(0.1003, device='cuda:0')
After trained on task 11 tensor(0.0766, device='cuda:0') tensor(0.1329, device='cuda:0')
After trained on task 11 tensor(0.1778, device='cuda:0') tensor(0.1374, device='cuda:0')
reserving basis 84/768; cond: 89206005760.0, ratio:0.9902917742729187
reserving basis 84/768; cond: 89206005760.0, ratio:0.9902917742729187
reserving basis 87/768; cond: 131324264448.0, ratio:0.9911723136901855
reserving basis 87/768; cond: 131324264448.0, ratio:0.9911723136901855
reserving basis 88/768; cond: 49536622592.0, ratio:0.9910101890563965
reserving basis 88/768; cond: 49536622592.0, ratio:0.9910101890563965
reserving basis 88/768; cond: 50623397888.0, ratio:0.9914216995239258
reserving basis 88/768; cond: 50623397888.0, ratio:0.9914216995239258
reserving basis 94/768; cond: 42513260544.0, ratio:0.9916909337043762
reserving basis 94/768; cond: 42513260544.0, ratio:0.9916909337043762
reserving basis 90/768; cond: 108135858176.0, ratio:0.9913496971130371
reserving basis 90/768; cond: 108135858176.0, ratio:0.9913496971130371
reserving basis 96/768; cond: 323286368256.0, ratio:0.9916965961456299
reserving basis 96/768; cond: 323286368256.0, ratio:0.9916965961456299
reserving basis 89/768; cond: 39364681728.0, ratio:0.99144047498703
reserving basis 89/768; cond: 39364681728.0, ratio:0.99144047498703
reserving basis 95/768; cond: 524890603520.0, ratio:0.9908356666564941
reserving basis 95/768; cond: 524890603520.0, ratio:0.9908356666564941
reserving basis 89/768; cond: 38818328576.0, ratio:0.9919440150260925
reserving basis 89/768; cond: 38818328576.0, ratio:0.9919440150260925
reserving basis 93/768; cond: 171843584000.0, ratio:0.9923228621482849
reserving basis 93/768; cond: 171843584000.0, ratio:0.9923228621482849
reserving basis 89/768; cond: 46559444992.0, ratio:0.9917111992835999
reserving basis 89/768; cond: 46559444992.0, ratio:0.9917111992835999
reserving basis 92/768; cond: 2048713162752.0, ratio:0.992263913154602
reserving basis 92/768; cond: 2048713162752.0, ratio:0.992263913154602
reserving basis 88/768; cond: 181547237376.0, ratio:0.9914087057113647
reserving basis 88/768; cond: 181547237376.0, ratio:0.9914087057113647
reserving basis 94/768; cond: 96206823424.0, ratio:0.9923950433731079
reserving basis 94/768; cond: 96206823424.0, ratio:0.9923950433731079
reserving basis 86/768; cond: 64451989504.0, ratio:0.9913668036460876
reserving basis 86/768; cond: 64451989504.0, ratio:0.9913668036460876
reserving basis 91/768; cond: 49860485120.0, ratio:0.990170419216156
reserving basis 91/768; cond: 49860485120.0, ratio:0.990170419216156
reserving basis 83/768; cond: 185953271808.0, ratio:0.9914678335189819
reserving basis 83/768; cond: 185953271808.0, ratio:0.9914678335189819
reserving basis 88/768; cond: 65204330496.0, ratio:0.9909157156944275
reserving basis 88/768; cond: 65204330496.0, ratio:0.9909157156944275
reserving basis 78/768; cond: 477547397120.0, ratio:0.9907400608062744
reserving basis 78/768; cond: 477547397120.0, ratio:0.9907400608062744
reserving basis 85/768; cond: 10794597089280.0, ratio:0.9902574419975281
reserving basis 85/768; cond: 10794597089280.0, ratio:0.9902574419975281
reserving basis 71/768; cond: 210184273920.0, ratio:0.9903892874717712
reserving basis 71/768; cond: 210184273920.0, ratio:0.9903892874717712
reserving basis 68/768; cond: 66128408576.0, ratio:0.9910210967063904
reserving basis 68/768; cond: 66128408576.0, ratio:0.9910210967063904
reserving basis 64/768; cond: 76405071872.0, ratio:0.9905543923377991
reserving basis 64/768; cond: 76405071872.0, ratio:0.9905543923377991
2026-04-27 13:46:53,043 [palora.py] => Task 12, Epoch 50/50 => Loss 0.444, Train_accy 98.51
2026-04-27 13:46:59,720 [trainer.py] => Time:289.0485773086548
1581 1581
2026-04-27 13:47:06,392 [trainer.py] => Time:6.672525882720947
2026-04-27 13:47:06,393 [trainer.py] => ACC: {'total': 83.11, '00-03': 76.88, '04-07': 77.42, '08-11': 75.2, '12-15': 86.14, '16-19': 92.59, '20-23': 84.65, '24-27': 92.05, '28-31': 83.91, '32-35': 83.61, '36-39': 84.69, '40-43': 67.95, '44-47': 74.6, '48-51': 90.99, 'old': 82.52, 'new': 90.99}
2026-04-27 13:47:06,393 [trainer.py] => ACC top1 curve: [89.38, 88.73, 86.55, 85.29, 86.08, 85.37, 85.84, 84.96, 84.57, 83.67, 83.37, 82.86, 83.11]
Average Accuracy: 85.36769230769231
2026-04-27 13:47:06,393 [trainer.py] => Average Accuracy: 85.36769230769231
2026-04-27 13:47:06,406 [trainer.py] => All params: 126094051
2026-04-27 13:47:06,415 [trainer.py] => Trainable params: 371716
2026-04-27 13:47:06,415 [palora.py] => Learning on 52-56
Parameters to be updated: {'image_encoder.blocks.2.attn.lora_B_v.13.weight', 'image_encoder.blocks.3.attn.lora_B_v.13.weight', 'image_encoder.blocks.10.attn.lora_B_v.13.weight', 'image_encoder.blocks.11.attn.lora_A_k.13.weight', 'image_encoder.blocks.7.attn.lora_A_k.13.weight', 'image_encoder.blocks.3.attn.lora_A_k.13.weight', 'image_encoder.blocks.8.attn.lora_B_v.13.weight', 'image_encoder.blocks.0.attn.lora_A_v.13.weight', 'image_encoder.blocks.6.attn.lora_A_v.13.weight', 'image_encoder.blocks.1.attn.lora_B_v.13.weight', 'image_encoder.blocks.5.attn.lora_A_k.13.weight', 'image_encoder.blocks.4.attn.lora_A_v.13.weight', 'image_encoder.blocks.10.attn.lora_A_v.13.weight', 'image_encoder.blocks.5.attn.lora_B_k.13.weight', 'image_encoder.blocks.6.attn.lora_A_k.13.weight', 'image_encoder.blocks.4.attn.lora_A_k.13.weight', 'image_encoder.blocks.0.attn.lora_B_k.13.weight', 'image_encoder.blocks.0.attn.lora_A_k.13.weight', 'image_encoder.blocks.1.attn.lora_A_v.13.weight', 'image_encoder.blocks.7.attn.lora_B_k.13.weight', 'image_encoder.blocks.9.attn.lora_A_k.13.weight', 'classifier_pool.13.weight', 'image_encoder.blocks.10.attn.lora_A_k.13.weight', 'image_encoder.blocks.9.attn.lora_B_k.13.weight', 'image_encoder.blocks.5.attn.lora_A_v.13.weight', 'image_encoder.blocks.5.attn.lora_B_v.13.weight', 'image_encoder.blocks.9.attn.lora_B_v.13.weight', 'image_encoder.blocks.11.attn.lora_B_v.13.weight', 'image_encoder.blocks.2.attn.lora_A_k.13.weight', 'image_encoder.blocks.8.attn.lora_B_k.13.weight', 'classifier_pool.13.bias', 'image_encoder.blocks.8.attn.lora_A_k.13.weight', 'image_encoder.blocks.7.attn.lora_B_v.13.weight', 'image_encoder.blocks.1.attn.lora_B_k.13.weight', 'image_encoder.blocks.2.attn.lora_B_k.13.weight', 'image_encoder.blocks.2.attn.lora_A_v.13.weight', 'image_encoder.blocks.9.attn.lora_A_v.13.weight', 'image_encoder.blocks.1.attn.lora_A_k.13.weight', 'image_encoder.blocks.6.attn.lora_B_v.13.weight', 'image_encoder.blocks.0.attn.lora_B_v.13.weight', 'image_encoder.blocks.7.attn.lora_A_v.13.weight', 'image_encoder.blocks.6.attn.lora_B_k.13.weight', 'image_encoder.blocks.8.attn.lora_A_v.13.weight', 'image_encoder.blocks.3.attn.lora_B_k.13.weight', 'image_encoder.blocks.10.attn.lora_B_k.13.weight', 'image_encoder.blocks.3.attn.lora_A_v.13.weight', 'image_encoder.blocks.4.attn.lora_B_k.13.weight', 'image_encoder.blocks.11.attn.lora_A_v.13.weight', 'image_encoder.blocks.11.attn.lora_B_k.13.weight', 'image_encoder.blocks.4.attn.lora_B_v.13.weight'}
After trained on task 12 tensor(0.0373, device='cuda:0') tensor(0.0369, device='cuda:0')
After trained on task 12 tensor(0.0371, device='cuda:0') tensor(0.0422, device='cuda:0')
After trained on task 12 tensor(0.0409, device='cuda:0') tensor(0.0575, device='cuda:0')
After trained on task 12 tensor(0.0545, device='cuda:0') tensor(0.0610, device='cuda:0')
After trained on task 12 tensor(0.0450, device='cuda:0') tensor(0.0639, device='cuda:0')
After trained on task 12 tensor(0.0624, device='cuda:0') tensor(0.0687, device='cuda:0')
After trained on task 12 tensor(0.0581, device='cuda:0') tensor(0.0713, device='cuda:0')
After trained on task 12 tensor(0.0619, device='cuda:0') tensor(0.0920, device='cuda:0')
After trained on task 12 tensor(0.0706, device='cuda:0') tensor(0.1212, device='cuda:0')
After trained on task 12 tensor(0.0705, device='cuda:0') tensor(0.1571, device='cuda:0')
After trained on task 12 tensor(0.0941, device='cuda:0') tensor(0.1836, device='cuda:0')
After trained on task 12 tensor(0.1689, device='cuda:0') tensor(0.2399, device='cuda:0')
reserving basis 88/768; cond: 115302932480.0, ratio:0.9906005263328552
reserving basis 88/768; cond: 115302932480.0, ratio:0.9906005263328552
reserving basis 92/768; cond: 28534849536.0, ratio:0.9907068610191345
reserving basis 92/768; cond: 28534849536.0, ratio:0.9907068610191345
reserving basis 93/768; cond: 145877303296.0, ratio:0.9918739199638367
reserving basis 93/768; cond: 145877303296.0, ratio:0.9918739199638367
reserving basis 93/768; cond: 227895754752.0, ratio:0.9919303059577942
reserving basis 93/768; cond: 227895754752.0, ratio:0.9919303059577942
reserving basis 99/768; cond: 17316583571456.0, ratio:0.9916788339614868
reserving basis 99/768; cond: 17316583571456.0, ratio:0.9916788339614868
reserving basis 95/768; cond: 213167308800.0, ratio:0.9916611313819885
reserving basis 95/768; cond: 213167308800.0, ratio:0.9916611313819885
reserving basis 102/768; cond: 100828938240.0, ratio:0.9922328591346741
reserving basis 102/768; cond: 100828938240.0, ratio:0.9922328591346741
reserving basis 94/768; cond: 393760243712.0, ratio:0.9902880191802979
reserving basis 94/768; cond: 393760243712.0, ratio:0.9902880191802979
reserving basis 101/768; cond: 136738152448.0, ratio:0.9918220639228821
reserving basis 101/768; cond: 136738152448.0, ratio:0.9918220639228821
reserving basis 94/768; cond: 40203689984.0, ratio:0.9913286566734314
reserving basis 94/768; cond: 40203689984.0, ratio:0.9913286566734314
reserving basis 98/768; cond: 34187739136.0, ratio:0.9907045364379883
reserving basis 98/768; cond: 34187739136.0, ratio:0.9907045364379883
reserving basis 94/768; cond: 164955897856.0, ratio:0.9906172752380371
reserving basis 94/768; cond: 164955897856.0, ratio:0.9906172752380371
reserving basis 98/768; cond: 196744790016.0, ratio:0.9921606779098511
reserving basis 98/768; cond: 196744790016.0, ratio:0.9921606779098511
reserving basis 93/768; cond: 48308760576.0, ratio:0.9910123944282532
reserving basis 93/768; cond: 48308760576.0, ratio:0.9910123944282532
reserving basis 99/768; cond: 113359118336.0, ratio:0.9909607172012329
reserving basis 99/768; cond: 113359118336.0, ratio:0.9909607172012329
reserving basis 91/768; cond: 32164077568.0, ratio:0.9914242029190063
reserving basis 91/768; cond: 32164077568.0, ratio:0.9914242029190063
reserving basis 96/768; cond: 187462713344.0, ratio:0.9910351037979126
reserving basis 96/768; cond: 187462713344.0, ratio:0.9910351037979126
reserving basis 87/768; cond: 96859299840.0, ratio:0.9904679656028748
reserving basis 87/768; cond: 96859299840.0, ratio:0.9904679656028748
reserving basis 93/768; cond: 224647938048.0, ratio:0.9909747242927551
reserving basis 93/768; cond: 224647938048.0, ratio:0.9909747242927551
reserving basis 82/768; cond: 33277642752.0, ratio:0.9913984537124634
reserving basis 82/768; cond: 33277642752.0, ratio:0.9913984537124634
reserving basis 90/768; cond: 825944375296.0, ratio:0.9917512536048889
reserving basis 90/768; cond: 825944375296.0, ratio:0.9917512536048889
reserving basis 74/768; cond: 102437920768.0, ratio:0.9913424849510193
reserving basis 74/768; cond: 102437920768.0, ratio:0.9913424849510193
reserving basis 71/768; cond: 125254410240.0, ratio:0.990714967250824
reserving basis 71/768; cond: 125254410240.0, ratio:0.990714967250824
reserving basis 66/768; cond: 38462935040.0, ratio:0.991037130355835
reserving basis 66/768; cond: 38462935040.0, ratio:0.991037130355835
2026-04-27 13:51:07,839 [palora.py] => Task 13, Epoch 50/50 => Loss 0.584, Train_accy 93.84
2026-04-27 13:51:13,475 [trainer.py] => Time:247.05925703048706
1658 1658
2026-04-27 13:51:20,111 [trainer.py] => Time:6.635953664779663
2026-04-27 13:51:20,111 [trainer.py] => ACC: {'total': 82.63, '00-03': 76.25, '04-07': 78.23, '08-11': 75.2, '12-15': 86.14, '16-19': 92.59, '20-23': 84.65, '24-27': 91.48, '28-31': 83.91, '32-35': 83.61, '36-39': 83.67, '40-43': 66.67, '44-47': 77.78, '48-51': 90.09, '52-55': 75.32, 'old': 82.99, 'new': 75.32}
2026-04-27 13:51:20,111 [trainer.py] => ACC top1 curve: [89.38, 88.73, 86.55, 85.29, 86.08, 85.37, 85.84, 84.96, 84.57, 83.67, 83.37, 82.86, 83.11, 82.63]
Average Accuracy: 85.17214285714284
2026-04-27 13:51:20,111 [trainer.py] => Average Accuracy: 85.17214285714284
2026-04-27 13:51:20,128 [trainer.py] => All params: 126094051
2026-04-27 13:51:20,137 [trainer.py] => Trainable params: 371716
2026-04-27 13:51:20,138 [palora.py] => Learning on 56-60
Parameters to be updated: {'image_encoder.blocks.1.attn.lora_B_v.14.weight', 'image_encoder.blocks.4.attn.lora_B_v.14.weight', 'image_encoder.blocks.9.attn.lora_A_k.14.weight', 'image_encoder.blocks.8.attn.lora_B_k.14.weight', 'image_encoder.blocks.9.attn.lora_B_v.14.weight', 'image_encoder.blocks.0.attn.lora_A_v.14.weight', 'image_encoder.blocks.0.attn.lora_A_k.14.weight', 'image_encoder.blocks.8.attn.lora_A_k.14.weight', 'image_encoder.blocks.7.attn.lora_A_k.14.weight', 'image_encoder.blocks.4.attn.lora_A_k.14.weight', 'image_encoder.blocks.8.attn.lora_B_v.14.weight', 'image_encoder.blocks.9.attn.lora_B_k.14.weight', 'image_encoder.blocks.11.attn.lora_A_v.14.weight', 'image_encoder.blocks.11.attn.lora_B_k.14.weight', 'image_encoder.blocks.4.attn.lora_A_v.14.weight', 'image_encoder.blocks.10.attn.lora_B_v.14.weight', 'image_encoder.blocks.10.attn.lora_A_v.14.weight', 'image_encoder.blocks.1.attn.lora_B_k.14.weight', 'image_encoder.blocks.11.attn.lora_A_k.14.weight', 'image_encoder.blocks.0.attn.lora_B_k.14.weight', 'image_encoder.blocks.2.attn.lora_B_v.14.weight', 'image_encoder.blocks.3.attn.lora_A_k.14.weight', 'image_encoder.blocks.0.attn.lora_B_v.14.weight', 'image_encoder.blocks.2.attn.lora_B_k.14.weight', 'image_encoder.blocks.1.attn.lora_A_k.14.weight', 'classifier_pool.14.bias', 'image_encoder.blocks.3.attn.lora_B_k.14.weight', 'image_encoder.blocks.7.attn.lora_B_v.14.weight', 'image_encoder.blocks.11.attn.lora_B_v.14.weight', 'image_encoder.blocks.6.attn.lora_A_v.14.weight', 'image_encoder.blocks.5.attn.lora_B_v.14.weight', 'image_encoder.blocks.10.attn.lora_A_k.14.weight', 'image_encoder.blocks.2.attn.lora_A_k.14.weight', 'image_encoder.blocks.6.attn.lora_B_v.14.weight', 'image_encoder.blocks.9.attn.lora_A_v.14.weight', 'image_encoder.blocks.5.attn.lora_A_v.14.weight', 'image_encoder.blocks.1.attn.lora_A_v.14.weight', 'image_encoder.blocks.7.attn.lora_B_k.14.weight', 'image_encoder.blocks.5.attn.lora_B_k.14.weight', 'image_encoder.blocks.7.attn.lora_A_v.14.weight', 'image_encoder.blocks.3.attn.lora_A_v.14.weight', 'image_encoder.blocks.4.attn.lora_B_k.14.weight', 'image_encoder.blocks.5.attn.lora_A_k.14.weight', 'image_encoder.blocks.6.attn.lora_A_k.14.weight', 'image_encoder.blocks.8.attn.lora_A_v.14.weight', 'image_encoder.blocks.10.attn.lora_B_k.14.weight', 'classifier_pool.14.weight', 'image_encoder.blocks.6.attn.lora_B_k.14.weight', 'image_encoder.blocks.2.attn.lora_A_v.14.weight', 'image_encoder.blocks.3.attn.lora_B_v.14.weight'}
After trained on task 13 tensor(0.0306, device='cuda:0') tensor(0.0285, device='cuda:0')
After trained on task 13 tensor(0.0337, device='cuda:0') tensor(0.0330, device='cuda:0')
After trained on task 13 tensor(0.0279, device='cuda:0') tensor(0.0390, device='cuda:0')
After trained on task 13 tensor(0.0364, device='cuda:0') tensor(0.0477, device='cuda:0')
After trained on task 13 tensor(0.0373, device='cuda:0') tensor(0.0512, device='cuda:0')
After trained on task 13 tensor(0.0465, device='cuda:0') tensor(0.0565, device='cuda:0')
After trained on task 13 tensor(0.0497, device='cuda:0') tensor(0.0621, device='cuda:0')
After trained on task 13 tensor(0.0542, device='cuda:0') tensor(0.0705, device='cuda:0')
After trained on task 13 tensor(0.0644, device='cuda:0') tensor(0.0889, device='cuda:0')
After trained on task 13 tensor(0.0735, device='cuda:0') tensor(0.1126, device='cuda:0')
After trained on task 13 tensor(0.0753, device='cuda:0') tensor(0.1405, device='cuda:0')
After trained on task 13 tensor(0.1255, device='cuda:0') tensor(0.1735, device='cuda:0')
reserving basis 92/768; cond: 66136911872.0, ratio:0.9902176260948181
reserving basis 92/768; cond: 66136911872.0, ratio:0.9902176260948181
reserving basis 97/768; cond: 22905886720.0, ratio:0.991838812828064
reserving basis 97/768; cond: 22905886720.0, ratio:0.991838812828064
reserving basis 98/768; cond: 92505219072.0, ratio:0.9910629987716675
reserving basis 98/768; cond: 92505219072.0, ratio:0.9910629987716675
reserving basis 97/768; cond: 104363933696.0, ratio:0.9911218285560608
reserving basis 97/768; cond: 104363933696.0, ratio:0.9911218285560608
reserving basis 104/768; cond: 17989908480.0, ratio:0.9909844398498535
reserving basis 104/768; cond: 17989908480.0, ratio:0.9909844398498535
reserving basis 100/768; cond: 33349666816.0, ratio:0.9916444420814514
reserving basis 100/768; cond: 33349666816.0, ratio:0.9916444420814514
reserving basis 107/768; cond: 25219778560.0, ratio:0.9909006953239441
reserving basis 107/768; cond: 25219778560.0, ratio:0.9909006953239441
reserving basis 99/768; cond: 339493945344.0, ratio:0.9909765720367432
reserving basis 99/768; cond: 339493945344.0, ratio:0.9909765720367432
reserving basis 106/768; cond: 39175577600.0, ratio:0.9908807277679443
reserving basis 106/768; cond: 39175577600.0, ratio:0.9908807277679443
reserving basis 99/768; cond: 349561257984.0, ratio:0.9909875392913818
reserving basis 99/768; cond: 349561257984.0, ratio:0.9909875392913818
reserving basis 103/768; cond: 45914603520.0, ratio:0.9914543628692627
reserving basis 103/768; cond: 45914603520.0, ratio:0.9914543628692627
reserving basis 99/768; cond: 112965795840.0, ratio:0.9920964241027832
reserving basis 99/768; cond: 112965795840.0, ratio:0.9920964241027832
reserving basis 103/768; cond: 102122668032.0, ratio:0.9916002154350281
reserving basis 103/768; cond: 102122668032.0, ratio:0.9916002154350281
reserving basis 98/768; cond: 38993461248.0, ratio:0.9909214377403259
reserving basis 98/768; cond: 38993461248.0, ratio:0.9909214377403259
reserving basis 104/768; cond: 166448889856.0, ratio:0.9910779595375061
reserving basis 104/768; cond: 166448889856.0, ratio:0.9910779595375061
reserving basis 95/768; cond: 331013586944.0, ratio:0.9907723665237427
reserving basis 95/768; cond: 331013586944.0, ratio:0.9907723665237427
reserving basis 101/768; cond: 86901514240.0, ratio:0.9912141561508179
reserving basis 101/768; cond: 86901514240.0, ratio:0.9912141561508179
reserving basis 91/768; cond: 48937517056.0, ratio:0.9907233715057373
reserving basis 91/768; cond: 48937517056.0, ratio:0.9907233715057373
reserving basis 98/768; cond: 57808244736.0, ratio:0.9917037487030029
reserving basis 98/768; cond: 57808244736.0, ratio:0.9917037487030029
reserving basis 85/768; cond: 34613133312.0, ratio:0.9901068806648254
reserving basis 85/768; cond: 34613133312.0, ratio:0.9901068806648254
reserving basis 94/768; cond: 91367194624.0, ratio:0.9903778433799744
reserving basis 94/768; cond: 91367194624.0, ratio:0.9903778433799744
reserving basis 77/768; cond: 22505406464.0, ratio:0.9910879731178284
reserving basis 77/768; cond: 22505406464.0, ratio:0.9910879731178284
reserving basis 74/768; cond: 79535071232.0, ratio:0.9910170435905457
reserving basis 74/768; cond: 79535071232.0, ratio:0.9910170435905457
reserving basis 68/768; cond: 90743005184.0, ratio:0.9913308024406433
reserving basis 68/768; cond: 90743005184.0, ratio:0.9913308024406433
2026-04-27 13:55:57,122 [palora.py] => Task 14, Epoch 50/50 => Loss 0.553, Train_accy 95.60
2026-04-27 13:56:04,152 [trainer.py] => Time:284.01449513435364
1742 1742
2026-04-27 13:56:11,171 [trainer.py] => Time:7.018063068389893
2026-04-27 13:56:11,171 [trainer.py] => ACC: {'total': 82.43, '00-03': 76.88, '04-07': 77.42, '08-11': 75.2, '12-15': 85.15, '16-19': 92.59, '20-23': 84.65, '24-27': 92.05, '28-31': 83.91, '32-35': 83.61, '36-39': 83.67, '40-43': 66.67, '44-47': 73.02, '48-51': 89.19, '52-55': 72.73, '56-59': 85.71, 'old': 82.27, 'new': 85.71}
2026-04-27 13:56:11,171 [trainer.py] => ACC top1 curve: [89.38, 88.73, 86.55, 85.29, 86.08, 85.37, 85.84, 84.96, 84.57, 83.67, 83.37, 82.86, 83.11, 82.63, 82.43]
Average Accuracy: 84.98933333333333
2026-04-27 13:56:11,171 [trainer.py] => Average Accuracy: 84.98933333333333
2026-04-27 13:56:11,180 [trainer.py] => All params: 126094051
2026-04-27 13:56:11,188 [trainer.py] => Trainable params: 371716
2026-04-27 13:56:11,188 [palora.py] => Learning on 60-64
Parameters to be updated: {'image_encoder.blocks.8.attn.lora_B_v.15.weight', 'image_encoder.blocks.5.attn.lora_A_v.15.weight', 'image_encoder.blocks.4.attn.lora_B_k.15.weight', 'image_encoder.blocks.4.attn.lora_A_k.15.weight', 'image_encoder.blocks.1.attn.lora_A_v.15.weight', 'image_encoder.blocks.5.attn.lora_A_k.15.weight', 'image_encoder.blocks.8.attn.lora_A_v.15.weight', 'image_encoder.blocks.11.attn.lora_A_v.15.weight', 'image_encoder.blocks.7.attn.lora_B_k.15.weight', 'image_encoder.blocks.1.attn.lora_B_k.15.weight', 'image_encoder.blocks.11.attn.lora_B_k.15.weight', 'image_encoder.blocks.3.attn.lora_B_k.15.weight', 'image_encoder.blocks.6.attn.lora_A_k.15.weight', 'image_encoder.blocks.9.attn.lora_A_v.15.weight', 'image_encoder.blocks.11.attn.lora_B_v.15.weight', 'image_encoder.blocks.11.attn.lora_A_k.15.weight', 'image_encoder.blocks.4.attn.lora_B_v.15.weight', 'image_encoder.blocks.6.attn.lora_B_v.15.weight', 'image_encoder.blocks.3.attn.lora_B_v.15.weight', 'image_encoder.blocks.7.attn.lora_A_v.15.weight', 'image_encoder.blocks.1.attn.lora_B_v.15.weight', 'image_encoder.blocks.6.attn.lora_A_v.15.weight', 'image_encoder.blocks.5.attn.lora_B_v.15.weight', 'image_encoder.blocks.6.attn.lora_B_k.15.weight', 'image_encoder.blocks.7.attn.lora_A_k.15.weight', 'image_encoder.blocks.10.attn.lora_B_k.15.weight', 'classifier_pool.15.bias', 'image_encoder.blocks.4.attn.lora_A_v.15.weight', 'image_encoder.blocks.8.attn.lora_A_k.15.weight', 'image_encoder.blocks.10.attn.lora_A_k.15.weight', 'image_encoder.blocks.0.attn.lora_B_k.15.weight', 'image_encoder.blocks.7.attn.lora_B_v.15.weight', 'classifier_pool.15.weight', 'image_encoder.blocks.2.attn.lora_B_k.15.weight', 'image_encoder.blocks.0.attn.lora_A_k.15.weight', 'image_encoder.blocks.9.attn.lora_A_k.15.weight', 'image_encoder.blocks.8.attn.lora_B_k.15.weight', 'image_encoder.blocks.2.attn.lora_A_v.15.weight', 'image_encoder.blocks.10.attn.lora_B_v.15.weight', 'image_encoder.blocks.9.attn.lora_B_v.15.weight', 'image_encoder.blocks.5.attn.lora_B_k.15.weight', 'image_encoder.blocks.9.attn.lora_B_k.15.weight', 'image_encoder.blocks.1.attn.lora_A_k.15.weight', 'image_encoder.blocks.10.attn.lora_A_v.15.weight', 'image_encoder.blocks.0.attn.lora_A_v.15.weight', 'image_encoder.blocks.0.attn.lora_B_v.15.weight', 'image_encoder.blocks.3.attn.lora_A_v.15.weight', 'image_encoder.blocks.3.attn.lora_A_k.15.weight', 'image_encoder.blocks.2.attn.lora_B_v.15.weight', 'image_encoder.blocks.2.attn.lora_A_k.15.weight'}
After trained on task 14 tensor(0.0283, device='cuda:0') tensor(0.0315, device='cuda:0')
After trained on task 14 tensor(0.0294, device='cuda:0') tensor(0.0366, device='cuda:0')
After trained on task 14 tensor(0.0320, device='cuda:0') tensor(0.0383, device='cuda:0')
After trained on task 14 tensor(0.0347, device='cuda:0') tensor(0.0445, device='cuda:0')
After trained on task 14 tensor(0.0434, device='cuda:0') tensor(0.0498, device='cuda:0')
After trained on task 14 tensor(0.0447, device='cuda:0') tensor(0.0549, device='cuda:0')
After trained on task 14 tensor(0.0505, device='cuda:0') tensor(0.0616, device='cuda:0')
After trained on task 14 tensor(0.0520, device='cuda:0') tensor(0.0742, device='cuda:0')
After trained on task 14 tensor(0.0602, device='cuda:0') tensor(0.0892, device='cuda:0')
After trained on task 14 tensor(0.0647, device='cuda:0') tensor(0.1149, device='cuda:0')
After trained on task 14 tensor(0.0858, device='cuda:0') tensor(0.1483, device='cuda:0')
After trained on task 14 tensor(0.1268, device='cuda:0') tensor(0.2209, device='cuda:0')
reserving basis 97/768; cond: 136715345920.0, ratio:0.9916262030601501
reserving basis 97/768; cond: 136715345920.0, ratio:0.9916262030601501
reserving basis 101/768; cond: 56541859840.0, ratio:0.990351676940918
reserving basis 101/768; cond: 56541859840.0, ratio:0.990351676940918
reserving basis 103/768; cond: 59437744128.0, ratio:0.9917879700660706
reserving basis 103/768; cond: 59437744128.0, ratio:0.9917879700660706
reserving basis 102/768; cond: 14960574464.0, ratio:0.9918515682220459
reserving basis 102/768; cond: 14960574464.0, ratio:0.9918515682220459
reserving basis 109/768; cond: 30236532736.0, ratio:0.9917336702346802
reserving basis 109/768; cond: 30236532736.0, ratio:0.9917336702346802
reserving basis 105/768; cond: 300564512768.0, ratio:0.9917144179344177
reserving basis 105/768; cond: 300564512768.0, ratio:0.9917144179344177
reserving basis 112/768; cond: 178929532928.0, ratio:0.991025984287262
reserving basis 112/768; cond: 178929532928.0, ratio:0.991025984287262
reserving basis 104/768; cond: 64156114944.0, ratio:0.9908496737480164
reserving basis 104/768; cond: 64156114944.0, ratio:0.9908496737480164
reserving basis 111/768; cond: 24992417792.0, ratio:0.99034184217453
reserving basis 111/768; cond: 24992417792.0, ratio:0.99034184217453
reserving basis 104/768; cond: 15521068032.0, ratio:0.991252601146698
reserving basis 104/768; cond: 15521068032.0, ratio:0.991252601146698
reserving basis 108/768; cond: 87573020672.0, ratio:0.9913313388824463
reserving basis 108/768; cond: 87573020672.0, ratio:0.9913313388824463
reserving basis 104/768; cond: 31605815296.0, ratio:0.9916276931762695
reserving basis 104/768; cond: 31605815296.0, ratio:0.9916276931762695
reserving basis 108/768; cond: 170272587776.0, ratio:0.9918805360794067
reserving basis 108/768; cond: 170272587776.0, ratio:0.9918805360794067
reserving basis 102/768; cond: 30891704320.0, ratio:0.9905831813812256
reserving basis 102/768; cond: 30891704320.0, ratio:0.9905831813812256
reserving basis 109/768; cond: 89099575296.0, ratio:0.9913617372512817
reserving basis 109/768; cond: 89099575296.0, ratio:0.9913617372512817
reserving basis 100/768; cond: 76400910336.0, ratio:0.9921149015426636
reserving basis 100/768; cond: 76400910336.0, ratio:0.9921149015426636
reserving basis 106/768; cond: 1503956041728.0, ratio:0.9917486310005188
reserving basis 106/768; cond: 1503956041728.0, ratio:0.9917486310005188
reserving basis 95/768; cond: 435335168000.0, ratio:0.9906296133995056
reserving basis 95/768; cond: 435335168000.0, ratio:0.9906296133995056
reserving basis 102/768; cond: 109397106688.0, ratio:0.9900049567222595
reserving basis 102/768; cond: 109397106688.0, ratio:0.9900049567222595
reserving basis 89/768; cond: 733455319040.0, ratio:0.9915350079536438
reserving basis 89/768; cond: 733455319040.0, ratio:0.9915350079536438
reserving basis 98/768; cond: 101857099776.0, ratio:0.9906432628631592
reserving basis 98/768; cond: 101857099776.0, ratio:0.9906432628631592
reserving basis 80/768; cond: 268894109696.0, ratio:0.991564154624939
reserving basis 80/768; cond: 268894109696.0, ratio:0.991564154624939
reserving basis 77/768; cond: 101183791104.0, ratio:0.9908078908920288
reserving basis 77/768; cond: 101183791104.0, ratio:0.9908078908920288
reserving basis 70/768; cond: 29947052032.0, ratio:0.9909936785697937
reserving basis 70/768; cond: 29947052032.0, ratio:0.9909936785697937
2026-04-27 14:01:22,225 [palora.py] => Task 15, Epoch 50/50 => Loss 0.456, Train_accy 97.01
2026-04-27 14:01:28,796 [trainer.py] => Time:317.6080458164215
1902 1902
2026-04-27 14:01:36,318 [trainer.py] => Time:7.5207109451293945
2026-04-27 14:01:36,318 [trainer.py] => ACC: {'total': 82.33, '00-03': 77.5, '04-07': 79.84, '08-11': 76.8, '12-15': 86.14, '16-19': 93.52, '20-23': 84.65, '24-27': 90.91, '28-31': 83.91, '32-35': 81.97, '36-39': 81.63, '40-43': 65.38, '44-47': 73.02, '48-51': 90.09, '52-55': 71.43, '56-59': 80.95, '60-63': 82.5, 'old': 82.32, 'new': 82.5}
2026-04-27 14:01:36,318 [trainer.py] => ACC top1 curve: [89.38, 88.73, 86.55, 85.29, 86.08, 85.37, 85.84, 84.96, 84.57, 83.67, 83.37, 82.86, 83.11, 82.63, 82.43, 82.33]
Average Accuracy: 84.82312499999999
2026-04-27 14:01:36,318 [trainer.py] => Average Accuracy: 84.82312499999999
2026-04-27 14:01:36,329 [trainer.py] => All params: 126094051
2026-04-27 14:01:36,338 [trainer.py] => Trainable params: 371716
2026-04-27 14:01:36,338 [palora.py] => Learning on 64-68
Parameters to be updated: {'image_encoder.blocks.5.attn.lora_B_v.16.weight', 'image_encoder.blocks.7.attn.lora_A_v.16.weight', 'image_encoder.blocks.2.attn.lora_A_v.16.weight', 'image_encoder.blocks.6.attn.lora_B_v.16.weight', 'image_encoder.blocks.6.attn.lora_A_v.16.weight', 'image_encoder.blocks.9.attn.lora_A_k.16.weight', 'image_encoder.blocks.11.attn.lora_B_k.16.weight', 'image_encoder.blocks.10.attn.lora_B_k.16.weight', 'image_encoder.blocks.0.attn.lora_A_v.16.weight', 'image_encoder.blocks.3.attn.lora_B_k.16.weight', 'image_encoder.blocks.10.attn.lora_A_k.16.weight', 'classifier_pool.16.bias', 'image_encoder.blocks.1.attn.lora_A_v.16.weight', 'image_encoder.blocks.2.attn.lora_B_k.16.weight', 'image_encoder.blocks.4.attn.lora_B_v.16.weight', 'image_encoder.blocks.5.attn.lora_A_v.16.weight', 'image_encoder.blocks.10.attn.lora_B_v.16.weight', 'image_encoder.blocks.7.attn.lora_B_k.16.weight', 'image_encoder.blocks.11.attn.lora_B_v.16.weight', 'image_encoder.blocks.2.attn.lora_B_v.16.weight', 'image_encoder.blocks.6.attn.lora_A_k.16.weight', 'image_encoder.blocks.1.attn.lora_A_k.16.weight', 'image_encoder.blocks.6.attn.lora_B_k.16.weight', 'image_encoder.blocks.8.attn.lora_B_v.16.weight', 'image_encoder.blocks.0.attn.lora_B_v.16.weight', 'image_encoder.blocks.5.attn.lora_B_k.16.weight', 'image_encoder.blocks.9.attn.lora_A_v.16.weight', 'image_encoder.blocks.3.attn.lora_A_k.16.weight', 'image_encoder.blocks.8.attn.lora_B_k.16.weight', 'image_encoder.blocks.1.attn.lora_B_v.16.weight', 'image_encoder.blocks.8.attn.lora_A_v.16.weight', 'image_encoder.blocks.4.attn.lora_B_k.16.weight', 'image_encoder.blocks.4.attn.lora_A_v.16.weight', 'image_encoder.blocks.3.attn.lora_A_v.16.weight', 'image_encoder.blocks.3.attn.lora_B_v.16.weight', 'image_encoder.blocks.7.attn.lora_A_k.16.weight', 'classifier_pool.16.weight', 'image_encoder.blocks.8.attn.lora_A_k.16.weight', 'image_encoder.blocks.11.attn.lora_A_v.16.weight', 'image_encoder.blocks.5.attn.lora_A_k.16.weight', 'image_encoder.blocks.1.attn.lora_B_k.16.weight', 'image_encoder.blocks.2.attn.lora_A_k.16.weight', 'image_encoder.blocks.9.attn.lora_B_v.16.weight', 'image_encoder.blocks.0.attn.lora_A_k.16.weight', 'image_encoder.blocks.4.attn.lora_A_k.16.weight', 'image_encoder.blocks.7.attn.lora_B_v.16.weight', 'image_encoder.blocks.10.attn.lora_A_v.16.weight', 'image_encoder.blocks.0.attn.lora_B_k.16.weight', 'image_encoder.blocks.9.attn.lora_B_k.16.weight', 'image_encoder.blocks.11.attn.lora_A_k.16.weight'}
After trained on task 15 tensor(0.0418, device='cuda:0') tensor(0.0366, device='cuda:0')
After trained on task 15 tensor(0.0368, device='cuda:0') tensor(0.0421, device='cuda:0')
After trained on task 15 tensor(0.0405, device='cuda:0') tensor(0.0574, device='cuda:0')
After trained on task 15 tensor(0.0431, device='cuda:0') tensor(0.0605, device='cuda:0')
After trained on task 15 tensor(0.0547, device='cuda:0') tensor(0.0668, device='cuda:0')
After trained on task 15 tensor(0.0603, device='cuda:0') tensor(0.0750, device='cuda:0')
After trained on task 15 tensor(0.0559, device='cuda:0') tensor(0.0788, device='cuda:0')
After trained on task 15 tensor(0.0835, device='cuda:0') tensor(0.0993, device='cuda:0')
After trained on task 15 tensor(0.0812, device='cuda:0') tensor(0.1367, device='cuda:0')
After trained on task 15 tensor(0.1186, device='cuda:0') tensor(0.1981, device='cuda:0')
After trained on task 15 tensor(0.1823, device='cuda:0') tensor(0.2463, device='cuda:0')
After trained on task 15 tensor(0.2297, device='cuda:0') tensor(0.2783, device='cuda:0')
reserving basis 101/768; cond: 734401331200.0, ratio:0.9907074570655823
reserving basis 101/768; cond: 734401331200.0, ratio:0.9907074570655823
reserving basis 105/768; cond: 26680932352.0, ratio:0.9900829195976257
reserving basis 105/768; cond: 26680932352.0, ratio:0.9900829195976257
reserving basis 107/768; cond: 15556420608.0, ratio:0.9917051792144775
reserving basis 107/768; cond: 15556420608.0, ratio:0.9917051792144775
reserving basis 107/768; cond: 119409975296.0, ratio:0.99129319190979
reserving basis 107/768; cond: 119409975296.0, ratio:0.99129319190979
reserving basis 114/768; cond: 41770430464.0, ratio:0.9918240308761597
reserving basis 114/768; cond: 41770430464.0, ratio:0.9918240308761597
reserving basis 110/768; cond: 163628908544.0, ratio:0.9918010234832764
reserving basis 110/768; cond: 163628908544.0, ratio:0.9918010234832764
reserving basis 117/768; cond: 2014229037056.0, ratio:0.9907073378562927
reserving basis 117/768; cond: 2014229037056.0, ratio:0.9907073378562927
reserving basis 109/768; cond: 221253910528.0, ratio:0.9920145869255066
reserving basis 109/768; cond: 221253910528.0, ratio:0.9920145869255066
reserving basis 116/768; cond: 21031006208.0, ratio:0.9912897348403931
reserving basis 116/768; cond: 21031006208.0, ratio:0.9912897348403931
reserving basis 109/768; cond: 27058417664.0, ratio:0.9917147159576416
reserving basis 109/768; cond: 27058417664.0, ratio:0.9917147159576416
reserving basis 112/768; cond: 556491603968.0, ratio:0.9900228381156921
reserving basis 112/768; cond: 556491603968.0, ratio:0.9900228381156921
reserving basis 108/768; cond: 9611652366336.0, ratio:0.9907049536705017
reserving basis 108/768; cond: 9611652366336.0, ratio:0.9907049536705017
reserving basis 113/768; cond: 737723678720.0, ratio:0.9913310408592224
reserving basis 113/768; cond: 737723678720.0, ratio:0.9913310408592224
reserving basis 106/768; cond: 541529931776.0, ratio:0.9901105761528015
reserving basis 106/768; cond: 541529931776.0, ratio:0.9901105761528015
reserving basis 113/768; cond: 98492719104.0, ratio:0.9900888800621033
reserving basis 113/768; cond: 98492719104.0, ratio:0.9900888800621033
reserving basis 104/768; cond: 23571705856.0, ratio:0.9904723167419434
reserving basis 104/768; cond: 23571705856.0, ratio:0.9904723167419434
reserving basis 110/768; cond: 607506071552.0, ratio:0.9903620481491089
reserving basis 110/768; cond: 607506071552.0, ratio:0.9903620481491089
reserving basis 99/768; cond: 19814440960.0, ratio:0.9915697574615479
reserving basis 99/768; cond: 19814440960.0, ratio:0.9915697574615479
reserving basis 105/768; cond: 649415950336.0, ratio:0.9900766611099243
reserving basis 105/768; cond: 649415950336.0, ratio:0.9900766611099243
reserving basis 92/768; cond: 32283658240.0, ratio:0.9908638596534729
reserving basis 92/768; cond: 32283658240.0, ratio:0.9908638596534729
reserving basis 100/768; cond: 108109971456.0, ratio:0.9902571439743042
reserving basis 100/768; cond: 108109971456.0, ratio:0.9902571439743042
reserving basis 83/768; cond: 44607401984.0, ratio:0.9916753768920898
reserving basis 83/768; cond: 44607401984.0, ratio:0.9916753768920898
reserving basis 79/768; cond: 227795730432.0, ratio:0.9901487231254578
reserving basis 79/768; cond: 227795730432.0, ratio:0.9901487231254578
reserving basis 72/768; cond: 10334177853440.0, ratio:0.9909278154373169
reserving basis 72/768; cond: 10334177853440.0, ratio:0.9909278154373169
2026-04-27 14:05:32,922 [palora.py] => Task 16, Epoch 50/50 => Loss 0.567, Train_accy 93.49
2026-04-27 14:05:38,112 [trainer.py] => Time:241.7741196155548
1957 1957
2026-04-27 14:05:45,901 [trainer.py] => Time:7.78784441947937
2026-04-27 14:05:45,901 [trainer.py] => ACC: {'total': 82.27, '00-03': 76.88, '04-07': 79.84, '08-11': 76.8, '12-15': 86.14, '16-19': 93.52, '20-23': 84.65, '24-27': 90.34, '28-31': 84.48, '32-35': 81.97, '36-39': 80.61, '40-43': 65.38, '44-47': 73.02, '48-51': 89.19, '52-55': 70.13, '56-59': 80.95, '60-63': 82.5, '64-67': 87.27, 'old': 82.12, 'new': 87.27}
2026-04-27 14:05:45,901 [trainer.py] => ACC top1 curve: [89.38, 88.73, 86.55, 85.29, 86.08, 85.37, 85.84, 84.96, 84.57, 83.67, 83.37, 82.86, 83.11, 82.63, 82.43, 82.33, 82.27]
Average Accuracy: 84.67294117647057
2026-04-27 14:05:45,901 [trainer.py] => Average Accuracy: 84.67294117647057
2026-04-27 14:05:45,911 [trainer.py] => All params: 126094051
2026-04-27 14:05:45,920 [trainer.py] => Trainable params: 371716
2026-04-27 14:05:45,920 [palora.py] => Learning on 68-72
Parameters to be updated: {'image_encoder.blocks.10.attn.lora_A_k.17.weight', 'image_encoder.blocks.9.attn.lora_A_v.17.weight', 'image_encoder.blocks.7.attn.lora_A_v.17.weight', 'image_encoder.blocks.0.attn.lora_A_k.17.weight', 'image_encoder.blocks.6.attn.lora_A_k.17.weight', 'image_encoder.blocks.7.attn.lora_A_k.17.weight', 'image_encoder.blocks.4.attn.lora_A_k.17.weight', 'image_encoder.blocks.2.attn.lora_B_k.17.weight', 'image_encoder.blocks.5.attn.lora_B_k.17.weight', 'image_encoder.blocks.5.attn.lora_B_v.17.weight', 'image_encoder.blocks.8.attn.lora_B_k.17.weight', 'image_encoder.blocks.8.attn.lora_A_k.17.weight', 'classifier_pool.17.bias', 'image_encoder.blocks.1.attn.lora_B_v.17.weight', 'image_encoder.blocks.9.attn.lora_B_v.17.weight', 'image_encoder.blocks.1.attn.lora_A_k.17.weight', 'image_encoder.blocks.10.attn.lora_B_k.17.weight', 'classifier_pool.17.weight', 'image_encoder.blocks.4.attn.lora_B_k.17.weight', 'image_encoder.blocks.0.attn.lora_B_v.17.weight', 'image_encoder.blocks.6.attn.lora_B_v.17.weight', 'image_encoder.blocks.10.attn.lora_B_v.17.weight', 'image_encoder.blocks.8.attn.lora_B_v.17.weight', 'image_encoder.blocks.5.attn.lora_A_v.17.weight', 'image_encoder.blocks.11.attn.lora_B_k.17.weight', 'image_encoder.blocks.6.attn.lora_B_k.17.weight', 'image_encoder.blocks.11.attn.lora_A_v.17.weight', 'image_encoder.blocks.7.attn.lora_B_v.17.weight', 'image_encoder.blocks.9.attn.lora_B_k.17.weight', 'image_encoder.blocks.6.attn.lora_A_v.17.weight', 'image_encoder.blocks.11.attn.lora_A_k.17.weight', 'image_encoder.blocks.0.attn.lora_A_v.17.weight', 'image_encoder.blocks.3.attn.lora_A_k.17.weight', 'image_encoder.blocks.2.attn.lora_B_v.17.weight', 'image_encoder.blocks.10.attn.lora_A_v.17.weight', 'image_encoder.blocks.11.attn.lora_B_v.17.weight', 'image_encoder.blocks.0.attn.lora_B_k.17.weight', 'image_encoder.blocks.2.attn.lora_A_k.17.weight', 'image_encoder.blocks.5.attn.lora_A_k.17.weight', 'image_encoder.blocks.3.attn.lora_B_v.17.weight', 'image_encoder.blocks.3.attn.lora_B_k.17.weight', 'image_encoder.blocks.1.attn.lora_B_k.17.weight', 'image_encoder.blocks.9.attn.lora_A_k.17.weight', 'image_encoder.blocks.2.attn.lora_A_v.17.weight', 'image_encoder.blocks.7.attn.lora_B_k.17.weight', 'image_encoder.blocks.3.attn.lora_A_v.17.weight', 'image_encoder.blocks.4.attn.lora_B_v.17.weight', 'image_encoder.blocks.1.attn.lora_A_v.17.weight', 'image_encoder.blocks.4.attn.lora_A_v.17.weight', 'image_encoder.blocks.8.attn.lora_A_v.17.weight'}
After trained on task 16 tensor(0.0265, device='cuda:0') tensor(0.0265, device='cuda:0')
After trained on task 16 tensor(0.0306, device='cuda:0') tensor(0.0284, device='cuda:0')
After trained on task 16 tensor(0.0268, device='cuda:0') tensor(0.0329, device='cuda:0')
After trained on task 16 tensor(0.0272, device='cuda:0') tensor(0.0350, device='cuda:0')
After trained on task 16 tensor(0.0337, device='cuda:0') tensor(0.0390, device='cuda:0')
After trained on task 16 tensor(0.0347, device='cuda:0') tensor(0.0430, device='cuda:0')
After trained on task 16 tensor(0.0366, device='cuda:0') tensor(0.0486, device='cuda:0')
After trained on task 16 tensor(0.0432, device='cuda:0') tensor(0.0535, device='cuda:0')
After trained on task 16 tensor(0.0522, device='cuda:0') tensor(0.0733, device='cuda:0')
After trained on task 16 tensor(0.0593, device='cuda:0') tensor(0.0952, device='cuda:0')
After trained on task 16 tensor(0.0644, device='cuda:0') tensor(0.0985, device='cuda:0')
After trained on task 16 tensor(0.0923, device='cuda:0') tensor(0.1416, device='cuda:0')
reserving basis 105/768; cond: 200518172672.0, ratio:0.9912214279174805
reserving basis 105/768; cond: 200518172672.0, ratio:0.9912214279174805
reserving basis 109/768; cond: 34959204352.0, ratio:0.9906349778175354
reserving basis 109/768; cond: 34959204352.0, ratio:0.9906349778175354
reserving basis 110/768; cond: 68470476800.0, ratio:0.9910659193992615
reserving basis 110/768; cond: 68470476800.0, ratio:0.9910659193992615
reserving basis 111/768; cond: 31822485504.0, ratio:0.9915992617607117
reserving basis 111/768; cond: 31822485504.0, ratio:0.9915992617607117
reserving basis 118/768; cond: 33897203712.0, ratio:0.9908388257026672
reserving basis 118/768; cond: 33897203712.0, ratio:0.9908388257026672
reserving basis 114/768; cond: 224273973248.0, ratio:0.9909787178039551
reserving basis 114/768; cond: 224273973248.0, ratio:0.9909787178039551
reserving basis 121/768; cond: 292090544128.0, ratio:0.9901953339576721
reserving basis 121/768; cond: 292090544128.0, ratio:0.9901953339576721
reserving basis 112/768; cond: 2755311173632.0, ratio:0.990101158618927
reserving basis 112/768; cond: 2755311173632.0, ratio:0.990101158618927
reserving basis 120/768; cond: 891290451968.0, ratio:0.990757942199707
reserving basis 120/768; cond: 891290451968.0, ratio:0.990757942199707
reserving basis 113/768; cond: 217932955648.0, ratio:0.9913116693496704
reserving basis 113/768; cond: 217932955648.0, ratio:0.9913116693496704
reserving basis 116/768; cond: 125754777600.0, ratio:0.9910199046134949
reserving basis 116/768; cond: 125754777600.0, ratio:0.9910199046134949
reserving basis 112/768; cond: 26185711616.0, ratio:0.9913249015808105
reserving basis 112/768; cond: 26185711616.0, ratio:0.9913249015808105
reserving basis 117/768; cond: 208902045696.0, ratio:0.9918220639228821
reserving basis 117/768; cond: 208902045696.0, ratio:0.9918220639228821
reserving basis 110/768; cond: 27864993792.0, ratio:0.9912471771240234
reserving basis 110/768; cond: 27864993792.0, ratio:0.9912471771240234
reserving basis 117/768; cond: 148133199872.0, ratio:0.9906651377677917
reserving basis 117/768; cond: 148133199872.0, ratio:0.9906651377677917
reserving basis 108/768; cond: 115700572160.0, ratio:0.9915556311607361
reserving basis 108/768; cond: 115700572160.0, ratio:0.9915556311607361
reserving basis 114/768; cond: 27923165184.0, ratio:0.991415798664093
reserving basis 114/768; cond: 27923165184.0, ratio:0.991415798664093
reserving basis 102/768; cond: 70606577664.0, ratio:0.991188645362854
reserving basis 102/768; cond: 70606577664.0, ratio:0.991188645362854
reserving basis 108/768; cond: 193652195328.0, ratio:0.9900985956192017
reserving basis 108/768; cond: 193652195328.0, ratio:0.9900985956192017
reserving basis 95/768; cond: 295995473920.0, ratio:0.9911209344863892
reserving basis 95/768; cond: 295995473920.0, ratio:0.9911209344863892
reserving basis 103/768; cond: 156044886016.0, ratio:0.9908318519592285
reserving basis 103/768; cond: 156044886016.0, ratio:0.9908318519592285
reserving basis 85/768; cond: 3635851296768.0, ratio:0.9902949333190918
reserving basis 85/768; cond: 3635851296768.0, ratio:0.9902949333190918
reserving basis 82/768; cond: 152135909376.0, ratio:0.9917688965797424
reserving basis 82/768; cond: 152135909376.0, ratio:0.9917688965797424
reserving basis 73/768; cond: 48216154112.0, ratio:0.9903524518013
reserving basis 73/768; cond: 48216154112.0, ratio:0.9903524518013
2026-04-27 14:10:14,127 [palora.py] => Task 17, Epoch 50/50 => Loss 0.468, Train_accy 98.13
2026-04-27 14:10:20,406 [trainer.py] => Time:274.4865231513977
2049 2049
2026-04-27 14:10:28,434 [trainer.py] => Time:8.027295589447021
2026-04-27 14:10:28,434 [trainer.py] => ACC: {'total': 81.7, '00-03': 77.5, '04-07': 78.23, '08-11': 77.6, '12-15': 86.14, '16-19': 93.52, '20-23': 84.65, '24-27': 89.77, '28-31': 84.48, '32-35': 81.97, '36-39': 80.61, '40-43': 65.38, '44-47': 74.6, '48-51': 89.19, '52-55': 71.43, '56-59': 80.95, '60-63': 81.88, '64-67': 83.64, '68-71': 71.74, 'old': 82.17, 'new': 71.74}
2026-04-27 14:10:28,435 [trainer.py] => ACC top1 curve: [89.38, 88.73, 86.55, 85.29, 86.08, 85.37, 85.84, 84.96, 84.57, 83.67, 83.37, 82.86, 83.11, 82.63, 82.43, 82.33, 82.27, 81.7]
Average Accuracy: 84.50777777777778
2026-04-27 14:10:28,435 [trainer.py] => Average Accuracy: 84.50777777777778
2026-04-27 14:10:28,445 [trainer.py] => All params: 126094051
2026-04-27 14:10:28,453 [trainer.py] => Trainable params: 371716
2026-04-27 14:10:28,453 [palora.py] => Learning on 72-76
Parameters to be updated: {'classifier_pool.18.weight', 'image_encoder.blocks.0.attn.lora_B_k.18.weight', 'image_encoder.blocks.6.attn.lora_B_v.18.weight', 'image_encoder.blocks.7.attn.lora_B_v.18.weight', 'image_encoder.blocks.3.attn.lora_B_v.18.weight', 'image_encoder.blocks.10.attn.lora_B_k.18.weight', 'image_encoder.blocks.2.attn.lora_A_v.18.weight', 'image_encoder.blocks.5.attn.lora_A_k.18.weight', 'image_encoder.blocks.7.attn.lora_A_k.18.weight', 'image_encoder.blocks.4.attn.lora_A_v.18.weight', 'image_encoder.blocks.11.attn.lora_B_k.18.weight', 'image_encoder.blocks.1.attn.lora_B_v.18.weight', 'image_encoder.blocks.10.attn.lora_A_k.18.weight', 'image_encoder.blocks.1.attn.lora_A_k.18.weight', 'image_encoder.blocks.2.attn.lora_A_k.18.weight', 'image_encoder.blocks.8.attn.lora_B_k.18.weight', 'image_encoder.blocks.0.attn.lora_B_v.18.weight', 'image_encoder.blocks.3.attn.lora_A_v.18.weight', 'image_encoder.blocks.9.attn.lora_A_v.18.weight', 'image_encoder.blocks.0.attn.lora_A_v.18.weight', 'image_encoder.blocks.1.attn.lora_B_k.18.weight', 'image_encoder.blocks.4.attn.lora_A_k.18.weight', 'image_encoder.blocks.7.attn.lora_A_v.18.weight', 'image_encoder.blocks.11.attn.lora_B_v.18.weight', 'image_encoder.blocks.6.attn.lora_B_k.18.weight', 'image_encoder.blocks.8.attn.lora_A_v.18.weight', 'image_encoder.blocks.4.attn.lora_B_k.18.weight', 'image_encoder.blocks.10.attn.lora_B_v.18.weight', 'image_encoder.blocks.2.attn.lora_B_k.18.weight', 'image_encoder.blocks.5.attn.lora_A_v.18.weight', 'image_encoder.blocks.1.attn.lora_A_v.18.weight', 'image_encoder.blocks.10.attn.lora_A_v.18.weight', 'image_encoder.blocks.5.attn.lora_B_k.18.weight', 'image_encoder.blocks.7.attn.lora_B_k.18.weight', 'image_encoder.blocks.0.attn.lora_A_k.18.weight', 'image_encoder.blocks.6.attn.lora_A_k.18.weight', 'image_encoder.blocks.5.attn.lora_B_v.18.weight', 'image_encoder.blocks.11.attn.lora_A_k.18.weight', 'image_encoder.blocks.6.attn.lora_A_v.18.weight', 'image_encoder.blocks.9.attn.lora_B_v.18.weight', 'image_encoder.blocks.11.attn.lora_A_v.18.weight', 'image_encoder.blocks.2.attn.lora_B_v.18.weight', 'classifier_pool.18.bias', 'image_encoder.blocks.4.attn.lora_B_v.18.weight', 'image_encoder.blocks.8.attn.lora_B_v.18.weight', 'image_encoder.blocks.8.attn.lora_A_k.18.weight', 'image_encoder.blocks.9.attn.lora_B_k.18.weight', 'image_encoder.blocks.3.attn.lora_B_k.18.weight', 'image_encoder.blocks.3.attn.lora_A_k.18.weight', 'image_encoder.blocks.9.attn.lora_A_k.18.weight'}
After trained on task 17 tensor(0.0360, device='cuda:0') tensor(0.0309, device='cuda:0')
After trained on task 17 tensor(0.0301, device='cuda:0') tensor(0.0366, device='cuda:0')
After trained on task 17 tensor(0.0284, device='cuda:0') tensor(0.0437, device='cuda:0')
After trained on task 17 tensor(0.0320, device='cuda:0') tensor(0.0480, device='cuda:0')
After trained on task 17 tensor(0.0403, device='cuda:0') tensor(0.0501, device='cuda:0')
After trained on task 17 tensor(0.0441, device='cuda:0') tensor(0.0537, device='cuda:0')
After trained on task 17 tensor(0.0492, device='cuda:0') tensor(0.0590, device='cuda:0')
After trained on task 17 tensor(0.0509, device='cuda:0') tensor(0.0871, device='cuda:0')
After trained on task 17 tensor(0.0588, device='cuda:0') tensor(0.1129, device='cuda:0')
After trained on task 17 tensor(0.0594, device='cuda:0') tensor(0.1493, device='cuda:0')
After trained on task 17 tensor(0.0673, device='cuda:0') tensor(0.2121, device='cuda:0')
After trained on task 17 tensor(0.1131, device='cuda:0') tensor(0.2094, device='cuda:0')
reserving basis 109/768; cond: 50463313920.0, ratio:0.9915844202041626
reserving basis 109/768; cond: 50463313920.0, ratio:0.9915844202041626
reserving basis 113/768; cond: 10288073728.0, ratio:0.9911791086196899
reserving basis 113/768; cond: 10288073728.0, ratio:0.9911791086196899
reserving basis 113/768; cond: 22809327616.0, ratio:0.9902794361114502
reserving basis 113/768; cond: 22809327616.0, ratio:0.9902794361114502
reserving basis 115/768; cond: 96647012352.0, ratio:0.9914088845252991
reserving basis 115/768; cond: 96647012352.0, ratio:0.9914088845252991
reserving basis 122/768; cond: 18650802176.0, ratio:0.9910171031951904
reserving basis 122/768; cond: 18650802176.0, ratio:0.9910171031951904
reserving basis 118/768; cond: 22682994688.0, ratio:0.9912693500518799
reserving basis 118/768; cond: 22682994688.0, ratio:0.9912693500518799
reserving basis 125/768; cond: 66505617408.0, ratio:0.9904038310050964
reserving basis 125/768; cond: 66505617408.0, ratio:0.9904038310050964
reserving basis 116/768; cond: 30401734656.0, ratio:0.9907280206680298
reserving basis 116/768; cond: 30401734656.0, ratio:0.9907280206680298
reserving basis 124/768; cond: 424183889920.0, ratio:0.990067183971405
reserving basis 124/768; cond: 424183889920.0, ratio:0.990067183971405
reserving basis 117/768; cond: 245428224000.0, ratio:0.9902855753898621
reserving basis 117/768; cond: 245428224000.0, ratio:0.9902855753898621
reserving basis 120/768; cond: 254632443904.0, ratio:0.9902965426445007
reserving basis 120/768; cond: 254632443904.0, ratio:0.9902965426445007
reserving basis 116/768; cond: 2145020674048.0, ratio:0.9913210272789001
reserving basis 116/768; cond: 2145020674048.0, ratio:0.9913210272789001
reserving basis 121/768; cond: 66231525376.0, ratio:0.9905346632003784
reserving basis 121/768; cond: 66231525376.0, ratio:0.9905346632003784
reserving basis 114/768; cond: 127830786048.0, ratio:0.9904045462608337
reserving basis 114/768; cond: 127830786048.0, ratio:0.9904045462608337
reserving basis 121/768; cond: 139096293376.0, ratio:0.9902992248535156
reserving basis 121/768; cond: 139096293376.0, ratio:0.9902992248535156
reserving basis 112/768; cond: 28478265344.0, ratio:0.9913343787193298
reserving basis 112/768; cond: 28478265344.0, ratio:0.9913343787193298
reserving basis 118/768; cond: 69974999040.0, ratio:0.9905239939689636
reserving basis 118/768; cond: 69974999040.0, ratio:0.9905239939689636
reserving basis 105/768; cond: 50032922624.0, ratio:0.9901440739631653
reserving basis 105/768; cond: 50032922624.0, ratio:0.9901440739631653
reserving basis 112/768; cond: 26509420544.0, ratio:0.9908905029296875
reserving basis 112/768; cond: 26509420544.0, ratio:0.9908905029296875
reserving basis 97/768; cond: 1687626055680.0, ratio:0.9905853271484375
reserving basis 97/768; cond: 1687626055680.0, ratio:0.9905853271484375
reserving basis 107/768; cond: 436914323456.0, ratio:0.9908164143562317
reserving basis 107/768; cond: 436914323456.0, ratio:0.9908164143562317
reserving basis 87/768; cond: 2427426963456.0, ratio:0.9916637539863586
reserving basis 87/768; cond: 2427426963456.0, ratio:0.9916637539863586
reserving basis 84/768; cond: 76557910016.0, ratio:0.9903531670570374
reserving basis 84/768; cond: 76557910016.0, ratio:0.9903531670570374
reserving basis 75/768; cond: 331753062400.0, ratio:0.9915663003921509
reserving basis 75/768; cond: 331753062400.0, ratio:0.9915663003921509
2026-04-27 14:15:44,151 [palora.py] => Task 18, Epoch 50/50 => Loss 0.465, Train_accy 97.40
2026-04-27 14:15:51,589 [trainer.py] => Time:323.13548851013184
2183 2183
2026-04-27 14:15:59,877 [trainer.py] => Time:8.287476301193237
2026-04-27 14:15:59,877 [trainer.py] => ACC: {'total': 81.04, '00-03': 78.75, '04-07': 79.03, '08-11': 76.8, '12-15': 86.14, '16-19': 92.59, '20-23': 84.16, '24-27': 89.77, '28-31': 83.91, '32-35': 81.97, '36-39': 80.61, '40-43': 65.38, '44-47': 74.6, '48-51': 86.49, '52-55': 71.43, '56-59': 79.76, '60-63': 81.88, '64-67': 83.64, '68-71': 68.48, '72-75': 76.87, 'old': 81.31, 'new': 76.87}
2026-04-27 14:15:59,877 [trainer.py] => ACC top1 curve: [89.38, 88.73, 86.55, 85.29, 86.08, 85.37, 85.84, 84.96, 84.57, 83.67, 83.37, 82.86, 83.11, 82.63, 82.43, 82.33, 82.27, 81.7, 81.04]
Average Accuracy: 84.32526315789472
2026-04-27 14:15:59,877 [trainer.py] => Average Accuracy: 84.32526315789472
2026-04-27 14:15:59,886 [trainer.py] => All params: 126094051
2026-04-27 14:15:59,894 [trainer.py] => Trainable params: 371716
2026-04-27 14:15:59,894 [palora.py] => Learning on 76-80
Parameters to be updated: {'image_encoder.blocks.2.attn.lora_B_v.19.weight', 'image_encoder.blocks.11.attn.lora_B_k.19.weight', 'image_encoder.blocks.8.attn.lora_A_k.19.weight', 'image_encoder.blocks.9.attn.lora_B_k.19.weight', 'image_encoder.blocks.0.attn.lora_B_k.19.weight', 'image_encoder.blocks.11.attn.lora_A_v.19.weight', 'image_encoder.blocks.5.attn.lora_B_v.19.weight', 'image_encoder.blocks.0.attn.lora_B_v.19.weight', 'image_encoder.blocks.2.attn.lora_A_v.19.weight', 'image_encoder.blocks.0.attn.lora_A_k.19.weight', 'image_encoder.blocks.4.attn.lora_A_k.19.weight', 'image_encoder.blocks.8.attn.lora_B_v.19.weight', 'image_encoder.blocks.5.attn.lora_A_v.19.weight', 'image_encoder.blocks.2.attn.lora_A_k.19.weight', 'image_encoder.blocks.6.attn.lora_A_k.19.weight', 'image_encoder.blocks.4.attn.lora_A_v.19.weight', 'image_encoder.blocks.6.attn.lora_B_v.19.weight', 'image_encoder.blocks.1.attn.lora_A_v.19.weight', 'image_encoder.blocks.8.attn.lora_B_k.19.weight', 'image_encoder.blocks.1.attn.lora_B_k.19.weight', 'image_encoder.blocks.0.attn.lora_A_v.19.weight', 'image_encoder.blocks.5.attn.lora_B_k.19.weight', 'image_encoder.blocks.7.attn.lora_A_v.19.weight', 'image_encoder.blocks.7.attn.lora_B_k.19.weight', 'image_encoder.blocks.10.attn.lora_B_v.19.weight', 'image_encoder.blocks.5.attn.lora_A_k.19.weight', 'image_encoder.blocks.3.attn.lora_A_v.19.weight', 'image_encoder.blocks.8.attn.lora_A_v.19.weight', 'image_encoder.blocks.9.attn.lora_A_k.19.weight', 'image_encoder.blocks.11.attn.lora_A_k.19.weight', 'classifier_pool.19.bias', 'image_encoder.blocks.6.attn.lora_A_v.19.weight', 'image_encoder.blocks.10.attn.lora_A_v.19.weight', 'image_encoder.blocks.3.attn.lora_B_k.19.weight', 'image_encoder.blocks.2.attn.lora_B_k.19.weight', 'image_encoder.blocks.4.attn.lora_B_v.19.weight', 'image_encoder.blocks.6.attn.lora_B_k.19.weight', 'image_encoder.blocks.10.attn.lora_A_k.19.weight', 'image_encoder.blocks.10.attn.lora_B_k.19.weight', 'image_encoder.blocks.7.attn.lora_B_v.19.weight', 'image_encoder.blocks.4.attn.lora_B_k.19.weight', 'image_encoder.blocks.1.attn.lora_B_v.19.weight', 'image_encoder.blocks.9.attn.lora_A_v.19.weight', 'image_encoder.blocks.3.attn.lora_B_v.19.weight', 'image_encoder.blocks.7.attn.lora_A_k.19.weight', 'image_encoder.blocks.1.attn.lora_A_k.19.weight', 'image_encoder.blocks.11.attn.lora_B_v.19.weight', 'classifier_pool.19.weight', 'image_encoder.blocks.9.attn.lora_B_v.19.weight', 'image_encoder.blocks.3.attn.lora_A_k.19.weight'}
After trained on task 18 tensor(0.0304, device='cuda:0') tensor(0.0311, device='cuda:0')
After trained on task 18 tensor(0.0350, device='cuda:0') tensor(0.0348, device='cuda:0')
After trained on task 18 tensor(0.0310, device='cuda:0') tensor(0.0426, device='cuda:0')
After trained on task 18 tensor(0.0319, device='cuda:0') tensor(0.0529, device='cuda:0')
After trained on task 18 tensor(0.0363, device='cuda:0') tensor(0.0542, device='cuda:0')
After trained on task 18 tensor(0.0448, device='cuda:0') tensor(0.0665, device='cuda:0')
After trained on task 18 tensor(0.0549, device='cuda:0') tensor(0.0694, device='cuda:0')
After trained on task 18 tensor(0.0651, device='cuda:0') tensor(0.0775, device='cuda:0')
After trained on task 18 tensor(0.0616, device='cuda:0') tensor(0.1373, device='cuda:0')
After trained on task 18 tensor(0.0863, device='cuda:0') tensor(0.1817, device='cuda:0')
After trained on task 18 tensor(0.0897, device='cuda:0') tensor(0.2151, device='cuda:0')
After trained on task 18 tensor(0.2170, device='cuda:0') tensor(0.2595, device='cuda:0')
reserving basis 113/768; cond: 45642276864.0, ratio:0.9913241863250732
reserving basis 113/768; cond: 45642276864.0, ratio:0.9913241863250732
reserving basis 117/768; cond: 165727780864.0, ratio:0.9909123778343201
reserving basis 117/768; cond: 165727780864.0, ratio:0.9909123778343201
reserving basis 117/768; cond: 222350999552.0, ratio:0.9916821718215942
reserving basis 117/768; cond: 222350999552.0, ratio:0.9916821718215942
reserving basis 119/768; cond: 97182146560.0, ratio:0.9915134310722351
reserving basis 119/768; cond: 97182146560.0, ratio:0.9915134310722351
reserving basis 126/768; cond: 13986278400.0, ratio:0.9902364015579224
reserving basis 126/768; cond: 13986278400.0, ratio:0.9902364015579224
reserving basis 122/768; cond: 28731256832.0, ratio:0.9909462332725525
reserving basis 122/768; cond: 28731256832.0, ratio:0.9909462332725525
reserving basis 130/768; cond: 370813927424.0, ratio:0.991686224937439
reserving basis 130/768; cond: 370813927424.0, ratio:0.991686224937439
reserving basis 120/768; cond: 36199096320.0, ratio:0.9917783141136169
reserving basis 120/768; cond: 36199096320.0, ratio:0.9917783141136169
reserving basis 128/768; cond: 187529543680.0, ratio:0.9905028343200684
reserving basis 128/768; cond: 187529543680.0, ratio:0.9905028343200684
reserving basis 121/768; cond: 38188216320.0, ratio:0.9909743666648865
reserving basis 121/768; cond: 38188216320.0, ratio:0.9909743666648865
reserving basis 124/768; cond: 20467009536.0, ratio:0.9911465644836426
reserving basis 124/768; cond: 20467009536.0, ratio:0.9911465644836426
reserving basis 119/768; cond: 117944647680.0, ratio:0.9904521703720093
reserving basis 119/768; cond: 117944647680.0, ratio:0.9904521703720093
reserving basis 125/768; cond: 39063740416.0, ratio:0.9910269379615784
reserving basis 125/768; cond: 39063740416.0, ratio:0.9910269379615784
reserving basis 118/768; cond: 90695106560.0, ratio:0.9915995597839355
reserving basis 118/768; cond: 90695106560.0, ratio:0.9915995597839355
reserving basis 125/768; cond: 193715978240.0, ratio:0.9910033941268921
reserving basis 125/768; cond: 193715978240.0, ratio:0.9910033941268921
reserving basis 115/768; cond: 513697349632.0, ratio:0.9902443289756775
reserving basis 115/768; cond: 513697349632.0, ratio:0.9902443289756775
reserving basis 122/768; cond: 86836576256.0, ratio:0.9911664724349976
reserving basis 122/768; cond: 86836576256.0, ratio:0.9911664724349976
reserving basis 108/768; cond: 174733361152.0, ratio:0.9907910227775574
reserving basis 108/768; cond: 174733361152.0, ratio:0.9907910227775574
reserving basis 115/768; cond: 36505874432.0, ratio:0.9905610084533691
reserving basis 115/768; cond: 36505874432.0, ratio:0.9905610084533691
reserving basis 99/768; cond: 68639932416.0, ratio:0.9900956749916077
reserving basis 99/768; cond: 68639932416.0, ratio:0.9900956749916077
reserving basis 111/768; cond: 30557553557504.0, ratio:0.9914586544036865
reserving basis 111/768; cond: 30557553557504.0, ratio:0.9914586544036865
reserving basis 89/768; cond: 17838874624.0, ratio:0.9913727045059204
reserving basis 89/768; cond: 17838874624.0, ratio:0.9913727045059204
reserving basis 86/768; cond: 192836157440.0, ratio:0.9916019439697266
reserving basis 86/768; cond: 192836157440.0, ratio:0.9916019439697266
reserving basis 76/768; cond: 22344140800.0, ratio:0.9910778999328613
reserving basis 76/768; cond: 22344140800.0, ratio:0.9910778999328613
2026-04-27 14:21:28,547 [palora.py] => Task 19, Epoch 50/50 => Loss 0.411, Train_accy 98.72
2026-04-27 14:21:36,140 [trainer.py] => Time:336.246399641037
2354 2354
2026-04-27 14:21:44,876 [trainer.py] => Time:8.735245704650879
2026-04-27 14:21:44,876 [trainer.py] => ACC: {'total': 80.71, '00-03': 77.5, '04-07': 79.84, '08-11': 76.8, '12-15': 86.14, '16-19': 92.59, '20-23': 84.65, '24-27': 86.93, '28-31': 83.91, '32-35': 81.97, '36-39': 80.61, '40-43': 65.38, '44-47': 73.02, '48-51': 88.29, '52-55': 71.43, '56-59': 80.95, '60-63': 81.25, '64-67': 83.64, '68-71': 69.57, '72-75': 76.12, '76-79': 78.95, 'old': 80.85, 'new': 78.95}
2026-04-27 14:21:44,876 [trainer.py] => ACC top1 curve: [89.38, 88.73, 86.55, 85.29, 86.08, 85.37, 85.84, 84.96, 84.57, 83.67, 83.37, 82.86, 83.11, 82.63, 82.43, 82.33, 82.27, 81.7, 81.04, 80.71]
Average Accuracy: 84.1445
2026-04-27 14:21:44,876 [trainer.py] => Average Accuracy: 84.1445
2026-04-27 14:21:44,885 [trainer.py] => All params: 126094051
2026-04-27 14:21:44,894 [trainer.py] => Trainable params: 371716
2026-04-27 14:21:44,894 [palora.py] => Learning on 80-84
Parameters to be updated: {'image_encoder.blocks.6.attn.lora_A_k.20.weight', 'image_encoder.blocks.3.attn.lora_A_v.20.weight', 'image_encoder.blocks.0.attn.lora_B_k.20.weight', 'image_encoder.blocks.3.attn.lora_B_k.20.weight', 'image_encoder.blocks.5.attn.lora_B_v.20.weight', 'image_encoder.blocks.11.attn.lora_B_k.20.weight', 'image_encoder.blocks.4.attn.lora_A_k.20.weight', 'image_encoder.blocks.9.attn.lora_B_k.20.weight', 'image_encoder.blocks.9.attn.lora_A_v.20.weight', 'image_encoder.blocks.11.attn.lora_A_k.20.weight', 'image_encoder.blocks.5.attn.lora_A_k.20.weight', 'image_encoder.blocks.8.attn.lora_A_k.20.weight', 'image_encoder.blocks.6.attn.lora_A_v.20.weight', 'image_encoder.blocks.5.attn.lora_A_v.20.weight', 'image_encoder.blocks.1.attn.lora_B_v.20.weight', 'image_encoder.blocks.1.attn.lora_A_k.20.weight', 'image_encoder.blocks.8.attn.lora_B_v.20.weight', 'image_encoder.blocks.11.attn.lora_A_v.20.weight', 'image_encoder.blocks.11.attn.lora_B_v.20.weight', 'image_encoder.blocks.2.attn.lora_B_k.20.weight', 'image_encoder.blocks.7.attn.lora_A_k.20.weight', 'image_encoder.blocks.8.attn.lora_B_k.20.weight', 'image_encoder.blocks.8.attn.lora_A_v.20.weight', 'image_encoder.blocks.9.attn.lora_B_v.20.weight', 'image_encoder.blocks.3.attn.lora_A_k.20.weight', 'image_encoder.blocks.4.attn.lora_A_v.20.weight', 'image_encoder.blocks.10.attn.lora_B_k.20.weight', 'image_encoder.blocks.3.attn.lora_B_v.20.weight', 'image_encoder.blocks.5.attn.lora_B_k.20.weight', 'image_encoder.blocks.10.attn.lora_A_v.20.weight', 'image_encoder.blocks.2.attn.lora_B_v.20.weight', 'image_encoder.blocks.6.attn.lora_B_k.20.weight', 'image_encoder.blocks.4.attn.lora_B_v.20.weight', 'image_encoder.blocks.10.attn.lora_A_k.20.weight', 'image_encoder.blocks.7.attn.lora_B_v.20.weight', 'classifier_pool.20.weight', 'image_encoder.blocks.2.attn.lora_A_v.20.weight', 'image_encoder.blocks.10.attn.lora_B_v.20.weight', 'image_encoder.blocks.0.attn.lora_B_v.20.weight', 'image_encoder.blocks.0.attn.lora_A_k.20.weight', 'image_encoder.blocks.7.attn.lora_B_k.20.weight', 'image_encoder.blocks.4.attn.lora_B_k.20.weight', 'image_encoder.blocks.7.attn.lora_A_v.20.weight', 'image_encoder.blocks.1.attn.lora_B_k.20.weight', 'image_encoder.blocks.6.attn.lora_B_v.20.weight', 'image_encoder.blocks.9.attn.lora_A_k.20.weight', 'classifier_pool.20.bias', 'image_encoder.blocks.2.attn.lora_A_k.20.weight', 'image_encoder.blocks.1.attn.lora_A_v.20.weight', 'image_encoder.blocks.0.attn.lora_A_v.20.weight'}
After trained on task 19 tensor(0.0358, device='cuda:0') tensor(0.0321, device='cuda:0')
After trained on task 19 tensor(0.0344, device='cuda:0') tensor(0.0390, device='cuda:0')
After trained on task 19 tensor(0.0329, device='cuda:0') tensor(0.0455, device='cuda:0')
After trained on task 19 tensor(0.0347, device='cuda:0') tensor(0.0469, device='cuda:0')
After trained on task 19 tensor(0.0389, device='cuda:0') tensor(0.0531, device='cuda:0')
After trained on task 19 tensor(0.0502, device='cuda:0') tensor(0.0666, device='cuda:0')
After trained on task 19 tensor(0.0497, device='cuda:0') tensor(0.0691, device='cuda:0')
After trained on task 19 tensor(0.0620, device='cuda:0') tensor(0.0831, device='cuda:0')
After trained on task 19 tensor(0.0927, device='cuda:0') tensor(0.1302, device='cuda:0')
After trained on task 19 tensor(0.1067, device='cuda:0') tensor(0.1866, device='cuda:0')
After trained on task 19 tensor(0.0820, device='cuda:0') tensor(0.2322, device='cuda:0')
After trained on task 19 tensor(0.1771, device='cuda:0') tensor(0.2851, device='cuda:0')
reserving basis 116/768; cond: 1549649313792.0, ratio:0.9905532598495483
reserving basis 116/768; cond: 1549649313792.0, ratio:0.9905532598495483
reserving basis 121/768; cond: 732438528000.0, ratio:0.9914031624794006
reserving basis 121/768; cond: 732438528000.0, ratio:0.9914031624794006
reserving basis 120/768; cond: 61017116672.0, ratio:0.9902793169021606
reserving basis 120/768; cond: 61017116672.0, ratio:0.9902793169021606
reserving basis 122/768; cond: 232132395008.0, ratio:0.9907996654510498
reserving basis 122/768; cond: 232132395008.0, ratio:0.9907996654510498
reserving basis 130/768; cond: 35419058176.0, ratio:0.9912146925926208
reserving basis 130/768; cond: 35419058176.0, ratio:0.9912146925926208
reserving basis 126/768; cond: 71697580032.0, ratio:0.9915055632591248
reserving basis 126/768; cond: 71697580032.0, ratio:0.9915055632591248
reserving basis 134/768; cond: 64056524800.0, ratio:0.9909955263137817
reserving basis 134/768; cond: 64056524800.0, ratio:0.9909955263137817
reserving basis 124/768; cond: 1051440381952.0, ratio:0.9909515380859375
reserving basis 124/768; cond: 1051440381952.0, ratio:0.9909515380859375
reserving basis 132/768; cond: 153000869888.0, ratio:0.9901009202003479
reserving basis 132/768; cond: 153000869888.0, ratio:0.9901009202003479
reserving basis 125/768; cond: 1693641211904.0, ratio:0.9910578727722168
reserving basis 125/768; cond: 1693641211904.0, ratio:0.9910578727722168
reserving basis 128/768; cond: 102237839360.0, ratio:0.9913130402565002
reserving basis 128/768; cond: 102237839360.0, ratio:0.9913130402565002
reserving basis 123/768; cond: 785023762432.0, ratio:0.991045355796814
reserving basis 123/768; cond: 785023762432.0, ratio:0.991045355796814
reserving basis 129/768; cond: 211533594624.0, ratio:0.9911181926727295
reserving basis 129/768; cond: 211533594624.0, ratio:0.9911181926727295
reserving basis 122/768; cond: 37392199680.0, ratio:0.9914868474006653
reserving basis 122/768; cond: 37392199680.0, ratio:0.9914868474006653
reserving basis 129/768; cond: 140373704704.0, ratio:0.991605818271637
reserving basis 129/768; cond: 140373704704.0, ratio:0.991605818271637
reserving basis 118/768; cond: 309874262016.0, ratio:0.9900562763214111
reserving basis 118/768; cond: 309874262016.0, ratio:0.9900562763214111
reserving basis 125/768; cond: 337266376704.0, ratio:0.9911642670631409
reserving basis 125/768; cond: 337266376704.0, ratio:0.9911642670631409
reserving basis 110/768; cond: 225130430464.0, ratio:0.9901218414306641
reserving basis 110/768; cond: 225130430464.0, ratio:0.9901218414306641
reserving basis 118/768; cond: 24798302208.0, ratio:0.9914347529411316
reserving basis 118/768; cond: 24798302208.0, ratio:0.9914347529411316
reserving basis 101/768; cond: 134903758848.0, ratio:0.9911243319511414
reserving basis 101/768; cond: 134903758848.0, ratio:0.9911243319511414
reserving basis 114/768; cond: 352006897664.0, ratio:0.9900182485580444
reserving basis 114/768; cond: 352006897664.0, ratio:0.9900182485580444
reserving basis 91/768; cond: 58028244992.0, ratio:0.9915013313293457
reserving basis 91/768; cond: 58028244992.0, ratio:0.9915013313293457
reserving basis 87/768; cond: 1622697836544.0, ratio:0.9901078343391418
reserving basis 87/768; cond: 1622697836544.0, ratio:0.9901078343391418
reserving basis 78/768; cond: 216428855296.0, ratio:0.9919034242630005
reserving basis 78/768; cond: 216428855296.0, ratio:0.9919034242630005
2026-04-27 14:27:30,140 [palora.py] => Task 20, Epoch 50/50 => Loss 0.503, Train_accy 96.26
2026-04-27 14:27:37,995 [trainer.py] => Time:353.10065627098083
2556 2556
2026-04-27 14:27:47,393 [trainer.py] => Time:9.39740252494812
2026-04-27 14:27:47,393 [trainer.py] => ACC: {'total': 79.93, '00-03': 78.12, '04-07': 79.84, '08-11': 76.0, '12-15': 86.14, '16-19': 88.89, '20-23': 82.67, '24-27': 85.8, '28-31': 79.89, '32-35': 80.33, '36-39': 78.57, '40-43': 65.38, '44-47': 71.43, '48-51': 87.39, '52-55': 71.43, '56-59': 80.95, '60-63': 81.25, '64-67': 83.64, '68-71': 67.39, '72-75': 75.37, '76-79': 78.95, '80-83': 83.17, 'old': 79.65, 'new': 83.17}
2026-04-27 14:27:47,393 [trainer.py] => ACC top1 curve: [89.38, 88.73, 86.55, 85.29, 86.08, 85.37, 85.84, 84.96, 84.57, 83.67, 83.37, 82.86, 83.11, 82.63, 82.43, 82.33, 82.27, 81.7, 81.04, 80.71, 79.93]
Average Accuracy: 83.94380952380952
2026-04-27 14:27:47,393 [trainer.py] => Average Accuracy: 83.94380952380952
2026-04-27 14:27:47,403 [trainer.py] => All params: 126094051
2026-04-27 14:27:47,411 [trainer.py] => Trainable params: 371716
2026-04-27 14:27:47,411 [palora.py] => Learning on 84-88
Parameters to be updated: {'image_encoder.blocks.9.attn.lora_B_k.21.weight', 'image_encoder.blocks.5.attn.lora_A_k.21.weight', 'image_encoder.blocks.2.attn.lora_A_k.21.weight', 'image_encoder.blocks.3.attn.lora_A_k.21.weight', 'image_encoder.blocks.5.attn.lora_B_v.21.weight', 'image_encoder.blocks.10.attn.lora_B_k.21.weight', 'image_encoder.blocks.8.attn.lora_B_v.21.weight', 'image_encoder.blocks.5.attn.lora_B_k.21.weight', 'image_encoder.blocks.0.attn.lora_B_k.21.weight', 'image_encoder.blocks.8.attn.lora_A_v.21.weight', 'image_encoder.blocks.5.attn.lora_A_v.21.weight', 'image_encoder.blocks.7.attn.lora_A_k.21.weight', 'image_encoder.blocks.7.attn.lora_B_v.21.weight', 'image_encoder.blocks.1.attn.lora_B_k.21.weight', 'image_encoder.blocks.8.attn.lora_B_k.21.weight', 'classifier_pool.21.bias', 'image_encoder.blocks.2.attn.lora_B_v.21.weight', 'image_encoder.blocks.2.attn.lora_B_k.21.weight', 'image_encoder.blocks.0.attn.lora_B_v.21.weight', 'image_encoder.blocks.3.attn.lora_A_v.21.weight', 'image_encoder.blocks.6.attn.lora_B_v.21.weight', 'image_encoder.blocks.6.attn.lora_A_k.21.weight', 'image_encoder.blocks.11.attn.lora_B_v.21.weight', 'image_encoder.blocks.4.attn.lora_A_k.21.weight', 'image_encoder.blocks.4.attn.lora_B_v.21.weight', 'image_encoder.blocks.6.attn.lora_A_v.21.weight', 'image_encoder.blocks.2.attn.lora_A_v.21.weight', 'image_encoder.blocks.9.attn.lora_A_k.21.weight', 'image_encoder.blocks.11.attn.lora_B_k.21.weight', 'image_encoder.blocks.1.attn.lora_A_k.21.weight', 'image_encoder.blocks.3.attn.lora_B_v.21.weight', 'image_encoder.blocks.4.attn.lora_B_k.21.weight', 'image_encoder.blocks.10.attn.lora_A_k.21.weight', 'image_encoder.blocks.9.attn.lora_B_v.21.weight', 'image_encoder.blocks.11.attn.lora_A_k.21.weight', 'image_encoder.blocks.10.attn.lora_B_v.21.weight', 'image_encoder.blocks.6.attn.lora_B_k.21.weight', 'image_encoder.blocks.10.attn.lora_A_v.21.weight', 'image_encoder.blocks.3.attn.lora_B_k.21.weight', 'image_encoder.blocks.0.attn.lora_A_k.21.weight', 'image_encoder.blocks.7.attn.lora_B_k.21.weight', 'image_encoder.blocks.9.attn.lora_A_v.21.weight', 'image_encoder.blocks.4.attn.lora_A_v.21.weight', 'image_encoder.blocks.1.attn.lora_A_v.21.weight', 'image_encoder.blocks.7.attn.lora_A_v.21.weight', 'image_encoder.blocks.11.attn.lora_A_v.21.weight', 'classifier_pool.21.weight', 'image_encoder.blocks.0.attn.lora_A_v.21.weight', 'image_encoder.blocks.8.attn.lora_A_k.21.weight', 'image_encoder.blocks.1.attn.lora_B_v.21.weight'}
After trained on task 20 tensor(0.0400, device='cuda:0') tensor(0.0368, device='cuda:0')
After trained on task 20 tensor(0.0380, device='cuda:0') tensor(0.0430, device='cuda:0')
After trained on task 20 tensor(0.0419, device='cuda:0') tensor(0.0452, device='cuda:0')
After trained on task 20 tensor(0.0438, device='cuda:0') tensor(0.0621, device='cuda:0')
After trained on task 20 tensor(0.0489, device='cuda:0') tensor(0.0642, device='cuda:0')
After trained on task 20 tensor(0.0575, device='cuda:0') tensor(0.0730, device='cuda:0')
After trained on task 20 tensor(0.0628, device='cuda:0') tensor(0.0827, device='cuda:0')
After trained on task 20 tensor(0.0738, device='cuda:0') tensor(0.1077, device='cuda:0')
After trained on task 20 tensor(0.0942, device='cuda:0') tensor(0.1641, device='cuda:0')
After trained on task 20 tensor(0.1623, device='cuda:0') tensor(0.2509, device='cuda:0')
After trained on task 20 tensor(0.1679, device='cuda:0') tensor(0.2756, device='cuda:0')
After trained on task 20 tensor(0.2197, device='cuda:0') tensor(0.3405, device='cuda:0')
reserving basis 119/768; cond: 184910020608.0, ratio:0.9907035827636719
reserving basis 119/768; cond: 184910020608.0, ratio:0.9907035827636719
reserving basis 125/768; cond: 23651506176.0, ratio:0.9916086196899414
reserving basis 125/768; cond: 23651506176.0, ratio:0.9916086196899414
reserving basis 124/768; cond: 95540871168.0, ratio:0.9908238053321838
reserving basis 124/768; cond: 95540871168.0, ratio:0.9908238053321838
reserving basis 126/768; cond: 18239193088.0, ratio:0.9906536340713501
reserving basis 126/768; cond: 18239193088.0, ratio:0.9906536340713501
reserving basis 134/768; cond: 20112769024.0, ratio:0.991455614566803
reserving basis 134/768; cond: 20112769024.0, ratio:0.991455614566803
reserving basis 130/768; cond: 92263972864.0, ratio:0.9911913275718689
reserving basis 130/768; cond: 92263972864.0, ratio:0.9911913275718689
reserving basis 138/768; cond: 175247966208.0, ratio:0.9908875823020935
reserving basis 138/768; cond: 175247966208.0, ratio:0.9908875823020935
reserving basis 128/768; cond: 44491988992.0, ratio:0.9914865493774414
reserving basis 128/768; cond: 44491988992.0, ratio:0.9914865493774414
reserving basis 137/768; cond: 30168922112.0, ratio:0.9918463826179504
reserving basis 137/768; cond: 30168922112.0, ratio:0.9918463826179504
reserving basis 129/768; cond: 55363862528.0, ratio:0.9917398691177368
reserving basis 129/768; cond: 55363862528.0, ratio:0.9917398691177368
reserving basis 132/768; cond: 167648919552.0, ratio:0.9907774925231934
reserving basis 132/768; cond: 167648919552.0, ratio:0.9907774925231934
reserving basis 127/768; cond: 111597281280.0, ratio:0.9914270639419556
reserving basis 127/768; cond: 111597281280.0, ratio:0.9914270639419556
reserving basis 133/768; cond: 30151124992.0, ratio:0.9912908673286438
reserving basis 133/768; cond: 30151124992.0, ratio:0.9912908673286438
reserving basis 126/768; cond: 53271117824.0, ratio:0.9913946986198425
reserving basis 126/768; cond: 53271117824.0, ratio:0.9913946986198425
reserving basis 133/768; cond: 29571239936.0, ratio:0.9909824132919312
reserving basis 133/768; cond: 29571239936.0, ratio:0.9909824132919312
reserving basis 122/768; cond: 438477815808.0, ratio:0.9912276864051819
reserving basis 122/768; cond: 438477815808.0, ratio:0.9912276864051819
reserving basis 129/768; cond: 152693784576.0, ratio:0.9913902282714844
reserving basis 129/768; cond: 152693784576.0, ratio:0.9913902282714844
reserving basis 113/768; cond: 39957602304.0, ratio:0.9908122420310974
reserving basis 113/768; cond: 39957602304.0, ratio:0.9908122420310974
reserving basis 120/768; cond: 55600939008.0, ratio:0.990205705165863
reserving basis 120/768; cond: 55600939008.0, ratio:0.990205705165863
reserving basis 103/768; cond: 85985910784.0, ratio:0.9906665682792664
reserving basis 103/768; cond: 85985910784.0, ratio:0.9906665682792664
reserving basis 116/768; cond: 251743322112.0, ratio:0.9906052947044373
reserving basis 116/768; cond: 251743322112.0, ratio:0.9906052947044373
reserving basis 93/768; cond: 85016961024.0, ratio:0.991265058517456
reserving basis 93/768; cond: 85016961024.0, ratio:0.991265058517456
reserving basis 88/768; cond: 87410802688.0, ratio:0.9906205534934998
reserving basis 88/768; cond: 87410802688.0, ratio:0.9906205534934998
reserving basis 80/768; cond: 348060975104.0, ratio:0.9909595251083374
reserving basis 80/768; cond: 348060975104.0, ratio:0.9909595251083374
2026-04-27 14:33:05,035 [palora.py] => Task 21, Epoch 50/50 => Loss 0.519, Train_accy 96.45
2026-04-27 14:33:12,431 [trainer.py] => Time:325.0196602344513
2702 2702
2026-04-27 14:33:21,949 [trainer.py] => Time:9.518277406692505
2026-04-27 14:33:21,950 [trainer.py] => ACC: {'total': 80.13, '00-03': 78.12, '04-07': 79.84, '08-11': 76.0, '12-15': 86.14, '16-19': 89.81, '20-23': 81.68, '24-27': 85.8, '28-31': 79.31, '32-35': 81.97, '36-39': 78.57, '40-43': 66.67, '44-47': 73.02, '48-51': 88.29, '52-55': 71.43, '56-59': 80.95, '60-63': 81.25, '64-67': 83.64, '68-71': 65.22, '72-75': 74.63, '76-79': 78.95, '80-83': 82.67, '84-87': 84.93, 'old': 79.85, 'new': 84.93}
2026-04-27 14:33:21,950 [trainer.py] => ACC top1 curve: [89.38, 88.73, 86.55, 85.29, 86.08, 85.37, 85.84, 84.96, 84.57, 83.67, 83.37, 82.86, 83.11, 82.63, 82.43, 82.33, 82.27, 81.7, 81.04, 80.71, 79.93, 80.13]
Average Accuracy: 83.77045454545454
2026-04-27 14:33:21,950 [trainer.py] => Average Accuracy: 83.77045454545454
2026-04-27 14:33:21,959 [trainer.py] => All params: 126094051
2026-04-27 14:33:21,968 [trainer.py] => Trainable params: 371716
2026-04-27 14:33:21,968 [palora.py] => Learning on 88-92
Parameters to be updated: {'image_encoder.blocks.7.attn.lora_A_k.22.weight', 'image_encoder.blocks.4.attn.lora_A_k.22.weight', 'image_encoder.blocks.1.attn.lora_B_k.22.weight', 'image_encoder.blocks.0.attn.lora_B_v.22.weight', 'image_encoder.blocks.2.attn.lora_A_k.22.weight', 'image_encoder.blocks.0.attn.lora_A_k.22.weight', 'image_encoder.blocks.10.attn.lora_B_v.22.weight', 'image_encoder.blocks.6.attn.lora_A_k.22.weight', 'image_encoder.blocks.7.attn.lora_B_v.22.weight', 'image_encoder.blocks.8.attn.lora_A_v.22.weight', 'image_encoder.blocks.4.attn.lora_B_v.22.weight', 'image_encoder.blocks.9.attn.lora_A_v.22.weight', 'image_encoder.blocks.8.attn.lora_B_v.22.weight', 'image_encoder.blocks.2.attn.lora_A_v.22.weight', 'image_encoder.blocks.5.attn.lora_B_v.22.weight', 'image_encoder.blocks.0.attn.lora_A_v.22.weight', 'image_encoder.blocks.4.attn.lora_A_v.22.weight', 'image_encoder.blocks.7.attn.lora_B_k.22.weight', 'image_encoder.blocks.6.attn.lora_A_v.22.weight', 'image_encoder.blocks.6.attn.lora_B_k.22.weight', 'image_encoder.blocks.3.attn.lora_B_v.22.weight', 'image_encoder.blocks.8.attn.lora_A_k.22.weight', 'image_encoder.blocks.7.attn.lora_A_v.22.weight', 'image_encoder.blocks.1.attn.lora_B_v.22.weight', 'image_encoder.blocks.11.attn.lora_A_v.22.weight', 'image_encoder.blocks.11.attn.lora_B_v.22.weight', 'classifier_pool.22.bias', 'image_encoder.blocks.9.attn.lora_A_k.22.weight', 'image_encoder.blocks.10.attn.lora_B_k.22.weight', 'image_encoder.blocks.3.attn.lora_A_k.22.weight', 'image_encoder.blocks.5.attn.lora_A_k.22.weight', 'image_encoder.blocks.6.attn.lora_B_v.22.weight', 'image_encoder.blocks.8.attn.lora_B_k.22.weight', 'image_encoder.blocks.9.attn.lora_B_k.22.weight', 'image_encoder.blocks.1.attn.lora_A_k.22.weight', 'image_encoder.blocks.2.attn.lora_B_v.22.weight', 'image_encoder.blocks.2.attn.lora_B_k.22.weight', 'image_encoder.blocks.11.attn.lora_A_k.22.weight', 'image_encoder.blocks.0.attn.lora_B_k.22.weight', 'image_encoder.blocks.10.attn.lora_A_v.22.weight', 'image_encoder.blocks.5.attn.lora_B_k.22.weight', 'image_encoder.blocks.1.attn.lora_A_v.22.weight', 'image_encoder.blocks.5.attn.lora_A_v.22.weight', 'classifier_pool.22.weight', 'image_encoder.blocks.3.attn.lora_B_k.22.weight', 'image_encoder.blocks.3.attn.lora_A_v.22.weight', 'image_encoder.blocks.10.attn.lora_A_k.22.weight', 'image_encoder.blocks.4.attn.lora_B_k.22.weight', 'image_encoder.blocks.11.attn.lora_B_k.22.weight', 'image_encoder.blocks.9.attn.lora_B_v.22.weight'}
After trained on task 21 tensor(0.0311, device='cuda:0') tensor(0.0316, device='cuda:0')
After trained on task 21 tensor(0.0338, device='cuda:0') tensor(0.0394, device='cuda:0')
After trained on task 21 tensor(0.0347, device='cuda:0') tensor(0.0424, device='cuda:0')
After trained on task 21 tensor(0.0349, device='cuda:0') tensor(0.0489, device='cuda:0')
After trained on task 21 tensor(0.0497, device='cuda:0') tensor(0.0598, device='cuda:0')
After trained on task 21 tensor(0.0555, device='cuda:0') tensor(0.0685, device='cuda:0')
After trained on task 21 tensor(0.0516, device='cuda:0') tensor(0.0742, device='cuda:0')
After trained on task 21 tensor(0.0645, device='cuda:0') tensor(0.0987, device='cuda:0')
After trained on task 21 tensor(0.0803, device='cuda:0') tensor(0.1543, device='cuda:0')
After trained on task 21 tensor(0.1055, device='cuda:0') tensor(0.1887, device='cuda:0')
After trained on task 21 tensor(0.0848, device='cuda:0') tensor(0.2157, device='cuda:0')
After trained on task 21 tensor(0.1922, device='cuda:0') tensor(0.2886, device='cuda:0')
reserving basis 122/768; cond: 49306431488.0, ratio:0.9909906983375549
reserving basis 122/768; cond: 49306431488.0, ratio:0.9909906983375549
reserving basis 129/768; cond: 131423027200.0, ratio:0.9915914535522461
reserving basis 129/768; cond: 131423027200.0, ratio:0.9915914535522461
reserving basis 127/768; cond: 828399747072.0, ratio:0.9903653264045715
reserving basis 127/768; cond: 828399747072.0, ratio:0.9903653264045715
reserving basis 129/768; cond: 85598167040.0, ratio:0.9903411865234375
reserving basis 129/768; cond: 85598167040.0, ratio:0.9903411865234375
reserving basis 137/768; cond: 23237695488.0, ratio:0.9904324412345886
reserving basis 137/768; cond: 23237695488.0, ratio:0.9904324412345886
reserving basis 134/768; cond: 24929390592.0, ratio:0.9914740920066833
reserving basis 134/768; cond: 24929390592.0, ratio:0.9914740920066833
reserving basis 142/768; cond: 225540734976.0, ratio:0.9912548661231995
reserving basis 142/768; cond: 225540734976.0, ratio:0.9912548661231995
reserving basis 132/768; cond: 2028519161856.0, ratio:0.9916673898696899
reserving basis 132/768; cond: 2028519161856.0, ratio:0.9916673898696899
reserving basis 141/768; cond: 61658427392.0, ratio:0.9906684160232544
reserving basis 141/768; cond: 61658427392.0, ratio:0.9906684160232544
reserving basis 132/768; cond: 9906208768.0, ratio:0.9904625415802002
reserving basis 132/768; cond: 9906208768.0, ratio:0.9904625415802002
reserving basis 135/768; cond: 276449329152.0, ratio:0.9907682538032532
reserving basis 135/768; cond: 276449329152.0, ratio:0.9907682538032532
reserving basis 130/768; cond: 171404460032.0, ratio:0.990140974521637
reserving basis 130/768; cond: 171404460032.0, ratio:0.990140974521637
reserving basis 136/768; cond: 32994416640.0, ratio:0.9900333881378174
reserving basis 136/768; cond: 32994416640.0, ratio:0.9900333881378174
reserving basis 130/768; cond: 110939799552.0, ratio:0.9915724396705627
reserving basis 130/768; cond: 110939799552.0, ratio:0.9915724396705627
reserving basis 136/768; cond: 22237257728.0, ratio:0.9900002479553223
reserving basis 136/768; cond: 22237257728.0, ratio:0.9900002479553223
reserving basis 125/768; cond: 14095942656.0, ratio:0.9902592897415161
reserving basis 125/768; cond: 14095942656.0, ratio:0.9902592897415161
reserving basis 132/768; cond: 61377228800.0, ratio:0.9901598691940308
reserving basis 132/768; cond: 61377228800.0, ratio:0.9901598691940308
reserving basis 115/768; cond: 64373313536.0, ratio:0.9909599423408508
reserving basis 115/768; cond: 64373313536.0, ratio:0.9909599423408508
reserving basis 123/768; cond: 69812912128.0, ratio:0.9910972714424133
reserving basis 123/768; cond: 69812912128.0, ratio:0.9910972714424133
reserving basis 104/768; cond: 40934023168.0, ratio:0.9902768135070801
reserving basis 104/768; cond: 40934023168.0, ratio:0.9902768135070801
reserving basis 120/768; cond: 187854651392.0, ratio:0.991819441318512
reserving basis 120/768; cond: 187854651392.0, ratio:0.991819441318512
reserving basis 94/768; cond: 210489376768.0, ratio:0.9906623363494873
reserving basis 94/768; cond: 210489376768.0, ratio:0.9906623363494873
reserving basis 90/768; cond: 483201581056.0, ratio:0.9916970729827881
reserving basis 90/768; cond: 483201581056.0, ratio:0.9916970729827881
reserving basis 81/768; cond: 61392617472.0, ratio:0.9912541508674622
reserving basis 81/768; cond: 61392617472.0, ratio:0.9912541508674622
2026-04-27 14:37:58,513 [palora.py] => Task 22, Epoch 50/50 => Loss 0.545, Train_accy 95.41
2026-04-27 14:38:05,254 [trainer.py] => Time:283.2858467102051
2805 2805
2026-04-27 14:38:14,609 [trainer.py] => Time:9.355011940002441
2026-04-27 14:38:14,609 [trainer.py] => ACC: {'total': 80.36, '00-03': 78.12, '04-07': 79.84, '08-11': 76.0, '12-15': 85.15, '16-19': 90.74, '20-23': 81.68, '24-27': 86.36, '28-31': 79.89, '32-35': 81.97, '36-39': 78.57, '40-43': 65.38, '44-47': 73.02, '48-51': 88.29, '52-55': 71.43, '56-59': 80.95, '60-63': 81.25, '64-67': 83.64, '68-71': 66.3, '72-75': 73.13, '76-79': 78.95, '80-83': 83.17, '84-87': 84.25, '88-91': 86.41, 'old': 80.13, 'new': 86.41}
2026-04-27 14:38:14,610 [trainer.py] => ACC top1 curve: [89.38, 88.73, 86.55, 85.29, 86.08, 85.37, 85.84, 84.96, 84.57, 83.67, 83.37, 82.86, 83.11, 82.63, 82.43, 82.33, 82.27, 81.7, 81.04, 80.71, 79.93, 80.13, 80.36]
Average Accuracy: 83.62217391304347
2026-04-27 14:38:14,610 [trainer.py] => Average Accuracy: 83.62217391304347
2026-04-27 14:38:14,620 [trainer.py] => All params: 126094051
2026-04-27 14:38:14,629 [trainer.py] => Trainable params: 371716
2026-04-27 14:38:14,629 [palora.py] => Learning on 92-96
Parameters to be updated: {'image_encoder.blocks.2.attn.lora_A_k.23.weight', 'image_encoder.blocks.9.attn.lora_B_v.23.weight', 'image_encoder.blocks.8.attn.lora_B_k.23.weight', 'image_encoder.blocks.0.attn.lora_A_k.23.weight', 'image_encoder.blocks.2.attn.lora_A_v.23.weight', 'image_encoder.blocks.5.attn.lora_A_v.23.weight', 'image_encoder.blocks.3.attn.lora_B_v.23.weight', 'image_encoder.blocks.11.attn.lora_A_k.23.weight', 'classifier_pool.23.weight', 'image_encoder.blocks.4.attn.lora_A_v.23.weight', 'image_encoder.blocks.1.attn.lora_B_v.23.weight', 'image_encoder.blocks.4.attn.lora_A_k.23.weight', 'image_encoder.blocks.7.attn.lora_A_v.23.weight', 'image_encoder.blocks.6.attn.lora_A_k.23.weight', 'image_encoder.blocks.1.attn.lora_A_k.23.weight', 'image_encoder.blocks.7.attn.lora_A_k.23.weight', 'image_encoder.blocks.5.attn.lora_B_v.23.weight', 'image_encoder.blocks.8.attn.lora_A_k.23.weight', 'image_encoder.blocks.1.attn.lora_B_k.23.weight', 'image_encoder.blocks.2.attn.lora_B_v.23.weight', 'image_encoder.blocks.5.attn.lora_B_k.23.weight', 'image_encoder.blocks.11.attn.lora_B_k.23.weight', 'image_encoder.blocks.3.attn.lora_B_k.23.weight', 'image_encoder.blocks.6.attn.lora_B_k.23.weight', 'image_encoder.blocks.10.attn.lora_B_k.23.weight', 'image_encoder.blocks.9.attn.lora_B_k.23.weight', 'image_encoder.blocks.11.attn.lora_B_v.23.weight', 'image_encoder.blocks.10.attn.lora_B_v.23.weight', 'image_encoder.blocks.8.attn.lora_A_v.23.weight', 'image_encoder.blocks.0.attn.lora_B_k.23.weight', 'image_encoder.blocks.7.attn.lora_B_k.23.weight', 'image_encoder.blocks.5.attn.lora_A_k.23.weight', 'image_encoder.blocks.7.attn.lora_B_v.23.weight', 'image_encoder.blocks.3.attn.lora_A_v.23.weight', 'image_encoder.blocks.10.attn.lora_A_v.23.weight', 'image_encoder.blocks.2.attn.lora_B_k.23.weight', 'image_encoder.blocks.11.attn.lora_A_v.23.weight', 'image_encoder.blocks.0.attn.lora_B_v.23.weight', 'image_encoder.blocks.10.attn.lora_A_k.23.weight', 'image_encoder.blocks.6.attn.lora_A_v.23.weight', 'image_encoder.blocks.3.attn.lora_A_k.23.weight', 'image_encoder.blocks.9.attn.lora_A_k.23.weight', 'image_encoder.blocks.0.attn.lora_A_v.23.weight', 'image_encoder.blocks.4.attn.lora_B_k.23.weight', 'image_encoder.blocks.4.attn.lora_B_v.23.weight', 'image_encoder.blocks.9.attn.lora_A_v.23.weight', 'image_encoder.blocks.1.attn.lora_A_v.23.weight', 'classifier_pool.23.bias', 'image_encoder.blocks.6.attn.lora_B_v.23.weight', 'image_encoder.blocks.8.attn.lora_B_v.23.weight'}
After trained on task 22 tensor(0.0273, device='cuda:0') tensor(0.0257, device='cuda:0')
After trained on task 22 tensor(0.0319, device='cuda:0') tensor(0.0302, device='cuda:0')
After trained on task 22 tensor(0.0251, device='cuda:0') tensor(0.0310, device='cuda:0')
After trained on task 22 tensor(0.0259, device='cuda:0') tensor(0.0364, device='cuda:0')
After trained on task 22 tensor(0.0290, device='cuda:0') tensor(0.0403, device='cuda:0')
After trained on task 22 tensor(0.0325, device='cuda:0') tensor(0.0418, device='cuda:0')
After trained on task 22 tensor(0.0329, device='cuda:0') tensor(0.0477, device='cuda:0')
After trained on task 22 tensor(0.0376, device='cuda:0') tensor(0.0478, device='cuda:0')
After trained on task 22 tensor(0.0466, device='cuda:0') tensor(0.0685, device='cuda:0')
After trained on task 22 tensor(0.0561, device='cuda:0') tensor(0.0893, device='cuda:0')
After trained on task 22 tensor(0.0860, device='cuda:0') tensor(0.1271, device='cuda:0')
After trained on task 22 tensor(0.1152, device='cuda:0') tensor(0.1462, device='cuda:0')
reserving basis 125/768; cond: 224234946560.0, ratio:0.9906620979309082
reserving basis 125/768; cond: 224234946560.0, ratio:0.9906620979309082
reserving basis 132/768; cond: 16922672128.0, ratio:0.9908866286277771
reserving basis 132/768; cond: 16922672128.0, ratio:0.9908866286277771
reserving basis 130/768; cond: 808234385408.0, ratio:0.9904822111129761
reserving basis 130/768; cond: 808234385408.0, ratio:0.9904822111129761
reserving basis 132/768; cond: 11475893248.0, ratio:0.9907914400100708
reserving basis 132/768; cond: 11475893248.0, ratio:0.9907914400100708
reserving basis 140/768; cond: 925574692864.0, ratio:0.9916724562644958
reserving basis 140/768; cond: 925574692864.0, ratio:0.9916724562644958
reserving basis 137/768; cond: 76276539392.0, ratio:0.991553544998169
reserving basis 137/768; cond: 76276539392.0, ratio:0.991553544998169
reserving basis 145/768; cond: 44612575232.0, ratio:0.9901608824729919
reserving basis 145/768; cond: 44612575232.0, ratio:0.9901608824729919
reserving basis 134/768; cond: 1116034039808.0, ratio:0.9902210831642151
reserving basis 134/768; cond: 1116034039808.0, ratio:0.9902210831642151
reserving basis 144/768; cond: 53742010368.0, ratio:0.9909244179725647
reserving basis 144/768; cond: 53742010368.0, ratio:0.9909244179725647
reserving basis 134/768; cond: 145172840448.0, ratio:0.9901731610298157
reserving basis 134/768; cond: 145172840448.0, ratio:0.9901731610298157
reserving basis 138/768; cond: 51845169152.0, ratio:0.9913217425346375
reserving basis 138/768; cond: 51845169152.0, ratio:0.9913217425346375
reserving basis 132/768; cond: 24325480448.0, ratio:0.9914117455482483
reserving basis 132/768; cond: 24325480448.0, ratio:0.9914117455482483
reserving basis 138/768; cond: 24967067648.0, ratio:0.990302562713623
reserving basis 138/768; cond: 24967067648.0, ratio:0.990302562713623
reserving basis 132/768; cond: 27815680000.0, ratio:0.9905949831008911
reserving basis 132/768; cond: 27815680000.0, ratio:0.9905949831008911
reserving basis 139/768; cond: 16397513728.0, ratio:0.9908927083015442
reserving basis 139/768; cond: 16397513728.0, ratio:0.9908927083015442
reserving basis 127/768; cond: 27935621120.0, ratio:0.9903895854949951
reserving basis 127/768; cond: 27935621120.0, ratio:0.9903895854949951
reserving basis 134/768; cond: 36845395968.0, ratio:0.9905294179916382
reserving basis 134/768; cond: 36845395968.0, ratio:0.9905294179916382
reserving basis 116/768; cond: 7318378905600.0, ratio:0.9900221228599548
reserving basis 116/768; cond: 7318378905600.0, ratio:0.9900221228599548
reserving basis 125/768; cond: 4105665249280.0, ratio:0.9903728365898132
reserving basis 125/768; cond: 4105665249280.0, ratio:0.9903728365898132
reserving basis 106/768; cond: 10906212352.0, ratio:0.9918050765991211
reserving basis 106/768; cond: 10906212352.0, ratio:0.9918050765991211
reserving basis 121/768; cond: 62174846976.0, ratio:0.9903602600097656
reserving basis 121/768; cond: 62174846976.0, ratio:0.9903602600097656
reserving basis 95/768; cond: 19571019776.0, ratio:0.9914078116416931
reserving basis 95/768; cond: 19571019776.0, ratio:0.9914078116416931
reserving basis 91/768; cond: 1165980991488.0, ratio:0.9900473952293396
reserving basis 91/768; cond: 1165980991488.0, ratio:0.9900473952293396
reserving basis 82/768; cond: 17213114368.0, ratio:0.9915265440940857
reserving basis 82/768; cond: 17213114368.0, ratio:0.9915265440940857
2026-04-27 14:43:01,948 [palora.py] => Task 23, Epoch 50/50 => Loss 0.499, Train_accy 95.79
2026-04-27 14:43:08,776 [trainer.py] => Time:294.1465873718262
2919 2919
2026-04-27 14:43:18,677 [trainer.py] => Time:9.901044607162476
2026-04-27 14:43:18,678 [trainer.py] => ACC: {'total': 79.92, '00-03': 77.5, '04-07': 79.84, '08-11': 76.0, '12-15': 85.15, '16-19': 90.74, '20-23': 81.68, '24-27': 84.09, '28-31': 78.74, '32-35': 81.97, '36-39': 78.57, '40-43': 65.38, '44-47': 71.43, '48-51': 88.29, '52-55': 71.43, '56-59': 80.95, '60-63': 81.25, '64-67': 83.64, '68-71': 66.3, '72-75': 73.88, '76-79': 78.36, '80-83': 83.66, '84-87': 85.62, '88-91': 85.44, '92-95': 74.56, 'old': 80.14, 'new': 74.56}
2026-04-27 14:43:18,678 [trainer.py] => ACC top1 curve: [89.38, 88.73, 86.55, 85.29, 86.08, 85.37, 85.84, 84.96, 84.57, 83.67, 83.37, 82.86, 83.11, 82.63, 82.43, 82.33, 82.27, 81.7, 81.04, 80.71, 79.93, 80.13, 80.36, 79.92]
Average Accuracy: 83.46791666666665
2026-04-27 14:43:18,678 [trainer.py] => Average Accuracy: 83.46791666666665
2026-04-27 14:43:18,687 [trainer.py] => All params: 126094051
2026-04-27 14:43:18,696 [trainer.py] => Trainable params: 371716
2026-04-27 14:43:18,696 [palora.py] => Learning on 96-100
Parameters to be updated: {'image_encoder.blocks.9.attn.lora_B_v.24.weight', 'image_encoder.blocks.10.attn.lora_A_k.24.weight', 'image_encoder.blocks.3.attn.lora_B_v.24.weight', 'image_encoder.blocks.4.attn.lora_B_k.24.weight', 'image_encoder.blocks.8.attn.lora_A_k.24.weight', 'image_encoder.blocks.3.attn.lora_A_k.24.weight', 'image_encoder.blocks.2.attn.lora_A_k.24.weight', 'image_encoder.blocks.6.attn.lora_A_k.24.weight', 'image_encoder.blocks.8.attn.lora_B_k.24.weight', 'image_encoder.blocks.9.attn.lora_A_k.24.weight', 'image_encoder.blocks.2.attn.lora_B_k.24.weight', 'image_encoder.blocks.0.attn.lora_B_v.24.weight', 'image_encoder.blocks.11.attn.lora_B_k.24.weight', 'image_encoder.blocks.9.attn.lora_B_k.24.weight', 'image_encoder.blocks.10.attn.lora_A_v.24.weight', 'image_encoder.blocks.7.attn.lora_B_v.24.weight', 'image_encoder.blocks.5.attn.lora_A_k.24.weight', 'image_encoder.blocks.9.attn.lora_A_v.24.weight', 'classifier_pool.24.weight', 'image_encoder.blocks.1.attn.lora_B_v.24.weight', 'image_encoder.blocks.4.attn.lora_A_v.24.weight', 'image_encoder.blocks.11.attn.lora_A_v.24.weight', 'image_encoder.blocks.2.attn.lora_A_v.24.weight', 'image_encoder.blocks.8.attn.lora_A_v.24.weight', 'image_encoder.blocks.1.attn.lora_B_k.24.weight', 'image_encoder.blocks.7.attn.lora_A_v.24.weight', 'image_encoder.blocks.4.attn.lora_A_k.24.weight', 'image_encoder.blocks.4.attn.lora_B_v.24.weight', 'image_encoder.blocks.1.attn.lora_A_k.24.weight', 'image_encoder.blocks.2.attn.lora_B_v.24.weight', 'image_encoder.blocks.7.attn.lora_A_k.24.weight', 'image_encoder.blocks.10.attn.lora_B_v.24.weight', 'image_encoder.blocks.3.attn.lora_A_v.24.weight', 'image_encoder.blocks.6.attn.lora_B_k.24.weight', 'image_encoder.blocks.6.attn.lora_B_v.24.weight', 'image_encoder.blocks.11.attn.lora_B_v.24.weight', 'image_encoder.blocks.8.attn.lora_B_v.24.weight', 'image_encoder.blocks.5.attn.lora_A_v.24.weight', 'image_encoder.blocks.0.attn.lora_A_v.24.weight', 'image_encoder.blocks.0.attn.lora_B_k.24.weight', 'image_encoder.blocks.0.attn.lora_A_k.24.weight', 'image_encoder.blocks.5.attn.lora_B_k.24.weight', 'image_encoder.blocks.5.attn.lora_B_v.24.weight', 'image_encoder.blocks.7.attn.lora_B_k.24.weight', 'image_encoder.blocks.10.attn.lora_B_k.24.weight', 'image_encoder.blocks.3.attn.lora_B_k.24.weight', 'image_encoder.blocks.11.attn.lora_A_k.24.weight', 'image_encoder.blocks.6.attn.lora_A_v.24.weight', 'image_encoder.blocks.1.attn.lora_A_v.24.weight', 'classifier_pool.24.bias'}
After trained on task 23 tensor(0.0282, device='cuda:0') tensor(0.0282, device='cuda:0')
After trained on task 23 tensor(0.0306, device='cuda:0') tensor(0.0313, device='cuda:0')
After trained on task 23 tensor(0.0269, device='cuda:0') tensor(0.0376, device='cuda:0')
After trained on task 23 tensor(0.0300, device='cuda:0') tensor(0.0442, device='cuda:0')
After trained on task 23 tensor(0.0348, device='cuda:0') tensor(0.0483, device='cuda:0')
After trained on task 23 tensor(0.0413, device='cuda:0') tensor(0.0506, device='cuda:0')
After trained on task 23 tensor(0.0495, device='cuda:0') tensor(0.0593, device='cuda:0')
After trained on task 23 tensor(0.0588, device='cuda:0') tensor(0.0698, device='cuda:0')
After trained on task 23 tensor(0.0675, device='cuda:0') tensor(0.1085, device='cuda:0')
After trained on task 23 tensor(0.0720, device='cuda:0') tensor(0.1868, device='cuda:0')
After trained on task 23 tensor(0.0970, device='cuda:0') tensor(0.2002, device='cuda:0')
After trained on task 23 tensor(0.1331, device='cuda:0') tensor(0.2330, device='cuda:0')
reserving basis 128/768; cond: 52497530880.0, ratio:0.9909573793411255
reserving basis 128/768; cond: 52497530880.0, ratio:0.9909573793411255
reserving basis 134/768; cond: 35345682432.0, ratio:0.9900903701782227
reserving basis 134/768; cond: 35345682432.0, ratio:0.9900903701782227
reserving basis 133/768; cond: 356813275136.0, ratio:0.9910992980003357
reserving basis 133/768; cond: 356813275136.0, ratio:0.9910992980003357
reserving basis 135/768; cond: 17952477184.0, ratio:0.9905758500099182
reserving basis 135/768; cond: 17952477184.0, ratio:0.9905758500099182
reserving basis 143/768; cond: 25046984704.0, ratio:0.9911409616470337
reserving basis 143/768; cond: 25046984704.0, ratio:0.9911409616470337
reserving basis 140/768; cond: 20485154816.0, ratio:0.9916337132453918
reserving basis 140/768; cond: 20485154816.0, ratio:0.9916337132453918
reserving basis 148/768; cond: 79098535936.0, ratio:0.9908127784729004
reserving basis 148/768; cond: 79098535936.0, ratio:0.9908127784729004
reserving basis 137/768; cond: 68450684928.0, ratio:0.9904288053512573
reserving basis 137/768; cond: 68450684928.0, ratio:0.9904288053512573
reserving basis 147/768; cond: 58506051584.0, ratio:0.9905514121055603
reserving basis 147/768; cond: 58506051584.0, ratio:0.9905514121055603
reserving basis 137/768; cond: 97748967424.0, ratio:0.9905962944030762
reserving basis 137/768; cond: 97748967424.0, ratio:0.9905962944030762
reserving basis 141/768; cond: 34013003776.0, ratio:0.9903732538223267
reserving basis 141/768; cond: 34013003776.0, ratio:0.9903732538223267
reserving basis 135/768; cond: 24178780160.0, ratio:0.9911249876022339
reserving basis 135/768; cond: 24178780160.0, ratio:0.9911249876022339
reserving basis 141/768; cond: 22969626624.0, ratio:0.9909502863883972
reserving basis 141/768; cond: 22969626624.0, ratio:0.9909502863883972
reserving basis 135/768; cond: 26835019776.0, ratio:0.990746796131134
reserving basis 135/768; cond: 26835019776.0, ratio:0.990746796131134
reserving basis 142/768; cond: 172762316800.0, ratio:0.9909605979919434
reserving basis 142/768; cond: 172762316800.0, ratio:0.9909605979919434
reserving basis 130/768; cond: 7842875047936.0, ratio:0.9910053014755249
reserving basis 130/768; cond: 7842875047936.0, ratio:0.9910053014755249
reserving basis 137/768; cond: 202420699136.0, ratio:0.9913163781166077
reserving basis 137/768; cond: 202420699136.0, ratio:0.9913163781166077
reserving basis 119/768; cond: 46212562944.0, ratio:0.9910203218460083
reserving basis 119/768; cond: 46212562944.0, ratio:0.9910203218460083
reserving basis 128/768; cond: 85882118144.0, ratio:0.9917140007019043
reserving basis 128/768; cond: 85882118144.0, ratio:0.9917140007019043
reserving basis 108/768; cond: 29416054784.0, ratio:0.9917216897010803
reserving basis 108/768; cond: 29416054784.0, ratio:0.9917216897010803
reserving basis 123/768; cond: 69023064064.0, ratio:0.9902716875076294
reserving basis 123/768; cond: 69023064064.0, ratio:0.9902716875076294
reserving basis 96/768; cond: 101552611328.0, ratio:0.9907130599021912
reserving basis 96/768; cond: 101552611328.0, ratio:0.9907130599021912
reserving basis 92/768; cond: 60671463424.0, ratio:0.990177571773529
reserving basis 92/768; cond: 60671463424.0, ratio:0.990177571773529
reserving basis 83/768; cond: 171705516032.0, ratio:0.9912179112434387
reserving basis 83/768; cond: 171705516032.0, ratio:0.9912179112434387
2026-04-27 14:48:58,424 [palora.py] => Task 24, Epoch 50/50 => Loss 0.589, Train_accy 91.28
2026-04-27 14:49:06,269 [trainer.py] => Time:347.5734529495239
3100 3100
2026-04-27 14:49:16,795 [trainer.py] => Time:10.525446891784668
2026-04-27 14:49:16,796 [trainer.py] => ACC: {'total': 79.13, '00-03': 77.5, '04-07': 79.03, '08-11': 76.0, '12-15': 85.15, '16-19': 90.74, '20-23': 81.68, '24-27': 84.09, '28-31': 78.74, '32-35': 81.97, '36-39': 78.57, '40-43': 64.1, '44-47': 74.6, '48-51': 87.39, '52-55': 72.73, '56-59': 80.95, '60-63': 81.25, '64-67': 83.64, '68-71': 65.22, '72-75': 71.64, '76-79': 76.61, '80-83': 84.16, '84-87': 84.93, '88-91': 85.44, '92-95': 73.68, '96-99': 70.72, 'old': 79.65, 'new': 70.72}
2026-04-27 14:49:16,796 [trainer.py] => ACC top1 curve: [89.38, 88.73, 86.55, 85.29, 86.08, 85.37, 85.84, 84.96, 84.57, 83.67, 83.37, 82.86, 83.11, 82.63, 82.43, 82.33, 82.27, 81.7, 81.04, 80.71, 79.93, 80.13, 80.36, 79.92, 79.13]
Average Accuracy: 83.29439999999998
2026-04-27 14:49:16,796 [trainer.py] => Average Accuracy: 83.29439999999998
2026-04-27 14:49:16,807 [trainer.py] => All params: 126094051
2026-04-27 14:49:16,815 [trainer.py] => Trainable params: 371716
2026-04-27 14:49:16,815 [palora.py] => Learning on 100-104
Parameters to be updated: {'image_encoder.blocks.2.attn.lora_B_v.25.weight', 'image_encoder.blocks.7.attn.lora_A_k.25.weight', 'image_encoder.blocks.9.attn.lora_A_v.25.weight', 'image_encoder.blocks.11.attn.lora_B_k.25.weight', 'image_encoder.blocks.10.attn.lora_A_v.25.weight', 'image_encoder.blocks.0.attn.lora_A_v.25.weight', 'image_encoder.blocks.6.attn.lora_B_k.25.weight', 'image_encoder.blocks.11.attn.lora_A_k.25.weight', 'image_encoder.blocks.11.attn.lora_A_v.25.weight', 'image_encoder.blocks.5.attn.lora_A_k.25.weight', 'image_encoder.blocks.6.attn.lora_A_k.25.weight', 'image_encoder.blocks.9.attn.lora_A_k.25.weight', 'image_encoder.blocks.10.attn.lora_B_v.25.weight', 'image_encoder.blocks.1.attn.lora_B_k.25.weight', 'image_encoder.blocks.3.attn.lora_B_k.25.weight', 'image_encoder.blocks.8.attn.lora_A_k.25.weight', 'image_encoder.blocks.8.attn.lora_A_v.25.weight', 'image_encoder.blocks.9.attn.lora_B_v.25.weight', 'image_encoder.blocks.11.attn.lora_B_v.25.weight', 'image_encoder.blocks.3.attn.lora_A_k.25.weight', 'image_encoder.blocks.4.attn.lora_B_v.25.weight', 'classifier_pool.25.weight', 'classifier_pool.25.bias', 'image_encoder.blocks.8.attn.lora_B_k.25.weight', 'image_encoder.blocks.3.attn.lora_B_v.25.weight', 'image_encoder.blocks.0.attn.lora_A_k.25.weight', 'image_encoder.blocks.6.attn.lora_A_v.25.weight', 'image_encoder.blocks.7.attn.lora_B_v.25.weight', 'image_encoder.blocks.10.attn.lora_B_k.25.weight', 'image_encoder.blocks.3.attn.lora_A_v.25.weight', 'image_encoder.blocks.1.attn.lora_A_k.25.weight', 'image_encoder.blocks.4.attn.lora_A_k.25.weight', 'image_encoder.blocks.4.attn.lora_A_v.25.weight', 'image_encoder.blocks.5.attn.lora_B_k.25.weight', 'image_encoder.blocks.7.attn.lora_B_k.25.weight', 'image_encoder.blocks.8.attn.lora_B_v.25.weight', 'image_encoder.blocks.5.attn.lora_B_v.25.weight', 'image_encoder.blocks.5.attn.lora_A_v.25.weight', 'image_encoder.blocks.6.attn.lora_B_v.25.weight', 'image_encoder.blocks.0.attn.lora_B_v.25.weight', 'image_encoder.blocks.2.attn.lora_A_v.25.weight', 'image_encoder.blocks.9.attn.lora_B_k.25.weight', 'image_encoder.blocks.2.attn.lora_B_k.25.weight', 'image_encoder.blocks.7.attn.lora_A_v.25.weight', 'image_encoder.blocks.1.attn.lora_A_v.25.weight', 'image_encoder.blocks.2.attn.lora_A_k.25.weight', 'image_encoder.blocks.1.attn.lora_B_v.25.weight', 'image_encoder.blocks.0.attn.lora_B_k.25.weight', 'image_encoder.blocks.4.attn.lora_B_k.25.weight', 'image_encoder.blocks.10.attn.lora_A_k.25.weight'}
After trained on task 24 tensor(0.0374, device='cuda:0') tensor(0.0307, device='cuda:0')
After trained on task 24 tensor(0.0289, device='cuda:0') tensor(0.0346, device='cuda:0')
After trained on task 24 tensor(0.0296, device='cuda:0') tensor(0.0372, device='cuda:0')
After trained on task 24 tensor(0.0290, device='cuda:0') tensor(0.0399, device='cuda:0')
After trained on task 24 tensor(0.0340, device='cuda:0') tensor(0.0451, device='cuda:0')
After trained on task 24 tensor(0.0431, device='cuda:0') tensor(0.0480, device='cuda:0')
After trained on task 24 tensor(0.0405, device='cuda:0') tensor(0.0516, device='cuda:0')
After trained on task 24 tensor(0.0416, device='cuda:0') tensor(0.0679, device='cuda:0')
After trained on task 24 tensor(0.0495, device='cuda:0') tensor(0.1115, device='cuda:0')
After trained on task 24 tensor(0.0579, device='cuda:0') tensor(0.1232, device='cuda:0')
After trained on task 24 tensor(0.0625, device='cuda:0') tensor(0.1866, device='cuda:0')
After trained on task 24 tensor(0.0965, device='cuda:0') tensor(0.2289, device='cuda:0')
reserving basis 131/768; cond: 65693286400.0, ratio:0.9914016723632812
reserving basis 131/768; cond: 65693286400.0, ratio:0.9914016723632812
reserving basis 138/768; cond: 71477837824.0, ratio:0.99135822057724
reserving basis 138/768; cond: 71477837824.0, ratio:0.99135822057724
reserving basis 136/768; cond: 56462700544.0, ratio:0.9908521771430969
reserving basis 136/768; cond: 56462700544.0, ratio:0.9908521771430969
reserving basis 137/768; cond: 14160305152.0, ratio:0.9900625944137573
reserving basis 137/768; cond: 14160305152.0, ratio:0.9900625944137573
reserving basis 146/768; cond: 12267616256.0, ratio:0.9903257489204407
reserving basis 146/768; cond: 12267616256.0, ratio:0.9903257489204407
reserving basis 142/768; cond: 855911038976.0, ratio:0.9901174306869507
reserving basis 142/768; cond: 855911038976.0, ratio:0.9901174306869507
reserving basis 151/768; cond: 18576119808.0, ratio:0.9904170632362366
reserving basis 151/768; cond: 18576119808.0, ratio:0.9904170632362366
reserving basis 140/768; cond: 51210518265856.0, ratio:0.9912586808204651
reserving basis 140/768; cond: 51210518265856.0, ratio:0.9912586808204651
reserving basis 150/768; cond: 67838533632.0, ratio:0.9902554154396057
reserving basis 150/768; cond: 67838533632.0, ratio:0.9902554154396057
reserving basis 140/768; cond: 105840820224.0, ratio:0.9911574125289917
reserving basis 140/768; cond: 105840820224.0, ratio:0.9911574125289917
reserving basis 144/768; cond: 138930683904.0, ratio:0.9916403889656067
reserving basis 144/768; cond: 138930683904.0, ratio:0.9916403889656067
reserving basis 138/768; cond: 58371940352.0, ratio:0.9912126660346985
reserving basis 138/768; cond: 58371940352.0, ratio:0.9912126660346985
reserving basis 144/768; cond: 59391012864.0, ratio:0.9911154508590698
reserving basis 144/768; cond: 59391012864.0, ratio:0.9911154508590698
reserving basis 138/768; cond: 197445582848.0, ratio:0.9915133118629456
reserving basis 138/768; cond: 197445582848.0, ratio:0.9915133118629456
reserving basis 145/768; cond: 266073047040.0, ratio:0.9906249046325684
reserving basis 145/768; cond: 266073047040.0, ratio:0.9906249046325684
reserving basis 133/768; cond: 63050452992.0, ratio:0.9915304183959961
reserving basis 133/768; cond: 63050452992.0, ratio:0.9915304183959961
reserving basis 140/768; cond: 20402186240.0, ratio:0.9912990927696228
reserving basis 140/768; cond: 20402186240.0, ratio:0.9912990927696228
reserving basis 120/768; cond: 837121933312.0, ratio:0.990039050579071
reserving basis 120/768; cond: 837121933312.0, ratio:0.990039050579071
reserving basis 131/768; cond: 90230554624.0, ratio:0.9914985299110413
reserving basis 131/768; cond: 90230554624.0, ratio:0.9914985299110413
reserving basis 110/768; cond: 291675373568.0, ratio:0.9913368821144104
reserving basis 110/768; cond: 291675373568.0, ratio:0.9913368821144104
reserving basis 126/768; cond: 116951244800.0, ratio:0.991387665271759
reserving basis 126/768; cond: 116951244800.0, ratio:0.991387665271759
reserving basis 97/768; cond: 23981576192.0, ratio:0.990596354007721
reserving basis 97/768; cond: 23981576192.0, ratio:0.990596354007721
reserving basis 94/768; cond: 22789206016.0, ratio:0.9910460710525513
reserving basis 94/768; cond: 22789206016.0, ratio:0.9910460710525513
reserving basis 84/768; cond: 93519421440.0, ratio:0.9909042716026306
reserving basis 84/768; cond: 93519421440.0, ratio:0.9909042716026306
2026-04-27 14:54:04,060 [palora.py] => Task 25, Epoch 50/50 => Loss 0.476, Train_accy 96.58
2026-04-27 14:54:11,363 [trainer.py] => Time:294.5484607219696
3211 3211
2026-04-27 14:54:21,916 [trainer.py] => Time:10.552258491516113
2026-04-27 14:54:21,916 [trainer.py] => ACC: {'total': 78.95, '00-03': 77.5, '04-07': 79.84, '08-11': 75.2, '12-15': 85.15, '16-19': 90.74, '20-23': 81.68, '24-27': 84.66, '28-31': 78.74, '32-35': 78.69, '36-39': 78.57, '40-43': 64.1, '44-47': 74.6, '48-51': 88.29, '52-55': 71.43, '56-59': 82.14, '60-63': 80.62, '64-67': 83.64, '68-71': 63.04, '72-75': 72.39, '76-79': 77.78, '80-83': 84.16, '84-87': 84.93, '88-91': 85.44, '92-95': 72.81, '96-99': 69.61, '100-103': 76.58, 'old': 79.03, 'new': 76.58}
2026-04-27 14:54:21,916 [trainer.py] => ACC top1 curve: [89.38, 88.73, 86.55, 85.29, 86.08, 85.37, 85.84, 84.96, 84.57, 83.67, 83.37, 82.86, 83.11, 82.63, 82.43, 82.33, 82.27, 81.7, 81.04, 80.71, 79.93, 80.13, 80.36, 79.92, 79.13, 78.95]
Average Accuracy: 83.12730769230767
2026-04-27 14:54:21,916 [trainer.py] => Average Accuracy: 83.12730769230767
2026-04-27 14:54:21,927 [trainer.py] => All params: 126094051
2026-04-27 14:54:21,937 [trainer.py] => Trainable params: 371716
2026-04-27 14:54:21,937 [palora.py] => Learning on 104-108
Parameters to be updated: {'image_encoder.blocks.4.attn.lora_B_k.26.weight', 'image_encoder.blocks.2.attn.lora_A_v.26.weight', 'image_encoder.blocks.4.attn.lora_A_k.26.weight', 'image_encoder.blocks.5.attn.lora_B_k.26.weight', 'image_encoder.blocks.11.attn.lora_A_k.26.weight', 'image_encoder.blocks.1.attn.lora_A_v.26.weight', 'image_encoder.blocks.7.attn.lora_A_v.26.weight', 'image_encoder.blocks.1.attn.lora_A_k.26.weight', 'image_encoder.blocks.6.attn.lora_B_v.26.weight', 'image_encoder.blocks.0.attn.lora_B_k.26.weight', 'image_encoder.blocks.8.attn.lora_A_k.26.weight', 'classifier_pool.26.weight', 'image_encoder.blocks.9.attn.lora_A_k.26.weight', 'image_encoder.blocks.11.attn.lora_B_k.26.weight', 'image_encoder.blocks.3.attn.lora_A_v.26.weight', 'image_encoder.blocks.1.attn.lora_B_v.26.weight', 'image_encoder.blocks.9.attn.lora_B_v.26.weight', 'image_encoder.blocks.2.attn.lora_B_v.26.weight', 'image_encoder.blocks.11.attn.lora_A_v.26.weight', 'image_encoder.blocks.1.attn.lora_B_k.26.weight', 'image_encoder.blocks.10.attn.lora_A_k.26.weight', 'image_encoder.blocks.8.attn.lora_B_k.26.weight', 'image_encoder.blocks.5.attn.lora_A_k.26.weight', 'image_encoder.blocks.0.attn.lora_A_k.26.weight', 'image_encoder.blocks.10.attn.lora_A_v.26.weight', 'image_encoder.blocks.2.attn.lora_A_k.26.weight', 'image_encoder.blocks.7.attn.lora_B_k.26.weight', 'classifier_pool.26.bias', 'image_encoder.blocks.5.attn.lora_A_v.26.weight', 'image_encoder.blocks.3.attn.lora_B_k.26.weight', 'image_encoder.blocks.2.attn.lora_B_k.26.weight', 'image_encoder.blocks.6.attn.lora_A_k.26.weight', 'image_encoder.blocks.5.attn.lora_B_v.26.weight', 'image_encoder.blocks.4.attn.lora_B_v.26.weight', 'image_encoder.blocks.8.attn.lora_A_v.26.weight', 'image_encoder.blocks.3.attn.lora_A_k.26.weight', 'image_encoder.blocks.10.attn.lora_B_k.26.weight', 'image_encoder.blocks.10.attn.lora_B_v.26.weight', 'image_encoder.blocks.11.attn.lora_B_v.26.weight', 'image_encoder.blocks.7.attn.lora_B_v.26.weight', 'image_encoder.blocks.9.attn.lora_A_v.26.weight', 'image_encoder.blocks.0.attn.lora_B_v.26.weight', 'image_encoder.blocks.6.attn.lora_B_k.26.weight', 'image_encoder.blocks.7.attn.lora_A_k.26.weight', 'image_encoder.blocks.3.attn.lora_B_v.26.weight', 'image_encoder.blocks.0.attn.lora_A_v.26.weight', 'image_encoder.blocks.9.attn.lora_B_k.26.weight', 'image_encoder.blocks.6.attn.lora_A_v.26.weight', 'image_encoder.blocks.8.attn.lora_B_v.26.weight', 'image_encoder.blocks.4.attn.lora_A_v.26.weight'}
After trained on task 25 tensor(0.0290, device='cuda:0') tensor(0.0263, device='cuda:0')
After trained on task 25 tensor(0.0342, device='cuda:0') tensor(0.0325, device='cuda:0')
After trained on task 25 tensor(0.0287, device='cuda:0') tensor(0.0374, device='cuda:0')
After trained on task 25 tensor(0.0308, device='cuda:0') tensor(0.0409, device='cuda:0')
After trained on task 25 tensor(0.0386, device='cuda:0') tensor(0.0488, device='cuda:0')
After trained on task 25 tensor(0.0485, device='cuda:0') tensor(0.0504, device='cuda:0')
After trained on task 25 tensor(0.0450, device='cuda:0') tensor(0.0540, device='cuda:0')
After trained on task 25 tensor(0.0487, device='cuda:0') tensor(0.0707, device='cuda:0')
After trained on task 25 tensor(0.0551, device='cuda:0') tensor(0.0884, device='cuda:0')
After trained on task 25 tensor(0.0769, device='cuda:0') tensor(0.1422, device='cuda:0')
After trained on task 25 tensor(0.0773, device='cuda:0') tensor(0.1879, device='cuda:0')
After trained on task 25 tensor(0.1117, device='cuda:0') tensor(0.2337, device='cuda:0')
reserving basis 134/768; cond: 409438191616.0, ratio:0.9913403987884521
reserving basis 134/768; cond: 409438191616.0, ratio:0.9913403987884521
reserving basis 140/768; cond: 17663991808.0, ratio:0.9904165267944336
reserving basis 140/768; cond: 17663991808.0, ratio:0.9904165267944336
reserving basis 138/768; cond: 266825170944.0, ratio:0.9906439781188965
reserving basis 138/768; cond: 266825170944.0, ratio:0.9906439781188965
reserving basis 140/768; cond: 22074818560.0, ratio:0.991551399230957
reserving basis 140/768; cond: 22074818560.0, ratio:0.991551399230957
reserving basis 148/768; cond: 30718554112.0, ratio:0.9900611042976379
reserving basis 148/768; cond: 30718554112.0, ratio:0.9900611042976379
reserving basis 144/768; cond: 28554821632.0, ratio:0.9900113940238953
reserving basis 144/768; cond: 28554821632.0, ratio:0.9900113940238953
reserving basis 154/768; cond: 167250591744.0, ratio:0.9912290573120117
reserving basis 154/768; cond: 167250591744.0, ratio:0.9912290573120117
reserving basis 143/768; cond: 21726029824.0, ratio:0.990317165851593
reserving basis 143/768; cond: 21726029824.0, ratio:0.990317165851593
reserving basis 153/768; cond: 30636290048.0, ratio:0.990510106086731
reserving basis 153/768; cond: 30636290048.0, ratio:0.990510106086731
reserving basis 143/768; cond: 435103334400.0, ratio:0.9909126162528992
reserving basis 143/768; cond: 435103334400.0, ratio:0.9909126162528992
reserving basis 147/768; cond: 79297282048.0, ratio:0.9909663200378418
reserving basis 147/768; cond: 79297282048.0, ratio:0.9909663200378418
reserving basis 141/768; cond: 442211532800.0, ratio:0.9910217523574829
reserving basis 141/768; cond: 442211532800.0, ratio:0.9910217523574829
reserving basis 147/768; cond: 28171892736.0, ratio:0.9908111691474915
reserving basis 147/768; cond: 28171892736.0, ratio:0.9908111691474915
reserving basis 141/768; cond: 324584374272.0, ratio:0.9909046292304993
reserving basis 141/768; cond: 324584374272.0, ratio:0.9909046292304993
reserving basis 148/768; cond: 128121585664.0, ratio:0.9907894134521484
reserving basis 148/768; cond: 128121585664.0, ratio:0.9907894134521484
reserving basis 136/768; cond: 49107009536.0, ratio:0.9910892248153687
reserving basis 136/768; cond: 49107009536.0, ratio:0.9910892248153687
reserving basis 143/768; cond: 21877946368.0, ratio:0.9907708168029785
reserving basis 143/768; cond: 21877946368.0, ratio:0.9907708168029785
reserving basis 122/768; cond: 34468077568.0, ratio:0.9902891516685486
reserving basis 122/768; cond: 34468077568.0, ratio:0.9902891516685486
reserving basis 133/768; cond: 111001411584.0, ratio:0.9909613728523254
reserving basis 133/768; cond: 111001411584.0, ratio:0.9909613728523254
reserving basis 112/768; cond: 163020275712.0, ratio:0.991696834564209
reserving basis 112/768; cond: 163020275712.0, ratio:0.991696834564209
reserving basis 128/768; cond: 325020352512.0, ratio:0.9909793734550476
reserving basis 128/768; cond: 325020352512.0, ratio:0.9909793734550476
reserving basis 98/768; cond: 19535413248.0, ratio:0.9908262491226196
reserving basis 98/768; cond: 19535413248.0, ratio:0.9908262491226196
reserving basis 96/768; cond: 205611319296.0, ratio:0.9904947876930237
reserving basis 96/768; cond: 205611319296.0, ratio:0.9904947876930237
reserving basis 85/768; cond: 15598922752.0, ratio:0.9913759231567383
reserving basis 85/768; cond: 15598922752.0, ratio:0.9913759231567383
2026-04-27 14:59:27,068 [palora.py] => Task 26, Epoch 50/50 => Loss 0.834, Train_accy 88.35
2026-04-27 14:59:34,079 [trainer.py] => Time:312.14119267463684
3343 3343
2026-04-27 14:59:44,736 [trainer.py] => Time:10.65739130973816
2026-04-27 14:59:44,737 [trainer.py] => ACC: {'total': 78.49, '00-03': 76.25, '04-07': 79.03, '08-11': 75.2, '12-15': 85.15, '16-19': 89.81, '20-23': 82.18, '24-27': 84.66, '28-31': 78.74, '32-35': 77.05, '36-39': 78.57, '40-43': 65.38, '44-47': 74.6, '48-51': 88.29, '52-55': 72.73, '56-59': 82.14, '60-63': 81.25, '64-67': 83.64, '68-71': 63.04, '72-75': 70.9, '76-79': 78.95, '80-83': 84.16, '84-87': 84.93, '88-91': 84.47, '92-95': 72.81, '96-99': 70.17, '100-103': 74.77, '104-107': 69.7, 'old': 78.85, 'new': 69.7}
2026-04-27 14:59:44,737 [trainer.py] => ACC top1 curve: [89.38, 88.73, 86.55, 85.29, 86.08, 85.37, 85.84, 84.96, 84.57, 83.67, 83.37, 82.86, 83.11, 82.63, 82.43, 82.33, 82.27, 81.7, 81.04, 80.71, 79.93, 80.13, 80.36, 79.92, 79.13, 78.95, 78.49]
Average Accuracy: 82.95555555555553
2026-04-27 14:59:44,737 [trainer.py] => Average Accuracy: 82.95555555555553
2026-04-27 14:59:44,747 [trainer.py] => All params: 126094051
2026-04-27 14:59:44,756 [trainer.py] => Trainable params: 371716
2026-04-27 14:59:44,756 [palora.py] => Learning on 108-112
Parameters to be updated: {'image_encoder.blocks.9.attn.lora_B_k.27.weight', 'image_encoder.blocks.5.attn.lora_A_k.27.weight', 'image_encoder.blocks.3.attn.lora_B_v.27.weight', 'image_encoder.blocks.8.attn.lora_A_k.27.weight', 'image_encoder.blocks.0.attn.lora_A_k.27.weight', 'image_encoder.blocks.2.attn.lora_A_k.27.weight', 'image_encoder.blocks.3.attn.lora_B_k.27.weight', 'image_encoder.blocks.8.attn.lora_A_v.27.weight', 'image_encoder.blocks.4.attn.lora_B_k.27.weight', 'image_encoder.blocks.11.attn.lora_B_v.27.weight', 'image_encoder.blocks.0.attn.lora_A_v.27.weight', 'image_encoder.blocks.8.attn.lora_B_k.27.weight', 'classifier_pool.27.bias', 'image_encoder.blocks.0.attn.lora_B_v.27.weight', 'image_encoder.blocks.7.attn.lora_A_v.27.weight', 'image_encoder.blocks.9.attn.lora_A_v.27.weight', 'image_encoder.blocks.2.attn.lora_B_k.27.weight', 'image_encoder.blocks.1.attn.lora_B_k.27.weight', 'image_encoder.blocks.9.attn.lora_B_v.27.weight', 'image_encoder.blocks.10.attn.lora_B_v.27.weight', 'image_encoder.blocks.5.attn.lora_B_k.27.weight', 'image_encoder.blocks.8.attn.lora_B_v.27.weight', 'image_encoder.blocks.6.attn.lora_A_v.27.weight', 'image_encoder.blocks.1.attn.lora_A_k.27.weight', 'image_encoder.blocks.1.attn.lora_B_v.27.weight', 'image_encoder.blocks.5.attn.lora_A_v.27.weight', 'image_encoder.blocks.6.attn.lora_B_v.27.weight', 'image_encoder.blocks.10.attn.lora_A_k.27.weight', 'image_encoder.blocks.2.attn.lora_B_v.27.weight', 'image_encoder.blocks.3.attn.lora_A_k.27.weight', 'image_encoder.blocks.2.attn.lora_A_v.27.weight', 'image_encoder.blocks.6.attn.lora_B_k.27.weight', 'image_encoder.blocks.10.attn.lora_A_v.27.weight', 'image_encoder.blocks.9.attn.lora_A_k.27.weight', 'image_encoder.blocks.7.attn.lora_A_k.27.weight', 'image_encoder.blocks.7.attn.lora_B_k.27.weight', 'image_encoder.blocks.7.attn.lora_B_v.27.weight', 'classifier_pool.27.weight', 'image_encoder.blocks.3.attn.lora_A_v.27.weight', 'image_encoder.blocks.4.attn.lora_B_v.27.weight', 'image_encoder.blocks.1.attn.lora_A_v.27.weight', 'image_encoder.blocks.4.attn.lora_A_k.27.weight', 'image_encoder.blocks.4.attn.lora_A_v.27.weight', 'image_encoder.blocks.11.attn.lora_B_k.27.weight', 'image_encoder.blocks.6.attn.lora_A_k.27.weight', 'image_encoder.blocks.0.attn.lora_B_k.27.weight', 'image_encoder.blocks.11.attn.lora_A_k.27.weight', 'image_encoder.blocks.5.attn.lora_B_v.27.weight', 'image_encoder.blocks.10.attn.lora_B_k.27.weight', 'image_encoder.blocks.11.attn.lora_A_v.27.weight'}
After trained on task 26 tensor(0.0274, device='cuda:0') tensor(0.0310, device='cuda:0')
After trained on task 26 tensor(0.0334, device='cuda:0') tensor(0.0332, device='cuda:0')
After trained on task 26 tensor(0.0306, device='cuda:0') tensor(0.0327, device='cuda:0')
After trained on task 26 tensor(0.0310, device='cuda:0') tensor(0.0426, device='cuda:0')
After trained on task 26 tensor(0.0322, device='cuda:0') tensor(0.0461, device='cuda:0')
After trained on task 26 tensor(0.0362, device='cuda:0') tensor(0.0451, device='cuda:0')
After trained on task 26 tensor(0.0410, device='cuda:0') tensor(0.0494, device='cuda:0')
After trained on task 26 tensor(0.0412, device='cuda:0') tensor(0.0525, device='cuda:0')
After trained on task 26 tensor(0.0493, device='cuda:0') tensor(0.0849, device='cuda:0')
After trained on task 26 tensor(0.0561, device='cuda:0') tensor(0.1165, device='cuda:0')
After trained on task 26 tensor(0.0654, device='cuda:0') tensor(0.1293, device='cuda:0')
After trained on task 26 tensor(0.0996, device='cuda:0') tensor(0.1835, device='cuda:0')
reserving basis 136/768; cond: 11688212480.0, ratio:0.9913654327392578
reserving basis 136/768; cond: 11688212480.0, ratio:0.9913654327392578
reserving basis 143/768; cond: 77879992320.0, ratio:0.9917432069778442
reserving basis 143/768; cond: 77879992320.0, ratio:0.9917432069778442
reserving basis 140/768; cond: 15357979648.0, ratio:0.9902614951133728
reserving basis 140/768; cond: 15357979648.0, ratio:0.9902614951133728
reserving basis 143/768; cond: 43348058112.0, ratio:0.991570234298706
reserving basis 143/768; cond: 43348058112.0, ratio:0.991570234298706
reserving basis 151/768; cond: 17855660032.0, ratio:0.9906702041625977
reserving basis 151/768; cond: 17855660032.0, ratio:0.9906702041625977
reserving basis 147/768; cond: 15106778112.0, ratio:0.9910714030265808
reserving basis 147/768; cond: 15106778112.0, ratio:0.9910714030265808
reserving basis 157/768; cond: 156919218176.0, ratio:0.9908113479614258
reserving basis 157/768; cond: 156919218176.0, ratio:0.9908113479614258
reserving basis 145/768; cond: 32896243712.0, ratio:0.99013352394104
reserving basis 145/768; cond: 32896243712.0, ratio:0.99013352394104
reserving basis 156/768; cond: 32238653669376.0, ratio:0.990663468837738
reserving basis 156/768; cond: 32238653669376.0, ratio:0.990663468837738
reserving basis 145/768; cond: 23721148416.0, ratio:0.9902986884117126
reserving basis 145/768; cond: 23721148416.0, ratio:0.9902986884117126
reserving basis 150/768; cond: 773514002432.0, ratio:0.9915525317192078
reserving basis 150/768; cond: 773514002432.0, ratio:0.9915525317192078
reserving basis 143/768; cond: 74192535552.0, ratio:0.9901871085166931
reserving basis 143/768; cond: 74192535552.0, ratio:0.9901871085166931
reserving basis 150/768; cond: 133752651776.0, ratio:0.9914631843566895
reserving basis 150/768; cond: 133752651776.0, ratio:0.9914631843566895
reserving basis 143/768; cond: 6303537692672.0, ratio:0.9905902743339539
reserving basis 143/768; cond: 6303537692672.0, ratio:0.9905902743339539
reserving basis 151/768; cond: 163704045568.0, ratio:0.9912846088409424
reserving basis 151/768; cond: 163704045568.0, ratio:0.9912846088409424
reserving basis 138/768; cond: 14348122112.0, ratio:0.9905499815940857
reserving basis 138/768; cond: 14348122112.0, ratio:0.9905499815940857
reserving basis 145/768; cond: 80569778176.0, ratio:0.990276038646698
reserving basis 145/768; cond: 80569778176.0, ratio:0.990276038646698
reserving basis 124/768; cond: 16480198656.0, ratio:0.9904432892799377
reserving basis 124/768; cond: 16480198656.0, ratio:0.9904432892799377
reserving basis 135/768; cond: 99898646528.0, ratio:0.9903327822685242
reserving basis 135/768; cond: 99898646528.0, ratio:0.9903327822685242
reserving basis 114/768; cond: 78361714688.0, ratio:0.9917438626289368
reserving basis 114/768; cond: 78361714688.0, ratio:0.9917438626289368
reserving basis 130/768; cond: 469914189824.0, ratio:0.9905214905738831
reserving basis 130/768; cond: 469914189824.0, ratio:0.9905214905738831
reserving basis 99/768; cond: 130490179584.0, ratio:0.9907611608505249
reserving basis 99/768; cond: 130490179584.0, ratio:0.9907611608505249
reserving basis 97/768; cond: 31028430848.0, ratio:0.9905374646186829
reserving basis 97/768; cond: 31028430848.0, ratio:0.9905374646186829
reserving basis 86/768; cond: 11413610496.0, ratio:0.9908816814422607
reserving basis 86/768; cond: 11413610496.0, ratio:0.9908816814422607
2026-04-27 15:04:52,599 [palora.py] => Task 27, Epoch 50/50 => Loss 0.425, Train_accy 97.39
2026-04-27 15:04:59,790 [trainer.py] => Time:315.03439450263977
3471 3471
2026-04-27 15:05:10,699 [trainer.py] => Time:10.908064842224121
2026-04-27 15:05:10,699 [trainer.py] => ACC: {'total': 78.45, '00-03': 75.62, '04-07': 78.23, '08-11': 75.2, '12-15': 85.15, '16-19': 87.96, '20-23': 81.19, '24-27': 84.66, '28-31': 78.74, '32-35': 81.97, '36-39': 77.55, '40-43': 64.1, '44-47': 76.19, '48-51': 88.29, '52-55': 72.73, '56-59': 82.14, '60-63': 81.88, '64-67': 83.64, '68-71': 60.87, '72-75': 71.64, '76-79': 78.36, '80-83': 83.66, '84-87': 84.93, '88-91': 85.44, '92-95': 72.81, '96-99': 69.61, '100-103': 73.87, '104-107': 68.94, '108-111': 83.59, 'old': 78.25, 'new': 83.59}
2026-04-27 15:05:10,699 [trainer.py] => ACC top1 curve: [89.38, 88.73, 86.55, 85.29, 86.08, 85.37, 85.84, 84.96, 84.57, 83.67, 83.37, 82.86, 83.11, 82.63, 82.43, 82.33, 82.27, 81.7, 81.04, 80.71, 79.93, 80.13, 80.36, 79.92, 79.13, 78.95, 78.49, 78.45]
Average Accuracy: 82.79464285714282
2026-04-27 15:05:10,699 [trainer.py] => Average Accuracy: 82.79464285714282
2026-04-27 15:05:10,709 [trainer.py] => All params: 126094051
2026-04-27 15:05:10,719 [trainer.py] => Trainable params: 371716
2026-04-27 15:05:10,719 [palora.py] => Learning on 112-116
Parameters to be updated: {'image_encoder.blocks.3.attn.lora_B_k.28.weight', 'image_encoder.blocks.6.attn.lora_B_v.28.weight', 'image_encoder.blocks.8.attn.lora_B_k.28.weight', 'image_encoder.blocks.4.attn.lora_B_v.28.weight', 'image_encoder.blocks.6.attn.lora_A_v.28.weight', 'image_encoder.blocks.2.attn.lora_B_v.28.weight', 'image_encoder.blocks.5.attn.lora_B_k.28.weight', 'image_encoder.blocks.1.attn.lora_A_k.28.weight', 'image_encoder.blocks.2.attn.lora_A_v.28.weight', 'image_encoder.blocks.0.attn.lora_B_k.28.weight', 'image_encoder.blocks.0.attn.lora_B_v.28.weight', 'image_encoder.blocks.0.attn.lora_A_k.28.weight', 'image_encoder.blocks.5.attn.lora_A_k.28.weight', 'image_encoder.blocks.4.attn.lora_B_k.28.weight', 'image_encoder.blocks.11.attn.lora_A_k.28.weight', 'image_encoder.blocks.6.attn.lora_A_k.28.weight', 'image_encoder.blocks.9.attn.lora_A_k.28.weight', 'image_encoder.blocks.3.attn.lora_B_v.28.weight', 'image_encoder.blocks.0.attn.lora_A_v.28.weight', 'classifier_pool.28.bias', 'image_encoder.blocks.9.attn.lora_B_v.28.weight', 'classifier_pool.28.weight', 'image_encoder.blocks.3.attn.lora_A_v.28.weight', 'image_encoder.blocks.1.attn.lora_B_k.28.weight', 'image_encoder.blocks.2.attn.lora_A_k.28.weight', 'image_encoder.blocks.7.attn.lora_A_k.28.weight', 'image_encoder.blocks.7.attn.lora_B_k.28.weight', 'image_encoder.blocks.9.attn.lora_A_v.28.weight', 'image_encoder.blocks.7.attn.lora_A_v.28.weight', 'image_encoder.blocks.11.attn.lora_B_k.28.weight', 'image_encoder.blocks.2.attn.lora_B_k.28.weight', 'image_encoder.blocks.1.attn.lora_B_v.28.weight', 'image_encoder.blocks.9.attn.lora_B_k.28.weight', 'image_encoder.blocks.10.attn.lora_B_k.28.weight', 'image_encoder.blocks.8.attn.lora_A_k.28.weight', 'image_encoder.blocks.6.attn.lora_B_k.28.weight', 'image_encoder.blocks.5.attn.lora_B_v.28.weight', 'image_encoder.blocks.8.attn.lora_B_v.28.weight', 'image_encoder.blocks.11.attn.lora_A_v.28.weight', 'image_encoder.blocks.5.attn.lora_A_v.28.weight', 'image_encoder.blocks.10.attn.lora_A_k.28.weight', 'image_encoder.blocks.10.attn.lora_A_v.28.weight', 'image_encoder.blocks.3.attn.lora_A_k.28.weight', 'image_encoder.blocks.7.attn.lora_B_v.28.weight', 'image_encoder.blocks.8.attn.lora_A_v.28.weight', 'image_encoder.blocks.10.attn.lora_B_v.28.weight', 'image_encoder.blocks.1.attn.lora_A_v.28.weight', 'image_encoder.blocks.4.attn.lora_A_k.28.weight', 'image_encoder.blocks.11.attn.lora_B_v.28.weight', 'image_encoder.blocks.4.attn.lora_A_v.28.weight'}
After trained on task 27 tensor(0.0327, device='cuda:0') tensor(0.0286, device='cuda:0')
After trained on task 27 tensor(0.0302, device='cuda:0') tensor(0.0331, device='cuda:0')
After trained on task 27 tensor(0.0287, device='cuda:0') tensor(0.0362, device='cuda:0')
After trained on task 27 tensor(0.0287, device='cuda:0') tensor(0.0398, device='cuda:0')
After trained on task 27 tensor(0.0337, device='cuda:0') tensor(0.0473, device='cuda:0')
After trained on task 27 tensor(0.0420, device='cuda:0') tensor(0.0497, device='cuda:0')
After trained on task 27 tensor(0.0519, device='cuda:0') tensor(0.0521, device='cuda:0')
After trained on task 27 tensor(0.0508, device='cuda:0') tensor(0.0726, device='cuda:0')
After trained on task 27 tensor(0.0571, device='cuda:0') tensor(0.1043, device='cuda:0')
After trained on task 27 tensor(0.0739, device='cuda:0') tensor(0.1464, device='cuda:0')
After trained on task 27 tensor(0.0673, device='cuda:0') tensor(0.1661, device='cuda:0')
After trained on task 27 tensor(0.1350, device='cuda:0') tensor(0.2320, device='cuda:0')
reserving basis 138/768; cond: 91615559680.0, ratio:0.9907804727554321
reserving basis 138/768; cond: 91615559680.0, ratio:0.9907804727554321
reserving basis 146/768; cond: 21951868928.0, ratio:0.9913461804389954
reserving basis 146/768; cond: 21951868928.0, ratio:0.9913461804389954
reserving basis 143/768; cond: 1292799311872.0, ratio:0.9915820956230164
reserving basis 143/768; cond: 1292799311872.0, ratio:0.9915820956230164
reserving basis 146/768; cond: 142530756608.0, ratio:0.9910079836845398
reserving basis 146/768; cond: 142530756608.0, ratio:0.9910079836845398
reserving basis 154/768; cond: 224143818752.0, ratio:0.9912517070770264
reserving basis 154/768; cond: 224143818752.0, ratio:0.9912517070770264
reserving basis 149/768; cond: 108643164160.0, ratio:0.9903024435043335
reserving basis 149/768; cond: 108643164160.0, ratio:0.9903024435043335
reserving basis 160/768; cond: 11581146112.0, ratio:0.9912495613098145
reserving basis 160/768; cond: 11581146112.0, ratio:0.9912495613098145
reserving basis 148/768; cond: 16346745856.0, ratio:0.9915285110473633
reserving basis 148/768; cond: 16346745856.0, ratio:0.9915285110473633
reserving basis 159/768; cond: 21356865536.0, ratio:0.990697979927063
reserving basis 159/768; cond: 21356865536.0, ratio:0.990697979927063
reserving basis 147/768; cond: 2363440758784.0, ratio:0.9901469945907593
reserving basis 147/768; cond: 2363440758784.0, ratio:0.9901469945907593
reserving basis 152/768; cond: 26036717568.0, ratio:0.9901677966117859
reserving basis 152/768; cond: 26036717568.0, ratio:0.9901677966117859
reserving basis 145/768; cond: 18114426880.0, ratio:0.9910270571708679
reserving basis 145/768; cond: 18114426880.0, ratio:0.9910270571708679
reserving basis 152/768; cond: 255192694784.0, ratio:0.9908796548843384
reserving basis 152/768; cond: 255192694784.0, ratio:0.9908796548843384
reserving basis 146/768; cond: 366807744512.0, ratio:0.9914283156394958
reserving basis 146/768; cond: 366807744512.0, ratio:0.9914283156394958
reserving basis 153/768; cond: 14779327488.0, ratio:0.9902586936950684
reserving basis 153/768; cond: 14779327488.0, ratio:0.9902586936950684
reserving basis 140/768; cond: 27959459840.0, ratio:0.9907715320587158
reserving basis 140/768; cond: 27959459840.0, ratio:0.9907715320587158
reserving basis 147/768; cond: 18850328576.0, ratio:0.9904935956001282
reserving basis 147/768; cond: 18850328576.0, ratio:0.9904935956001282
reserving basis 126/768; cond: 479180390400.0, ratio:0.9912717938423157
reserving basis 126/768; cond: 479180390400.0, ratio:0.9912717938423157
reserving basis 137/768; cond: 83468050432.0, ratio:0.9904258847236633
reserving basis 137/768; cond: 83468050432.0, ratio:0.9904258847236633
reserving basis 115/768; cond: 95556747264.0, ratio:0.9905179142951965
reserving basis 115/768; cond: 95556747264.0, ratio:0.9905179142951965
reserving basis 132/768; cond: 54438150144.0, ratio:0.990428626537323
reserving basis 132/768; cond: 54438150144.0, ratio:0.990428626537323
reserving basis 100/768; cond: 63571386368.0, ratio:0.9905447363853455
reserving basis 100/768; cond: 63571386368.0, ratio:0.9905447363853455
reserving basis 98/768; cond: 32652515328.0, ratio:0.990102231502533
reserving basis 98/768; cond: 32652515328.0, ratio:0.990102231502533
reserving basis 87/768; cond: 43806285824.0, ratio:0.9904994964599609
reserving basis 87/768; cond: 43806285824.0, ratio:0.9904994964599609
2026-04-27 15:09:20,874 [palora.py] => Task 28, Epoch 50/50 => Loss 0.428, Train_accy 97.76
2026-04-27 15:09:26,946 [trainer.py] => Time:256.226970911026
3579 3579
2026-04-27 15:09:38,184 [trainer.py] => Time:11.237711906433105
2026-04-27 15:09:38,184 [trainer.py] => ACC: {'total': 78.4, '00-03': 75.0, '04-07': 78.23, '08-11': 76.0, '12-15': 85.15, '16-19': 88.89, '20-23': 81.19, '24-27': 84.09, '28-31': 78.16, '32-35': 81.97, '36-39': 79.59, '40-43': 65.38, '44-47': 73.02, '48-51': 86.49, '52-55': 72.73, '56-59': 82.14, '60-63': 81.88, '64-67': 81.82, '68-71': 60.87, '72-75': 71.64, '76-79': 78.36, '80-83': 83.17, '84-87': 84.25, '88-91': 85.44, '92-95': 71.93, '96-99': 69.61, '100-103': 73.87, '104-107': 67.42, '108-111': 82.81, '112-115': 85.19, 'old': 78.19, 'new': 85.19}
2026-04-27 15:09:38,184 [trainer.py] => ACC top1 curve: [89.38, 88.73, 86.55, 85.29, 86.08, 85.37, 85.84, 84.96, 84.57, 83.67, 83.37, 82.86, 83.11, 82.63, 82.43, 82.33, 82.27, 81.7, 81.04, 80.71, 79.93, 80.13, 80.36, 79.92, 79.13, 78.95, 78.49, 78.45, 78.4]
Average Accuracy: 82.64310344827584
2026-04-27 15:09:38,184 [trainer.py] => Average Accuracy: 82.64310344827584
2026-04-27 15:09:38,197 [trainer.py] => All params: 126094051
2026-04-27 15:09:38,212 [trainer.py] => Trainable params: 371716
2026-04-27 15:09:38,212 [palora.py] => Learning on 116-120
Parameters to be updated: {'image_encoder.blocks.7.attn.lora_B_v.29.weight', 'image_encoder.blocks.6.attn.lora_B_k.29.weight', 'image_encoder.blocks.6.attn.lora_A_v.29.weight', 'image_encoder.blocks.7.attn.lora_A_v.29.weight', 'image_encoder.blocks.1.attn.lora_B_v.29.weight', 'image_encoder.blocks.2.attn.lora_B_v.29.weight', 'image_encoder.blocks.9.attn.lora_A_k.29.weight', 'image_encoder.blocks.8.attn.lora_A_k.29.weight', 'image_encoder.blocks.2.attn.lora_A_k.29.weight', 'image_encoder.blocks.4.attn.lora_A_v.29.weight', 'image_encoder.blocks.0.attn.lora_A_k.29.weight', 'image_encoder.blocks.0.attn.lora_B_k.29.weight', 'image_encoder.blocks.3.attn.lora_B_k.29.weight', 'image_encoder.blocks.0.attn.lora_B_v.29.weight', 'image_encoder.blocks.9.attn.lora_B_k.29.weight', 'image_encoder.blocks.4.attn.lora_A_k.29.weight', 'image_encoder.blocks.5.attn.lora_A_k.29.weight', 'image_encoder.blocks.7.attn.lora_A_k.29.weight', 'image_encoder.blocks.10.attn.lora_B_v.29.weight', 'image_encoder.blocks.2.attn.lora_B_k.29.weight', 'image_encoder.blocks.11.attn.lora_B_v.29.weight', 'image_encoder.blocks.3.attn.lora_A_v.29.weight', 'image_encoder.blocks.11.attn.lora_A_v.29.weight', 'image_encoder.blocks.8.attn.lora_B_v.29.weight', 'image_encoder.blocks.1.attn.lora_A_v.29.weight', 'image_encoder.blocks.11.attn.lora_B_k.29.weight', 'image_encoder.blocks.8.attn.lora_B_k.29.weight', 'classifier_pool.29.bias', 'image_encoder.blocks.1.attn.lora_A_k.29.weight', 'image_encoder.blocks.10.attn.lora_A_k.29.weight', 'image_encoder.blocks.3.attn.lora_B_v.29.weight', 'image_encoder.blocks.9.attn.lora_B_v.29.weight', 'image_encoder.blocks.6.attn.lora_A_k.29.weight', 'image_encoder.blocks.4.attn.lora_B_k.29.weight', 'image_encoder.blocks.5.attn.lora_A_v.29.weight', 'image_encoder.blocks.6.attn.lora_B_v.29.weight', 'image_encoder.blocks.3.attn.lora_A_k.29.weight', 'image_encoder.blocks.7.attn.lora_B_k.29.weight', 'image_encoder.blocks.2.attn.lora_A_v.29.weight', 'image_encoder.blocks.0.attn.lora_A_v.29.weight', 'image_encoder.blocks.1.attn.lora_B_k.29.weight', 'image_encoder.blocks.5.attn.lora_B_v.29.weight', 'image_encoder.blocks.10.attn.lora_A_v.29.weight', 'image_encoder.blocks.11.attn.lora_A_k.29.weight', 'classifier_pool.29.weight', 'image_encoder.blocks.5.attn.lora_B_k.29.weight', 'image_encoder.blocks.10.attn.lora_B_k.29.weight', 'image_encoder.blocks.9.attn.lora_A_v.29.weight', 'image_encoder.blocks.8.attn.lora_A_v.29.weight', 'image_encoder.blocks.4.attn.lora_B_v.29.weight'}
After trained on task 28 tensor(0.0249, device='cuda:0') tensor(0.0227, device='cuda:0')
After trained on task 28 tensor(0.0241, device='cuda:0') tensor(0.0271, device='cuda:0')
After trained on task 28 tensor(0.0246, device='cuda:0') tensor(0.0310, device='cuda:0')
After trained on task 28 tensor(0.0257, device='cuda:0') tensor(0.0340, device='cuda:0')
After trained on task 28 tensor(0.0287, device='cuda:0') tensor(0.0382, device='cuda:0')
After trained on task 28 tensor(0.0320, device='cuda:0') tensor(0.0420, device='cuda:0')
After trained on task 28 tensor(0.0350, device='cuda:0') tensor(0.0461, device='cuda:0')
After trained on task 28 tensor(0.0400, device='cuda:0') tensor(0.0577, device='cuda:0')
After trained on task 28 tensor(0.0472, device='cuda:0') tensor(0.0890, device='cuda:0')
After trained on task 28 tensor(0.0652, device='cuda:0') tensor(0.1043, device='cuda:0')
After trained on task 28 tensor(0.0621, device='cuda:0') tensor(0.1270, device='cuda:0')
After trained on task 28 tensor(0.1299, device='cuda:0') tensor(0.1620, device='cuda:0')
reserving basis 139/768; cond: 394699636736.0, ratio:0.9905681014060974
reserving basis 139/768; cond: 394699636736.0, ratio:0.9905681014060974
reserving basis 147/768; cond: 16114956288.0, ratio:0.990572452545166
reserving basis 147/768; cond: 16114956288.0, ratio:0.990572452545166
reserving basis 144/768; cond: 18637862912.0, ratio:0.990723729133606
reserving basis 144/768; cond: 18637862912.0, ratio:0.990723729133606
reserving basis 148/768; cond: 29176236032.0, ratio:0.9908536076545715
reserving basis 148/768; cond: 29176236032.0, ratio:0.9908536076545715
reserving basis 156/768; cond: 85577973760.0, ratio:0.9912970066070557
reserving basis 156/768; cond: 85577973760.0, ratio:0.9912970066070557
reserving basis 150/768; cond: 91497848832.0, ratio:0.9901742339134216
reserving basis 150/768; cond: 91497848832.0, ratio:0.9901742339134216
reserving basis 162/768; cond: 99686449152.0, ratio:0.9911448955535889
reserving basis 162/768; cond: 99686449152.0, ratio:0.9911448955535889
reserving basis 150/768; cond: 69065392128.0, ratio:0.9905850291252136
reserving basis 150/768; cond: 69065392128.0, ratio:0.9905850291252136
reserving basis 161/768; cond: 92528156672.0, ratio:0.990530788898468
reserving basis 161/768; cond: 92528156672.0, ratio:0.990530788898468
reserving basis 149/768; cond: 19173435392.0, ratio:0.9914279580116272
reserving basis 149/768; cond: 19173435392.0, ratio:0.9914279580116272
reserving basis 154/768; cond: 158359404544.0, ratio:0.991057813167572
reserving basis 154/768; cond: 158359404544.0, ratio:0.991057813167572
reserving basis 147/768; cond: 44174692352.0, ratio:0.9912251234054565
reserving basis 147/768; cond: 44174692352.0, ratio:0.9912251234054565
reserving basis 154/768; cond: 221361586176.0, ratio:0.9911724328994751
reserving basis 154/768; cond: 221361586176.0, ratio:0.9911724328994751
reserving basis 147/768; cond: 104254619648.0, ratio:0.9906115531921387
reserving basis 147/768; cond: 104254619648.0, ratio:0.9906115531921387
reserving basis 155/768; cond: 72581365760.0, ratio:0.990652859210968
reserving basis 155/768; cond: 72581365760.0, ratio:0.990652859210968
reserving basis 141/768; cond: 12038123520.0, ratio:0.99006587266922
reserving basis 141/768; cond: 12038123520.0, ratio:0.99006587266922
reserving basis 148/768; cond: 73990914048.0, ratio:0.9900166392326355
reserving basis 148/768; cond: 73990914048.0, ratio:0.9900166392326355
reserving basis 127/768; cond: 9067125760.0, ratio:0.9907271265983582
reserving basis 127/768; cond: 9067125760.0, ratio:0.9907271265983582
reserving basis 138/768; cond: 379520122880.0, ratio:0.9903789758682251
reserving basis 138/768; cond: 379520122880.0, ratio:0.9903789758682251
reserving basis 116/768; cond: 57944805376.0, ratio:0.9908010363578796
reserving basis 116/768; cond: 57944805376.0, ratio:0.9908010363578796
reserving basis 133/768; cond: 151769874432.0, ratio:0.9902167320251465
reserving basis 133/768; cond: 151769874432.0, ratio:0.9902167320251465
reserving basis 101/768; cond: 30148757504.0, ratio:0.9916157722473145
reserving basis 101/768; cond: 30148757504.0, ratio:0.9916157722473145
reserving basis 99/768; cond: 635640938496.0, ratio:0.9902735352516174
reserving basis 99/768; cond: 635640938496.0, ratio:0.9902735352516174
reserving basis 88/768; cond: 16913787904.0, ratio:0.9908214807510376
reserving basis 88/768; cond: 16913787904.0, ratio:0.9908214807510376
2026-04-27 15:14:05,286 [palora.py] => Task 29, Epoch 50/50 => Loss 0.448, Train_accy 97.61
2026-04-27 15:14:11,890 [trainer.py] => Time:273.67809414863586
3662 3662
2026-04-27 15:14:23,583 [trainer.py] => Time:11.692278146743774
2026-04-27 15:14:23,584 [trainer.py] => ACC: {'total': 78.51, '00-03': 74.38, '04-07': 79.03, '08-11': 75.2, '12-15': 85.15, '16-19': 87.96, '20-23': 80.69, '24-27': 83.52, '28-31': 78.74, '32-35': 78.69, '36-39': 79.59, '40-43': 65.38, '44-47': 73.02, '48-51': 87.39, '52-55': 72.73, '56-59': 82.14, '60-63': 81.88, '64-67': 81.82, '68-71': 60.87, '72-75': 71.64, '76-79': 77.78, '80-83': 83.17, '84-87': 84.93, '88-91': 85.44, '92-95': 71.93, '96-99': 69.61, '100-103': 73.87, '104-107': 68.18, '108-111': 82.03, '112-115': 86.11, '116-119': 86.75, 'old': 78.32, 'new': 86.75}
2026-04-27 15:14:23,584 [trainer.py] => ACC top1 curve: [89.38, 88.73, 86.55, 85.29, 86.08, 85.37, 85.84, 84.96, 84.57, 83.67, 83.37, 82.86, 83.11, 82.63, 82.43, 82.33, 82.27, 81.7, 81.04, 80.71, 79.93, 80.13, 80.36, 79.92, 79.13, 78.95, 78.49, 78.45, 78.4, 78.51]
Average Accuracy: 82.50533333333331
2026-04-27 15:14:23,584 [trainer.py] => Average Accuracy: 82.50533333333331
2026-04-27 15:14:23,596 [trainer.py] => All params: 126094051
2026-04-27 15:14:23,605 [trainer.py] => Trainable params: 371716
2026-04-27 15:14:23,605 [palora.py] => Learning on 120-124
Parameters to be updated: {'image_encoder.blocks.8.attn.lora_A_k.30.weight', 'image_encoder.blocks.2.attn.lora_B_v.30.weight', 'image_encoder.blocks.0.attn.lora_B_v.30.weight', 'image_encoder.blocks.1.attn.lora_A_v.30.weight', 'image_encoder.blocks.7.attn.lora_A_v.30.weight', 'image_encoder.blocks.3.attn.lora_A_v.30.weight', 'image_encoder.blocks.2.attn.lora_B_k.30.weight', 'image_encoder.blocks.11.attn.lora_B_k.30.weight', 'image_encoder.blocks.11.attn.lora_B_v.30.weight', 'image_encoder.blocks.1.attn.lora_B_k.30.weight', 'image_encoder.blocks.4.attn.lora_B_v.30.weight', 'image_encoder.blocks.0.attn.lora_A_k.30.weight', 'classifier_pool.30.bias', 'image_encoder.blocks.10.attn.lora_A_k.30.weight', 'image_encoder.blocks.9.attn.lora_A_v.30.weight', 'image_encoder.blocks.9.attn.lora_B_k.30.weight', 'image_encoder.blocks.6.attn.lora_A_k.30.weight', 'image_encoder.blocks.10.attn.lora_A_v.30.weight', 'image_encoder.blocks.8.attn.lora_B_v.30.weight', 'image_encoder.blocks.4.attn.lora_A_v.30.weight', 'image_encoder.blocks.7.attn.lora_B_v.30.weight', 'image_encoder.blocks.6.attn.lora_A_v.30.weight', 'image_encoder.blocks.3.attn.lora_A_k.30.weight', 'image_encoder.blocks.10.attn.lora_B_v.30.weight', 'image_encoder.blocks.1.attn.lora_B_v.30.weight', 'image_encoder.blocks.7.attn.lora_A_k.30.weight', 'image_encoder.blocks.3.attn.lora_B_k.30.weight', 'image_encoder.blocks.11.attn.lora_A_v.30.weight', 'image_encoder.blocks.5.attn.lora_B_v.30.weight', 'image_encoder.blocks.5.attn.lora_A_v.30.weight', 'classifier_pool.30.weight', 'image_encoder.blocks.6.attn.lora_B_k.30.weight', 'image_encoder.blocks.9.attn.lora_B_v.30.weight', 'image_encoder.blocks.2.attn.lora_A_v.30.weight', 'image_encoder.blocks.0.attn.lora_B_k.30.weight', 'image_encoder.blocks.1.attn.lora_A_k.30.weight', 'image_encoder.blocks.11.attn.lora_A_k.30.weight', 'image_encoder.blocks.9.attn.lora_A_k.30.weight', 'image_encoder.blocks.10.attn.lora_B_k.30.weight', 'image_encoder.blocks.4.attn.lora_B_k.30.weight', 'image_encoder.blocks.5.attn.lora_B_k.30.weight', 'image_encoder.blocks.0.attn.lora_A_v.30.weight', 'image_encoder.blocks.4.attn.lora_A_k.30.weight', 'image_encoder.blocks.5.attn.lora_A_k.30.weight', 'image_encoder.blocks.8.attn.lora_B_k.30.weight', 'image_encoder.blocks.2.attn.lora_A_k.30.weight', 'image_encoder.blocks.8.attn.lora_A_v.30.weight', 'image_encoder.blocks.6.attn.lora_B_v.30.weight', 'image_encoder.blocks.7.attn.lora_B_k.30.weight', 'image_encoder.blocks.3.attn.lora_B_v.30.weight'}
After trained on task 29 tensor(0.0251, device='cuda:0') tensor(0.0227, device='cuda:0')
After trained on task 29 tensor(0.0249, device='cuda:0') tensor(0.0282, device='cuda:0')
After trained on task 29 tensor(0.0243, device='cuda:0') tensor(0.0297, device='cuda:0')
After trained on task 29 tensor(0.0256, device='cuda:0') tensor(0.0350, device='cuda:0')
After trained on task 29 tensor(0.0282, device='cuda:0') tensor(0.0411, device='cuda:0')
After trained on task 29 tensor(0.0381, device='cuda:0') tensor(0.0437, device='cuda:0')
After trained on task 29 tensor(0.0400, device='cuda:0') tensor(0.0504, device='cuda:0')
After trained on task 29 tensor(0.0443, device='cuda:0') tensor(0.0626, device='cuda:0')
After trained on task 29 tensor(0.0478, device='cuda:0') tensor(0.0868, device='cuda:0')
After trained on task 29 tensor(0.0575, device='cuda:0') tensor(0.1459, device='cuda:0')
After trained on task 29 tensor(0.0633, device='cuda:0') tensor(0.1491, device='cuda:0')
After trained on task 29 tensor(0.0916, device='cuda:0') tensor(0.1963, device='cuda:0')
reserving basis 140/768; cond: 124220186624.0, ratio:0.9909152388572693
reserving basis 140/768; cond: 124220186624.0, ratio:0.9909152388572693
reserving basis 149/768; cond: 47530942464.0, ratio:0.9913747906684875
reserving basis 149/768; cond: 47530942464.0, ratio:0.9913747906684875
reserving basis 146/768; cond: 30923425792.0, ratio:0.990479052066803
reserving basis 146/768; cond: 30923425792.0, ratio:0.990479052066803
reserving basis 150/768; cond: 96222822400.0, ratio:0.9904354810714722
reserving basis 150/768; cond: 96222822400.0, ratio:0.9904354810714722
reserving basis 158/768; cond: 27119015936.0, ratio:0.9911054372787476
reserving basis 158/768; cond: 27119015936.0, ratio:0.9911054372787476
reserving basis 152/768; cond: 119014711296.0, ratio:0.9907584190368652
reserving basis 152/768; cond: 119014711296.0, ratio:0.9907584190368652
reserving basis 164/768; cond: 100777771008.0, ratio:0.9904422760009766
reserving basis 164/768; cond: 100777771008.0, ratio:0.9904422760009766
reserving basis 152/768; cond: 63028965376.0, ratio:0.9910023808479309
reserving basis 152/768; cond: 63028965376.0, ratio:0.9910023808479309
reserving basis 163/768; cond: 28599435264.0, ratio:0.9914085268974304
reserving basis 163/768; cond: 28599435264.0, ratio:0.9914085268974304
reserving basis 151/768; cond: 43100286976.0, ratio:0.9915980100631714
reserving basis 151/768; cond: 43100286976.0, ratio:0.9915980100631714
reserving basis 156/768; cond: 40489349120.0, ratio:0.9909793138504028
reserving basis 156/768; cond: 40489349120.0, ratio:0.9909793138504028
reserving basis 149/768; cond: 63699759104.0, ratio:0.9909473061561584
reserving basis 149/768; cond: 63699759104.0, ratio:0.9909473061561584
reserving basis 156/768; cond: 62103035904.0, ratio:0.9909372925758362
reserving basis 156/768; cond: 62103035904.0, ratio:0.9909372925758362
reserving basis 149/768; cond: 69022466048.0, ratio:0.9903510212898254
reserving basis 149/768; cond: 69022466048.0, ratio:0.9903510212898254
reserving basis 157/768; cond: 59611713536.0, ratio:0.9909723997116089
reserving basis 157/768; cond: 59611713536.0, ratio:0.9909723997116089
reserving basis 143/768; cond: 33131167744.0, ratio:0.9910639524459839
reserving basis 143/768; cond: 33131167744.0, ratio:0.9910639524459839
reserving basis 150/768; cond: 25824286720.0, ratio:0.9908629059791565
reserving basis 150/768; cond: 25824286720.0, ratio:0.9908629059791565
reserving basis 128/768; cond: 12164840448.0, ratio:0.9901338815689087
reserving basis 128/768; cond: 12164840448.0, ratio:0.9901338815689087
reserving basis 140/768; cond: 33186756608.0, ratio:0.9916226863861084
reserving basis 140/768; cond: 33186756608.0, ratio:0.9916226863861084
reserving basis 117/768; cond: 12638306304.0, ratio:0.9911289215087891
reserving basis 117/768; cond: 12638306304.0, ratio:0.9911289215087891
reserving basis 135/768; cond: 525710721024.0, ratio:0.9905063509941101
reserving basis 135/768; cond: 525710721024.0, ratio:0.9905063509941101
reserving basis 102/768; cond: 32377544704.0, ratio:0.9908614754676819
reserving basis 102/768; cond: 32377544704.0, ratio:0.9908614754676819
reserving basis 101/768; cond: 15026192384.0, ratio:0.991207480430603
reserving basis 101/768; cond: 15026192384.0, ratio:0.991207480430603
reserving basis 89/768; cond: 13400142848.0, ratio:0.9908214211463928
reserving basis 89/768; cond: 13400142848.0, ratio:0.9908214211463928
2026-04-27 15:19:31,522 [palora.py] => Task 30, Epoch 50/50 => Loss 0.455, Train_accy 97.61
2026-04-27 15:19:39,860 [trainer.py] => Time:316.25501537323
3758 3758
2026-04-27 15:19:51,334 [trainer.py] => Time:11.473424911499023
2026-04-27 15:19:51,335 [trainer.py] => ACC: {'total': 78.5, '00-03': 72.5, '04-07': 79.84, '08-11': 76.0, '12-15': 85.15, '16-19': 87.96, '20-23': 80.2, '24-27': 83.52, '28-31': 78.74, '32-35': 78.69, '36-39': 78.57, '40-43': 65.38, '44-47': 73.02, '48-51': 87.39, '52-55': 72.73, '56-59': 82.14, '60-63': 81.88, '64-67': 83.64, '68-71': 60.87, '72-75': 70.15, '76-79': 76.61, '80-83': 82.67, '84-87': 83.56, '88-91': 85.44, '92-95': 71.93, '96-99': 70.17, '100-103': 73.87, '104-107': 68.94, '108-111': 81.25, '112-115': 87.04, '116-119': 85.54, '120-123': 86.46, 'old': 78.29, 'new': 86.46}
2026-04-27 15:19:51,335 [trainer.py] => ACC top1 curve: [89.38, 88.73, 86.55, 85.29, 86.08, 85.37, 85.84, 84.96, 84.57, 83.67, 83.37, 82.86, 83.11, 82.63, 82.43, 82.33, 82.27, 81.7, 81.04, 80.71, 79.93, 80.13, 80.36, 79.92, 79.13, 78.95, 78.49, 78.45, 78.4, 78.51, 78.5]
Average Accuracy: 82.37612903225805
2026-04-27 15:19:51,335 [trainer.py] => Average Accuracy: 82.37612903225805
2026-04-27 15:19:51,345 [trainer.py] => All params: 126094051
2026-04-27 15:19:51,355 [trainer.py] => Trainable params: 371716
2026-04-27 15:19:51,355 [palora.py] => Learning on 124-128
Parameters to be updated: {'image_encoder.blocks.6.attn.lora_A_k.31.weight', 'image_encoder.blocks.6.attn.lora_B_v.31.weight', 'image_encoder.blocks.3.attn.lora_A_k.31.weight', 'image_encoder.blocks.2.attn.lora_A_k.31.weight', 'image_encoder.blocks.8.attn.lora_A_v.31.weight', 'image_encoder.blocks.4.attn.lora_A_k.31.weight', 'image_encoder.blocks.4.attn.lora_B_v.31.weight', 'image_encoder.blocks.8.attn.lora_B_v.31.weight', 'image_encoder.blocks.9.attn.lora_B_k.31.weight', 'image_encoder.blocks.9.attn.lora_B_v.31.weight', 'image_encoder.blocks.1.attn.lora_A_k.31.weight', 'image_encoder.blocks.1.attn.lora_A_v.31.weight', 'image_encoder.blocks.2.attn.lora_A_v.31.weight', 'classifier_pool.31.bias', 'image_encoder.blocks.1.attn.lora_B_v.31.weight', 'image_encoder.blocks.7.attn.lora_B_k.31.weight', 'image_encoder.blocks.10.attn.lora_A_v.31.weight', 'image_encoder.blocks.10.attn.lora_A_k.31.weight', 'image_encoder.blocks.3.attn.lora_B_v.31.weight', 'image_encoder.blocks.0.attn.lora_B_k.31.weight', 'image_encoder.blocks.8.attn.lora_B_k.31.weight', 'image_encoder.blocks.0.attn.lora_B_v.31.weight', 'image_encoder.blocks.5.attn.lora_B_k.31.weight', 'image_encoder.blocks.11.attn.lora_A_v.31.weight', 'image_encoder.blocks.3.attn.lora_A_v.31.weight', 'image_encoder.blocks.7.attn.lora_B_v.31.weight', 'image_encoder.blocks.11.attn.lora_B_k.31.weight', 'image_encoder.blocks.6.attn.lora_B_k.31.weight', 'image_encoder.blocks.8.attn.lora_A_k.31.weight', 'image_encoder.blocks.5.attn.lora_A_v.31.weight', 'image_encoder.blocks.10.attn.lora_B_k.31.weight', 'image_encoder.blocks.9.attn.lora_A_v.31.weight', 'image_encoder.blocks.10.attn.lora_B_v.31.weight', 'image_encoder.blocks.7.attn.lora_A_k.31.weight', 'classifier_pool.31.weight', 'image_encoder.blocks.2.attn.lora_B_v.31.weight', 'image_encoder.blocks.9.attn.lora_A_k.31.weight', 'image_encoder.blocks.4.attn.lora_B_k.31.weight', 'image_encoder.blocks.5.attn.lora_A_k.31.weight', 'image_encoder.blocks.2.attn.lora_B_k.31.weight', 'image_encoder.blocks.4.attn.lora_A_v.31.weight', 'image_encoder.blocks.11.attn.lora_A_k.31.weight', 'image_encoder.blocks.1.attn.lora_B_k.31.weight', 'image_encoder.blocks.0.attn.lora_A_v.31.weight', 'image_encoder.blocks.0.attn.lora_A_k.31.weight', 'image_encoder.blocks.6.attn.lora_A_v.31.weight', 'image_encoder.blocks.5.attn.lora_B_v.31.weight', 'image_encoder.blocks.11.attn.lora_B_v.31.weight', 'image_encoder.blocks.3.attn.lora_B_k.31.weight', 'image_encoder.blocks.7.attn.lora_A_v.31.weight'}
After trained on task 30 tensor(0.0228, device='cuda:0') tensor(0.0266, device='cuda:0')
After trained on task 30 tensor(0.0288, device='cuda:0') tensor(0.0296, device='cuda:0')
After trained on task 30 tensor(0.0243, device='cuda:0') tensor(0.0371, device='cuda:0')
After trained on task 30 tensor(0.0264, device='cuda:0') tensor(0.0408, device='cuda:0')
After trained on task 30 tensor(0.0317, device='cuda:0') tensor(0.0476, device='cuda:0')
After trained on task 30 tensor(0.0360, device='cuda:0') tensor(0.0551, device='cuda:0')
After trained on task 30 tensor(0.0381, device='cuda:0') tensor(0.0555, device='cuda:0')
After trained on task 30 tensor(0.0441, device='cuda:0') tensor(0.0714, device='cuda:0')
After trained on task 30 tensor(0.0557, device='cuda:0') tensor(0.1132, device='cuda:0')
After trained on task 30 tensor(0.0748, device='cuda:0') tensor(0.1619, device='cuda:0')
After trained on task 30 tensor(0.0846, device='cuda:0') tensor(0.2174, device='cuda:0')
After trained on task 30 tensor(0.1376, device='cuda:0') tensor(0.2418, device='cuda:0')
reserving basis 141/768; cond: 38347997184.0, ratio:0.9902834296226501
reserving basis 141/768; cond: 38347997184.0, ratio:0.9902834296226501
reserving basis 151/768; cond: 357365645312.0, ratio:0.9911212921142578
reserving basis 151/768; cond: 357365645312.0, ratio:0.9911212921142578
reserving basis 148/768; cond: 59572359168.0, ratio:0.9910768866539001
reserving basis 148/768; cond: 59572359168.0, ratio:0.9910768866539001
reserving basis 152/768; cond: 313128026112.0, ratio:0.991153359413147
reserving basis 152/768; cond: 313128026112.0, ratio:0.991153359413147
reserving basis 160/768; cond: 34841055232.0, ratio:0.9902844429016113
reserving basis 160/768; cond: 34841055232.0, ratio:0.9902844429016113
reserving basis 154/768; cond: 131089539072.0, ratio:0.9914378523826599
reserving basis 154/768; cond: 131089539072.0, ratio:0.9914378523826599
reserving basis 166/768; cond: 48449671168.0, ratio:0.9911268949508667
reserving basis 166/768; cond: 48449671168.0, ratio:0.9911268949508667
reserving basis 154/768; cond: 326358466560.0, ratio:0.9908929467201233
reserving basis 154/768; cond: 326358466560.0, ratio:0.9908929467201233
reserving basis 166/768; cond: 45598208000.0, ratio:0.9912996292114258
reserving basis 166/768; cond: 45598208000.0, ratio:0.9912996292114258
reserving basis 153/768; cond: 41598541824.0, ratio:0.9904325604438782
reserving basis 153/768; cond: 41598541824.0, ratio:0.9904325604438782
reserving basis 158/768; cond: 53503840256.0, ratio:0.9905408024787903
reserving basis 158/768; cond: 53503840256.0, ratio:0.9905408024787903
reserving basis 151/768; cond: 28067280896.0, ratio:0.9912945032119751
reserving basis 151/768; cond: 28067280896.0, ratio:0.9912945032119751
reserving basis 158/768; cond: 168958951424.0, ratio:0.9906629920005798
reserving basis 158/768; cond: 168958951424.0, ratio:0.9906629920005798
reserving basis 151/768; cond: 44894515200.0, ratio:0.9903194308280945
reserving basis 151/768; cond: 44894515200.0, ratio:0.9903194308280945
reserving basis 159/768; cond: 529331945472.0, ratio:0.9904516339302063
reserving basis 159/768; cond: 529331945472.0, ratio:0.9904516339302063
reserving basis 145/768; cond: 29394612224.0, ratio:0.9910294413566589
reserving basis 145/768; cond: 29394612224.0, ratio:0.9910294413566589
reserving basis 152/768; cond: 19637065728.0, ratio:0.9902576208114624
reserving basis 152/768; cond: 19637065728.0, ratio:0.9902576208114624
reserving basis 130/768; cond: 17545947136.0, ratio:0.9913643598556519
reserving basis 130/768; cond: 17545947136.0, ratio:0.9913643598556519
reserving basis 142/768; cond: 35672350720.0, ratio:0.9913687109947205
reserving basis 142/768; cond: 35672350720.0, ratio:0.9913687109947205
reserving basis 118/768; cond: 13740303360.0, ratio:0.9911559820175171
reserving basis 118/768; cond: 13740303360.0, ratio:0.9911559820175171
reserving basis 136/768; cond: 99438690304.0, ratio:0.9901710152626038
reserving basis 136/768; cond: 99438690304.0, ratio:0.9901710152626038
reserving basis 103/768; cond: 15373902848.0, ratio:0.9911980628967285
reserving basis 103/768; cond: 15373902848.0, ratio:0.9911980628967285
reserving basis 103/768; cond: 15976612864.0, ratio:0.9916538596153259
reserving basis 103/768; cond: 15976612864.0, ratio:0.9916538596153259
reserving basis 90/768; cond: 16800342016.0, ratio:0.9906017184257507
reserving basis 90/768; cond: 16800342016.0, ratio:0.9906017184257507
2026-04-27 15:24:37,159 [palora.py] => Task 31, Epoch 50/50 => Loss 0.628, Train_accy 91.32
2026-04-27 15:24:44,157 [trainer.py] => Time:292.8021924495697
3881 3881
2026-04-27 15:24:56,149 [trainer.py] => Time:11.990798473358154
2026-04-27 15:24:56,149 [trainer.py] => ACC: {'total': 78.15, '00-03': 71.88, '04-07': 80.65, '08-11': 75.2, '12-15': 85.15, '16-19': 87.96, '20-23': 80.2, '24-27': 82.95, '28-31': 78.74, '32-35': 77.05, '36-39': 79.59, '40-43': 64.1, '44-47': 76.19, '48-51': 88.29, '52-55': 72.73, '56-59': 82.14, '60-63': 81.88, '64-67': 83.64, '68-71': 59.78, '72-75': 70.9, '76-79': 76.61, '80-83': 82.67, '84-87': 83.56, '88-91': 85.44, '92-95': 71.93, '96-99': 68.51, '100-103': 73.87, '104-107': 67.42, '108-111': 81.25, '112-115': 85.19, '116-119': 86.75, '120-123': 86.46, '124-127': 72.36, 'old': 78.34, 'new': 72.36}
2026-04-27 15:24:56,149 [trainer.py] => ACC top1 curve: [89.38, 88.73, 86.55, 85.29, 86.08, 85.37, 85.84, 84.96, 84.57, 83.67, 83.37, 82.86, 83.11, 82.63, 82.43, 82.33, 82.27, 81.7, 81.04, 80.71, 79.93, 80.13, 80.36, 79.92, 79.13, 78.95, 78.49, 78.45, 78.4, 78.51, 78.5, 78.15]
Average Accuracy: 82.24406249999998
2026-04-27 15:24:56,149 [trainer.py] => Average Accuracy: 82.24406249999998
2026-04-27 15:24:56,158 [trainer.py] => All params: 126094051
2026-04-27 15:24:56,167 [trainer.py] => Trainable params: 371716
2026-04-27 15:24:56,167 [palora.py] => Learning on 128-132
Parameters to be updated: {'image_encoder.blocks.4.attn.lora_A_v.32.weight', 'image_encoder.blocks.4.attn.lora_B_k.32.weight', 'image_encoder.blocks.7.attn.lora_A_k.32.weight', 'image_encoder.blocks.6.attn.lora_B_k.32.weight', 'image_encoder.blocks.1.attn.lora_A_k.32.weight', 'image_encoder.blocks.7.attn.lora_B_k.32.weight', 'image_encoder.blocks.5.attn.lora_A_v.32.weight', 'image_encoder.blocks.6.attn.lora_B_v.32.weight', 'image_encoder.blocks.10.attn.lora_A_v.32.weight', 'image_encoder.blocks.2.attn.lora_A_v.32.weight', 'image_encoder.blocks.10.attn.lora_B_k.32.weight', 'image_encoder.blocks.3.attn.lora_A_k.32.weight', 'image_encoder.blocks.3.attn.lora_B_v.32.weight', 'image_encoder.blocks.2.attn.lora_B_v.32.weight', 'image_encoder.blocks.10.attn.lora_A_k.32.weight', 'image_encoder.blocks.0.attn.lora_A_k.32.weight', 'image_encoder.blocks.0.attn.lora_A_v.32.weight', 'image_encoder.blocks.9.attn.lora_A_k.32.weight', 'image_encoder.blocks.0.attn.lora_B_k.32.weight', 'image_encoder.blocks.11.attn.lora_A_v.32.weight', 'image_encoder.blocks.11.attn.lora_B_v.32.weight', 'image_encoder.blocks.7.attn.lora_A_v.32.weight', 'image_encoder.blocks.5.attn.lora_B_k.32.weight', 'image_encoder.blocks.8.attn.lora_A_v.32.weight', 'image_encoder.blocks.11.attn.lora_B_k.32.weight', 'image_encoder.blocks.7.attn.lora_B_v.32.weight', 'image_encoder.blocks.8.attn.lora_B_v.32.weight', 'image_encoder.blocks.3.attn.lora_B_k.32.weight', 'image_encoder.blocks.6.attn.lora_A_v.32.weight', 'image_encoder.blocks.1.attn.lora_B_v.32.weight', 'image_encoder.blocks.9.attn.lora_B_k.32.weight', 'image_encoder.blocks.1.attn.lora_A_v.32.weight', 'classifier_pool.32.weight', 'image_encoder.blocks.2.attn.lora_A_k.32.weight', 'image_encoder.blocks.8.attn.lora_A_k.32.weight', 'image_encoder.blocks.4.attn.lora_A_k.32.weight', 'image_encoder.blocks.9.attn.lora_B_v.32.weight', 'image_encoder.blocks.8.attn.lora_B_k.32.weight', 'image_encoder.blocks.1.attn.lora_B_k.32.weight', 'image_encoder.blocks.5.attn.lora_B_v.32.weight', 'image_encoder.blocks.9.attn.lora_A_v.32.weight', 'image_encoder.blocks.5.attn.lora_A_k.32.weight', 'image_encoder.blocks.3.attn.lora_A_v.32.weight', 'image_encoder.blocks.11.attn.lora_A_k.32.weight', 'classifier_pool.32.bias', 'image_encoder.blocks.10.attn.lora_B_v.32.weight', 'image_encoder.blocks.2.attn.lora_B_k.32.weight', 'image_encoder.blocks.6.attn.lora_A_k.32.weight', 'image_encoder.blocks.4.attn.lora_B_v.32.weight', 'image_encoder.blocks.0.attn.lora_B_v.32.weight'}
After trained on task 31 tensor(0.0299, device='cuda:0') tensor(0.0248, device='cuda:0')
After trained on task 31 tensor(0.0299, device='cuda:0') tensor(0.0359, device='cuda:0')
After trained on task 31 tensor(0.0315, device='cuda:0') tensor(0.0395, device='cuda:0')
After trained on task 31 tensor(0.0309, device='cuda:0') tensor(0.0463, device='cuda:0')
After trained on task 31 tensor(0.0354, device='cuda:0') tensor(0.0485, device='cuda:0')
After trained on task 31 tensor(0.0420, device='cuda:0') tensor(0.0564, device='cuda:0')
After trained on task 31 tensor(0.0436, device='cuda:0') tensor(0.0541, device='cuda:0')
After trained on task 31 tensor(0.0488, device='cuda:0') tensor(0.0716, device='cuda:0')
After trained on task 31 tensor(0.0638, device='cuda:0') tensor(0.1084, device='cuda:0')
After trained on task 31 tensor(0.0818, device='cuda:0') tensor(0.1727, device='cuda:0')
After trained on task 31 tensor(0.0739, device='cuda:0') tensor(0.2073, device='cuda:0')
After trained on task 31 tensor(0.1479, device='cuda:0') tensor(0.2626, device='cuda:0')
reserving basis 144/768; cond: 18860242944.0, ratio:0.9911695718765259
reserving basis 144/768; cond: 18860242944.0, ratio:0.9911695718765259
reserving basis 153/768; cond: 17328044032.0, ratio:0.9915414452552795
reserving basis 153/768; cond: 17328044032.0, ratio:0.9915414452552795
reserving basis 150/768; cond: 208980131840.0, ratio:0.9901463389396667
reserving basis 150/768; cond: 208980131840.0, ratio:0.9901463389396667
reserving basis 154/768; cond: 20293242880.0, ratio:0.9907623529434204
reserving basis 154/768; cond: 20293242880.0, ratio:0.9907623529434204
reserving basis 162/768; cond: 126295867392.0, ratio:0.9906622171401978
reserving basis 162/768; cond: 126295867392.0, ratio:0.9906622171401978
reserving basis 156/768; cond: 169156247552.0, ratio:0.9909042716026306
reserving basis 156/768; cond: 169156247552.0, ratio:0.9909042716026306
reserving basis 168/768; cond: 526288191488.0, ratio:0.9905927777290344
reserving basis 168/768; cond: 526288191488.0, ratio:0.9905927777290344
reserving basis 156/768; cond: 141072056320.0, ratio:0.9903172850608826
reserving basis 156/768; cond: 141072056320.0, ratio:0.9903172850608826
reserving basis 168/768; cond: 43286073344.0, ratio:0.9903643131256104
reserving basis 168/768; cond: 43286073344.0, ratio:0.9903643131256104
reserving basis 155/768; cond: 57162321920.0, ratio:0.9903924465179443
reserving basis 155/768; cond: 57162321920.0, ratio:0.9903924465179443
reserving basis 160/768; cond: 2326012100608.0, ratio:0.9900866150856018
reserving basis 160/768; cond: 2326012100608.0, ratio:0.9900866150856018
reserving basis 153/768; cond: 29749805056.0, ratio:0.9904263019561768
reserving basis 153/768; cond: 29749805056.0, ratio:0.9904263019561768
reserving basis 161/768; cond: 11245399040.0, ratio:0.9911678433418274
reserving basis 161/768; cond: 11245399040.0, ratio:0.9911678433418274
reserving basis 154/768; cond: 693876555776.0, ratio:0.9916133284568787
reserving basis 154/768; cond: 693876555776.0, ratio:0.9916133284568787
reserving basis 162/768; cond: 47542353920.0, ratio:0.9915453791618347
reserving basis 162/768; cond: 47542353920.0, ratio:0.9915453791618347
reserving basis 147/768; cond: 33541310464.0, ratio:0.9904550313949585
reserving basis 147/768; cond: 33541310464.0, ratio:0.9904550313949585
reserving basis 154/768; cond: 965141659648.0, ratio:0.9908242225646973
reserving basis 154/768; cond: 965141659648.0, ratio:0.9908242225646973
reserving basis 132/768; cond: 10150324224.0, ratio:0.9909600615501404
reserving basis 132/768; cond: 10150324224.0, ratio:0.9909600615501404
reserving basis 144/768; cond: 411082260480.0, ratio:0.9912912845611572
reserving basis 144/768; cond: 411082260480.0, ratio:0.9912912845611572
reserving basis 119/768; cond: 159805800448.0, ratio:0.9907745718955994
reserving basis 119/768; cond: 159805800448.0, ratio:0.9907745718955994
reserving basis 138/768; cond: 78388502528.0, ratio:0.9902243614196777
reserving basis 138/768; cond: 78388502528.0, ratio:0.9902243614196777
reserving basis 104/768; cond: 34291873792.0, ratio:0.9920265674591064
reserving basis 104/768; cond: 34291873792.0, ratio:0.9920265674591064
reserving basis 104/768; cond: 231396016128.0, ratio:0.9905121326446533
reserving basis 104/768; cond: 231396016128.0, ratio:0.9905121326446533
reserving basis 91/768; cond: 3195802112.0, ratio:0.9912176728248596
reserving basis 91/768; cond: 3195802112.0, ratio:0.9912176728248596
2026-04-27 15:29:37,513 [palora.py] => Task 32, Epoch 50/50 => Loss 0.452, Train_accy 97.29
2026-04-27 15:29:43,939 [trainer.py] => Time:287.772020816803
3975 3975
2026-04-27 15:29:56,365 [trainer.py] => Time:12.426128149032593
2026-04-27 15:29:56,366 [trainer.py] => ACC: {'total': 78.01, '00-03': 73.75, '04-07': 79.84, '08-11': 75.2, '12-15': 85.15, '16-19': 87.96, '20-23': 80.2, '24-27': 82.95, '28-31': 77.59, '32-35': 78.69, '36-39': 79.59, '40-43': 66.67, '44-47': 76.19, '48-51': 87.39, '52-55': 72.73, '56-59': 82.14, '60-63': 81.25, '64-67': 83.64, '68-71': 60.87, '72-75': 70.9, '76-79': 76.02, '80-83': 82.67, '84-87': 82.88, '88-91': 85.44, '92-95': 71.93, '96-99': 69.06, '100-103': 73.87, '104-107': 68.18, '108-111': 81.25, '112-115': 85.19, '116-119': 83.13, '120-123': 86.46, '124-127': 69.11, '128-131': 77.66, 'old': 78.02, 'new': 77.66}
2026-04-27 15:29:56,366 [trainer.py] => ACC top1 curve: [89.38, 88.73, 86.55, 85.29, 86.08, 85.37, 85.84, 84.96, 84.57, 83.67, 83.37, 82.86, 83.11, 82.63, 82.43, 82.33, 82.27, 81.7, 81.04, 80.71, 79.93, 80.13, 80.36, 79.92, 79.13, 78.95, 78.49, 78.45, 78.4, 78.51, 78.5, 78.15, 78.01]
Average Accuracy: 82.11575757575757
2026-04-27 15:29:56,366 [trainer.py] => Average Accuracy: 82.11575757575757
2026-04-27 15:29:56,376 [trainer.py] => All params: 126094051
2026-04-27 15:29:56,385 [trainer.py] => Trainable params: 371716
2026-04-27 15:29:56,385 [palora.py] => Learning on 132-136
Parameters to be updated: {'image_encoder.blocks.6.attn.lora_A_v.33.weight', 'image_encoder.blocks.9.attn.lora_B_v.33.weight', 'image_encoder.blocks.11.attn.lora_A_v.33.weight', 'classifier_pool.33.weight', 'image_encoder.blocks.5.attn.lora_A_k.33.weight', 'image_encoder.blocks.9.attn.lora_A_k.33.weight', 'image_encoder.blocks.10.attn.lora_A_k.33.weight', 'image_encoder.blocks.3.attn.lora_A_v.33.weight', 'image_encoder.blocks.7.attn.lora_B_k.33.weight', 'image_encoder.blocks.6.attn.lora_A_k.33.weight', 'image_encoder.blocks.11.attn.lora_B_k.33.weight', 'image_encoder.blocks.10.attn.lora_B_v.33.weight', 'image_encoder.blocks.1.attn.lora_B_k.33.weight', 'image_encoder.blocks.4.attn.lora_A_v.33.weight', 'image_encoder.blocks.1.attn.lora_A_v.33.weight', 'image_encoder.blocks.8.attn.lora_B_v.33.weight', 'image_encoder.blocks.7.attn.lora_B_v.33.weight', 'image_encoder.blocks.2.attn.lora_B_v.33.weight', 'image_encoder.blocks.3.attn.lora_B_v.33.weight', 'image_encoder.blocks.0.attn.lora_B_v.33.weight', 'image_encoder.blocks.11.attn.lora_A_k.33.weight', 'image_encoder.blocks.3.attn.lora_A_k.33.weight', 'image_encoder.blocks.9.attn.lora_B_k.33.weight', 'image_encoder.blocks.10.attn.lora_B_k.33.weight', 'image_encoder.blocks.11.attn.lora_B_v.33.weight', 'image_encoder.blocks.8.attn.lora_A_k.33.weight', 'image_encoder.blocks.1.attn.lora_A_k.33.weight', 'image_encoder.blocks.4.attn.lora_A_k.33.weight', 'image_encoder.blocks.3.attn.lora_B_k.33.weight', 'image_encoder.blocks.4.attn.lora_B_v.33.weight', 'image_encoder.blocks.1.attn.lora_B_v.33.weight', 'image_encoder.blocks.7.attn.lora_A_v.33.weight', 'image_encoder.blocks.10.attn.lora_A_v.33.weight', 'image_encoder.blocks.2.attn.lora_A_k.33.weight', 'image_encoder.blocks.5.attn.lora_B_v.33.weight', 'image_encoder.blocks.2.attn.lora_B_k.33.weight', 'image_encoder.blocks.0.attn.lora_A_v.33.weight', 'image_encoder.blocks.6.attn.lora_B_k.33.weight', 'image_encoder.blocks.9.attn.lora_A_v.33.weight', 'image_encoder.blocks.4.attn.lora_B_k.33.weight', 'classifier_pool.33.bias', 'image_encoder.blocks.5.attn.lora_A_v.33.weight', 'image_encoder.blocks.2.attn.lora_A_v.33.weight', 'image_encoder.blocks.6.attn.lora_B_v.33.weight', 'image_encoder.blocks.8.attn.lora_A_v.33.weight', 'image_encoder.blocks.8.attn.lora_B_k.33.weight', 'image_encoder.blocks.7.attn.lora_A_k.33.weight', 'image_encoder.blocks.0.attn.lora_B_k.33.weight', 'image_encoder.blocks.0.attn.lora_A_k.33.weight', 'image_encoder.blocks.5.attn.lora_B_k.33.weight'}
After trained on task 32 tensor(0.0248, device='cuda:0') tensor(0.0259, device='cuda:0')
After trained on task 32 tensor(0.0265, device='cuda:0') tensor(0.0316, device='cuda:0')
After trained on task 32 tensor(0.0265, device='cuda:0') tensor(0.0374, device='cuda:0')
After trained on task 32 tensor(0.0250, device='cuda:0') tensor(0.0418, device='cuda:0')
After trained on task 32 tensor(0.0320, device='cuda:0') tensor(0.0419, device='cuda:0')
After trained on task 32 tensor(0.0393, device='cuda:0') tensor(0.0500, device='cuda:0')
After trained on task 32 tensor(0.0396, device='cuda:0') tensor(0.0520, device='cuda:0')
After trained on task 32 tensor(0.0451, device='cuda:0') tensor(0.0673, device='cuda:0')
After trained on task 32 tensor(0.0470, device='cuda:0') tensor(0.0863, device='cuda:0')
After trained on task 32 tensor(0.0566, device='cuda:0') tensor(0.1346, device='cuda:0')
After trained on task 32 tensor(0.0597, device='cuda:0') tensor(0.1722, device='cuda:0')
After trained on task 32 tensor(0.1216, device='cuda:0') tensor(0.2694, device='cuda:0')
reserving basis 145/768; cond: 9201475584.0, ratio:0.9907838702201843
reserving basis 145/768; cond: 9201475584.0, ratio:0.9907838702201843
reserving basis 155/768; cond: 7003473920.0, ratio:0.9914412498474121
reserving basis 155/768; cond: 7003473920.0, ratio:0.9914412498474121
reserving basis 151/768; cond: 12294167552.0, ratio:0.9907236099243164
reserving basis 151/768; cond: 12294167552.0, ratio:0.9907236099243164
reserving basis 156/768; cond: 55149371392.0, ratio:0.9905781149864197
reserving basis 156/768; cond: 55149371392.0, ratio:0.9905781149864197
reserving basis 164/768; cond: 164892966912.0, ratio:0.9910659790039062
reserving basis 164/768; cond: 164892966912.0, ratio:0.9910659790039062
reserving basis 158/768; cond: 446152966144.0, ratio:0.9904330968856812
reserving basis 158/768; cond: 446152966144.0, ratio:0.9904330968856812
reserving basis 170/768; cond: 28244932608.0, ratio:0.9914436340332031
reserving basis 170/768; cond: 28244932608.0, ratio:0.9914436340332031
reserving basis 158/768; cond: 33117640704.0, ratio:0.991294264793396
reserving basis 158/768; cond: 33117640704.0, ratio:0.991294264793396
reserving basis 169/768; cond: 258060517376.0, ratio:0.9906089305877686
reserving basis 169/768; cond: 258060517376.0, ratio:0.9906089305877686
reserving basis 157/768; cond: 36894154752.0, ratio:0.9908786416053772
reserving basis 157/768; cond: 36894154752.0, ratio:0.9908786416053772
reserving basis 162/768; cond: 189292396544.0, ratio:0.9912427067756653
reserving basis 162/768; cond: 189292396544.0, ratio:0.9912427067756653
reserving basis 154/768; cond: 17784436736.0, ratio:0.9901968240737915
reserving basis 154/768; cond: 17784436736.0, ratio:0.9901968240737915
reserving basis 163/768; cond: 1087757811712.0, ratio:0.9912635684013367
reserving basis 163/768; cond: 1087757811712.0, ratio:0.9912635684013367
reserving basis 156/768; cond: 78211784704.0, ratio:0.9911420345306396
reserving basis 156/768; cond: 78211784704.0, ratio:0.9911420345306396
reserving basis 164/768; cond: 143834021888.0, ratio:0.990813136100769
reserving basis 164/768; cond: 143834021888.0, ratio:0.990813136100769
reserving basis 148/768; cond: 137668476928.0, ratio:0.9903377294540405
reserving basis 148/768; cond: 137668476928.0, ratio:0.9903377294540405
reserving basis 156/768; cond: 140369674240.0, ratio:0.9908256530761719
reserving basis 156/768; cond: 140369674240.0, ratio:0.9908256530761719
reserving basis 134/768; cond: 25847627776.0, ratio:0.9912478923797607
reserving basis 134/768; cond: 25847627776.0, ratio:0.9912478923797607
reserving basis 146/768; cond: 23306049536.0, ratio:0.9908982515335083
reserving basis 146/768; cond: 23306049536.0, ratio:0.9908982515335083
reserving basis 120/768; cond: 99643932672.0, ratio:0.9908959865570068
reserving basis 120/768; cond: 99643932672.0, ratio:0.9908959865570068
reserving basis 140/768; cond: 165199478784.0, ratio:0.9907593131065369
reserving basis 140/768; cond: 165199478784.0, ratio:0.9907593131065369
reserving basis 105/768; cond: 31013408768.0, ratio:0.9912147521972656
reserving basis 105/768; cond: 31013408768.0, ratio:0.9912147521972656
reserving basis 105/768; cond: 25921986560.0, ratio:0.9913455247879028
reserving basis 105/768; cond: 25921986560.0, ratio:0.9913455247879028
reserving basis 91/768; cond: 385696530432.0, ratio:0.9900746941566467
reserving basis 91/768; cond: 385696530432.0, ratio:0.9900746941566467
2026-04-27 15:34:59,698 [palora.py] => Task 33, Epoch 50/50 => Loss 0.482, Train_accy 95.95
2026-04-27 15:35:06,684 [trainer.py] => Time:310.29888367652893
4102 4102
2026-04-27 15:35:18,731 [trainer.py] => Time:12.047401905059814
2026-04-27 15:35:18,732 [trainer.py] => ACC: {'total': 77.74, '00-03': 73.12, '04-07': 79.03, '08-11': 75.2, '12-15': 85.15, '16-19': 87.96, '20-23': 80.69, '24-27': 84.09, '28-31': 78.74, '32-35': 77.05, '36-39': 77.55, '40-43': 66.67, '44-47': 74.6, '48-51': 88.29, '52-55': 72.73, '56-59': 82.14, '60-63': 81.25, '64-67': 81.82, '68-71': 58.7, '72-75': 70.9, '76-79': 76.02, '80-83': 82.67, '84-87': 82.88, '88-91': 85.44, '92-95': 72.81, '96-99': 69.06, '100-103': 73.87, '104-107': 68.18, '108-111': 81.25, '112-115': 83.33, '116-119': 84.34, '120-123': 83.33, '124-127': 67.48, '128-131': 77.66, '132-135': 75.59, 'old': 77.81, 'new': 75.59}
2026-04-27 15:35:18,732 [trainer.py] => ACC top1 curve: [89.38, 88.73, 86.55, 85.29, 86.08, 85.37, 85.84, 84.96, 84.57, 83.67, 83.37, 82.86, 83.11, 82.63, 82.43, 82.33, 82.27, 81.7, 81.04, 80.71, 79.93, 80.13, 80.36, 79.92, 79.13, 78.95, 78.49, 78.45, 78.4, 78.51, 78.5, 78.15, 78.01, 77.74]
Average Accuracy: 81.9870588235294
2026-04-27 15:35:18,732 [trainer.py] => Average Accuracy: 81.9870588235294
2026-04-27 15:35:18,742 [trainer.py] => All params: 126094051
2026-04-27 15:35:18,750 [trainer.py] => Trainable params: 371716
2026-04-27 15:35:18,750 [palora.py] => Learning on 136-140
Parameters to be updated: {'image_encoder.blocks.2.attn.lora_A_k.34.weight', 'image_encoder.blocks.8.attn.lora_A_k.34.weight', 'image_encoder.blocks.1.attn.lora_A_v.34.weight', 'image_encoder.blocks.2.attn.lora_B_v.34.weight', 'image_encoder.blocks.9.attn.lora_A_k.34.weight', 'image_encoder.blocks.10.attn.lora_B_k.34.weight', 'image_encoder.blocks.8.attn.lora_A_v.34.weight', 'image_encoder.blocks.0.attn.lora_B_v.34.weight', 'image_encoder.blocks.9.attn.lora_A_v.34.weight', 'image_encoder.blocks.5.attn.lora_B_v.34.weight', 'image_encoder.blocks.2.attn.lora_B_k.34.weight', 'image_encoder.blocks.4.attn.lora_A_k.34.weight', 'image_encoder.blocks.5.attn.lora_A_k.34.weight', 'image_encoder.blocks.10.attn.lora_A_k.34.weight', 'image_encoder.blocks.0.attn.lora_A_k.34.weight', 'image_encoder.blocks.0.attn.lora_A_v.34.weight', 'image_encoder.blocks.10.attn.lora_A_v.34.weight', 'classifier_pool.34.weight', 'image_encoder.blocks.5.attn.lora_A_v.34.weight', 'image_encoder.blocks.7.attn.lora_B_k.34.weight', 'image_encoder.blocks.9.attn.lora_B_v.34.weight', 'image_encoder.blocks.4.attn.lora_B_v.34.weight', 'image_encoder.blocks.6.attn.lora_B_k.34.weight', 'image_encoder.blocks.7.attn.lora_A_k.34.weight', 'image_encoder.blocks.3.attn.lora_A_v.34.weight', 'image_encoder.blocks.0.attn.lora_B_k.34.weight', 'image_encoder.blocks.4.attn.lora_B_k.34.weight', 'image_encoder.blocks.6.attn.lora_A_k.34.weight', 'image_encoder.blocks.10.attn.lora_B_v.34.weight', 'image_encoder.blocks.8.attn.lora_B_v.34.weight', 'image_encoder.blocks.4.attn.lora_A_v.34.weight', 'image_encoder.blocks.5.attn.lora_B_k.34.weight', 'image_encoder.blocks.3.attn.lora_B_k.34.weight', 'image_encoder.blocks.7.attn.lora_A_v.34.weight', 'image_encoder.blocks.11.attn.lora_A_k.34.weight', 'image_encoder.blocks.11.attn.lora_B_k.34.weight', 'image_encoder.blocks.2.attn.lora_A_v.34.weight', 'image_encoder.blocks.8.attn.lora_B_k.34.weight', 'image_encoder.blocks.11.attn.lora_B_v.34.weight', 'image_encoder.blocks.3.attn.lora_B_v.34.weight', 'image_encoder.blocks.6.attn.lora_B_v.34.weight', 'image_encoder.blocks.7.attn.lora_B_v.34.weight', 'image_encoder.blocks.11.attn.lora_A_v.34.weight', 'image_encoder.blocks.1.attn.lora_B_k.34.weight', 'image_encoder.blocks.6.attn.lora_A_v.34.weight', 'image_encoder.blocks.1.attn.lora_A_k.34.weight', 'classifier_pool.34.bias', 'image_encoder.blocks.9.attn.lora_B_k.34.weight', 'image_encoder.blocks.3.attn.lora_A_k.34.weight', 'image_encoder.blocks.1.attn.lora_B_v.34.weight'}
After trained on task 33 tensor(0.0287, device='cuda:0') tensor(0.0262, device='cuda:0')
After trained on task 33 tensor(0.0267, device='cuda:0') tensor(0.0290, device='cuda:0')
After trained on task 33 tensor(0.0240, device='cuda:0') tensor(0.0305, device='cuda:0')
After trained on task 33 tensor(0.0266, device='cuda:0') tensor(0.0373, device='cuda:0')
After trained on task 33 tensor(0.0291, device='cuda:0') tensor(0.0403, device='cuda:0')
After trained on task 33 tensor(0.0318, device='cuda:0') tensor(0.0430, device='cuda:0')
After trained on task 33 tensor(0.0372, device='cuda:0') tensor(0.0458, device='cuda:0')
After trained on task 33 tensor(0.0381, device='cuda:0') tensor(0.0552, device='cuda:0')
After trained on task 33 tensor(0.0420, device='cuda:0') tensor(0.0854, device='cuda:0')
After trained on task 33 tensor(0.0588, device='cuda:0') tensor(0.1313, device='cuda:0')
After trained on task 33 tensor(0.0568, device='cuda:0') tensor(0.1583, device='cuda:0')
After trained on task 33 tensor(0.0886, device='cuda:0') tensor(0.1938, device='cuda:0')
reserving basis 146/768; cond: 29061115904.0, ratio:0.9904574751853943
reserving basis 146/768; cond: 29061115904.0, ratio:0.9904574751853943
reserving basis 157/768; cond: 54247665664.0, ratio:0.9907554984092712
reserving basis 157/768; cond: 54247665664.0, ratio:0.9907554984092712
reserving basis 153/768; cond: 187437907968.0, ratio:0.991032063961029
reserving basis 153/768; cond: 187437907968.0, ratio:0.991032063961029
reserving basis 157/768; cond: 40944992256.0, ratio:0.9903944134712219
reserving basis 157/768; cond: 40944992256.0, ratio:0.9903944134712219
reserving basis 165/768; cond: 29398337536.0, ratio:0.9901018142700195
reserving basis 165/768; cond: 29398337536.0, ratio:0.9901018142700195
reserving basis 160/768; cond: 25548849152.0, ratio:0.990949273109436
reserving basis 160/768; cond: 25548849152.0, ratio:0.990949273109436
reserving basis 172/768; cond: 193777827840.0, ratio:0.9909372925758362
reserving basis 172/768; cond: 193777827840.0, ratio:0.9909372925758362
reserving basis 159/768; cond: 33885788160.0, ratio:0.9901403784751892
reserving basis 159/768; cond: 33885788160.0, ratio:0.9901403784751892
reserving basis 171/768; cond: 33199902720.0, ratio:0.9909548759460449
reserving basis 171/768; cond: 33199902720.0, ratio:0.9909548759460449
reserving basis 159/768; cond: 7801328640.0, ratio:0.9912641048431396
reserving basis 159/768; cond: 7801328640.0, ratio:0.9912641048431396
reserving basis 164/768; cond: 36762931200.0, ratio:0.9912877678871155
reserving basis 164/768; cond: 36762931200.0, ratio:0.9912877678871155
reserving basis 155/768; cond: 31852845056.0, ratio:0.9905369877815247
reserving basis 155/768; cond: 31852845056.0, ratio:0.9905369877815247
reserving basis 165/768; cond: 71650025472.0, ratio:0.9912816286087036
reserving basis 165/768; cond: 71650025472.0, ratio:0.9912816286087036
reserving basis 157/768; cond: 19049537536.0, ratio:0.9901692271232605
reserving basis 157/768; cond: 19049537536.0, ratio:0.9901692271232605
reserving basis 165/768; cond: 156504375296.0, ratio:0.9903177618980408
reserving basis 165/768; cond: 156504375296.0, ratio:0.9903177618980408
reserving basis 149/768; cond: 21263388672.0, ratio:0.9902785420417786
reserving basis 149/768; cond: 21263388672.0, ratio:0.9902785420417786
reserving basis 158/768; cond: 314109100032.0, ratio:0.9912701845169067
reserving basis 158/768; cond: 314109100032.0, ratio:0.9912701845169067
reserving basis 135/768; cond: 11537854464.0, ratio:0.9906891584396362
reserving basis 135/768; cond: 11537854464.0, ratio:0.9906891584396362
reserving basis 147/768; cond: 30079678464.0, ratio:0.9906427264213562
reserving basis 147/768; cond: 30079678464.0, ratio:0.9906427264213562
reserving basis 121/768; cond: 560682827776.0, ratio:0.9915379881858826
reserving basis 121/768; cond: 560682827776.0, ratio:0.9915379881858826
reserving basis 141/768; cond: 55687364608.0, ratio:0.9901562929153442
reserving basis 141/768; cond: 55687364608.0, ratio:0.9901562929153442
reserving basis 106/768; cond: 65949425664.0, ratio:0.9914092421531677
reserving basis 106/768; cond: 65949425664.0, ratio:0.9914092421531677
reserving basis 106/768; cond: 162455535616.0, ratio:0.9912012219429016
reserving basis 106/768; cond: 162455535616.0, ratio:0.9912012219429016
reserving basis 92/768; cond: 139722752000.0, ratio:0.9922590255737305
reserving basis 92/768; cond: 139722752000.0, ratio:0.9922590255737305
2026-04-27 15:39:51,084 [palora.py] => Task 34, Epoch 50/50 => Loss 0.424, Train_accy 97.54
2026-04-27 15:39:58,033 [trainer.py] => Time:279.28267002105713
4214 4214
2026-04-27 15:40:10,317 [trainer.py] => Time:12.283942699432373
2026-04-27 15:40:10,318 [trainer.py] => ACC: {'total': 77.67, '00-03': 75.0, '04-07': 79.03, '08-11': 75.2, '12-15': 85.15, '16-19': 87.96, '20-23': 80.2, '24-27': 82.95, '28-31': 78.16, '32-35': 78.69, '36-39': 77.55, '40-43': 66.67, '44-47': 74.6, '48-51': 88.29, '52-55': 72.73, '56-59': 82.14, '60-63': 80.62, '64-67': 81.82, '68-71': 59.78, '72-75': 69.4, '76-79': 75.44, '80-83': 82.67, '84-87': 82.88, '88-91': 85.44, '92-95': 72.81, '96-99': 67.96, '100-103': 72.97, '104-107': 68.18, '108-111': 81.25, '112-115': 81.48, '116-119': 84.34, '120-123': 83.33, '124-127': 64.23, '128-131': 75.53, '132-135': 75.59, '136-139': 87.5, 'old': 77.4, 'new': 87.5}
2026-04-27 15:40:10,318 [trainer.py] => ACC top1 curve: [89.38, 88.73, 86.55, 85.29, 86.08, 85.37, 85.84, 84.96, 84.57, 83.67, 83.37, 82.86, 83.11, 82.63, 82.43, 82.33, 82.27, 81.7, 81.04, 80.71, 79.93, 80.13, 80.36, 79.92, 79.13, 78.95, 78.49, 78.45, 78.4, 78.51, 78.5, 78.15, 78.01, 77.74, 77.67]
Average Accuracy: 81.86371428571427
2026-04-27 15:40:10,318 [trainer.py] => Average Accuracy: 81.86371428571427
2026-04-27 15:40:10,328 [trainer.py] => All params: 126094051
2026-04-27 15:40:10,336 [trainer.py] => Trainable params: 371716
2026-04-27 15:40:10,337 [palora.py] => Learning on 140-144
Parameters to be updated: {'image_encoder.blocks.5.attn.lora_A_k.35.weight', 'image_encoder.blocks.11.attn.lora_B_k.35.weight', 'image_encoder.blocks.0.attn.lora_A_v.35.weight', 'image_encoder.blocks.10.attn.lora_A_k.35.weight', 'image_encoder.blocks.0.attn.lora_A_k.35.weight', 'image_encoder.blocks.1.attn.lora_A_v.35.weight', 'image_encoder.blocks.9.attn.lora_B_v.35.weight', 'classifier_pool.35.bias', 'image_encoder.blocks.9.attn.lora_A_v.35.weight', 'image_encoder.blocks.2.attn.lora_B_k.35.weight', 'image_encoder.blocks.6.attn.lora_B_k.35.weight', 'image_encoder.blocks.0.attn.lora_B_v.35.weight', 'image_encoder.blocks.10.attn.lora_A_v.35.weight', 'image_encoder.blocks.5.attn.lora_A_v.35.weight', 'classifier_pool.35.weight', 'image_encoder.blocks.2.attn.lora_A_v.35.weight', 'image_encoder.blocks.3.attn.lora_B_k.35.weight', 'image_encoder.blocks.7.attn.lora_B_v.35.weight', 'image_encoder.blocks.5.attn.lora_B_v.35.weight', 'image_encoder.blocks.10.attn.lora_B_v.35.weight', 'image_encoder.blocks.7.attn.lora_A_k.35.weight', 'image_encoder.blocks.3.attn.lora_A_v.35.weight', 'image_encoder.blocks.0.attn.lora_B_k.35.weight', 'image_encoder.blocks.4.attn.lora_B_v.35.weight', 'image_encoder.blocks.8.attn.lora_A_k.35.weight', 'image_encoder.blocks.8.attn.lora_B_v.35.weight', 'image_encoder.blocks.3.attn.lora_B_v.35.weight', 'image_encoder.blocks.10.attn.lora_B_k.35.weight', 'image_encoder.blocks.3.attn.lora_A_k.35.weight', 'image_encoder.blocks.9.attn.lora_A_k.35.weight', 'image_encoder.blocks.6.attn.lora_A_v.35.weight', 'image_encoder.blocks.8.attn.lora_A_v.35.weight', 'image_encoder.blocks.1.attn.lora_B_k.35.weight', 'image_encoder.blocks.8.attn.lora_B_k.35.weight', 'image_encoder.blocks.11.attn.lora_A_k.35.weight', 'image_encoder.blocks.11.attn.lora_B_v.35.weight', 'image_encoder.blocks.1.attn.lora_B_v.35.weight', 'image_encoder.blocks.1.attn.lora_A_k.35.weight', 'image_encoder.blocks.4.attn.lora_A_v.35.weight', 'image_encoder.blocks.4.attn.lora_B_k.35.weight', 'image_encoder.blocks.11.attn.lora_A_v.35.weight', 'image_encoder.blocks.9.attn.lora_B_k.35.weight', 'image_encoder.blocks.4.attn.lora_A_k.35.weight', 'image_encoder.blocks.6.attn.lora_B_v.35.weight', 'image_encoder.blocks.5.attn.lora_B_k.35.weight', 'image_encoder.blocks.7.attn.lora_A_v.35.weight', 'image_encoder.blocks.2.attn.lora_A_k.35.weight', 'image_encoder.blocks.2.attn.lora_B_v.35.weight', 'image_encoder.blocks.6.attn.lora_A_k.35.weight', 'image_encoder.blocks.7.attn.lora_B_k.35.weight'}
After trained on task 34 tensor(0.0266, device='cuda:0') tensor(0.0235, device='cuda:0')
After trained on task 34 tensor(0.0269, device='cuda:0') tensor(0.0272, device='cuda:0')
After trained on task 34 tensor(0.0226, device='cuda:0') tensor(0.0322, device='cuda:0')
After trained on task 34 tensor(0.0251, device='cuda:0') tensor(0.0353, device='cuda:0')
After trained on task 34 tensor(0.0268, device='cuda:0') tensor(0.0403, device='cuda:0')
After trained on task 34 tensor(0.0339, device='cuda:0') tensor(0.0423, device='cuda:0')
After trained on task 34 tensor(0.0363, device='cuda:0') tensor(0.0467, device='cuda:0')
After trained on task 34 tensor(0.0383, device='cuda:0') tensor(0.0571, device='cuda:0')
After trained on task 34 tensor(0.0418, device='cuda:0') tensor(0.0619, device='cuda:0')
After trained on task 34 tensor(0.0549, device='cuda:0') tensor(0.1050, device='cuda:0')
After trained on task 34 tensor(0.0587, device='cuda:0') tensor(0.1370, device='cuda:0')
After trained on task 34 tensor(0.1213, device='cuda:0') tensor(0.1699, device='cuda:0')
reserving basis 147/768; cond: 250592919552.0, ratio:0.9903632402420044
reserving basis 147/768; cond: 250592919552.0, ratio:0.9903632402420044
reserving basis 158/768; cond: 477405052928.0, ratio:0.9900355339050293
reserving basis 158/768; cond: 477405052928.0, ratio:0.9900355339050293
reserving basis 154/768; cond: 111612297216.0, ratio:0.990833580493927
reserving basis 154/768; cond: 111612297216.0, ratio:0.990833580493927
reserving basis 158/768; cond: 964567236608.0, ratio:0.990096926689148
reserving basis 158/768; cond: 964567236608.0, ratio:0.990096926689148
reserving basis 166/768; cond: 54576705536.0, ratio:0.9908377528190613
reserving basis 166/768; cond: 54576705536.0, ratio:0.9908377528190613
reserving basis 162/768; cond: 80828407808.0, ratio:0.9912115335464478
reserving basis 162/768; cond: 80828407808.0, ratio:0.9912115335464478
reserving basis 174/768; cond: 35048529920.0, ratio:0.9909582138061523
reserving basis 174/768; cond: 35048529920.0, ratio:0.9909582138061523
reserving basis 161/768; cond: 78432870400.0, ratio:0.9912319183349609
reserving basis 161/768; cond: 78432870400.0, ratio:0.9912319183349609
reserving basis 172/768; cond: 80335519744.0, ratio:0.990471601486206
reserving basis 172/768; cond: 80335519744.0, ratio:0.990471601486206
reserving basis 160/768; cond: 50779877376.0, ratio:0.9903306365013123
reserving basis 160/768; cond: 50779877376.0, ratio:0.9903306365013123
reserving basis 165/768; cond: 98426126336.0, ratio:0.9904877543449402
reserving basis 165/768; cond: 98426126336.0, ratio:0.9904877543449402
reserving basis 157/768; cond: 458333290496.0, ratio:0.9916191697120667
reserving basis 157/768; cond: 458333290496.0, ratio:0.9916191697120667
reserving basis 167/768; cond: 175916613632.0, ratio:0.9914234280586243
reserving basis 167/768; cond: 175916613632.0, ratio:0.9914234280586243
reserving basis 158/768; cond: 42453790720.0, ratio:0.9902620315551758
reserving basis 158/768; cond: 42453790720.0, ratio:0.9902620315551758
reserving basis 166/768; cond: 82793955328.0, ratio:0.9902348518371582
reserving basis 166/768; cond: 82793955328.0, ratio:0.9902348518371582
reserving basis 150/768; cond: 48163762176.0, ratio:0.9904245734214783
reserving basis 150/768; cond: 48163762176.0, ratio:0.9904245734214783
reserving basis 159/768; cond: 140302188544.0, ratio:0.9907430410385132
reserving basis 159/768; cond: 140302188544.0, ratio:0.9907430410385132
reserving basis 136/768; cond: 6100057600.0, ratio:0.9910497665405273
reserving basis 136/768; cond: 6100057600.0, ratio:0.9910497665405273
reserving basis 148/768; cond: 355326656512.0, ratio:0.9902799725532532
reserving basis 148/768; cond: 355326656512.0, ratio:0.9902799725532532
reserving basis 122/768; cond: 5669186560.0, ratio:0.9914045333862305
reserving basis 122/768; cond: 5669186560.0, ratio:0.9914045333862305
reserving basis 142/768; cond: 180932919296.0, ratio:0.9903480410575867
reserving basis 142/768; cond: 180932919296.0, ratio:0.9903480410575867
reserving basis 107/768; cond: 14943116288.0, ratio:0.99109947681427
reserving basis 107/768; cond: 14943116288.0, ratio:0.99109947681427
reserving basis 107/768; cond: 44604813312.0, ratio:0.9914011359214783
reserving basis 107/768; cond: 44604813312.0, ratio:0.9914011359214783
reserving basis 93/768; cond: 224404455424.0, ratio:0.9907190203666687
reserving basis 93/768; cond: 224404455424.0, ratio:0.9907190203666687
2026-04-27 15:44:35,546 [palora.py] => Task 35, Epoch 50/50 => Loss 0.491, Train_accy 96.41
2026-04-27 15:44:42,213 [trainer.py] => Time:271.87594771385193
4299 4299
2026-04-27 15:44:54,923 [trainer.py] => Time:12.710554599761963
2026-04-27 15:44:54,924 [trainer.py] => ACC: {'total': 77.51, '00-03': 73.75, '04-07': 79.03, '08-11': 75.2, '12-15': 85.15, '16-19': 87.96, '20-23': 79.7, '24-27': 83.52, '28-31': 78.16, '32-35': 78.69, '36-39': 77.55, '40-43': 66.67, '44-47': 74.6, '48-51': 88.29, '52-55': 72.73, '56-59': 82.14, '60-63': 81.25, '64-67': 81.82, '68-71': 59.78, '72-75': 68.66, '76-79': 75.44, '80-83': 82.67, '84-87': 82.88, '88-91': 85.44, '92-95': 72.81, '96-99': 67.96, '100-103': 72.97, '104-107': 68.94, '108-111': 81.25, '112-115': 81.48, '116-119': 84.34, '120-123': 83.33, '124-127': 63.41, '128-131': 75.53, '132-135': 75.59, '136-139': 86.61, '140-143': 72.94, 'old': 77.6, 'new': 72.94}
2026-04-27 15:44:54,924 [trainer.py] => ACC top1 curve: [89.38, 88.73, 86.55, 85.29, 86.08, 85.37, 85.84, 84.96, 84.57, 83.67, 83.37, 82.86, 83.11, 82.63, 82.43, 82.33, 82.27, 81.7, 81.04, 80.71, 79.93, 80.13, 80.36, 79.92, 79.13, 78.95, 78.49, 78.45, 78.4, 78.51, 78.5, 78.15, 78.01, 77.74, 77.67, 77.51]
Average Accuracy: 81.74277777777777
2026-04-27 15:44:54,924 [trainer.py] => Average Accuracy: 81.74277777777777
2026-04-27 15:44:54,934 [trainer.py] => All params: 126094051
2026-04-27 15:44:54,943 [trainer.py] => Trainable params: 371716
2026-04-27 15:44:54,943 [palora.py] => Learning on 144-148
Parameters to be updated: {'image_encoder.blocks.1.attn.lora_A_k.36.weight', 'image_encoder.blocks.9.attn.lora_A_k.36.weight', 'image_encoder.blocks.3.attn.lora_B_k.36.weight', 'image_encoder.blocks.4.attn.lora_A_k.36.weight', 'image_encoder.blocks.2.attn.lora_A_k.36.weight', 'image_encoder.blocks.7.attn.lora_A_k.36.weight', 'image_encoder.blocks.2.attn.lora_A_v.36.weight', 'image_encoder.blocks.1.attn.lora_B_k.36.weight', 'image_encoder.blocks.5.attn.lora_B_v.36.weight', 'image_encoder.blocks.0.attn.lora_A_v.36.weight', 'image_encoder.blocks.5.attn.lora_A_v.36.weight', 'image_encoder.blocks.3.attn.lora_B_v.36.weight', 'image_encoder.blocks.0.attn.lora_B_k.36.weight', 'image_encoder.blocks.0.attn.lora_B_v.36.weight', 'image_encoder.blocks.10.attn.lora_B_v.36.weight', 'classifier_pool.36.bias', 'image_encoder.blocks.5.attn.lora_B_k.36.weight', 'image_encoder.blocks.9.attn.lora_B_k.36.weight', 'image_encoder.blocks.2.attn.lora_B_v.36.weight', 'image_encoder.blocks.6.attn.lora_B_v.36.weight', 'image_encoder.blocks.8.attn.lora_A_k.36.weight', 'image_encoder.blocks.1.attn.lora_B_v.36.weight', 'image_encoder.blocks.11.attn.lora_B_v.36.weight', 'image_encoder.blocks.4.attn.lora_B_k.36.weight', 'image_encoder.blocks.4.attn.lora_A_v.36.weight', 'image_encoder.blocks.9.attn.lora_A_v.36.weight', 'image_encoder.blocks.0.attn.lora_A_k.36.weight', 'image_encoder.blocks.8.attn.lora_B_k.36.weight', 'image_encoder.blocks.10.attn.lora_B_k.36.weight', 'image_encoder.blocks.11.attn.lora_A_k.36.weight', 'image_encoder.blocks.6.attn.lora_A_v.36.weight', 'image_encoder.blocks.10.attn.lora_A_k.36.weight', 'image_encoder.blocks.11.attn.lora_A_v.36.weight', 'image_encoder.blocks.8.attn.lora_B_v.36.weight', 'image_encoder.blocks.4.attn.lora_B_v.36.weight', 'image_encoder.blocks.11.attn.lora_B_k.36.weight', 'image_encoder.blocks.6.attn.lora_B_k.36.weight', 'image_encoder.blocks.5.attn.lora_A_k.36.weight', 'image_encoder.blocks.3.attn.lora_A_k.36.weight', 'image_encoder.blocks.6.attn.lora_A_k.36.weight', 'classifier_pool.36.weight', 'image_encoder.blocks.7.attn.lora_B_k.36.weight', 'image_encoder.blocks.3.attn.lora_A_v.36.weight', 'image_encoder.blocks.8.attn.lora_A_v.36.weight', 'image_encoder.blocks.9.attn.lora_B_v.36.weight', 'image_encoder.blocks.7.attn.lora_B_v.36.weight', 'image_encoder.blocks.7.attn.lora_A_v.36.weight', 'image_encoder.blocks.1.attn.lora_A_v.36.weight', 'image_encoder.blocks.10.attn.lora_A_v.36.weight', 'image_encoder.blocks.2.attn.lora_B_k.36.weight'}
After trained on task 35 tensor(0.0224, device='cuda:0') tensor(0.0239, device='cuda:0')
After trained on task 35 tensor(0.0229, device='cuda:0') tensor(0.0290, device='cuda:0')
After trained on task 35 tensor(0.0231, device='cuda:0') tensor(0.0322, device='cuda:0')
After trained on task 35 tensor(0.0251, device='cuda:0') tensor(0.0365, device='cuda:0')
After trained on task 35 tensor(0.0293, device='cuda:0') tensor(0.0387, device='cuda:0')
After trained on task 35 tensor(0.0320, device='cuda:0') tensor(0.0410, device='cuda:0')
After trained on task 35 tensor(0.0341, device='cuda:0') tensor(0.0485, device='cuda:0')
After trained on task 35 tensor(0.0392, device='cuda:0') tensor(0.0551, device='cuda:0')
After trained on task 35 tensor(0.0481, device='cuda:0') tensor(0.0792, device='cuda:0')
After trained on task 35 tensor(0.0531, device='cuda:0') tensor(0.1037, device='cuda:0')
After trained on task 35 tensor(0.0510, device='cuda:0') tensor(0.1521, device='cuda:0')
After trained on task 35 tensor(0.1198, device='cuda:0') tensor(0.1821, device='cuda:0')
reserving basis 148/768; cond: 86138576896.0, ratio:0.990632176399231
reserving basis 148/768; cond: 86138576896.0, ratio:0.990632176399231
reserving basis 160/768; cond: 48615833600.0, ratio:0.9912465214729309
reserving basis 160/768; cond: 48615833600.0, ratio:0.9912465214729309
reserving basis 155/768; cond: 22228740096.0, ratio:0.9906315207481384
reserving basis 155/768; cond: 22228740096.0, ratio:0.9906315207481384
reserving basis 160/768; cond: 3456597491712.0, ratio:0.9913728833198547
reserving basis 160/768; cond: 3456597491712.0, ratio:0.9913728833198547
reserving basis 167/768; cond: 13451517952.0, ratio:0.9907675981521606
reserving basis 167/768; cond: 13451517952.0, ratio:0.9907675981521606
reserving basis 163/768; cond: 485878890496.0, ratio:0.9907065033912659
reserving basis 163/768; cond: 485878890496.0, ratio:0.9907065033912659
reserving basis 175/768; cond: 648046903296.0, ratio:0.9910894632339478
reserving basis 175/768; cond: 648046903296.0, ratio:0.9910894632339478
reserving basis 163/768; cond: 183968153600.0, ratio:0.9912698864936829
reserving basis 163/768; cond: 183968153600.0, ratio:0.9912698864936829
reserving basis 174/768; cond: 69919203328.0, ratio:0.9913537502288818
reserving basis 174/768; cond: 69919203328.0, ratio:0.9913537502288818
reserving basis 161/768; cond: 274254856192.0, ratio:0.9903609156608582
reserving basis 161/768; cond: 274254856192.0, ratio:0.9903609156608582
reserving basis 166/768; cond: 1330647007232.0, ratio:0.9913250207901001
reserving basis 166/768; cond: 1330647007232.0, ratio:0.9913250207901001
reserving basis 158/768; cond: 6526819328.0, ratio:0.9900200366973877
reserving basis 158/768; cond: 6526819328.0, ratio:0.9900200366973877
reserving basis 168/768; cond: 30303043584.0, ratio:0.9906886219978333
reserving basis 168/768; cond: 30303043584.0, ratio:0.9906886219978333
reserving basis 160/768; cond: 397290504192.0, ratio:0.9913777709007263
reserving basis 160/768; cond: 397290504192.0, ratio:0.9913777709007263
reserving basis 167/768; cond: 2003140608000.0, ratio:0.9908243417739868
reserving basis 167/768; cond: 2003140608000.0, ratio:0.9908243417739868
reserving basis 152/768; cond: 2107353595904.0, ratio:0.9915922284126282
reserving basis 152/768; cond: 2107353595904.0, ratio:0.9915922284126282
reserving basis 160/768; cond: 30991734784.0, ratio:0.9900711178779602
reserving basis 160/768; cond: 30991734784.0, ratio:0.9900711178779602
reserving basis 137/768; cond: 20394436608.0, ratio:0.9903286695480347
reserving basis 137/768; cond: 20394436608.0, ratio:0.9903286695480347
reserving basis 149/768; cond: 100487364608.0, ratio:0.9901537895202637
reserving basis 149/768; cond: 100487364608.0, ratio:0.9901537895202637
reserving basis 123/768; cond: 89995714560.0, ratio:0.9908320307731628
reserving basis 123/768; cond: 89995714560.0, ratio:0.9908320307731628
reserving basis 143/768; cond: 54598148096.0, ratio:0.9907419681549072
reserving basis 143/768; cond: 54598148096.0, ratio:0.9907419681549072
reserving basis 108/768; cond: 69086126080.0, ratio:0.991808295249939
reserving basis 108/768; cond: 69086126080.0, ratio:0.991808295249939
reserving basis 108/768; cond: 164269621248.0, ratio:0.9917465448379517
reserving basis 108/768; cond: 164269621248.0, ratio:0.9917465448379517
reserving basis 94/768; cond: 5508002304.0, ratio:0.992405354976654
reserving basis 94/768; cond: 5508002304.0, ratio:0.992405354976654
2026-04-27 15:49:08,460 [palora.py] => Task 36, Epoch 50/50 => Loss 0.434, Train_accy 97.78
2026-04-27 15:49:14,749 [trainer.py] => Time:259.8060927391052
4382 4382
2026-04-27 15:49:28,945 [trainer.py] => Time:14.195362329483032
2026-04-27 15:49:28,945 [trainer.py] => ACC: {'total': 77.2, '00-03': 74.38, '04-07': 79.03, '08-11': 75.2, '12-15': 85.15, '16-19': 87.96, '20-23': 79.7, '24-27': 82.95, '28-31': 78.16, '32-35': 78.69, '36-39': 77.55, '40-43': 65.38, '44-47': 71.43, '48-51': 88.29, '52-55': 72.73, '56-59': 82.14, '60-63': 81.25, '64-67': 81.82, '68-71': 60.87, '72-75': 68.66, '76-79': 74.85, '80-83': 82.67, '84-87': 82.88, '88-91': 85.44, '92-95': 71.93, '96-99': 68.51, '100-103': 72.97, '104-107': 68.18, '108-111': 80.47, '112-115': 81.48, '116-119': 84.34, '120-123': 82.29, '124-127': 60.98, '128-131': 74.47, '132-135': 74.8, '136-139': 86.61, '140-143': 70.59, '144-147': 77.11, 'old': 77.2, 'new': 77.11}
2026-04-27 15:49:28,945 [trainer.py] => ACC top1 curve: [89.38, 88.73, 86.55, 85.29, 86.08, 85.37, 85.84, 84.96, 84.57, 83.67, 83.37, 82.86, 83.11, 82.63, 82.43, 82.33, 82.27, 81.7, 81.04, 80.71, 79.93, 80.13, 80.36, 79.92, 79.13, 78.95, 78.49, 78.45, 78.4, 78.51, 78.5, 78.15, 78.01, 77.74, 77.67, 77.51, 77.2]
Average Accuracy: 81.61999999999999
2026-04-27 15:49:28,945 [trainer.py] => Average Accuracy: 81.61999999999999
2026-04-27 15:49:28,956 [trainer.py] => All params: 126094051
2026-04-27 15:49:28,965 [trainer.py] => Trainable params: 371716
2026-04-27 15:49:28,965 [palora.py] => Learning on 148-152
Parameters to be updated: {'image_encoder.blocks.10.attn.lora_A_k.37.weight', 'image_encoder.blocks.11.attn.lora_A_k.37.weight', 'image_encoder.blocks.9.attn.lora_A_k.37.weight', 'image_encoder.blocks.9.attn.lora_A_v.37.weight', 'image_encoder.blocks.3.attn.lora_A_k.37.weight', 'image_encoder.blocks.11.attn.lora_A_v.37.weight', 'image_encoder.blocks.3.attn.lora_A_v.37.weight', 'image_encoder.blocks.7.attn.lora_B_v.37.weight', 'image_encoder.blocks.5.attn.lora_A_v.37.weight', 'image_encoder.blocks.5.attn.lora_B_v.37.weight', 'image_encoder.blocks.4.attn.lora_A_v.37.weight', 'image_encoder.blocks.6.attn.lora_B_v.37.weight', 'image_encoder.blocks.3.attn.lora_B_v.37.weight', 'image_encoder.blocks.8.attn.lora_A_v.37.weight', 'image_encoder.blocks.8.attn.lora_A_k.37.weight', 'classifier_pool.37.bias', 'image_encoder.blocks.11.attn.lora_B_v.37.weight', 'image_encoder.blocks.1.attn.lora_A_v.37.weight', 'image_encoder.blocks.2.attn.lora_A_k.37.weight', 'classifier_pool.37.weight', 'image_encoder.blocks.7.attn.lora_A_v.37.weight', 'image_encoder.blocks.11.attn.lora_B_k.37.weight', 'image_encoder.blocks.5.attn.lora_A_k.37.weight', 'image_encoder.blocks.9.attn.lora_B_k.37.weight', 'image_encoder.blocks.6.attn.lora_B_k.37.weight', 'image_encoder.blocks.1.attn.lora_B_k.37.weight', 'image_encoder.blocks.7.attn.lora_B_k.37.weight', 'image_encoder.blocks.5.attn.lora_B_k.37.weight', 'image_encoder.blocks.4.attn.lora_B_k.37.weight', 'image_encoder.blocks.2.attn.lora_B_v.37.weight', 'image_encoder.blocks.0.attn.lora_A_v.37.weight', 'image_encoder.blocks.4.attn.lora_A_k.37.weight', 'image_encoder.blocks.1.attn.lora_B_v.37.weight', 'image_encoder.blocks.0.attn.lora_B_k.37.weight', 'image_encoder.blocks.6.attn.lora_A_k.37.weight', 'image_encoder.blocks.7.attn.lora_A_k.37.weight', 'image_encoder.blocks.6.attn.lora_A_v.37.weight', 'image_encoder.blocks.9.attn.lora_B_v.37.weight', 'image_encoder.blocks.10.attn.lora_A_v.37.weight', 'image_encoder.blocks.10.attn.lora_B_k.37.weight', 'image_encoder.blocks.10.attn.lora_B_v.37.weight', 'image_encoder.blocks.0.attn.lora_A_k.37.weight', 'image_encoder.blocks.2.attn.lora_A_v.37.weight', 'image_encoder.blocks.4.attn.lora_B_v.37.weight', 'image_encoder.blocks.1.attn.lora_A_k.37.weight', 'image_encoder.blocks.8.attn.lora_B_k.37.weight', 'image_encoder.blocks.2.attn.lora_B_k.37.weight', 'image_encoder.blocks.3.attn.lora_B_k.37.weight', 'image_encoder.blocks.8.attn.lora_B_v.37.weight', 'image_encoder.blocks.0.attn.lora_B_v.37.weight'}
After trained on task 36 tensor(0.0222, device='cuda:0') tensor(0.0218, device='cuda:0')
After trained on task 36 tensor(0.0234, device='cuda:0') tensor(0.0251, device='cuda:0')
After trained on task 36 tensor(0.0217, device='cuda:0') tensor(0.0274, device='cuda:0')
After trained on task 36 tensor(0.0252, device='cuda:0') tensor(0.0326, device='cuda:0')
After trained on task 36 tensor(0.0249, device='cuda:0') tensor(0.0342, device='cuda:0')
After trained on task 36 tensor(0.0291, device='cuda:0') tensor(0.0431, device='cuda:0')
After trained on task 36 tensor(0.0320, device='cuda:0') tensor(0.0449, device='cuda:0')
After trained on task 36 tensor(0.0341, device='cuda:0') tensor(0.0497, device='cuda:0')
After trained on task 36 tensor(0.0381, device='cuda:0') tensor(0.0699, device='cuda:0')
After trained on task 36 tensor(0.0481, device='cuda:0') tensor(0.0893, device='cuda:0')
After trained on task 36 tensor(0.0570, device='cuda:0') tensor(0.1170, device='cuda:0')
After trained on task 36 tensor(0.0905, device='cuda:0') tensor(0.1563, device='cuda:0')
reserving basis 149/768; cond: 57623650304.0, ratio:0.9901214838027954
reserving basis 149/768; cond: 57623650304.0, ratio:0.9901214838027954
reserving basis 161/768; cond: 24928856064.0, ratio:0.9904642105102539
reserving basis 161/768; cond: 24928856064.0, ratio:0.9904642105102539
reserving basis 156/768; cond: 256009502720.0, ratio:0.9908404350280762
reserving basis 156/768; cond: 256009502720.0, ratio:0.9908404350280762
reserving basis 161/768; cond: 167710457856.0, ratio:0.9912435412406921
reserving basis 161/768; cond: 167710457856.0, ratio:0.9912435412406921
reserving basis 167/768; cond: 28667547648.0, ratio:0.9901780486106873
reserving basis 167/768; cond: 28667547648.0, ratio:0.9901780486106873
reserving basis 163/768; cond: 14466738176.0, ratio:0.990382969379425
reserving basis 163/768; cond: 14466738176.0, ratio:0.990382969379425
reserving basis 177/768; cond: 62878932992.0, ratio:0.9913113117218018
reserving basis 177/768; cond: 62878932992.0, ratio:0.9913113117218018
reserving basis 164/768; cond: 100908228608.0, ratio:0.9910957217216492
reserving basis 164/768; cond: 100908228608.0, ratio:0.9910957217216492
reserving basis 175/768; cond: 27827453952.0, ratio:0.9906595349311829
reserving basis 175/768; cond: 27827453952.0, ratio:0.9906595349311829
reserving basis 162/768; cond: 34125234176.0, ratio:0.9908765554428101
reserving basis 162/768; cond: 34125234176.0, ratio:0.9908765554428101
reserving basis 167/768; cond: 48096522240.0, ratio:0.9909279346466064
reserving basis 167/768; cond: 48096522240.0, ratio:0.9909279346466064
reserving basis 159/768; cond: 33760372736.0, ratio:0.9915777444839478
reserving basis 159/768; cond: 33760372736.0, ratio:0.9915777444839478
reserving basis 169/768; cond: 43384664064.0, ratio:0.9904580116271973
reserving basis 169/768; cond: 43384664064.0, ratio:0.9904580116271973
reserving basis 161/768; cond: 1267282345984.0, ratio:0.9907776117324829
reserving basis 161/768; cond: 1267282345984.0, ratio:0.9907776117324829
reserving basis 168/768; cond: 227352231936.0, ratio:0.9904456734657288
reserving basis 168/768; cond: 227352231936.0, ratio:0.9904456734657288
reserving basis 153/768; cond: 14199581696.0, ratio:0.9910733103752136
reserving basis 153/768; cond: 14199581696.0, ratio:0.9910733103752136
reserving basis 161/768; cond: 34768678912.0, ratio:0.9908260703086853
reserving basis 161/768; cond: 34768678912.0, ratio:0.9908260703086853
reserving basis 138/768; cond: 43490000896.0, ratio:0.9911661148071289
reserving basis 138/768; cond: 43490000896.0, ratio:0.9911661148071289
reserving basis 150/768; cond: 18422913024.0, ratio:0.9904507994651794
reserving basis 150/768; cond: 18422913024.0, ratio:0.9904507994651794
reserving basis 124/768; cond: 20286783488.0, ratio:0.9913367033004761
reserving basis 124/768; cond: 20286783488.0, ratio:0.9913367033004761
reserving basis 144/768; cond: 170358439936.0, ratio:0.9912566542625427
reserving basis 144/768; cond: 170358439936.0, ratio:0.9912566542625427
reserving basis 109/768; cond: 78391730176.0, ratio:0.9916128516197205
reserving basis 109/768; cond: 78391730176.0, ratio:0.9916128516197205
reserving basis 109/768; cond: 17983954944.0, ratio:0.9915875792503357
reserving basis 109/768; cond: 17983954944.0, ratio:0.9915875792503357
reserving basis 95/768; cond: 20346132480.0, ratio:0.9915456175804138
reserving basis 95/768; cond: 20346132480.0, ratio:0.9915456175804138
2026-04-27 15:53:31,015 [palora.py] => Task 37, Epoch 50/50 => Loss 0.485, Train_accy 94.95
2026-04-27 15:53:36,461 [trainer.py] => Time:247.49578738212585
4439 4439
2026-04-27 15:53:49,549 [trainer.py] => Time:13.087899684906006
2026-04-27 15:53:49,549 [trainer.py] => ACC: {'total': 77.18, '00-03': 73.75, '04-07': 79.03, '08-11': 75.2, '12-15': 85.15, '16-19': 87.96, '20-23': 80.2, '24-27': 83.52, '28-31': 77.59, '32-35': 80.33, '36-39': 77.55, '40-43': 65.38, '44-47': 76.19, '48-51': 88.29, '52-55': 72.73, '56-59': 82.14, '60-63': 81.25, '64-67': 81.82, '68-71': 59.78, '72-75': 68.66, '76-79': 74.85, '80-83': 82.67, '84-87': 82.19, '88-91': 86.41, '92-95': 71.93, '96-99': 68.51, '100-103': 72.97, '104-107': 68.18, '108-111': 80.47, '112-115': 81.48, '116-119': 84.34, '120-123': 82.29, '124-127': 60.98, '128-131': 73.4, '132-135': 74.8, '136-139': 85.71, '140-143': 68.24, '144-147': 74.7, '148-151': 80.7, 'old': 77.13, 'new': 80.7}
2026-04-27 15:53:49,550 [trainer.py] => ACC top1 curve: [89.38, 88.73, 86.55, 85.29, 86.08, 85.37, 85.84, 84.96, 84.57, 83.67, 83.37, 82.86, 83.11, 82.63, 82.43, 82.33, 82.27, 81.7, 81.04, 80.71, 79.93, 80.13, 80.36, 79.92, 79.13, 78.95, 78.49, 78.45, 78.4, 78.51, 78.5, 78.15, 78.01, 77.74, 77.67, 77.51, 77.2, 77.18]
Average Accuracy: 81.50315789473683
2026-04-27 15:53:49,550 [trainer.py] => Average Accuracy: 81.50315789473683
2026-04-27 15:53:49,559 [trainer.py] => All params: 126094051
2026-04-27 15:53:49,568 [trainer.py] => Trainable params: 371716
2026-04-27 15:53:49,568 [palora.py] => Learning on 152-156
Parameters to be updated: {'classifier_pool.38.weight', 'image_encoder.blocks.11.attn.lora_B_v.38.weight', 'image_encoder.blocks.0.attn.lora_A_k.38.weight', 'image_encoder.blocks.3.attn.lora_B_v.38.weight', 'image_encoder.blocks.4.attn.lora_A_v.38.weight', 'image_encoder.blocks.10.attn.lora_A_v.38.weight', 'classifier_pool.38.bias', 'image_encoder.blocks.0.attn.lora_A_v.38.weight', 'image_encoder.blocks.3.attn.lora_A_k.38.weight', 'image_encoder.blocks.2.attn.lora_A_v.38.weight', 'image_encoder.blocks.8.attn.lora_B_k.38.weight', 'image_encoder.blocks.10.attn.lora_B_v.38.weight', 'image_encoder.blocks.11.attn.lora_B_k.38.weight', 'image_encoder.blocks.0.attn.lora_B_v.38.weight', 'image_encoder.blocks.4.attn.lora_B_k.38.weight', 'image_encoder.blocks.8.attn.lora_A_v.38.weight', 'image_encoder.blocks.8.attn.lora_B_v.38.weight', 'image_encoder.blocks.11.attn.lora_A_k.38.weight', 'image_encoder.blocks.7.attn.lora_A_k.38.weight', 'image_encoder.blocks.4.attn.lora_B_v.38.weight', 'image_encoder.blocks.4.attn.lora_A_k.38.weight', 'image_encoder.blocks.6.attn.lora_A_k.38.weight', 'image_encoder.blocks.9.attn.lora_B_k.38.weight', 'image_encoder.blocks.7.attn.lora_B_k.38.weight', 'image_encoder.blocks.6.attn.lora_B_v.38.weight', 'image_encoder.blocks.5.attn.lora_A_k.38.weight', 'image_encoder.blocks.11.attn.lora_A_v.38.weight', 'image_encoder.blocks.1.attn.lora_A_v.38.weight', 'image_encoder.blocks.1.attn.lora_B_v.38.weight', 'image_encoder.blocks.6.attn.lora_B_k.38.weight', 'image_encoder.blocks.7.attn.lora_B_v.38.weight', 'image_encoder.blocks.3.attn.lora_B_k.38.weight', 'image_encoder.blocks.0.attn.lora_B_k.38.weight', 'image_encoder.blocks.3.attn.lora_A_v.38.weight', 'image_encoder.blocks.5.attn.lora_B_k.38.weight', 'image_encoder.blocks.9.attn.lora_A_v.38.weight', 'image_encoder.blocks.6.attn.lora_A_v.38.weight', 'image_encoder.blocks.9.attn.lora_B_v.38.weight', 'image_encoder.blocks.10.attn.lora_A_k.38.weight', 'image_encoder.blocks.2.attn.lora_A_k.38.weight', 'image_encoder.blocks.2.attn.lora_B_k.38.weight', 'image_encoder.blocks.9.attn.lora_A_k.38.weight', 'image_encoder.blocks.5.attn.lora_B_v.38.weight', 'image_encoder.blocks.5.attn.lora_A_v.38.weight', 'image_encoder.blocks.7.attn.lora_A_v.38.weight', 'image_encoder.blocks.1.attn.lora_B_k.38.weight', 'image_encoder.blocks.2.attn.lora_B_v.38.weight', 'image_encoder.blocks.8.attn.lora_A_k.38.weight', 'image_encoder.blocks.10.attn.lora_B_k.38.weight', 'image_encoder.blocks.1.attn.lora_A_k.38.weight'}
After trained on task 37 tensor(0.0253, device='cuda:0') tensor(0.0217, device='cuda:0')
After trained on task 37 tensor(0.0240, device='cuda:0') tensor(0.0247, device='cuda:0')
After trained on task 37 tensor(0.0221, device='cuda:0') tensor(0.0280, device='cuda:0')
After trained on task 37 tensor(0.0226, device='cuda:0') tensor(0.0281, device='cuda:0')
After trained on task 37 tensor(0.0247, device='cuda:0') tensor(0.0340, device='cuda:0')
After trained on task 37 tensor(0.0288, device='cuda:0') tensor(0.0363, device='cuda:0')
After trained on task 37 tensor(0.0264, device='cuda:0') tensor(0.0358, device='cuda:0')
After trained on task 37 tensor(0.0327, device='cuda:0') tensor(0.0441, device='cuda:0')
After trained on task 37 tensor(0.0375, device='cuda:0') tensor(0.0615, device='cuda:0')
After trained on task 37 tensor(0.0417, device='cuda:0') tensor(0.0905, device='cuda:0')
After trained on task 37 tensor(0.0457, device='cuda:0') tensor(0.1107, device='cuda:0')
After trained on task 37 tensor(0.1011, device='cuda:0') tensor(0.1773, device='cuda:0')
reserving basis 151/768; cond: 19512119296.0, ratio:0.9909813404083252
reserving basis 151/768; cond: 19512119296.0, ratio:0.9909813404083252
reserving basis 162/768; cond: 2778041679872.0, ratio:0.9903444647789001
reserving basis 162/768; cond: 2778041679872.0, ratio:0.9903444647789001
reserving basis 157/768; cond: 31131056128.0, ratio:0.9907432198524475
reserving basis 157/768; cond: 31131056128.0, ratio:0.9907432198524475
reserving basis 162/768; cond: 20922460160.0, ratio:0.9903823733329773
reserving basis 162/768; cond: 20922460160.0, ratio:0.9903823733329773
reserving basis 168/768; cond: 68056788992.0, ratio:0.9910879731178284
reserving basis 168/768; cond: 68056788992.0, ratio:0.9910879731178284
reserving basis 164/768; cond: 19365670912.0, ratio:0.9910390377044678
reserving basis 164/768; cond: 19365670912.0, ratio:0.9910390377044678
reserving basis 178/768; cond: 9237592064.0, ratio:0.9901710152626038
reserving basis 178/768; cond: 9237592064.0, ratio:0.9901710152626038
reserving basis 165/768; cond: 50917654528.0, ratio:0.9915366768836975
reserving basis 165/768; cond: 50917654528.0, ratio:0.9915366768836975
reserving basis 176/768; cond: 30934935552.0, ratio:0.9913033246994019
reserving basis 176/768; cond: 30934935552.0, ratio:0.9913033246994019
reserving basis 163/768; cond: 31225290752.0, ratio:0.9904360175132751
reserving basis 163/768; cond: 31225290752.0, ratio:0.9904360175132751
reserving basis 168/768; cond: 98181881856.0, ratio:0.9909813404083252
reserving basis 168/768; cond: 98181881856.0, ratio:0.9909813404083252
reserving basis 160/768; cond: 788722286592.0, ratio:0.9907102584838867
reserving basis 160/768; cond: 788722286592.0, ratio:0.9907102584838867
reserving basis 169/768; cond: 61856047104.0, ratio:0.9900420308113098
reserving basis 169/768; cond: 61856047104.0, ratio:0.9900420308113098
reserving basis 162/768; cond: 64572768256.0, ratio:0.9912892580032349
reserving basis 162/768; cond: 64572768256.0, ratio:0.9912892580032349
reserving basis 169/768; cond: 146331631616.0, ratio:0.9905091524124146
reserving basis 169/768; cond: 146331631616.0, ratio:0.9905091524124146
reserving basis 154/768; cond: 214000041984.0, ratio:0.9915822744369507
reserving basis 154/768; cond: 214000041984.0, ratio:0.9915822744369507
reserving basis 162/768; cond: 35340034048.0, ratio:0.9912810921669006
reserving basis 162/768; cond: 35340034048.0, ratio:0.9912810921669006
reserving basis 139/768; cond: 6267795456.0, ratio:0.9909482002258301
reserving basis 139/768; cond: 6267795456.0, ratio:0.9909482002258301
reserving basis 151/768; cond: 4090928037888.0, ratio:0.991274356842041
reserving basis 151/768; cond: 4090928037888.0, ratio:0.991274356842041
reserving basis 124/768; cond: 64057208832.0, ratio:0.990321159362793
reserving basis 124/768; cond: 64057208832.0, ratio:0.990321159362793
reserving basis 145/768; cond: 70681174016.0, ratio:0.9911637902259827
reserving basis 145/768; cond: 70681174016.0, ratio:0.9911637902259827
reserving basis 110/768; cond: 4229220270080.0, ratio:0.9921252131462097
reserving basis 110/768; cond: 4229220270080.0, ratio:0.9921252131462097
reserving basis 109/768; cond: 48927141888.0, ratio:0.9904004335403442
reserving basis 109/768; cond: 48927141888.0, ratio:0.9904004335403442
reserving basis 96/768; cond: 43201122304.0, ratio:0.992754340171814
reserving basis 96/768; cond: 43201122304.0, ratio:0.992754340171814
2026-04-27 15:58:13,502 [palora.py] => Task 38, Epoch 50/50 => Loss 0.449, Train_accy 97.26
2026-04-27 15:58:20,144 [trainer.py] => Time:270.57601165771484
4537 4537
2026-04-27 15:58:33,777 [trainer.py] => Time:13.63300108909607
2026-04-27 15:58:33,777 [trainer.py] => ACC: {'total': 77.03, '00-03': 74.38, '04-07': 79.03, '08-11': 75.2, '12-15': 85.15, '16-19': 87.96, '20-23': 79.21, '24-27': 83.52, '28-31': 78.16, '32-35': 78.69, '36-39': 77.55, '40-43': 66.67, '44-47': 74.6, '48-51': 88.29, '52-55': 72.73, '56-59': 82.14, '60-63': 81.25, '64-67': 81.82, '68-71': 60.87, '72-75': 67.91, '76-79': 75.44, '80-83': 82.18, '84-87': 82.19, '88-91': 86.41, '92-95': 71.93, '96-99': 69.06, '100-103': 72.97, '104-107': 68.94, '108-111': 80.47, '112-115': 80.56, '116-119': 85.54, '120-123': 81.25, '124-127': 60.16, '128-131': 73.4, '132-135': 74.8, '136-139': 85.71, '140-143': 68.24, '144-147': 71.08, '148-151': 75.44, '152-155': 77.55, 'old': 77.02, 'new': 77.55}
2026-04-27 15:58:33,778 [trainer.py] => ACC top1 curve: [89.38, 88.73, 86.55, 85.29, 86.08, 85.37, 85.84, 84.96, 84.57, 83.67, 83.37, 82.86, 83.11, 82.63, 82.43, 82.33, 82.27, 81.7, 81.04, 80.71, 79.93, 80.13, 80.36, 79.92, 79.13, 78.95, 78.49, 78.45, 78.4, 78.51, 78.5, 78.15, 78.01, 77.74, 77.67, 77.51, 77.2, 77.18, 77.03]
Average Accuracy: 81.38846153846153
2026-04-27 15:58:33,778 [trainer.py] => Average Accuracy: 81.38846153846153
2026-04-27 15:58:33,788 [trainer.py] => All params: 126094051
2026-04-27 15:58:33,797 [trainer.py] => Trainable params: 371716
2026-04-27 15:58:33,798 [palora.py] => Learning on 156-160
Parameters to be updated: {'image_encoder.blocks.4.attn.lora_B_v.39.weight', 'image_encoder.blocks.9.attn.lora_B_v.39.weight', 'classifier_pool.39.bias', 'image_encoder.blocks.0.attn.lora_B_v.39.weight', 'image_encoder.blocks.3.attn.lora_B_v.39.weight', 'image_encoder.blocks.2.attn.lora_A_k.39.weight', 'image_encoder.blocks.4.attn.lora_B_k.39.weight', 'image_encoder.blocks.0.attn.lora_A_k.39.weight', 'image_encoder.blocks.2.attn.lora_A_v.39.weight', 'image_encoder.blocks.11.attn.lora_A_v.39.weight', 'image_encoder.blocks.9.attn.lora_A_k.39.weight', 'image_encoder.blocks.5.attn.lora_A_k.39.weight', 'image_encoder.blocks.7.attn.lora_B_k.39.weight', 'image_encoder.blocks.11.attn.lora_B_k.39.weight', 'image_encoder.blocks.10.attn.lora_A_v.39.weight', 'image_encoder.blocks.4.attn.lora_A_v.39.weight', 'image_encoder.blocks.10.attn.lora_A_k.39.weight', 'image_encoder.blocks.1.attn.lora_B_k.39.weight', 'image_encoder.blocks.6.attn.lora_B_k.39.weight', 'image_encoder.blocks.6.attn.lora_B_v.39.weight', 'image_encoder.blocks.11.attn.lora_B_v.39.weight', 'image_encoder.blocks.5.attn.lora_B_k.39.weight', 'image_encoder.blocks.3.attn.lora_B_k.39.weight', 'image_encoder.blocks.0.attn.lora_A_v.39.weight', 'image_encoder.blocks.11.attn.lora_A_k.39.weight', 'image_encoder.blocks.1.attn.lora_B_v.39.weight', 'image_encoder.blocks.8.attn.lora_B_k.39.weight', 'image_encoder.blocks.7.attn.lora_A_k.39.weight', 'image_encoder.blocks.0.attn.lora_B_k.39.weight', 'image_encoder.blocks.4.attn.lora_A_k.39.weight', 'image_encoder.blocks.8.attn.lora_A_k.39.weight', 'image_encoder.blocks.9.attn.lora_A_v.39.weight', 'image_encoder.blocks.6.attn.lora_A_v.39.weight', 'image_encoder.blocks.8.attn.lora_B_v.39.weight', 'image_encoder.blocks.3.attn.lora_A_k.39.weight', 'image_encoder.blocks.2.attn.lora_B_k.39.weight', 'image_encoder.blocks.6.attn.lora_A_k.39.weight', 'image_encoder.blocks.1.attn.lora_A_v.39.weight', 'image_encoder.blocks.2.attn.lora_B_v.39.weight', 'image_encoder.blocks.7.attn.lora_B_v.39.weight', 'image_encoder.blocks.9.attn.lora_B_k.39.weight', 'image_encoder.blocks.10.attn.lora_B_v.39.weight', 'image_encoder.blocks.1.attn.lora_A_k.39.weight', 'image_encoder.blocks.7.attn.lora_A_v.39.weight', 'image_encoder.blocks.8.attn.lora_A_v.39.weight', 'image_encoder.blocks.3.attn.lora_A_v.39.weight', 'image_encoder.blocks.5.attn.lora_A_v.39.weight', 'classifier_pool.39.weight', 'image_encoder.blocks.5.attn.lora_B_v.39.weight', 'image_encoder.blocks.10.attn.lora_B_k.39.weight'}
After trained on task 38 tensor(0.0255, device='cuda:0') tensor(0.0226, device='cuda:0')
After trained on task 38 tensor(0.0254, device='cuda:0') tensor(0.0267, device='cuda:0')
After trained on task 38 tensor(0.0226, device='cuda:0') tensor(0.0304, device='cuda:0')
After trained on task 38 tensor(0.0227, device='cuda:0') tensor(0.0342, device='cuda:0')
After trained on task 38 tensor(0.0291, device='cuda:0') tensor(0.0368, device='cuda:0')
After trained on task 38 tensor(0.0318, device='cuda:0') tensor(0.0402, device='cuda:0')
After trained on task 38 tensor(0.0321, device='cuda:0') tensor(0.0430, device='cuda:0')
After trained on task 38 tensor(0.0373, device='cuda:0') tensor(0.0558, device='cuda:0')
After trained on task 38 tensor(0.0424, device='cuda:0') tensor(0.0847, device='cuda:0')
After trained on task 38 tensor(0.0530, device='cuda:0') tensor(0.1142, device='cuda:0')
After trained on task 38 tensor(0.0635, device='cuda:0') tensor(0.1491, device='cuda:0')
After trained on task 38 tensor(0.0775, device='cuda:0') tensor(0.1567, device='cuda:0')
reserving basis 152/768; cond: 1498998374400.0, ratio:0.9905443787574768
reserving basis 152/768; cond: 1498998374400.0, ratio:0.9905443787574768
reserving basis 163/768; cond: 72399060992.0, ratio:0.9909613728523254
reserving basis 163/768; cond: 72399060992.0, ratio:0.9909613728523254
reserving basis 158/768; cond: 129492918272.0, ratio:0.9912533760070801
reserving basis 158/768; cond: 129492918272.0, ratio:0.9912533760070801
reserving basis 163/768; cond: 16023427072.0, ratio:0.9908568859100342
reserving basis 163/768; cond: 16023427072.0, ratio:0.9908568859100342
reserving basis 169/768; cond: 48921128960.0, ratio:0.9915123581886292
reserving basis 169/768; cond: 48921128960.0, ratio:0.9915123581886292
reserving basis 165/768; cond: 564089454592.0, ratio:0.990821897983551
reserving basis 165/768; cond: 564089454592.0, ratio:0.990821897983551
reserving basis 179/768; cond: 2774332866560.0, ratio:0.9909701943397522
reserving basis 179/768; cond: 2774332866560.0, ratio:0.9909701943397522
reserving basis 165/768; cond: 18156859392.0, ratio:0.9902158975601196
reserving basis 165/768; cond: 18156859392.0, ratio:0.9902158975601196
reserving basis 177/768; cond: 12997180416.0, ratio:0.9900722503662109
reserving basis 177/768; cond: 12997180416.0, ratio:0.9900722503662109
reserving basis 164/768; cond: 18300710912.0, ratio:0.9909569621086121
reserving basis 164/768; cond: 18300710912.0, ratio:0.9909569621086121
reserving basis 169/768; cond: 75726258176.0, ratio:0.9909992218017578
reserving basis 169/768; cond: 75726258176.0, ratio:0.9909992218017578
reserving basis 161/768; cond: 21009489920.0, ratio:0.9905237555503845
reserving basis 161/768; cond: 21009489920.0, ratio:0.9905237555503845
reserving basis 170/768; cond: 26575624192.0, ratio:0.990531861782074
reserving basis 170/768; cond: 26575624192.0, ratio:0.990531861782074
reserving basis 163/768; cond: 22240159744.0, ratio:0.9905794858932495
reserving basis 163/768; cond: 22240159744.0, ratio:0.9905794858932495
reserving basis 170/768; cond: 105077456896.0, ratio:0.9903098940849304
reserving basis 170/768; cond: 105077456896.0, ratio:0.9903098940849304
reserving basis 155/768; cond: 32948774912.0, ratio:0.990486741065979
reserving basis 155/768; cond: 32948774912.0, ratio:0.990486741065979
reserving basis 163/768; cond: 38184267776.0, ratio:0.9902898073196411
reserving basis 163/768; cond: 38184267776.0, ratio:0.9902898073196411
reserving basis 140/768; cond: 88873189376.0, ratio:0.9912809133529663
reserving basis 140/768; cond: 88873189376.0, ratio:0.9912809133529663
reserving basis 152/768; cond: 36737941504.0, ratio:0.9908855557441711
reserving basis 152/768; cond: 36737941504.0, ratio:0.9908855557441711
reserving basis 125/768; cond: 58076459008.0, ratio:0.9920139908790588
reserving basis 125/768; cond: 58076459008.0, ratio:0.9920139908790588
reserving basis 145/768; cond: 93719519232.0, ratio:0.9905403256416321
reserving basis 145/768; cond: 93719519232.0, ratio:0.9905403256416321
reserving basis 110/768; cond: 22849826816.0, ratio:0.990781843662262
reserving basis 110/768; cond: 22849826816.0, ratio:0.990781843662262
reserving basis 110/768; cond: 2248973746176.0, ratio:0.9917671084403992
reserving basis 110/768; cond: 2248973746176.0, ratio:0.9917671084403992
reserving basis 97/768; cond: 23243012096.0, ratio:0.9916959404945374
reserving basis 97/768; cond: 23243012096.0, ratio:0.9916959404945374
2026-04-27 16:03:28,015 [palora.py] => Task 39, Epoch 50/50 => Loss 0.481, Train_accy 95.83
2026-04-27 16:03:34,745 [trainer.py] => Time:300.9474949836731
4667 4667
2026-04-27 16:03:48,482 [trainer.py] => Time:13.736823797225952
2026-04-27 16:03:48,483 [trainer.py] => ACC: {'total': 76.58, '00-03': 73.75, '04-07': 79.03, '08-11': 72.8, '12-15': 85.15, '16-19': 87.96, '20-23': 79.21, '24-27': 84.09, '28-31': 77.59, '32-35': 77.05, '36-39': 77.55, '40-43': 65.38, '44-47': 71.43, '48-51': 86.49, '52-55': 72.73, '56-59': 82.14, '60-63': 81.25, '64-67': 81.82, '68-71': 61.96, '72-75': 67.91, '76-79': 75.44, '80-83': 81.68, '84-87': 82.19, '88-91': 86.41, '92-95': 71.93, '96-99': 67.96, '100-103': 72.97, '104-107': 68.18, '108-111': 81.25, '112-115': 80.56, '116-119': 84.34, '120-123': 81.25, '124-127': 60.16, '128-131': 72.34, '132-135': 74.8, '136-139': 85.71, '140-143': 69.41, '144-147': 71.08, '148-151': 73.68, '152-155': 77.55, '156-159': 71.54, 'old': 76.72, 'new': 71.54}
2026-04-27 16:03:48,483 [trainer.py] => ACC top1 curve: [89.38, 88.73, 86.55, 85.29, 86.08, 85.37, 85.84, 84.96, 84.57, 83.67, 83.37, 82.86, 83.11, 82.63, 82.43, 82.33, 82.27, 81.7, 81.04, 80.71, 79.93, 80.13, 80.36, 79.92, 79.13, 78.95, 78.49, 78.45, 78.4, 78.51, 78.5, 78.15, 78.01, 77.74, 77.67, 77.51, 77.2, 77.18, 77.03, 76.58]
Average Accuracy: 81.26825
2026-04-27 16:03:48,483 [trainer.py] => Average Accuracy: 81.26825
2026-04-27 16:03:48,493 [trainer.py] => All params: 126094051
2026-04-27 16:03:48,502 [trainer.py] => Trainable params: 371716
2026-04-27 16:03:48,502 [palora.py] => Learning on 160-164
Parameters to be updated: {'image_encoder.blocks.0.attn.lora_A_k.40.weight', 'image_encoder.blocks.1.attn.lora_A_k.40.weight', 'image_encoder.blocks.11.attn.lora_B_k.40.weight', 'image_encoder.blocks.10.attn.lora_B_k.40.weight', 'image_encoder.blocks.2.attn.lora_B_v.40.weight', 'image_encoder.blocks.0.attn.lora_B_k.40.weight', 'image_encoder.blocks.3.attn.lora_A_k.40.weight', 'image_encoder.blocks.4.attn.lora_A_v.40.weight', 'image_encoder.blocks.6.attn.lora_B_k.40.weight', 'image_encoder.blocks.2.attn.lora_A_v.40.weight', 'image_encoder.blocks.7.attn.lora_B_k.40.weight', 'image_encoder.blocks.1.attn.lora_B_v.40.weight', 'image_encoder.blocks.6.attn.lora_A_k.40.weight', 'image_encoder.blocks.6.attn.lora_B_v.40.weight', 'image_encoder.blocks.5.attn.lora_A_v.40.weight', 'image_encoder.blocks.7.attn.lora_B_v.40.weight', 'image_encoder.blocks.8.attn.lora_A_v.40.weight', 'image_encoder.blocks.10.attn.lora_A_k.40.weight', 'image_encoder.blocks.2.attn.lora_A_k.40.weight', 'image_encoder.blocks.1.attn.lora_A_v.40.weight', 'image_encoder.blocks.5.attn.lora_B_k.40.weight', 'image_encoder.blocks.9.attn.lora_A_v.40.weight', 'image_encoder.blocks.1.attn.lora_B_k.40.weight', 'image_encoder.blocks.7.attn.lora_A_k.40.weight', 'image_encoder.blocks.11.attn.lora_A_k.40.weight', 'classifier_pool.40.weight', 'image_encoder.blocks.0.attn.lora_B_v.40.weight', 'image_encoder.blocks.3.attn.lora_B_v.40.weight', 'image_encoder.blocks.10.attn.lora_A_v.40.weight', 'image_encoder.blocks.8.attn.lora_B_v.40.weight', 'image_encoder.blocks.5.attn.lora_A_k.40.weight', 'image_encoder.blocks.9.attn.lora_A_k.40.weight', 'image_encoder.blocks.4.attn.lora_B_v.40.weight', 'image_encoder.blocks.2.attn.lora_B_k.40.weight', 'image_encoder.blocks.3.attn.lora_B_k.40.weight', 'image_encoder.blocks.4.attn.lora_B_k.40.weight', 'classifier_pool.40.bias', 'image_encoder.blocks.9.attn.lora_B_k.40.weight', 'image_encoder.blocks.4.attn.lora_A_k.40.weight', 'image_encoder.blocks.6.attn.lora_A_v.40.weight', 'image_encoder.blocks.11.attn.lora_A_v.40.weight', 'image_encoder.blocks.8.attn.lora_B_k.40.weight', 'image_encoder.blocks.8.attn.lora_A_k.40.weight', 'image_encoder.blocks.11.attn.lora_B_v.40.weight', 'image_encoder.blocks.5.attn.lora_B_v.40.weight', 'image_encoder.blocks.9.attn.lora_B_v.40.weight', 'image_encoder.blocks.10.attn.lora_B_v.40.weight', 'image_encoder.blocks.0.attn.lora_A_v.40.weight', 'image_encoder.blocks.3.attn.lora_A_v.40.weight', 'image_encoder.blocks.7.attn.lora_A_v.40.weight'}
After trained on task 39 tensor(0.0282, device='cuda:0') tensor(0.0258, device='cuda:0')
After trained on task 39 tensor(0.0255, device='cuda:0') tensor(0.0296, device='cuda:0')
After trained on task 39 tensor(0.0265, device='cuda:0') tensor(0.0327, device='cuda:0')
After trained on task 39 tensor(0.0259, device='cuda:0') tensor(0.0404, device='cuda:0')
After trained on task 39 tensor(0.0320, device='cuda:0') tensor(0.0423, device='cuda:0')
After trained on task 39 tensor(0.0364, device='cuda:0') tensor(0.0521, device='cuda:0')
After trained on task 39 tensor(0.0349, device='cuda:0') tensor(0.0532, device='cuda:0')
After trained on task 39 tensor(0.0422, device='cuda:0') tensor(0.0642, device='cuda:0')
After trained on task 39 tensor(0.0500, device='cuda:0') tensor(0.0968, device='cuda:0')
After trained on task 39 tensor(0.0606, device='cuda:0') tensor(0.1586, device='cuda:0')
After trained on task 39 tensor(0.0739, device='cuda:0') tensor(0.2015, device='cuda:0')
After trained on task 39 tensor(0.1223, device='cuda:0') tensor(0.2460, device='cuda:0')
reserving basis 152/768; cond: 53084508160.0, ratio:0.9904240965843201
reserving basis 152/768; cond: 53084508160.0, ratio:0.9904240965843201
reserving basis 164/768; cond: 10084907008.0, ratio:0.9902108907699585
reserving basis 164/768; cond: 10084907008.0, ratio:0.9902108907699585
reserving basis 159/768; cond: 130085404672.0, ratio:0.9902074337005615
reserving basis 159/768; cond: 130085404672.0, ratio:0.9902074337005615
reserving basis 165/768; cond: 177936842752.0, ratio:0.9915995597839355
reserving basis 165/768; cond: 177936842752.0, ratio:0.9915995597839355
reserving basis 171/768; cond: 35674226688.0, ratio:0.9911108613014221
reserving basis 171/768; cond: 35674226688.0, ratio:0.9911108613014221
reserving basis 166/768; cond: 687992602624.0, ratio:0.990310549736023
reserving basis 166/768; cond: 687992602624.0, ratio:0.990310549736023
reserving basis 181/768; cond: 39159046144.0, ratio:0.9910269379615784
reserving basis 181/768; cond: 39159046144.0, ratio:0.9910269379615784
reserving basis 166/768; cond: 140249776128.0, ratio:0.9902565479278564
reserving basis 166/768; cond: 140249776128.0, ratio:0.9902565479278564
reserving basis 178/768; cond: 128093290496.0, ratio:0.990140974521637
reserving basis 178/768; cond: 128093290496.0, ratio:0.990140974521637
reserving basis 165/768; cond: 89853042688.0, ratio:0.9906868934631348
reserving basis 165/768; cond: 89853042688.0, ratio:0.9906868934631348
reserving basis 170/768; cond: 1168005398528.0, ratio:0.9900102615356445
reserving basis 170/768; cond: 1168005398528.0, ratio:0.9900102615356445
reserving basis 162/768; cond: 68135084032.0, ratio:0.9903729557991028
reserving basis 162/768; cond: 68135084032.0, ratio:0.9903729557991028
reserving basis 171/768; cond: 20448514048.0, ratio:0.9903317093849182
reserving basis 171/768; cond: 20448514048.0, ratio:0.9903317093849182
reserving basis 164/768; cond: 97247830016.0, ratio:0.9901449084281921
reserving basis 164/768; cond: 97247830016.0, ratio:0.9901449084281921
reserving basis 172/768; cond: 159905300480.0, ratio:0.9913074970245361
reserving basis 172/768; cond: 159905300480.0, ratio:0.9913074970245361
reserving basis 156/768; cond: 43863613440.0, ratio:0.9902393221855164
reserving basis 156/768; cond: 43863613440.0, ratio:0.9902393221855164
reserving basis 164/768; cond: 54401368064.0, ratio:0.9900304079055786
reserving basis 164/768; cond: 54401368064.0, ratio:0.9900304079055786
reserving basis 141/768; cond: 50194587648.0, ratio:0.9910492300987244
reserving basis 141/768; cond: 50194587648.0, ratio:0.9910492300987244
reserving basis 153/768; cond: 89263538176.0, ratio:0.9903359413146973
reserving basis 153/768; cond: 89263538176.0, ratio:0.9903359413146973
reserving basis 125/768; cond: 174753251328.0, ratio:0.990486741065979
reserving basis 125/768; cond: 174753251328.0, ratio:0.990486741065979
reserving basis 146/768; cond: 425573056512.0, ratio:0.9902661442756653
reserving basis 146/768; cond: 425573056512.0, ratio:0.9902661442756653
reserving basis 110/768; cond: 228311121920.0, ratio:0.9911276698112488
reserving basis 110/768; cond: 228311121920.0, ratio:0.9911276698112488
reserving basis 111/768; cond: 573644472320.0, ratio:0.9914965629577637
reserving basis 111/768; cond: 573644472320.0, ratio:0.9914965629577637
reserving basis 98/768; cond: 8534544384.0, ratio:0.9915913343429565
reserving basis 98/768; cond: 8534544384.0, ratio:0.9915913343429565
2026-04-27 16:08:29,480 [palora.py] => Task 40, Epoch 50/50 => Loss 0.398, Train_accy 98.21
2026-04-27 16:08:36,531 [trainer.py] => Time:288.0288143157959
4774 4774
2026-04-27 16:08:50,467 [trainer.py] => Time:13.935762882232666
2026-04-27 16:08:50,467 [trainer.py] => ACC: {'total': 76.96, '00-03': 73.75, '04-07': 79.84, '08-11': 74.4, '12-15': 85.15, '16-19': 87.96, '20-23': 80.69, '24-27': 84.09, '28-31': 77.01, '32-35': 75.41, '36-39': 78.57, '40-43': 66.67, '44-47': 73.02, '48-51': 87.39, '52-55': 72.73, '56-59': 82.14, '60-63': 81.25, '64-67': 81.82, '68-71': 61.96, '72-75': 67.91, '76-79': 75.44, '80-83': 82.18, '84-87': 82.19, '88-91': 86.41, '92-95': 71.05, '96-99': 68.51, '100-103': 72.97, '104-107': 68.18, '108-111': 81.25, '112-115': 80.56, '116-119': 84.34, '120-123': 81.25, '124-127': 58.54, '128-131': 72.34, '132-135': 74.8, '136-139': 84.82, '140-143': 65.88, '144-147': 72.29, '148-151': 73.68, '152-155': 74.49, '156-159': 71.54, '160-163': 92.52, 'old': 76.6, 'new': 92.52}
2026-04-27 16:08:50,467 [trainer.py] => ACC top1 curve: [89.38, 88.73, 86.55, 85.29, 86.08, 85.37, 85.84, 84.96, 84.57, 83.67, 83.37, 82.86, 83.11, 82.63, 82.43, 82.33, 82.27, 81.7, 81.04, 80.71, 79.93, 80.13, 80.36, 79.92, 79.13, 78.95, 78.49, 78.45, 78.4, 78.51, 78.5, 78.15, 78.01, 77.74, 77.67, 77.51, 77.2, 77.18, 77.03, 76.58, 76.96]
Average Accuracy: 81.16317073170731
2026-04-27 16:08:50,467 [trainer.py] => Average Accuracy: 81.16317073170731
2026-04-27 16:08:50,477 [trainer.py] => All params: 126094051
2026-04-27 16:08:50,486 [trainer.py] => Trainable params: 371716
2026-04-27 16:08:50,486 [palora.py] => Learning on 164-168
Parameters to be updated: {'image_encoder.blocks.6.attn.lora_B_k.41.weight', 'image_encoder.blocks.2.attn.lora_B_v.41.weight', 'image_encoder.blocks.8.attn.lora_A_v.41.weight', 'image_encoder.blocks.0.attn.lora_A_k.41.weight', 'image_encoder.blocks.4.attn.lora_B_v.41.weight', 'image_encoder.blocks.4.attn.lora_A_k.41.weight', 'image_encoder.blocks.1.attn.lora_A_k.41.weight', 'image_encoder.blocks.0.attn.lora_A_v.41.weight', 'image_encoder.blocks.3.attn.lora_A_k.41.weight', 'image_encoder.blocks.1.attn.lora_B_k.41.weight', 'image_encoder.blocks.8.attn.lora_A_k.41.weight', 'image_encoder.blocks.7.attn.lora_B_v.41.weight', 'image_encoder.blocks.9.attn.lora_A_k.41.weight', 'classifier_pool.41.bias', 'image_encoder.blocks.6.attn.lora_A_k.41.weight', 'image_encoder.blocks.7.attn.lora_B_k.41.weight', 'image_encoder.blocks.8.attn.lora_B_k.41.weight', 'image_encoder.blocks.8.attn.lora_B_v.41.weight', 'image_encoder.blocks.9.attn.lora_A_v.41.weight', 'image_encoder.blocks.1.attn.lora_B_v.41.weight', 'image_encoder.blocks.2.attn.lora_A_k.41.weight', 'image_encoder.blocks.0.attn.lora_B_k.41.weight', 'image_encoder.blocks.3.attn.lora_B_v.41.weight', 'image_encoder.blocks.6.attn.lora_A_v.41.weight', 'image_encoder.blocks.10.attn.lora_A_k.41.weight', 'image_encoder.blocks.2.attn.lora_B_k.41.weight', 'image_encoder.blocks.11.attn.lora_B_k.41.weight', 'image_encoder.blocks.7.attn.lora_A_v.41.weight', 'image_encoder.blocks.9.attn.lora_B_k.41.weight', 'image_encoder.blocks.10.attn.lora_B_k.41.weight', 'image_encoder.blocks.6.attn.lora_B_v.41.weight', 'image_encoder.blocks.9.attn.lora_B_v.41.weight', 'image_encoder.blocks.11.attn.lora_A_v.41.weight', 'image_encoder.blocks.3.attn.lora_B_k.41.weight', 'image_encoder.blocks.11.attn.lora_A_k.41.weight', 'image_encoder.blocks.11.attn.lora_B_v.41.weight', 'image_encoder.blocks.4.attn.lora_A_v.41.weight', 'image_encoder.blocks.3.attn.lora_A_v.41.weight', 'classifier_pool.41.weight', 'image_encoder.blocks.7.attn.lora_A_k.41.weight', 'image_encoder.blocks.4.attn.lora_B_k.41.weight', 'image_encoder.blocks.2.attn.lora_A_v.41.weight', 'image_encoder.blocks.5.attn.lora_A_v.41.weight', 'image_encoder.blocks.10.attn.lora_A_v.41.weight', 'image_encoder.blocks.0.attn.lora_B_v.41.weight', 'image_encoder.blocks.5.attn.lora_B_k.41.weight', 'image_encoder.blocks.5.attn.lora_B_v.41.weight', 'image_encoder.blocks.1.attn.lora_A_v.41.weight', 'image_encoder.blocks.10.attn.lora_B_v.41.weight', 'image_encoder.blocks.5.attn.lora_A_k.41.weight'}
After trained on task 40 tensor(0.0267, device='cuda:0') tensor(0.0244, device='cuda:0')
After trained on task 40 tensor(0.0263, device='cuda:0') tensor(0.0303, device='cuda:0')
After trained on task 40 tensor(0.0242, device='cuda:0') tensor(0.0327, device='cuda:0')
After trained on task 40 tensor(0.0250, device='cuda:0') tensor(0.0343, device='cuda:0')
After trained on task 40 tensor(0.0266, device='cuda:0') tensor(0.0397, device='cuda:0')
After trained on task 40 tensor(0.0324, device='cuda:0') tensor(0.0448, device='cuda:0')
After trained on task 40 tensor(0.0366, device='cuda:0') tensor(0.0484, device='cuda:0')
After trained on task 40 tensor(0.0397, device='cuda:0') tensor(0.0591, device='cuda:0')
After trained on task 40 tensor(0.0436, device='cuda:0') tensor(0.0847, device='cuda:0')
After trained on task 40 tensor(0.0505, device='cuda:0') tensor(0.1150, device='cuda:0')
After trained on task 40 tensor(0.0655, device='cuda:0') tensor(0.1412, device='cuda:0')
After trained on task 40 tensor(0.1679, device='cuda:0') tensor(0.2234, device='cuda:0')
reserving basis 153/768; cond: 50640621568.0, ratio:0.990019679069519
reserving basis 153/768; cond: 50640621568.0, ratio:0.990019679069519
reserving basis 165/768; cond: 19911301120.0, ratio:0.9908790588378906
reserving basis 165/768; cond: 19911301120.0, ratio:0.9908790588378906
reserving basis 160/768; cond: 111256805376.0, ratio:0.9901717305183411
reserving basis 160/768; cond: 111256805376.0, ratio:0.9901717305183411
reserving basis 166/768; cond: 260492165120.0, ratio:0.9910432696342468
reserving basis 166/768; cond: 260492165120.0, ratio:0.9910432696342468
reserving basis 172/768; cond: 19540443136.0, ratio:0.9908254742622375
reserving basis 172/768; cond: 19540443136.0, ratio:0.9908254742622375
reserving basis 167/768; cond: 62805553152.0, ratio:0.9910051226615906
reserving basis 167/768; cond: 62805553152.0, ratio:0.9910051226615906
reserving basis 182/768; cond: 63497048064.0, ratio:0.9905252456665039
reserving basis 182/768; cond: 63497048064.0, ratio:0.9905252456665039
reserving basis 167/768; cond: 14907471872.0, ratio:0.9909592270851135
reserving basis 167/768; cond: 14907471872.0, ratio:0.9909592270851135
reserving basis 179/768; cond: 10674667520.0, ratio:0.9902199506759644
reserving basis 179/768; cond: 10674667520.0, ratio:0.9902199506759644
reserving basis 166/768; cond: 571046363136.0, ratio:0.9909120202064514
reserving basis 166/768; cond: 571046363136.0, ratio:0.9909120202064514
reserving basis 171/768; cond: 13068974080.0, ratio:0.9904624819755554
reserving basis 171/768; cond: 13068974080.0, ratio:0.9904624819755554
reserving basis 163/768; cond: 13973885952.0, ratio:0.9904393553733826
reserving basis 163/768; cond: 13973885952.0, ratio:0.9904393553733826
reserving basis 172/768; cond: 357523030016.0, ratio:0.9906383156776428
reserving basis 172/768; cond: 357523030016.0, ratio:0.9906383156776428
reserving basis 165/768; cond: 18585096192.0, ratio:0.9908862709999084
reserving basis 165/768; cond: 18585096192.0, ratio:0.9908862709999084
reserving basis 173/768; cond: 46655885312.0, ratio:0.9907017350196838
reserving basis 173/768; cond: 46655885312.0, ratio:0.9907017350196838
reserving basis 158/768; cond: 24681633792.0, ratio:0.991721510887146
reserving basis 158/768; cond: 24681633792.0, ratio:0.991721510887146
reserving basis 165/768; cond: 675063922688.0, ratio:0.990638256072998
reserving basis 165/768; cond: 675063922688.0, ratio:0.990638256072998
reserving basis 142/768; cond: 6316478976.0, ratio:0.9905587434768677
reserving basis 142/768; cond: 6316478976.0, ratio:0.9905587434768677
reserving basis 154/768; cond: 17387958272.0, ratio:0.9903268218040466
reserving basis 154/768; cond: 17387958272.0, ratio:0.9903268218040466
reserving basis 126/768; cond: 3902141184.0, ratio:0.9916968941688538
reserving basis 126/768; cond: 3902141184.0, ratio:0.9916968941688538
reserving basis 147/768; cond: 631313924096.0, ratio:0.9911293983459473
reserving basis 147/768; cond: 631313924096.0, ratio:0.9911293983459473
reserving basis 111/768; cond: 178317606912.0, ratio:0.9918655157089233
reserving basis 111/768; cond: 178317606912.0, ratio:0.9918655157089233
reserving basis 111/768; cond: 65812664320.0, ratio:0.9911705851554871
reserving basis 111/768; cond: 65812664320.0, ratio:0.9911705851554871
reserving basis 99/768; cond: 37091934208.0, ratio:0.9921584129333496
reserving basis 99/768; cond: 37091934208.0, ratio:0.9921584129333496
2026-04-27 16:14:00,012 [palora.py] => Task 41, Epoch 50/50 => Loss 0.396, Train_accy 98.59
2026-04-27 16:14:06,791 [trainer.py] => Time:316.30494713783264
4897 4897
2026-04-27 16:14:21,172 [trainer.py] => Time:14.380565404891968
2026-04-27 16:14:21,172 [trainer.py] => ACC: {'total': 76.82, '00-03': 73.75, '04-07': 79.84, '08-11': 74.4, '12-15': 85.15, '16-19': 87.96, '20-23': 80.2, '24-27': 83.52, '28-31': 77.01, '32-35': 75.41, '36-39': 78.57, '40-43': 66.67, '44-47': 73.02, '48-51': 87.39, '52-55': 72.73, '56-59': 82.14, '60-63': 81.25, '64-67': 81.82, '68-71': 60.87, '72-75': 66.42, '76-79': 75.44, '80-83': 82.67, '84-87': 82.19, '88-91': 86.41, '92-95': 71.05, '96-99': 67.4, '100-103': 72.07, '104-107': 65.91, '108-111': 80.47, '112-115': 80.56, '116-119': 81.93, '120-123': 81.25, '124-127': 57.72, '128-131': 72.34, '132-135': 74.02, '136-139': 83.93, '140-143': 67.06, '144-147': 71.08, '148-151': 73.68, '152-155': 75.51, '156-159': 71.54, '160-163': 92.52, '164-167': 83.74, 'old': 76.64, 'new': 83.74}
2026-04-27 16:14:21,172 [trainer.py] => ACC top1 curve: [89.38, 88.73, 86.55, 85.29, 86.08, 85.37, 85.84, 84.96, 84.57, 83.67, 83.37, 82.86, 83.11, 82.63, 82.43, 82.33, 82.27, 81.7, 81.04, 80.71, 79.93, 80.13, 80.36, 79.92, 79.13, 78.95, 78.49, 78.45, 78.4, 78.51, 78.5, 78.15, 78.01, 77.74, 77.67, 77.51, 77.2, 77.18, 77.03, 76.58, 76.96, 76.82]
Average Accuracy: 81.0597619047619
2026-04-27 16:14:21,172 [trainer.py] => Average Accuracy: 81.0597619047619
2026-04-27 16:14:21,182 [trainer.py] => All params: 126094051
2026-04-27 16:14:21,190 [trainer.py] => Trainable params: 371716
2026-04-27 16:14:21,190 [palora.py] => Learning on 168-172
Parameters to be updated: {'image_encoder.blocks.8.attn.lora_A_v.42.weight', 'image_encoder.blocks.3.attn.lora_A_k.42.weight', 'image_encoder.blocks.10.attn.lora_B_k.42.weight', 'image_encoder.blocks.2.attn.lora_A_v.42.weight', 'image_encoder.blocks.4.attn.lora_A_k.42.weight', 'image_encoder.blocks.10.attn.lora_B_v.42.weight', 'image_encoder.blocks.7.attn.lora_B_k.42.weight', 'image_encoder.blocks.11.attn.lora_B_k.42.weight', 'image_encoder.blocks.4.attn.lora_B_k.42.weight', 'image_encoder.blocks.10.attn.lora_A_v.42.weight', 'image_encoder.blocks.11.attn.lora_A_v.42.weight', 'image_encoder.blocks.5.attn.lora_A_k.42.weight', 'image_encoder.blocks.2.attn.lora_A_k.42.weight', 'image_encoder.blocks.4.attn.lora_B_v.42.weight', 'image_encoder.blocks.3.attn.lora_A_v.42.weight', 'image_encoder.blocks.3.attn.lora_B_v.42.weight', 'image_encoder.blocks.1.attn.lora_A_k.42.weight', 'classifier_pool.42.bias', 'image_encoder.blocks.11.attn.lora_B_v.42.weight', 'image_encoder.blocks.4.attn.lora_A_v.42.weight', 'image_encoder.blocks.1.attn.lora_B_k.42.weight', 'image_encoder.blocks.1.attn.lora_A_v.42.weight', 'image_encoder.blocks.0.attn.lora_A_k.42.weight', 'image_encoder.blocks.5.attn.lora_B_v.42.weight', 'image_encoder.blocks.8.attn.lora_B_k.42.weight', 'classifier_pool.42.weight', 'image_encoder.blocks.6.attn.lora_A_k.42.weight', 'image_encoder.blocks.9.attn.lora_A_v.42.weight', 'image_encoder.blocks.0.attn.lora_B_k.42.weight', 'image_encoder.blocks.8.attn.lora_A_k.42.weight', 'image_encoder.blocks.0.attn.lora_A_v.42.weight', 'image_encoder.blocks.9.attn.lora_B_k.42.weight', 'image_encoder.blocks.5.attn.lora_A_v.42.weight', 'image_encoder.blocks.11.attn.lora_A_k.42.weight', 'image_encoder.blocks.2.attn.lora_B_k.42.weight', 'image_encoder.blocks.7.attn.lora_A_v.42.weight', 'image_encoder.blocks.8.attn.lora_B_v.42.weight', 'image_encoder.blocks.7.attn.lora_A_k.42.weight', 'image_encoder.blocks.3.attn.lora_B_k.42.weight', 'image_encoder.blocks.10.attn.lora_A_k.42.weight', 'image_encoder.blocks.2.attn.lora_B_v.42.weight', 'image_encoder.blocks.6.attn.lora_B_v.42.weight', 'image_encoder.blocks.5.attn.lora_B_k.42.weight', 'image_encoder.blocks.9.attn.lora_B_v.42.weight', 'image_encoder.blocks.0.attn.lora_B_v.42.weight', 'image_encoder.blocks.6.attn.lora_A_v.42.weight', 'image_encoder.blocks.9.attn.lora_A_k.42.weight', 'image_encoder.blocks.7.attn.lora_B_v.42.weight', 'image_encoder.blocks.6.attn.lora_B_k.42.weight', 'image_encoder.blocks.1.attn.lora_B_v.42.weight'}
After trained on task 41 tensor(0.0242, device='cuda:0') tensor(0.0231, device='cuda:0')
After trained on task 41 tensor(0.0288, device='cuda:0') tensor(0.0280, device='cuda:0')
After trained on task 41 tensor(0.0236, device='cuda:0') tensor(0.0315, device='cuda:0')
After trained on task 41 tensor(0.0246, device='cuda:0') tensor(0.0391, device='cuda:0')
After trained on task 41 tensor(0.0314, device='cuda:0') tensor(0.0468, device='cuda:0')
After trained on task 41 tensor(0.0371, device='cuda:0') tensor(0.0518, device='cuda:0')
After trained on task 41 tensor(0.0392, device='cuda:0') tensor(0.0620, device='cuda:0')
After trained on task 41 tensor(0.0417, device='cuda:0') tensor(0.0738, device='cuda:0')
After trained on task 41 tensor(0.0576, device='cuda:0') tensor(0.1028, device='cuda:0')
After trained on task 41 tensor(0.0603, device='cuda:0') tensor(0.1784, device='cuda:0')
After trained on task 41 tensor(0.0728, device='cuda:0') tensor(0.2117, device='cuda:0')
After trained on task 41 tensor(0.1459, device='cuda:0') tensor(0.2397, device='cuda:0')
reserving basis 153/768; cond: 22808668160.0, ratio:0.9906566739082336
reserving basis 153/768; cond: 22808668160.0, ratio:0.9906566739082336
reserving basis 166/768; cond: 50943369216.0, ratio:0.9909951686859131
reserving basis 166/768; cond: 50943369216.0, ratio:0.9909951686859131
reserving basis 161/768; cond: 88156733440.0, ratio:0.9907171130180359
reserving basis 161/768; cond: 88156733440.0, ratio:0.9907171130180359
reserving basis 167/768; cond: 151524343808.0, ratio:0.9909660220146179
reserving basis 167/768; cond: 151524343808.0, ratio:0.9909660220146179
reserving basis 173/768; cond: 48980893696.0, ratio:0.990071177482605
reserving basis 173/768; cond: 48980893696.0, ratio:0.990071177482605
reserving basis 169/768; cond: 57735794688.0, ratio:0.991455078125
reserving basis 169/768; cond: 57735794688.0, ratio:0.991455078125
reserving basis 183/768; cond: 5810701312.0, ratio:0.9910959005355835
reserving basis 183/768; cond: 5810701312.0, ratio:0.9910959005355835
reserving basis 168/768; cond: 281419743232.0, ratio:0.9901906847953796
reserving basis 168/768; cond: 281419743232.0, ratio:0.9901906847953796
reserving basis 180/768; cond: 47890026496.0, ratio:0.9907530546188354
reserving basis 180/768; cond: 47890026496.0, ratio:0.9907530546188354
reserving basis 167/768; cond: 125415759872.0, ratio:0.9905296564102173
reserving basis 167/768; cond: 125415759872.0, ratio:0.9905296564102173
reserving basis 172/768; cond: 46742040576.0, ratio:0.9903182983398438
reserving basis 172/768; cond: 46742040576.0, ratio:0.9903182983398438
reserving basis 164/768; cond: 37277601792.0, ratio:0.9903091192245483
reserving basis 164/768; cond: 37277601792.0, ratio:0.9903091192245483
reserving basis 173/768; cond: 16089062400.0, ratio:0.9904134273529053
reserving basis 173/768; cond: 16089062400.0, ratio:0.9904134273529053
reserving basis 166/768; cond: 214352084992.0, ratio:0.9905382394790649
reserving basis 166/768; cond: 214352084992.0, ratio:0.9905382394790649
reserving basis 174/768; cond: 9269778432.0, ratio:0.9903913736343384
reserving basis 174/768; cond: 9269778432.0, ratio:0.9903913736343384
reserving basis 159/768; cond: 29226102784.0, ratio:0.991176962852478
reserving basis 159/768; cond: 29226102784.0, ratio:0.991176962852478
reserving basis 166/768; cond: 23250155520.0, ratio:0.9903504848480225
reserving basis 166/768; cond: 23250155520.0, ratio:0.9903504848480225
reserving basis 143/768; cond: 13693074432.0, ratio:0.9902639985084534
reserving basis 143/768; cond: 13693074432.0, ratio:0.9902639985084534
reserving basis 155/768; cond: 121705259008.0, ratio:0.9901139140129089
reserving basis 155/768; cond: 121705259008.0, ratio:0.9901139140129089
reserving basis 126/768; cond: 25979709440.0, ratio:0.9900591969490051
reserving basis 126/768; cond: 25979709440.0, ratio:0.9900591969490051
reserving basis 148/768; cond: 11116421120.0, ratio:0.9902658462524414
reserving basis 148/768; cond: 11116421120.0, ratio:0.9902658462524414
reserving basis 112/768; cond: 122517757952.0, ratio:0.9921526908874512
reserving basis 112/768; cond: 122517757952.0, ratio:0.9921526908874512
reserving basis 111/768; cond: 316918923264.0, ratio:0.9904144406318665
reserving basis 111/768; cond: 316918923264.0, ratio:0.9904144406318665
reserving basis 100/768; cond: 7017887232.0, ratio:0.9908512830734253
reserving basis 100/768; cond: 7017887232.0, ratio:0.9908512830734253
2026-04-27 16:19:32,540 [palora.py] => Task 42, Epoch 50/50 => Loss 0.417, Train_accy 98.75
2026-04-27 16:19:40,901 [trainer.py] => Time:319.7110707759857
5049 5049
2026-04-27 16:19:55,286 [trainer.py] => Time:14.384249687194824
2026-04-27 16:19:55,287 [trainer.py] => ACC: {'total': 77.01, '00-03': 73.75, '04-07': 79.03, '08-11': 75.2, '12-15': 85.15, '16-19': 87.96, '20-23': 80.2, '24-27': 84.09, '28-31': 77.59, '32-35': 77.05, '36-39': 77.55, '40-43': 66.67, '44-47': 74.6, '48-51': 87.39, '52-55': 71.43, '56-59': 82.14, '60-63': 81.25, '64-67': 81.82, '68-71': 59.78, '72-75': 66.42, '76-79': 74.85, '80-83': 82.18, '84-87': 82.19, '88-91': 85.44, '92-95': 70.18, '96-99': 67.96, '100-103': 71.17, '104-107': 66.67, '108-111': 80.47, '112-115': 79.63, '116-119': 83.13, '120-123': 81.25, '124-127': 56.91, '128-131': 73.4, '132-135': 74.02, '136-139': 83.93, '140-143': 67.06, '144-147': 72.29, '148-151': 71.93, '152-155': 73.47, '156-159': 71.54, '160-163': 92.52, '164-167': 82.93, '168-171': 86.18, 'old': 76.72, 'new': 86.18}
2026-04-27 16:19:55,287 [trainer.py] => ACC top1 curve: [89.38, 88.73, 86.55, 85.29, 86.08, 85.37, 85.84, 84.96, 84.57, 83.67, 83.37, 82.86, 83.11, 82.63, 82.43, 82.33, 82.27, 81.7, 81.04, 80.71, 79.93, 80.13, 80.36, 79.92, 79.13, 78.95, 78.49, 78.45, 78.4, 78.51, 78.5, 78.15, 78.01, 77.74, 77.67, 77.51, 77.2, 77.18, 77.03, 76.58, 76.96, 76.82, 77.01]
Average Accuracy: 80.96558139534883
2026-04-27 16:19:55,287 [trainer.py] => Average Accuracy: 80.96558139534883
2026-04-27 16:19:55,297 [trainer.py] => All params: 126094051
2026-04-27 16:19:55,306 [trainer.py] => Trainable params: 371716
2026-04-27 16:19:55,306 [palora.py] => Learning on 172-176
Parameters to be updated: {'image_encoder.blocks.7.attn.lora_A_v.43.weight', 'image_encoder.blocks.8.attn.lora_B_v.43.weight', 'image_encoder.blocks.9.attn.lora_B_v.43.weight', 'image_encoder.blocks.5.attn.lora_B_k.43.weight', 'image_encoder.blocks.10.attn.lora_A_v.43.weight', 'image_encoder.blocks.6.attn.lora_B_v.43.weight', 'image_encoder.blocks.2.attn.lora_B_k.43.weight', 'image_encoder.blocks.3.attn.lora_B_v.43.weight', 'image_encoder.blocks.10.attn.lora_B_k.43.weight', 'image_encoder.blocks.6.attn.lora_B_k.43.weight', 'image_encoder.blocks.2.attn.lora_B_v.43.weight', 'image_encoder.blocks.1.attn.lora_A_k.43.weight', 'image_encoder.blocks.3.attn.lora_A_v.43.weight', 'image_encoder.blocks.2.attn.lora_A_k.43.weight', 'image_encoder.blocks.8.attn.lora_A_k.43.weight', 'image_encoder.blocks.0.attn.lora_A_v.43.weight', 'image_encoder.blocks.9.attn.lora_B_k.43.weight', 'image_encoder.blocks.10.attn.lora_A_k.43.weight', 'image_encoder.blocks.10.attn.lora_B_v.43.weight', 'image_encoder.blocks.9.attn.lora_A_k.43.weight', 'image_encoder.blocks.2.attn.lora_A_v.43.weight', 'classifier_pool.43.bias', 'image_encoder.blocks.11.attn.lora_B_v.43.weight', 'image_encoder.blocks.6.attn.lora_A_v.43.weight', 'image_encoder.blocks.4.attn.lora_A_k.43.weight', 'image_encoder.blocks.8.attn.lora_A_v.43.weight', 'image_encoder.blocks.5.attn.lora_A_k.43.weight', 'classifier_pool.43.weight', 'image_encoder.blocks.4.attn.lora_B_k.43.weight', 'image_encoder.blocks.0.attn.lora_B_v.43.weight', 'image_encoder.blocks.8.attn.lora_B_k.43.weight', 'image_encoder.blocks.4.attn.lora_A_v.43.weight', 'image_encoder.blocks.1.attn.lora_B_v.43.weight', 'image_encoder.blocks.7.attn.lora_B_v.43.weight', 'image_encoder.blocks.5.attn.lora_A_v.43.weight', 'image_encoder.blocks.11.attn.lora_A_v.43.weight', 'image_encoder.blocks.0.attn.lora_B_k.43.weight', 'image_encoder.blocks.0.attn.lora_A_k.43.weight', 'image_encoder.blocks.11.attn.lora_B_k.43.weight', 'image_encoder.blocks.5.attn.lora_B_v.43.weight', 'image_encoder.blocks.6.attn.lora_A_k.43.weight', 'image_encoder.blocks.7.attn.lora_B_k.43.weight', 'image_encoder.blocks.1.attn.lora_A_v.43.weight', 'image_encoder.blocks.9.attn.lora_A_v.43.weight', 'image_encoder.blocks.1.attn.lora_B_k.43.weight', 'image_encoder.blocks.11.attn.lora_A_k.43.weight', 'image_encoder.blocks.3.attn.lora_B_k.43.weight', 'image_encoder.blocks.3.attn.lora_A_k.43.weight', 'image_encoder.blocks.7.attn.lora_A_k.43.weight', 'image_encoder.blocks.4.attn.lora_B_v.43.weight'}
After trained on task 42 tensor(0.0304, device='cuda:0') tensor(0.0275, device='cuda:0')
After trained on task 42 tensor(0.0294, device='cuda:0') tensor(0.0302, device='cuda:0')
After trained on task 42 tensor(0.0262, device='cuda:0') tensor(0.0320, device='cuda:0')
After trained on task 42 tensor(0.0258, device='cuda:0') tensor(0.0366, device='cuda:0')
After trained on task 42 tensor(0.0328, device='cuda:0') tensor(0.0478, device='cuda:0')
After trained on task 42 tensor(0.0383, device='cuda:0') tensor(0.0520, device='cuda:0')
After trained on task 42 tensor(0.0410, device='cuda:0') tensor(0.0608, device='cuda:0')
After trained on task 42 tensor(0.0453, device='cuda:0') tensor(0.0689, device='cuda:0')
After trained on task 42 tensor(0.0468, device='cuda:0') tensor(0.1001, device='cuda:0')
After trained on task 42 tensor(0.0717, device='cuda:0') tensor(0.1537, device='cuda:0')
After trained on task 42 tensor(0.0721, device='cuda:0') tensor(0.1983, device='cuda:0')
After trained on task 42 tensor(0.1627, device='cuda:0') tensor(0.3001, device='cuda:0')
reserving basis 154/768; cond: 60985913344.0, ratio:0.9915765523910522
reserving basis 154/768; cond: 60985913344.0, ratio:0.9915765523910522
reserving basis 168/768; cond: 96327598080.0, ratio:0.991072416305542
reserving basis 168/768; cond: 96327598080.0, ratio:0.991072416305542
reserving basis 163/768; cond: 268819759104.0, ratio:0.9908250570297241
reserving basis 163/768; cond: 268819759104.0, ratio:0.9908250570297241
reserving basis 168/768; cond: 46431064064.0, ratio:0.9903523325920105
reserving basis 168/768; cond: 46431064064.0, ratio:0.9903523325920105
reserving basis 175/768; cond: 48202088448.0, ratio:0.990975022315979
reserving basis 175/768; cond: 48202088448.0, ratio:0.990975022315979
reserving basis 170/768; cond: 108066988032.0, ratio:0.9900157451629639
reserving basis 170/768; cond: 108066988032.0, ratio:0.9900157451629639
reserving basis 185/768; cond: 151629004800.0, ratio:0.9910439848899841
reserving basis 185/768; cond: 151629004800.0, ratio:0.9910439848899841
reserving basis 169/768; cond: 151236001792.0, ratio:0.9900375604629517
reserving basis 169/768; cond: 151236001792.0, ratio:0.9900375604629517
reserving basis 182/768; cond: 173004177408.0, ratio:0.990437388420105
reserving basis 182/768; cond: 173004177408.0, ratio:0.990437388420105
reserving basis 168/768; cond: 30096232448.0, ratio:0.9902818202972412
reserving basis 168/768; cond: 30096232448.0, ratio:0.9902818202972412
reserving basis 174/768; cond: 829132242944.0, ratio:0.99135822057724
reserving basis 174/768; cond: 829132242944.0, ratio:0.99135822057724
reserving basis 166/768; cond: 1362789531648.0, ratio:0.9913302063941956
reserving basis 166/768; cond: 1362789531648.0, ratio:0.9913302063941956
reserving basis 175/768; cond: 39147773952.0, ratio:0.9914573431015015
reserving basis 175/768; cond: 39147773952.0, ratio:0.9914573431015015
reserving basis 167/768; cond: 77925859328.0, ratio:0.9909037351608276
reserving basis 167/768; cond: 77925859328.0, ratio:0.9909037351608276
reserving basis 175/768; cond: 13087681536.0, ratio:0.9903395771980286
reserving basis 175/768; cond: 13087681536.0, ratio:0.9903395771980286
reserving basis 160/768; cond: 55761768448.0, ratio:0.9901347756385803
reserving basis 160/768; cond: 55761768448.0, ratio:0.9901347756385803
reserving basis 167/768; cond: 137776267264.0, ratio:0.9902569651603699
reserving basis 167/768; cond: 137776267264.0, ratio:0.9902569651603699
reserving basis 144/768; cond: 37910020096.0, ratio:0.9902974367141724
reserving basis 144/768; cond: 37910020096.0, ratio:0.9902974367141724
reserving basis 157/768; cond: 59711393792.0, ratio:0.9915794730186462
reserving basis 157/768; cond: 59711393792.0, ratio:0.9915794730186462
reserving basis 127/768; cond: 6534182912.0, ratio:0.9910057783126831
reserving basis 127/768; cond: 6534182912.0, ratio:0.9910057783126831
reserving basis 150/768; cond: 33057107968.0, ratio:0.991753339767456
reserving basis 150/768; cond: 33057107968.0, ratio:0.991753339767456
reserving basis 113/768; cond: 25616709632.0, ratio:0.9912973642349243
reserving basis 113/768; cond: 25616709632.0, ratio:0.9912973642349243
reserving basis 111/768; cond: 33355020288.0, ratio:0.9906020760536194
reserving basis 111/768; cond: 33355020288.0, ratio:0.9906020760536194
reserving basis 101/768; cond: 104719171584.0, ratio:0.99171382188797
reserving basis 101/768; cond: 104719171584.0, ratio:0.99171382188797
2026-04-27 16:24:46,344 [palora.py] => Task 43, Epoch 50/50 => Loss 0.439, Train_accy 96.75
2026-04-27 16:24:54,077 [trainer.py] => Time:298.77080178260803
5178 5178
2026-04-27 16:25:09,527 [trainer.py] => Time:15.4498450756073
2026-04-27 16:25:09,527 [trainer.py] => ACC: {'total': 77.25, '00-03': 73.12, '04-07': 79.03, '08-11': 75.2, '12-15': 85.15, '16-19': 87.04, '20-23': 80.2, '24-27': 84.09, '28-31': 78.16, '32-35': 75.41, '36-39': 78.57, '40-43': 66.67, '44-47': 76.19, '48-51': 87.39, '52-55': 71.43, '56-59': 82.14, '60-63': 81.88, '64-67': 81.82, '68-71': 60.87, '72-75': 67.91, '76-79': 73.68, '80-83': 81.19, '84-87': 82.19, '88-91': 85.44, '92-95': 69.3, '96-99': 69.06, '100-103': 71.17, '104-107': 65.91, '108-111': 80.47, '112-115': 81.48, '116-119': 81.93, '120-123': 81.25, '124-127': 56.1, '128-131': 72.34, '132-135': 74.8, '136-139': 83.93, '140-143': 68.24, '144-147': 71.08, '148-151': 70.18, '152-155': 73.47, '156-159': 72.31, '160-163': 92.52, '164-167': 82.11, '168-171': 86.18, '172-175': 87.6, 'old': 76.99, 'new': 87.6}
2026-04-27 16:25:09,527 [trainer.py] => ACC top1 curve: [89.38, 88.73, 86.55, 85.29, 86.08, 85.37, 85.84, 84.96, 84.57, 83.67, 83.37, 82.86, 83.11, 82.63, 82.43, 82.33, 82.27, 81.7, 81.04, 80.71, 79.93, 80.13, 80.36, 79.92, 79.13, 78.95, 78.49, 78.45, 78.4, 78.51, 78.5, 78.15, 78.01, 77.74, 77.67, 77.51, 77.2, 77.18, 77.03, 76.58, 76.96, 76.82, 77.01, 77.25]
Average Accuracy: 80.88113636363636
2026-04-27 16:25:09,528 [trainer.py] => Average Accuracy: 80.88113636363636
2026-04-27 16:25:09,541 [trainer.py] => All params: 126094051
2026-04-27 16:25:09,548 [trainer.py] => Trainable params: 371716
2026-04-27 16:25:09,548 [palora.py] => Learning on 176-180
Parameters to be updated: {'image_encoder.blocks.4.attn.lora_A_k.44.weight', 'classifier_pool.44.weight', 'image_encoder.blocks.2.attn.lora_B_k.44.weight', 'image_encoder.blocks.0.attn.lora_B_v.44.weight', 'image_encoder.blocks.1.attn.lora_A_v.44.weight', 'image_encoder.blocks.11.attn.lora_B_k.44.weight', 'image_encoder.blocks.7.attn.lora_B_k.44.weight', 'image_encoder.blocks.1.attn.lora_B_v.44.weight', 'image_encoder.blocks.9.attn.lora_A_v.44.weight', 'image_encoder.blocks.9.attn.lora_B_v.44.weight', 'image_encoder.blocks.3.attn.lora_A_v.44.weight', 'image_encoder.blocks.8.attn.lora_A_k.44.weight', 'image_encoder.blocks.0.attn.lora_A_v.44.weight', 'image_encoder.blocks.5.attn.lora_B_k.44.weight', 'image_encoder.blocks.4.attn.lora_B_v.44.weight', 'image_encoder.blocks.6.attn.lora_B_k.44.weight', 'image_encoder.blocks.3.attn.lora_B_v.44.weight', 'image_encoder.blocks.7.attn.lora_A_k.44.weight', 'image_encoder.blocks.10.attn.lora_B_v.44.weight', 'image_encoder.blocks.6.attn.lora_B_v.44.weight', 'image_encoder.blocks.9.attn.lora_B_k.44.weight', 'image_encoder.blocks.5.attn.lora_B_v.44.weight', 'image_encoder.blocks.2.attn.lora_A_v.44.weight', 'classifier_pool.44.bias', 'image_encoder.blocks.11.attn.lora_A_k.44.weight', 'image_encoder.blocks.1.attn.lora_B_k.44.weight', 'image_encoder.blocks.5.attn.lora_A_v.44.weight', 'image_encoder.blocks.1.attn.lora_A_k.44.weight', 'image_encoder.blocks.10.attn.lora_B_k.44.weight', 'image_encoder.blocks.8.attn.lora_A_v.44.weight', 'image_encoder.blocks.0.attn.lora_B_k.44.weight', 'image_encoder.blocks.3.attn.lora_A_k.44.weight', 'image_encoder.blocks.6.attn.lora_A_k.44.weight', 'image_encoder.blocks.8.attn.lora_B_v.44.weight', 'image_encoder.blocks.7.attn.lora_A_v.44.weight', 'image_encoder.blocks.4.attn.lora_B_k.44.weight', 'image_encoder.blocks.10.attn.lora_A_v.44.weight', 'image_encoder.blocks.6.attn.lora_A_v.44.weight', 'image_encoder.blocks.8.attn.lora_B_k.44.weight', 'image_encoder.blocks.3.attn.lora_B_k.44.weight', 'image_encoder.blocks.2.attn.lora_B_v.44.weight', 'image_encoder.blocks.4.attn.lora_A_v.44.weight', 'image_encoder.blocks.5.attn.lora_A_k.44.weight', 'image_encoder.blocks.2.attn.lora_A_k.44.weight', 'image_encoder.blocks.11.attn.lora_A_v.44.weight', 'image_encoder.blocks.10.attn.lora_A_k.44.weight', 'image_encoder.blocks.0.attn.lora_A_k.44.weight', 'image_encoder.blocks.11.attn.lora_B_v.44.weight', 'image_encoder.blocks.7.attn.lora_B_v.44.weight', 'image_encoder.blocks.9.attn.lora_A_k.44.weight'}
After trained on task 43 tensor(0.0253, device='cuda:0') tensor(0.0230, device='cuda:0')
After trained on task 43 tensor(0.0256, device='cuda:0') tensor(0.0257, device='cuda:0')
After trained on task 43 tensor(0.0242, device='cuda:0') tensor(0.0308, device='cuda:0')
After trained on task 43 tensor(0.0233, device='cuda:0') tensor(0.0330, device='cuda:0')
After trained on task 43 tensor(0.0298, device='cuda:0') tensor(0.0375, device='cuda:0')
After trained on task 43 tensor(0.0345, device='cuda:0') tensor(0.0478, device='cuda:0')
After trained on task 43 tensor(0.0329, device='cuda:0') tensor(0.0479, device='cuda:0')
After trained on task 43 tensor(0.0417, device='cuda:0') tensor(0.0521, device='cuda:0')
After trained on task 43 tensor(0.0436, device='cuda:0') tensor(0.0774, device='cuda:0')
After trained on task 43 tensor(0.0587, device='cuda:0') tensor(0.1174, device='cuda:0')
After trained on task 43 tensor(0.0657, device='cuda:0') tensor(0.1517, device='cuda:0')
After trained on task 43 tensor(0.1520, device='cuda:0') tensor(0.1927, device='cuda:0')
reserving basis 155/768; cond: 915198902272.0, ratio:0.9907179474830627
reserving basis 155/768; cond: 915198902272.0, ratio:0.9907179474830627
reserving basis 169/768; cond: 57309593600.0, ratio:0.991145133972168
reserving basis 169/768; cond: 57309593600.0, ratio:0.991145133972168
reserving basis 164/768; cond: 175198846976.0, ratio:0.9911717176437378
reserving basis 164/768; cond: 175198846976.0, ratio:0.9911717176437378
reserving basis 168/768; cond: 154396606464.0, ratio:0.9908398389816284
reserving basis 168/768; cond: 154396606464.0, ratio:0.9908398389816284
reserving basis 176/768; cond: 54934663168.0, ratio:0.9906653165817261
reserving basis 176/768; cond: 54934663168.0, ratio:0.9906653165817261
reserving basis 171/768; cond: 20456026112.0, ratio:0.9905362129211426
reserving basis 171/768; cond: 20456026112.0, ratio:0.9905362129211426
reserving basis 186/768; cond: 42505400320.0, ratio:0.9913793802261353
reserving basis 186/768; cond: 42505400320.0, ratio:0.9913793802261353
reserving basis 170/768; cond: 94580023296.0, ratio:0.9910784959793091
reserving basis 170/768; cond: 94580023296.0, ratio:0.9910784959793091
reserving basis 183/768; cond: 75387297792.0, ratio:0.9911062717437744
reserving basis 183/768; cond: 75387297792.0, ratio:0.9911062717437744
reserving basis 169/768; cond: 5130644480.0, ratio:0.9912319779396057
reserving basis 169/768; cond: 5130644480.0, ratio:0.9912319779396057
reserving basis 175/768; cond: 141942276096.0, ratio:0.9914754033088684
reserving basis 175/768; cond: 141942276096.0, ratio:0.9914754033088684
reserving basis 167/768; cond: 402764398592.0, ratio:0.9912680983543396
reserving basis 167/768; cond: 402764398592.0, ratio:0.9912680983543396
reserving basis 176/768; cond: 72588296192.0, ratio:0.9908334612846375
reserving basis 176/768; cond: 72588296192.0, ratio:0.9908334612846375
reserving basis 168/768; cond: 120676524032.0, ratio:0.9911284446716309
reserving basis 168/768; cond: 120676524032.0, ratio:0.9911284446716309
reserving basis 176/768; cond: 80495190016.0, ratio:0.9905523657798767
reserving basis 176/768; cond: 80495190016.0, ratio:0.9905523657798767
reserving basis 161/768; cond: 45122043904.0, ratio:0.9904909729957581
reserving basis 161/768; cond: 45122043904.0, ratio:0.9904909729957581
reserving basis 168/768; cond: 735564988416.0, ratio:0.9910241961479187
reserving basis 168/768; cond: 735564988416.0, ratio:0.9910241961479187
reserving basis 145/768; cond: 8558871040.0, ratio:0.9907742738723755
reserving basis 145/768; cond: 8558871040.0, ratio:0.9907742738723755
reserving basis 157/768; cond: 362429841408.0, ratio:0.9900850057601929
reserving basis 157/768; cond: 362429841408.0, ratio:0.9900850057601929
reserving basis 128/768; cond: 18976559104.0, ratio:0.9919813871383667
reserving basis 128/768; cond: 18976559104.0, ratio:0.9919813871383667
reserving basis 151/768; cond: 4580983701504.0, ratio:0.9915711283683777
reserving basis 151/768; cond: 4580983701504.0, ratio:0.9915711283683777
reserving basis 113/768; cond: 987121844224.0, ratio:0.9906537532806396
reserving basis 113/768; cond: 987121844224.0, ratio:0.9906537532806396
reserving basis 111/768; cond: 34380668928.0, ratio:0.9914284944534302
reserving basis 111/768; cond: 34380668928.0, ratio:0.9914284944534302
reserving basis 102/768; cond: 95962292224.0, ratio:0.9925521612167358
reserving basis 102/768; cond: 95962292224.0, ratio:0.9925521612167358
2026-04-27 16:29:59,154 [palora.py] => Task 44, Epoch 50/50 => Loss 0.467, Train_accy 96.08
2026-04-27 16:30:05,930 [trainer.py] => Time:296.38143014907837
5280 5280
2026-04-27 16:30:20,879 [trainer.py] => Time:14.948265075683594
2026-04-27 16:30:20,879 [trainer.py] => ACC: {'total': 77.27, '00-03': 73.12, '04-07': 79.03, '08-11': 75.2, '12-15': 85.15, '16-19': 87.04, '20-23': 80.2, '24-27': 84.66, '28-31': 77.59, '32-35': 75.41, '36-39': 79.59, '40-43': 66.67, '44-47': 77.78, '48-51': 87.39, '52-55': 71.43, '56-59': 82.14, '60-63': 81.88, '64-67': 81.82, '68-71': 60.87, '72-75': 67.91, '76-79': 73.68, '80-83': 81.19, '84-87': 82.19, '88-91': 86.41, '92-95': 70.18, '96-99': 68.51, '100-103': 71.17, '104-107': 65.91, '108-111': 80.47, '112-115': 81.48, '116-119': 80.72, '120-123': 79.17, '124-127': 56.1, '128-131': 72.34, '132-135': 74.02, '136-139': 83.93, '140-143': 67.06, '144-147': 71.08, '148-151': 70.18, '152-155': 73.47, '156-159': 72.31, '160-163': 91.59, '164-167': 82.11, '168-171': 86.18, '172-175': 86.82, '176-179': 82.35, 'old': 77.17, 'new': 82.35}
2026-04-27 16:30:20,879 [trainer.py] => ACC top1 curve: [89.38, 88.73, 86.55, 85.29, 86.08, 85.37, 85.84, 84.96, 84.57, 83.67, 83.37, 82.86, 83.11, 82.63, 82.43, 82.33, 82.27, 81.7, 81.04, 80.71, 79.93, 80.13, 80.36, 79.92, 79.13, 78.95, 78.49, 78.45, 78.4, 78.51, 78.5, 78.15, 78.01, 77.74, 77.67, 77.51, 77.2, 77.18, 77.03, 76.58, 76.96, 76.82, 77.01, 77.25, 77.27]
Average Accuracy: 80.80088888888889
2026-04-27 16:30:20,879 [trainer.py] => Average Accuracy: 80.80088888888889
2026-04-27 16:30:20,889 [trainer.py] => All params: 126094051
2026-04-27 16:30:20,900 [trainer.py] => Trainable params: 371716
2026-04-27 16:30:20,900 [palora.py] => Learning on 180-184
Parameters to be updated: {'image_encoder.blocks.7.attn.lora_B_v.45.weight', 'image_encoder.blocks.10.attn.lora_B_k.45.weight', 'image_encoder.blocks.1.attn.lora_A_v.45.weight', 'image_encoder.blocks.0.attn.lora_A_v.45.weight', 'image_encoder.blocks.6.attn.lora_B_v.45.weight', 'image_encoder.blocks.8.attn.lora_A_k.45.weight', 'image_encoder.blocks.11.attn.lora_B_k.45.weight', 'image_encoder.blocks.4.attn.lora_A_v.45.weight', 'image_encoder.blocks.9.attn.lora_B_k.45.weight', 'image_encoder.blocks.9.attn.lora_B_v.45.weight', 'image_encoder.blocks.10.attn.lora_A_v.45.weight', 'image_encoder.blocks.5.attn.lora_A_v.45.weight', 'image_encoder.blocks.6.attn.lora_B_k.45.weight', 'image_encoder.blocks.11.attn.lora_B_v.45.weight', 'image_encoder.blocks.3.attn.lora_A_v.45.weight', 'image_encoder.blocks.3.attn.lora_B_k.45.weight', 'image_encoder.blocks.3.attn.lora_A_k.45.weight', 'image_encoder.blocks.2.attn.lora_B_v.45.weight', 'classifier_pool.45.weight', 'classifier_pool.45.bias', 'image_encoder.blocks.8.attn.lora_B_k.45.weight', 'image_encoder.blocks.10.attn.lora_A_k.45.weight', 'image_encoder.blocks.2.attn.lora_A_v.45.weight', 'image_encoder.blocks.9.attn.lora_A_v.45.weight', 'image_encoder.blocks.5.attn.lora_B_k.45.weight', 'image_encoder.blocks.0.attn.lora_B_v.45.weight', 'image_encoder.blocks.5.attn.lora_A_k.45.weight', 'image_encoder.blocks.2.attn.lora_B_k.45.weight', 'image_encoder.blocks.7.attn.lora_B_k.45.weight', 'image_encoder.blocks.9.attn.lora_A_k.45.weight', 'image_encoder.blocks.11.attn.lora_A_k.45.weight', 'image_encoder.blocks.7.attn.lora_A_k.45.weight', 'image_encoder.blocks.1.attn.lora_B_v.45.weight', 'image_encoder.blocks.5.attn.lora_B_v.45.weight', 'image_encoder.blocks.11.attn.lora_A_v.45.weight', 'image_encoder.blocks.6.attn.lora_A_v.45.weight', 'image_encoder.blocks.8.attn.lora_A_v.45.weight', 'image_encoder.blocks.0.attn.lora_A_k.45.weight', 'image_encoder.blocks.7.attn.lora_A_v.45.weight', 'image_encoder.blocks.4.attn.lora_A_k.45.weight', 'image_encoder.blocks.4.attn.lora_B_v.45.weight', 'image_encoder.blocks.4.attn.lora_B_k.45.weight', 'image_encoder.blocks.6.attn.lora_A_k.45.weight', 'image_encoder.blocks.1.attn.lora_A_k.45.weight', 'image_encoder.blocks.1.attn.lora_B_k.45.weight', 'image_encoder.blocks.3.attn.lora_B_v.45.weight', 'image_encoder.blocks.2.attn.lora_A_k.45.weight', 'image_encoder.blocks.10.attn.lora_B_v.45.weight', 'image_encoder.blocks.0.attn.lora_B_k.45.weight', 'image_encoder.blocks.8.attn.lora_B_v.45.weight'}
After trained on task 44 tensor(0.0241, device='cuda:0') tensor(0.0247, device='cuda:0')
After trained on task 44 tensor(0.0270, device='cuda:0') tensor(0.0296, device='cuda:0')
After trained on task 44 tensor(0.0290, device='cuda:0') tensor(0.0357, device='cuda:0')
After trained on task 44 tensor(0.0262, device='cuda:0') tensor(0.0366, device='cuda:0')
After trained on task 44 tensor(0.0298, device='cuda:0') tensor(0.0425, device='cuda:0')
After trained on task 44 tensor(0.0370, device='cuda:0') tensor(0.0459, device='cuda:0')
After trained on task 44 tensor(0.0372, device='cuda:0') tensor(0.0526, device='cuda:0')
After trained on task 44 tensor(0.0432, device='cuda:0') tensor(0.0657, device='cuda:0')
After trained on task 44 tensor(0.0506, device='cuda:0') tensor(0.1041, device='cuda:0')
After trained on task 44 tensor(0.0653, device='cuda:0') tensor(0.1229, device='cuda:0')
After trained on task 44 tensor(0.0681, device='cuda:0') tensor(0.1698, device='cuda:0')
After trained on task 44 tensor(0.1577, device='cuda:0') tensor(0.2339, device='cuda:0')
reserving basis 155/768; cond: 23470172160.0, ratio:0.9904119968414307
reserving basis 155/768; cond: 23470172160.0, ratio:0.9904119968414307
reserving basis 170/768; cond: 28525463552.0, ratio:0.9911943674087524
reserving basis 170/768; cond: 28525463552.0, ratio:0.9911943674087524
reserving basis 165/768; cond: 76268412928.0, ratio:0.9912863373756409
reserving basis 165/768; cond: 76268412928.0, ratio:0.9912863373756409
reserving basis 169/768; cond: 3171709878272.0, ratio:0.9901198148727417
reserving basis 169/768; cond: 3171709878272.0, ratio:0.9901198148727417
reserving basis 178/768; cond: 43775090688.0, ratio:0.9912376999855042
reserving basis 178/768; cond: 43775090688.0, ratio:0.9912376999855042
reserving basis 172/768; cond: 80698351616.0, ratio:0.990959882736206
reserving basis 172/768; cond: 80698351616.0, ratio:0.990959882736206
reserving basis 187/768; cond: 274858213376.0, ratio:0.991195797920227
reserving basis 187/768; cond: 274858213376.0, ratio:0.991195797920227
reserving basis 171/768; cond: 29191163904.0, ratio:0.9902654886245728
reserving basis 171/768; cond: 29191163904.0, ratio:0.9902654886245728
reserving basis 184/768; cond: 12893132800.0, ratio:0.9903862476348877
reserving basis 184/768; cond: 12893132800.0, ratio:0.9903862476348877
reserving basis 170/768; cond: 78464802816.0, ratio:0.9909042119979858
reserving basis 170/768; cond: 78464802816.0, ratio:0.9909042119979858
reserving basis 176/768; cond: 160366542848.0, ratio:0.9910555481910706
reserving basis 176/768; cond: 160366542848.0, ratio:0.9910555481910706
reserving basis 168/768; cond: 37881729024.0, ratio:0.9902886748313904
reserving basis 168/768; cond: 37881729024.0, ratio:0.9902886748313904
reserving basis 178/768; cond: 61952618496.0, ratio:0.9913907051086426
reserving basis 178/768; cond: 61952618496.0, ratio:0.9913907051086426
reserving basis 170/768; cond: 40381886464.0, ratio:0.9916640520095825
reserving basis 170/768; cond: 40381886464.0, ratio:0.9916640520095825
reserving basis 177/768; cond: 25913872384.0, ratio:0.9903477430343628
reserving basis 177/768; cond: 25913872384.0, ratio:0.9903477430343628
reserving basis 162/768; cond: 109276020736.0, ratio:0.9905860424041748
reserving basis 162/768; cond: 109276020736.0, ratio:0.9905860424041748
reserving basis 169/768; cond: 315800092672.0, ratio:0.9904623031616211
reserving basis 169/768; cond: 315800092672.0, ratio:0.9904623031616211
reserving basis 146/768; cond: 26745171968.0, ratio:0.9915453195571899
reserving basis 146/768; cond: 26745171968.0, ratio:0.9915453195571899
reserving basis 158/768; cond: 32444829696.0, ratio:0.9907464385032654
reserving basis 158/768; cond: 32444829696.0, ratio:0.9907464385032654
reserving basis 129/768; cond: 24700418048.0, ratio:0.9911835789680481
reserving basis 129/768; cond: 24700418048.0, ratio:0.9911835789680481
reserving basis 152/768; cond: 36518223872.0, ratio:0.9910836219787598
reserving basis 152/768; cond: 36518223872.0, ratio:0.9910836219787598
reserving basis 114/768; cond: 19812032512.0, ratio:0.9912926554679871
reserving basis 114/768; cond: 19812032512.0, ratio:0.9912926554679871
reserving basis 111/768; cond: 36906450944.0, ratio:0.9915305376052856
reserving basis 111/768; cond: 36906450944.0, ratio:0.9915305376052856
reserving basis 103/768; cond: 5564385280.0, ratio:0.9926276206970215
reserving basis 103/768; cond: 5564385280.0, ratio:0.9926276206970215
2026-04-27 16:35:38,732 [palora.py] => Task 45, Epoch 50/50 => Loss 0.460, Train_accy 97.60
2026-04-27 16:35:45,829 [trainer.py] => Time:324.92907667160034
5428 5428
2026-04-27 16:36:01,002 [trainer.py] => Time:15.172179937362671
2026-04-27 16:36:01,002 [trainer.py] => ACC: {'total': 77.08, '00-03': 72.5, '04-07': 79.03, '08-11': 75.2, '12-15': 85.15, '16-19': 87.96, '20-23': 79.21, '24-27': 82.95, '28-31': 77.59, '32-35': 80.33, '36-39': 77.55, '40-43': 66.67, '44-47': 77.78, '48-51': 85.59, '52-55': 71.43, '56-59': 82.14, '60-63': 81.25, '64-67': 81.82, '68-71': 63.04, '72-75': 67.16, '76-79': 73.68, '80-83': 81.19, '84-87': 82.19, '88-91': 86.41, '92-95': 70.18, '96-99': 66.85, '100-103': 71.17, '104-107': 65.91, '108-111': 81.25, '112-115': 81.48, '116-119': 81.93, '120-123': 79.17, '124-127': 56.91, '128-131': 72.34, '132-135': 73.23, '136-139': 83.93, '140-143': 67.06, '144-147': 71.08, '148-151': 70.18, '152-155': 72.45, '156-159': 72.31, '160-163': 91.59, '164-167': 82.11, '168-171': 86.18, '172-175': 86.05, '176-179': 81.37, '180-183': 77.03, 'old': 77.08, 'new': 77.03}
2026-04-27 16:36:01,002 [trainer.py] => ACC top1 curve: [89.38, 88.73, 86.55, 85.29, 86.08, 85.37, 85.84, 84.96, 84.57, 83.67, 83.37, 82.86, 83.11, 82.63, 82.43, 82.33, 82.27, 81.7, 81.04, 80.71, 79.93, 80.13, 80.36, 79.92, 79.13, 78.95, 78.49, 78.45, 78.4, 78.51, 78.5, 78.15, 78.01, 77.74, 77.67, 77.51, 77.2, 77.18, 77.03, 76.58, 76.96, 76.82, 77.01, 77.25, 77.27, 77.08]
Average Accuracy: 80.72
2026-04-27 16:36:01,002 [trainer.py] => Average Accuracy: 80.72
2026-04-27 16:36:01,013 [trainer.py] => All params: 126094051
2026-04-27 16:36:01,022 [trainer.py] => Trainable params: 371716
2026-04-27 16:36:01,023 [palora.py] => Learning on 184-188
Parameters to be updated: {'image_encoder.blocks.3.attn.lora_B_v.46.weight', 'image_encoder.blocks.10.attn.lora_B_v.46.weight', 'classifier_pool.46.bias', 'image_encoder.blocks.3.attn.lora_A_v.46.weight', 'image_encoder.blocks.10.attn.lora_A_v.46.weight', 'image_encoder.blocks.8.attn.lora_A_v.46.weight', 'image_encoder.blocks.8.attn.lora_B_v.46.weight', 'image_encoder.blocks.0.attn.lora_A_v.46.weight', 'image_encoder.blocks.5.attn.lora_A_v.46.weight', 'image_encoder.blocks.6.attn.lora_A_k.46.weight', 'image_encoder.blocks.7.attn.lora_B_v.46.weight', 'image_encoder.blocks.1.attn.lora_B_k.46.weight', 'image_encoder.blocks.9.attn.lora_A_k.46.weight', 'image_encoder.blocks.9.attn.lora_A_v.46.weight', 'image_encoder.blocks.6.attn.lora_B_k.46.weight', 'image_encoder.blocks.1.attn.lora_B_v.46.weight', 'image_encoder.blocks.7.attn.lora_A_v.46.weight', 'image_encoder.blocks.3.attn.lora_B_k.46.weight', 'image_encoder.blocks.2.attn.lora_B_v.46.weight', 'image_encoder.blocks.7.attn.lora_A_k.46.weight', 'image_encoder.blocks.5.attn.lora_B_k.46.weight', 'image_encoder.blocks.4.attn.lora_A_v.46.weight', 'image_encoder.blocks.5.attn.lora_A_k.46.weight', 'image_encoder.blocks.4.attn.lora_A_k.46.weight', 'image_encoder.blocks.4.attn.lora_B_k.46.weight', 'image_encoder.blocks.11.attn.lora_A_k.46.weight', 'image_encoder.blocks.11.attn.lora_B_k.46.weight', 'image_encoder.blocks.2.attn.lora_A_k.46.weight', 'image_encoder.blocks.8.attn.lora_A_k.46.weight', 'image_encoder.blocks.0.attn.lora_B_k.46.weight', 'image_encoder.blocks.9.attn.lora_B_v.46.weight', 'image_encoder.blocks.0.attn.lora_A_k.46.weight', 'classifier_pool.46.weight', 'image_encoder.blocks.4.attn.lora_B_v.46.weight', 'image_encoder.blocks.1.attn.lora_A_k.46.weight', 'image_encoder.blocks.7.attn.lora_B_k.46.weight', 'image_encoder.blocks.9.attn.lora_B_k.46.weight', 'image_encoder.blocks.10.attn.lora_A_k.46.weight', 'image_encoder.blocks.3.attn.lora_A_k.46.weight', 'image_encoder.blocks.11.attn.lora_A_v.46.weight', 'image_encoder.blocks.0.attn.lora_B_v.46.weight', 'image_encoder.blocks.1.attn.lora_A_v.46.weight', 'image_encoder.blocks.6.attn.lora_B_v.46.weight', 'image_encoder.blocks.2.attn.lora_A_v.46.weight', 'image_encoder.blocks.2.attn.lora_B_k.46.weight', 'image_encoder.blocks.8.attn.lora_B_k.46.weight', 'image_encoder.blocks.6.attn.lora_A_v.46.weight', 'image_encoder.blocks.10.attn.lora_B_k.46.weight', 'image_encoder.blocks.11.attn.lora_B_v.46.weight', 'image_encoder.blocks.5.attn.lora_B_v.46.weight'}
After trained on task 45 tensor(0.0241, device='cuda:0') tensor(0.0261, device='cuda:0')
After trained on task 45 tensor(0.0282, device='cuda:0') tensor(0.0292, device='cuda:0')
After trained on task 45 tensor(0.0279, device='cuda:0') tensor(0.0384, device='cuda:0')
After trained on task 45 tensor(0.0284, device='cuda:0') tensor(0.0425, device='cuda:0')
After trained on task 45 tensor(0.0339, device='cuda:0') tensor(0.0478, device='cuda:0')
After trained on task 45 tensor(0.0413, device='cuda:0') tensor(0.0521, device='cuda:0')
After trained on task 45 tensor(0.0414, device='cuda:0') tensor(0.0604, device='cuda:0')
After trained on task 45 tensor(0.0456, device='cuda:0') tensor(0.0732, device='cuda:0')
After trained on task 45 tensor(0.0520, device='cuda:0') tensor(0.1207, device='cuda:0')
After trained on task 45 tensor(0.0791, device='cuda:0') tensor(0.1749, device='cuda:0')
After trained on task 45 tensor(0.0934, device='cuda:0') tensor(0.1987, device='cuda:0')
After trained on task 45 tensor(0.1572, device='cuda:0') tensor(0.2562, device='cuda:0')
reserving basis 155/768; cond: 25855055872.0, ratio:0.9908541440963745
reserving basis 155/768; cond: 25855055872.0, ratio:0.9908541440963745
reserving basis 171/768; cond: 216536940544.0, ratio:0.9902694225311279
reserving basis 171/768; cond: 216536940544.0, ratio:0.9902694225311279
reserving basis 166/768; cond: 222294540288.0, ratio:0.9904050230979919
reserving basis 166/768; cond: 222294540288.0, ratio:0.9904050230979919
reserving basis 170/768; cond: 21322205184.0, ratio:0.990307092666626
reserving basis 170/768; cond: 21322205184.0, ratio:0.990307092666626
reserving basis 179/768; cond: 186648166400.0, ratio:0.9904786348342896
reserving basis 179/768; cond: 186648166400.0, ratio:0.9904786348342896
reserving basis 173/768; cond: 85370945536.0, ratio:0.9904159903526306
reserving basis 173/768; cond: 85370945536.0, ratio:0.9904159903526306
reserving basis 188/768; cond: 121501229056.0, ratio:0.9905861616134644
reserving basis 188/768; cond: 121501229056.0, ratio:0.9905861616134644
reserving basis 172/768; cond: 45817094144.0, ratio:0.9900200366973877
reserving basis 172/768; cond: 45817094144.0, ratio:0.9900200366973877
reserving basis 185/768; cond: 18885279744.0, ratio:0.9903987646102905
reserving basis 185/768; cond: 18885279744.0, ratio:0.9903987646102905
reserving basis 172/768; cond: 20514899968.0, ratio:0.9911870360374451
reserving basis 172/768; cond: 20514899968.0, ratio:0.9911870360374451
reserving basis 177/768; cond: 682093707264.0, ratio:0.9900714159011841
reserving basis 177/768; cond: 682093707264.0, ratio:0.9900714159011841
reserving basis 170/768; cond: 42269884416.0, ratio:0.9913282990455627
reserving basis 170/768; cond: 42269884416.0, ratio:0.9913282990455627
reserving basis 179/768; cond: 2314790502400.0, ratio:0.9904038310050964
reserving basis 179/768; cond: 2314790502400.0, ratio:0.9904038310050964
reserving basis 171/768; cond: 46736457728.0, ratio:0.9900366067886353
reserving basis 171/768; cond: 46736457728.0, ratio:0.9900366067886353
reserving basis 179/768; cond: 15881948160.0, ratio:0.9914079308509827
reserving basis 179/768; cond: 15881948160.0, ratio:0.9914079308509827
reserving basis 163/768; cond: 51781955584.0, ratio:0.9902792572975159
reserving basis 163/768; cond: 51781955584.0, ratio:0.9902792572975159
reserving basis 171/768; cond: 83010453504.0, ratio:0.9911479949951172
reserving basis 171/768; cond: 83010453504.0, ratio:0.9911479949951172
reserving basis 147/768; cond: 19089721344.0, ratio:0.9914529919624329
reserving basis 147/768; cond: 19089721344.0, ratio:0.9914529919624329
reserving basis 159/768; cond: 28900567040.0, ratio:0.9905512928962708
reserving basis 159/768; cond: 28900567040.0, ratio:0.9905512928962708
reserving basis 130/768; cond: 24528414720.0, ratio:0.9920685291290283
reserving basis 130/768; cond: 24528414720.0, ratio:0.9920685291290283
reserving basis 153/768; cond: 450379350016.0, ratio:0.9913487434387207
reserving basis 153/768; cond: 450379350016.0, ratio:0.9913487434387207
reserving basis 115/768; cond: 13360776192.0, ratio:0.9916842579841614
reserving basis 115/768; cond: 13360776192.0, ratio:0.9916842579841614
reserving basis 112/768; cond: 38909136896.0, ratio:0.9908242225646973
reserving basis 112/768; cond: 38909136896.0, ratio:0.9908242225646973
reserving basis 104/768; cond: 18067912704.0, ratio:0.9909540414810181
reserving basis 104/768; cond: 18067912704.0, ratio:0.9909540414810181
2026-04-27 16:41:22,334 [palora.py] => Task 46, Epoch 50/50 => Loss 0.444, Train_accy 97.80
2026-04-27 16:41:29,323 [trainer.py] => Time:328.30056953430176
5595 5595
2026-04-27 16:41:44,880 [trainer.py] => Time:15.5560884475708
2026-04-27 16:41:44,880 [trainer.py] => ACC: {'total': 76.96, '00-03': 73.12, '04-07': 79.03, '08-11': 75.2, '12-15': 85.15, '16-19': 87.04, '20-23': 79.7, '24-27': 82.95, '28-31': 77.59, '32-35': 81.97, '36-39': 76.53, '40-43': 66.67, '44-47': 77.78, '48-51': 85.59, '52-55': 71.43, '56-59': 82.14, '60-63': 80.62, '64-67': 81.82, '68-71': 63.04, '72-75': 67.16, '76-79': 74.27, '80-83': 80.69, '84-87': 81.51, '88-91': 85.44, '92-95': 70.18, '96-99': 67.96, '100-103': 71.17, '104-107': 65.15, '108-111': 80.47, '112-115': 81.48, '116-119': 81.93, '120-123': 79.17, '124-127': 56.1, '128-131': 71.28, '132-135': 72.44, '136-139': 83.93, '140-143': 68.24, '144-147': 71.08, '148-151': 70.18, '152-155': 70.41, '156-159': 72.31, '160-163': 90.65, '164-167': 82.11, '168-171': 86.18, '172-175': 85.27, '176-179': 80.39, '180-183': 77.03, '184-187': 78.44, 'old': 76.92, 'new': 78.44}
2026-04-27 16:41:44,880 [trainer.py] => ACC top1 curve: [89.38, 88.73, 86.55, 85.29, 86.08, 85.37, 85.84, 84.96, 84.57, 83.67, 83.37, 82.86, 83.11, 82.63, 82.43, 82.33, 82.27, 81.7, 81.04, 80.71, 79.93, 80.13, 80.36, 79.92, 79.13, 78.95, 78.49, 78.45, 78.4, 78.51, 78.5, 78.15, 78.01, 77.74, 77.67, 77.51, 77.2, 77.18, 77.03, 76.58, 76.96, 76.82, 77.01, 77.25, 77.27, 77.08, 76.96]
Average Accuracy: 80.64
2026-04-27 16:41:44,880 [trainer.py] => Average Accuracy: 80.64
2026-04-27 16:41:44,892 [trainer.py] => All params: 126094051
2026-04-27 16:41:44,901 [trainer.py] => Trainable params: 371716
2026-04-27 16:41:44,902 [palora.py] => Learning on 188-192
Parameters to be updated: {'image_encoder.blocks.2.attn.lora_B_k.47.weight', 'image_encoder.blocks.0.attn.lora_B_v.47.weight', 'image_encoder.blocks.6.attn.lora_B_k.47.weight', 'image_encoder.blocks.7.attn.lora_A_v.47.weight', 'image_encoder.blocks.11.attn.lora_A_v.47.weight', 'image_encoder.blocks.1.attn.lora_A_k.47.weight', 'image_encoder.blocks.8.attn.lora_A_v.47.weight', 'image_encoder.blocks.2.attn.lora_A_v.47.weight', 'image_encoder.blocks.6.attn.lora_A_k.47.weight', 'image_encoder.blocks.7.attn.lora_B_k.47.weight', 'image_encoder.blocks.6.attn.lora_B_v.47.weight', 'image_encoder.blocks.1.attn.lora_B_v.47.weight', 'image_encoder.blocks.8.attn.lora_A_k.47.weight', 'image_encoder.blocks.11.attn.lora_A_k.47.weight', 'image_encoder.blocks.1.attn.lora_A_v.47.weight', 'image_encoder.blocks.5.attn.lora_A_k.47.weight', 'image_encoder.blocks.5.attn.lora_A_v.47.weight', 'image_encoder.blocks.8.attn.lora_B_k.47.weight', 'image_encoder.blocks.4.attn.lora_B_k.47.weight', 'image_encoder.blocks.10.attn.lora_B_k.47.weight', 'image_encoder.blocks.5.attn.lora_B_k.47.weight', 'image_encoder.blocks.9.attn.lora_B_k.47.weight', 'image_encoder.blocks.3.attn.lora_A_k.47.weight', 'image_encoder.blocks.9.attn.lora_A_v.47.weight', 'image_encoder.blocks.9.attn.lora_A_k.47.weight', 'image_encoder.blocks.10.attn.lora_A_k.47.weight', 'image_encoder.blocks.10.attn.lora_A_v.47.weight', 'image_encoder.blocks.0.attn.lora_B_k.47.weight', 'image_encoder.blocks.2.attn.lora_B_v.47.weight', 'image_encoder.blocks.8.attn.lora_B_v.47.weight', 'classifier_pool.47.bias', 'image_encoder.blocks.3.attn.lora_A_v.47.weight', 'image_encoder.blocks.9.attn.lora_B_v.47.weight', 'image_encoder.blocks.0.attn.lora_A_v.47.weight', 'classifier_pool.47.weight', 'image_encoder.blocks.11.attn.lora_B_k.47.weight', 'image_encoder.blocks.4.attn.lora_B_v.47.weight', 'image_encoder.blocks.1.attn.lora_B_k.47.weight', 'image_encoder.blocks.4.attn.lora_A_k.47.weight', 'image_encoder.blocks.10.attn.lora_B_v.47.weight', 'image_encoder.blocks.3.attn.lora_B_v.47.weight', 'image_encoder.blocks.0.attn.lora_A_k.47.weight', 'image_encoder.blocks.11.attn.lora_B_v.47.weight', 'image_encoder.blocks.3.attn.lora_B_k.47.weight', 'image_encoder.blocks.4.attn.lora_A_v.47.weight', 'image_encoder.blocks.5.attn.lora_B_v.47.weight', 'image_encoder.blocks.6.attn.lora_A_v.47.weight', 'image_encoder.blocks.7.attn.lora_B_v.47.weight', 'image_encoder.blocks.2.attn.lora_A_k.47.weight', 'image_encoder.blocks.7.attn.lora_A_k.47.weight'}
After trained on task 46 tensor(0.0297, device='cuda:0') tensor(0.0263, device='cuda:0')
After trained on task 46 tensor(0.0288, device='cuda:0') tensor(0.0305, device='cuda:0')
After trained on task 46 tensor(0.0275, device='cuda:0') tensor(0.0348, device='cuda:0')
After trained on task 46 tensor(0.0292, device='cuda:0') tensor(0.0424, device='cuda:0')
After trained on task 46 tensor(0.0349, device='cuda:0') tensor(0.0439, device='cuda:0')
After trained on task 46 tensor(0.0378, device='cuda:0') tensor(0.0504, device='cuda:0')
After trained on task 46 tensor(0.0447, device='cuda:0') tensor(0.0602, device='cuda:0')
After trained on task 46 tensor(0.0490, device='cuda:0') tensor(0.0746, device='cuda:0')
After trained on task 46 tensor(0.0526, device='cuda:0') tensor(0.1143, device='cuda:0')
After trained on task 46 tensor(0.0688, device='cuda:0') tensor(0.2128, device='cuda:0')
After trained on task 46 tensor(0.0748, device='cuda:0') tensor(0.2373, device='cuda:0')
After trained on task 46 tensor(0.1662, device='cuda:0') tensor(0.3002, device='cuda:0')
reserving basis 156/768; cond: 202583031808.0, ratio:0.9900542497634888
reserving basis 156/768; cond: 202583031808.0, ratio:0.9900542497634888
reserving basis 172/768; cond: 267535302656.0, ratio:0.9906457662582397
reserving basis 172/768; cond: 267535302656.0, ratio:0.9906457662582397
reserving basis 166/768; cond: 67117596672.0, ratio:0.9906913042068481
reserving basis 166/768; cond: 67117596672.0, ratio:0.9906913042068481
reserving basis 171/768; cond: 36913700864.0, ratio:0.9906345009803772
reserving basis 171/768; cond: 36913700864.0, ratio:0.9906345009803772
reserving basis 180/768; cond: 13601659904.0, ratio:0.9909667372703552
reserving basis 180/768; cond: 13601659904.0, ratio:0.9909667372703552
reserving basis 174/768; cond: 34789490688.0, ratio:0.9909975528717041
reserving basis 174/768; cond: 34789490688.0, ratio:0.9909975528717041
reserving basis 189/768; cond: 33216901120.0, ratio:0.9900609850883484
reserving basis 189/768; cond: 33216901120.0, ratio:0.9900609850883484
reserving basis 174/768; cond: 52371181568.0, ratio:0.991177499294281
reserving basis 174/768; cond: 52371181568.0, ratio:0.991177499294281
reserving basis 186/768; cond: 150544433152.0, ratio:0.99028080701828
reserving basis 186/768; cond: 150544433152.0, ratio:0.99028080701828
reserving basis 174/768; cond: 32775845888.0, ratio:0.9914705753326416
reserving basis 174/768; cond: 32775845888.0, ratio:0.9914705753326416
reserving basis 178/768; cond: 18449293312.0, ratio:0.9904007911682129
reserving basis 178/768; cond: 18449293312.0, ratio:0.9904007911682129
reserving basis 171/768; cond: 133192409088.0, ratio:0.9909927845001221
reserving basis 171/768; cond: 133192409088.0, ratio:0.9909927845001221
reserving basis 180/768; cond: 199663042560.0, ratio:0.9907339811325073
reserving basis 180/768; cond: 199663042560.0, ratio:0.9907339811325073
reserving basis 172/768; cond: 10601286656.0, ratio:0.9900553822517395
reserving basis 172/768; cond: 10601286656.0, ratio:0.9900553822517395
reserving basis 180/768; cond: 37187096576.0, ratio:0.9910471439361572
reserving basis 180/768; cond: 37187096576.0, ratio:0.9910471439361572
reserving basis 164/768; cond: 58116554752.0, ratio:0.9902772307395935
reserving basis 164/768; cond: 58116554752.0, ratio:0.9902772307395935
reserving basis 172/768; cond: 65851125760.0, ratio:0.9900318384170532
reserving basis 172/768; cond: 65851125760.0, ratio:0.9900318384170532
reserving basis 148/768; cond: 7929898496.0, ratio:0.9908868074417114
reserving basis 148/768; cond: 7929898496.0, ratio:0.9908868074417114
reserving basis 160/768; cond: 98432057344.0, ratio:0.9906303286552429
reserving basis 160/768; cond: 98432057344.0, ratio:0.9906303286552429
reserving basis 130/768; cond: 39423160320.0, ratio:0.9905725121498108
reserving basis 130/768; cond: 39423160320.0, ratio:0.9905725121498108
reserving basis 154/768; cond: 16121843417088.0, ratio:0.9907680749893188
reserving basis 154/768; cond: 16121843417088.0, ratio:0.9907680749893188
reserving basis 115/768; cond: 7052779008.0, ratio:0.9902846813201904
reserving basis 115/768; cond: 7052779008.0, ratio:0.9902846813201904
reserving basis 112/768; cond: 99378610176.0, ratio:0.9900035262107849
reserving basis 112/768; cond: 99378610176.0, ratio:0.9900035262107849
reserving basis 105/768; cond: 142546583552.0, ratio:0.9918679594993591
reserving basis 105/768; cond: 142546583552.0, ratio:0.9918679594993591
2026-04-27 16:47:37,351 [palora.py] => Task 47, Epoch 50/50 => Loss 0.486, Train_accy 96.92
2026-04-27 16:47:45,450 [trainer.py] => Time:360.5488209724426
5780 5780
2026-04-27 16:48:01,864 [trainer.py] => Time:16.413620233535767
2026-04-27 16:48:01,865 [trainer.py] => ACC: {'total': 76.92, '00-03': 73.75, '04-07': 78.23, '08-11': 76.0, '12-15': 85.15, '16-19': 87.04, '20-23': 79.21, '24-27': 82.95, '28-31': 77.59, '32-35': 78.69, '36-39': 77.55, '40-43': 66.67, '44-47': 76.19, '48-51': 85.59, '52-55': 71.43, '56-59': 82.14, '60-63': 80.62, '64-67': 81.82, '68-71': 63.04, '72-75': 67.91, '76-79': 74.85, '80-83': 80.69, '84-87': 81.51, '88-91': 85.44, '92-95': 70.18, '96-99': 67.4, '100-103': 71.17, '104-107': 65.91, '108-111': 80.47, '112-115': 81.48, '116-119': 81.93, '120-123': 79.17, '124-127': 55.28, '128-131': 69.15, '132-135': 72.44, '136-139': 83.93, '140-143': 68.24, '144-147': 72.29, '148-151': 70.18, '152-155': 71.43, '156-159': 71.54, '160-163': 91.59, '164-167': 82.11, '168-171': 86.18, '172-175': 85.27, '176-179': 79.41, '180-183': 77.03, '184-187': 77.25, '188-191': 77.84, 'old': 76.89, 'new': 77.84}
2026-04-27 16:48:01,865 [trainer.py] => ACC top1 curve: [89.38, 88.73, 86.55, 85.29, 86.08, 85.37, 85.84, 84.96, 84.57, 83.67, 83.37, 82.86, 83.11, 82.63, 82.43, 82.33, 82.27, 81.7, 81.04, 80.71, 79.93, 80.13, 80.36, 79.92, 79.13, 78.95, 78.49, 78.45, 78.4, 78.51, 78.5, 78.15, 78.01, 77.74, 77.67, 77.51, 77.2, 77.18, 77.03, 76.58, 76.96, 76.82, 77.01, 77.25, 77.27, 77.08, 76.96, 76.92]
Average Accuracy: 80.5625
2026-04-27 16:48:01,865 [trainer.py] => Average Accuracy: 80.5625
2026-04-27 16:48:01,875 [trainer.py] => All params: 126094051
2026-04-27 16:48:01,883 [trainer.py] => Trainable params: 371716
2026-04-27 16:48:01,884 [palora.py] => Learning on 192-196
Parameters to be updated: {'image_encoder.blocks.11.attn.lora_B_k.48.weight', 'image_encoder.blocks.3.attn.lora_B_k.48.weight', 'image_encoder.blocks.7.attn.lora_A_k.48.weight', 'image_encoder.blocks.0.attn.lora_A_v.48.weight', 'image_encoder.blocks.4.attn.lora_B_k.48.weight', 'image_encoder.blocks.11.attn.lora_A_k.48.weight', 'image_encoder.blocks.11.attn.lora_B_v.48.weight', 'image_encoder.blocks.7.attn.lora_B_v.48.weight', 'image_encoder.blocks.4.attn.lora_A_k.48.weight', 'image_encoder.blocks.5.attn.lora_B_k.48.weight', 'image_encoder.blocks.2.attn.lora_B_k.48.weight', 'image_encoder.blocks.10.attn.lora_B_k.48.weight', 'image_encoder.blocks.11.attn.lora_A_v.48.weight', 'image_encoder.blocks.3.attn.lora_A_k.48.weight', 'image_encoder.blocks.1.attn.lora_A_k.48.weight', 'image_encoder.blocks.1.attn.lora_B_v.48.weight', 'image_encoder.blocks.2.attn.lora_B_v.48.weight', 'image_encoder.blocks.6.attn.lora_B_v.48.weight', 'classifier_pool.48.weight', 'image_encoder.blocks.3.attn.lora_A_v.48.weight', 'image_encoder.blocks.0.attn.lora_B_v.48.weight', 'image_encoder.blocks.9.attn.lora_B_k.48.weight', 'image_encoder.blocks.7.attn.lora_A_v.48.weight', 'image_encoder.blocks.8.attn.lora_B_k.48.weight', 'classifier_pool.48.bias', 'image_encoder.blocks.5.attn.lora_B_v.48.weight', 'image_encoder.blocks.1.attn.lora_A_v.48.weight', 'image_encoder.blocks.7.attn.lora_B_k.48.weight', 'image_encoder.blocks.10.attn.lora_A_v.48.weight', 'image_encoder.blocks.4.attn.lora_B_v.48.weight', 'image_encoder.blocks.0.attn.lora_A_k.48.weight', 'image_encoder.blocks.2.attn.lora_A_v.48.weight', 'image_encoder.blocks.5.attn.lora_A_k.48.weight', 'image_encoder.blocks.6.attn.lora_B_k.48.weight', 'image_encoder.blocks.4.attn.lora_A_v.48.weight', 'image_encoder.blocks.8.attn.lora_A_v.48.weight', 'image_encoder.blocks.9.attn.lora_A_v.48.weight', 'image_encoder.blocks.0.attn.lora_B_k.48.weight', 'image_encoder.blocks.3.attn.lora_B_v.48.weight', 'image_encoder.blocks.10.attn.lora_A_k.48.weight', 'image_encoder.blocks.9.attn.lora_B_v.48.weight', 'image_encoder.blocks.2.attn.lora_A_k.48.weight', 'image_encoder.blocks.8.attn.lora_A_k.48.weight', 'image_encoder.blocks.9.attn.lora_A_k.48.weight', 'image_encoder.blocks.5.attn.lora_A_v.48.weight', 'image_encoder.blocks.8.attn.lora_B_v.48.weight', 'image_encoder.blocks.6.attn.lora_A_v.48.weight', 'image_encoder.blocks.1.attn.lora_B_k.48.weight', 'image_encoder.blocks.10.attn.lora_B_v.48.weight', 'image_encoder.blocks.6.attn.lora_A_k.48.weight'}
After trained on task 47 tensor(0.0252, device='cuda:0') tensor(0.0257, device='cuda:0')
After trained on task 47 tensor(0.0303, device='cuda:0') tensor(0.0327, device='cuda:0')
After trained on task 47 tensor(0.0265, device='cuda:0') tensor(0.0380, device='cuda:0')
After trained on task 47 tensor(0.0261, device='cuda:0') tensor(0.0418, device='cuda:0')
After trained on task 47 tensor(0.0366, device='cuda:0') tensor(0.0494, device='cuda:0')
After trained on task 47 tensor(0.0409, device='cuda:0') tensor(0.0570, device='cuda:0')
After trained on task 47 tensor(0.0450, device='cuda:0') tensor(0.0731, device='cuda:0')
After trained on task 47 tensor(0.0528, device='cuda:0') tensor(0.0931, device='cuda:0')
After trained on task 47 tensor(0.0822, device='cuda:0') tensor(0.1382, device='cuda:0')
After trained on task 47 tensor(0.0971, device='cuda:0') tensor(0.1828, device='cuda:0')
After trained on task 47 tensor(0.1170, device='cuda:0') tensor(0.2224, device='cuda:0')
After trained on task 47 tensor(0.2955, device='cuda:0') tensor(0.3039, device='cuda:0')
reserving basis 157/768; cond: 17554558976.0, ratio:0.991298258304596
reserving basis 157/768; cond: 17554558976.0, ratio:0.991298258304596
reserving basis 173/768; cond: 46688772096.0, ratio:0.9910986423492432
reserving basis 173/768; cond: 46688772096.0, ratio:0.9910986423492432
reserving basis 167/768; cond: 49195438080.0, ratio:0.9915366172790527
reserving basis 167/768; cond: 49195438080.0, ratio:0.9915366172790527
reserving basis 172/768; cond: 27755100160.0, ratio:0.9902377128601074
reserving basis 172/768; cond: 27755100160.0, ratio:0.9902377128601074
reserving basis 180/768; cond: 52328566784.0, ratio:0.9901008605957031
reserving basis 180/768; cond: 52328566784.0, ratio:0.9901008605957031
reserving basis 175/768; cond: 7788950528.0, ratio:0.9912413954734802
reserving basis 175/768; cond: 7788950528.0, ratio:0.9912413954734802
reserving basis 190/768; cond: 39748751360.0, ratio:0.9907113909721375
reserving basis 190/768; cond: 39748751360.0, ratio:0.9907113909721375
reserving basis 175/768; cond: 20169418752.0, ratio:0.9903672337532043
reserving basis 175/768; cond: 20169418752.0, ratio:0.9903672337532043
reserving basis 188/768; cond: 17169193984.0, ratio:0.9907562136650085
reserving basis 188/768; cond: 17169193984.0, ratio:0.9907562136650085
reserving basis 176/768; cond: 224569802752.0, ratio:0.9910991787910461
reserving basis 176/768; cond: 224569802752.0, ratio:0.9910991787910461
reserving basis 180/768; cond: 64223358976.0, ratio:0.9913660883903503
reserving basis 180/768; cond: 64223358976.0, ratio:0.9913660883903503
reserving basis 172/768; cond: 33372116992.0, ratio:0.9906113743782043
reserving basis 172/768; cond: 33372116992.0, ratio:0.9906113743782043
reserving basis 182/768; cond: 9312982016.0, ratio:0.9914857745170593
reserving basis 182/768; cond: 9312982016.0, ratio:0.9914857745170593
reserving basis 174/768; cond: 117315796992.0, ratio:0.9915695190429688
reserving basis 174/768; cond: 117315796992.0, ratio:0.9915695190429688
reserving basis 181/768; cond: 48984092672.0, ratio:0.9900235533714294
reserving basis 181/768; cond: 48984092672.0, ratio:0.9900235533714294
reserving basis 166/768; cond: 50874384384.0, ratio:0.9913802742958069
reserving basis 166/768; cond: 50874384384.0, ratio:0.9913802742958069
reserving basis 173/768; cond: 179706314752.0, ratio:0.9907374382019043
reserving basis 173/768; cond: 179706314752.0, ratio:0.9907374382019043
reserving basis 149/768; cond: 2258996559872.0, ratio:0.9906808137893677
reserving basis 149/768; cond: 2258996559872.0, ratio:0.9906808137893677
reserving basis 161/768; cond: 236830474240.0, ratio:0.9909499883651733
reserving basis 161/768; cond: 236830474240.0, ratio:0.9909499883651733
reserving basis 131/768; cond: 26736314368.0, ratio:0.991827130317688
reserving basis 131/768; cond: 26736314368.0, ratio:0.991827130317688
reserving basis 155/768; cond: 1030720520192.0, ratio:0.9916287660598755
reserving basis 155/768; cond: 1030720520192.0, ratio:0.9916287660598755
reserving basis 116/768; cond: 9957207040.0, ratio:0.990924060344696
reserving basis 116/768; cond: 9957207040.0, ratio:0.990924060344696
reserving basis 112/768; cond: 494405058560.0, ratio:0.9920405745506287
reserving basis 112/768; cond: 494405058560.0, ratio:0.9920405745506287
reserving basis 106/768; cond: 34742960128.0, ratio:0.9909398555755615
reserving basis 106/768; cond: 34742960128.0, ratio:0.9909398555755615
2026-04-27 16:52:22,911 [palora.py] => Task 48, Epoch 50/50 => Loss 0.488, Train_accy 97.12
2026-04-27 16:52:28,982 [trainer.py] => Time:267.09864020347595
5858 5858
2026-04-27 16:52:44,946 [trainer.py] => Time:15.963679552078247
2026-04-27 16:52:44,947 [trainer.py] => ACC: {'total': 76.75, '00-03': 75.0, '04-07': 78.23, '08-11': 75.2, '12-15': 85.15, '16-19': 87.04, '20-23': 78.71, '24-27': 82.95, '28-31': 78.16, '32-35': 77.05, '36-39': 77.55, '40-43': 66.67, '44-47': 77.78, '48-51': 87.39, '52-55': 71.43, '56-59': 82.14, '60-63': 80.62, '64-67': 81.82, '68-71': 63.04, '72-75': 67.91, '76-79': 74.85, '80-83': 80.2, '84-87': 81.51, '88-91': 85.44, '92-95': 70.18, '96-99': 66.85, '100-103': 71.17, '104-107': 65.91, '108-111': 80.47, '112-115': 81.48, '116-119': 81.93, '120-123': 78.12, '124-127': 55.28, '128-131': 69.15, '132-135': 72.44, '136-139': 83.93, '140-143': 68.24, '144-147': 72.29, '148-151': 70.18, '152-155': 69.39, '156-159': 71.54, '160-163': 91.59, '164-167': 82.11, '168-171': 86.18, '172-175': 85.27, '176-179': 79.41, '180-183': 77.03, '184-187': 76.05, '188-191': 77.3, '192-195': 70.51, 'old': 76.83, 'new': 70.51}
2026-04-27 16:52:44,947 [trainer.py] => ACC top1 curve: [89.38, 88.73, 86.55, 85.29, 86.08, 85.37, 85.84, 84.96, 84.57, 83.67, 83.37, 82.86, 83.11, 82.63, 82.43, 82.33, 82.27, 81.7, 81.04, 80.71, 79.93, 80.13, 80.36, 79.92, 79.13, 78.95, 78.49, 78.45, 78.4, 78.51, 78.5, 78.15, 78.01, 77.74, 77.67, 77.51, 77.2, 77.18, 77.03, 76.58, 76.96, 76.82, 77.01, 77.25, 77.27, 77.08, 76.96, 76.92, 76.75]
Average Accuracy: 80.48469387755102
2026-04-27 16:52:44,947 [trainer.py] => Average Accuracy: 80.48469387755102
2026-04-27 16:52:44,956 [trainer.py] => All params: 126094051
2026-04-27 16:52:44,965 [trainer.py] => Trainable params: 371716
2026-04-27 16:52:44,965 [palora.py] => Learning on 196-200
Parameters to be updated: {'image_encoder.blocks.0.attn.lora_B_k.49.weight', 'image_encoder.blocks.8.attn.lora_A_k.49.weight', 'image_encoder.blocks.9.attn.lora_B_v.49.weight', 'classifier_pool.49.bias', 'image_encoder.blocks.8.attn.lora_B_v.49.weight', 'image_encoder.blocks.8.attn.lora_A_v.49.weight', 'image_encoder.blocks.10.attn.lora_B_k.49.weight', 'image_encoder.blocks.3.attn.lora_A_k.49.weight', 'image_encoder.blocks.2.attn.lora_A_k.49.weight', 'image_encoder.blocks.1.attn.lora_B_v.49.weight', 'image_encoder.blocks.3.attn.lora_B_k.49.weight', 'image_encoder.blocks.6.attn.lora_A_k.49.weight', 'image_encoder.blocks.1.attn.lora_A_v.49.weight', 'image_encoder.blocks.3.attn.lora_B_v.49.weight', 'image_encoder.blocks.1.attn.lora_B_k.49.weight', 'image_encoder.blocks.7.attn.lora_B_v.49.weight', 'image_encoder.blocks.4.attn.lora_B_v.49.weight', 'image_encoder.blocks.9.attn.lora_A_k.49.weight', 'image_encoder.blocks.1.attn.lora_A_k.49.weight', 'classifier_pool.49.weight', 'image_encoder.blocks.5.attn.lora_B_v.49.weight', 'image_encoder.blocks.8.attn.lora_B_k.49.weight', 'image_encoder.blocks.4.attn.lora_A_v.49.weight', 'image_encoder.blocks.2.attn.lora_B_k.49.weight', 'image_encoder.blocks.7.attn.lora_B_k.49.weight', 'image_encoder.blocks.9.attn.lora_A_v.49.weight', 'image_encoder.blocks.9.attn.lora_B_k.49.weight', 'image_encoder.blocks.0.attn.lora_B_v.49.weight', 'image_encoder.blocks.2.attn.lora_B_v.49.weight', 'image_encoder.blocks.3.attn.lora_A_v.49.weight', 'image_encoder.blocks.4.attn.lora_B_k.49.weight', 'image_encoder.blocks.6.attn.lora_B_v.49.weight', 'image_encoder.blocks.5.attn.lora_A_v.49.weight', 'image_encoder.blocks.11.attn.lora_B_k.49.weight', 'image_encoder.blocks.7.attn.lora_A_v.49.weight', 'image_encoder.blocks.5.attn.lora_B_k.49.weight', 'image_encoder.blocks.4.attn.lora_A_k.49.weight', 'image_encoder.blocks.11.attn.lora_A_k.49.weight', 'image_encoder.blocks.11.attn.lora_A_v.49.weight', 'image_encoder.blocks.10.attn.lora_B_v.49.weight', 'image_encoder.blocks.5.attn.lora_A_k.49.weight', 'image_encoder.blocks.2.attn.lora_A_v.49.weight', 'image_encoder.blocks.7.attn.lora_A_k.49.weight', 'image_encoder.blocks.10.attn.lora_A_k.49.weight', 'image_encoder.blocks.0.attn.lora_A_v.49.weight', 'image_encoder.blocks.11.attn.lora_B_v.49.weight', 'image_encoder.blocks.6.attn.lora_A_v.49.weight', 'image_encoder.blocks.10.attn.lora_A_v.49.weight', 'image_encoder.blocks.0.attn.lora_A_k.49.weight', 'image_encoder.blocks.6.attn.lora_B_k.49.weight'}
After trained on task 48 tensor(0.0292, device='cuda:0') tensor(0.0226, device='cuda:0')
After trained on task 48 tensor(0.0248, device='cuda:0') tensor(0.0277, device='cuda:0')
After trained on task 48 tensor(0.0219, device='cuda:0') tensor(0.0283, device='cuda:0')
After trained on task 48 tensor(0.0215, device='cuda:0') tensor(0.0342, device='cuda:0')
After trained on task 48 tensor(0.0277, device='cuda:0') tensor(0.0379, device='cuda:0')
After trained on task 48 tensor(0.0290, device='cuda:0') tensor(0.0435, device='cuda:0')
After trained on task 48 tensor(0.0314, device='cuda:0') tensor(0.0439, device='cuda:0')
After trained on task 48 tensor(0.0376, device='cuda:0') tensor(0.0491, device='cuda:0')
After trained on task 48 tensor(0.0476, device='cuda:0') tensor(0.0786, device='cuda:0')
After trained on task 48 tensor(0.0503, device='cuda:0') tensor(0.1067, device='cuda:0')
After trained on task 48 tensor(0.0569, device='cuda:0') tensor(0.1274, device='cuda:0')
After trained on task 48 tensor(0.0972, device='cuda:0') tensor(0.1634, device='cuda:0')
reserving basis 157/768; cond: 34422730752.0, ratio:0.9914138913154602
reserving basis 157/768; cond: 34422730752.0, ratio:0.9914138913154602
reserving basis 173/768; cond: 6275966464.0, ratio:0.9903580546379089
reserving basis 173/768; cond: 6275966464.0, ratio:0.9903580546379089
reserving basis 168/768; cond: 337355866112.0, ratio:0.9914602637290955
reserving basis 168/768; cond: 337355866112.0, ratio:0.9914602637290955
reserving basis 173/768; cond: 18195423232.0, ratio:0.9909490942955017
reserving basis 173/768; cond: 18195423232.0, ratio:0.9909490942955017
reserving basis 181/768; cond: 7218994176.0, ratio:0.9914341568946838
reserving basis 181/768; cond: 7218994176.0, ratio:0.9914341568946838
reserving basis 175/768; cond: 12192240640.0, ratio:0.9903604984283447
reserving basis 175/768; cond: 12192240640.0, ratio:0.9903604984283447
reserving basis 190/768; cond: 1925949423616.0, ratio:0.9910319447517395
reserving basis 190/768; cond: 1925949423616.0, ratio:0.9910319447517395
reserving basis 176/768; cond: 31857356800.0, ratio:0.9910992383956909
reserving basis 176/768; cond: 31857356800.0, ratio:0.9910992383956909
reserving basis 189/768; cond: 8843175936.0, ratio:0.9912892580032349
reserving basis 189/768; cond: 8843175936.0, ratio:0.9912892580032349
reserving basis 176/768; cond: 114402926592.0, ratio:0.9911631345748901
reserving basis 176/768; cond: 114402926592.0, ratio:0.9911631345748901
reserving basis 180/768; cond: 47063302144.0, ratio:0.9905967712402344
reserving basis 180/768; cond: 47063302144.0, ratio:0.9905967712402344
reserving basis 172/768; cond: 100788338688.0, ratio:0.9905294179916382
reserving basis 172/768; cond: 100788338688.0, ratio:0.9905294179916382
reserving basis 183/768; cond: 21726740480.0, ratio:0.991425096988678
reserving basis 183/768; cond: 21726740480.0, ratio:0.991425096988678
reserving basis 174/768; cond: 59968180224.0, ratio:0.9900379776954651
reserving basis 174/768; cond: 59968180224.0, ratio:0.9900379776954651
reserving basis 181/768; cond: 37890945024.0, ratio:0.9901854991912842
reserving basis 181/768; cond: 37890945024.0, ratio:0.9901854991912842
reserving basis 166/768; cond: 17349468160.0, ratio:0.9908593893051147
reserving basis 166/768; cond: 17349468160.0, ratio:0.9908593893051147
reserving basis 173/768; cond: 41280282624.0, ratio:0.9901643991470337
reserving basis 173/768; cond: 41280282624.0, ratio:0.9901643991470337
reserving basis 149/768; cond: 129512660992.0, ratio:0.990217387676239
reserving basis 149/768; cond: 129512660992.0, ratio:0.990217387676239
reserving basis 162/768; cond: 394092609536.0, ratio:0.9906933307647705
reserving basis 162/768; cond: 394092609536.0, ratio:0.9906933307647705
reserving basis 132/768; cond: 47859220480.0, ratio:0.9920077919960022
reserving basis 132/768; cond: 47859220480.0, ratio:0.9920077919960022
reserving basis 155/768; cond: 103470759936.0, ratio:0.9902127981185913
reserving basis 155/768; cond: 103470759936.0, ratio:0.9902127981185913
reserving basis 117/768; cond: 20319823872.0, ratio:0.9918376803398132
reserving basis 117/768; cond: 20319823872.0, ratio:0.9918376803398132
reserving basis 112/768; cond: 64348336128.0, ratio:0.9903475046157837
reserving basis 112/768; cond: 64348336128.0, ratio:0.9903475046157837
reserving basis 107/768; cond: 19681470464.0, ratio:0.9928130507469177
reserving basis 107/768; cond: 19681470464.0, ratio:0.9928130507469177
2026-04-27 16:57:59,255 [palora.py] => Task 49, Epoch 50/50 => Loss 0.460, Train_accy 97.41
2026-04-27 16:58:06,963 [trainer.py] => Time:321.9980671405792
6000 6000
2026-04-27 16:58:23,582 [trainer.py] => Time:16.61873507499695
2026-04-27 16:58:23,582 [trainer.py] => ACC: {'total': 76.4, '00-03': 75.0, '04-07': 78.23, '08-11': 73.6, '12-15': 85.15, '16-19': 86.11, '20-23': 78.71, '24-27': 82.95, '28-31': 78.74, '32-35': 78.69, '36-39': 78.57, '40-43': 66.67, '44-47': 76.19, '48-51': 86.49, '52-55': 71.43, '56-59': 82.14, '60-63': 81.25, '64-67': 81.82, '68-71': 61.96, '72-75': 67.16, '76-79': 74.85, '80-83': 79.7, '84-87': 81.51, '88-91': 84.47, '92-95': 70.18, '96-99': 67.4, '100-103': 71.17, '104-107': 65.91, '108-111': 79.69, '112-115': 81.48, '116-119': 81.93, '120-123': 78.12, '124-127': 53.66, '128-131': 69.15, '132-135': 70.87, '136-139': 84.82, '140-143': 65.88, '144-147': 72.29, '148-151': 70.18, '152-155': 70.41, '156-159': 71.54, '160-163': 91.59, '164-167': 82.11, '168-171': 86.18, '172-175': 86.05, '176-179': 80.39, '180-183': 76.35, '184-187': 76.05, '188-191': 76.76, '192-195': 70.51, '196-199': 68.31, 'old': 76.6, 'new': 68.31}
2026-04-27 16:58:23,583 [trainer.py] => ACC top1 curve: [89.38, 88.73, 86.55, 85.29, 86.08, 85.37, 85.84, 84.96, 84.57, 83.67, 83.37, 82.86, 83.11, 82.63, 82.43, 82.33, 82.27, 81.7, 81.04, 80.71, 79.93, 80.13, 80.36, 79.92, 79.13, 78.95, 78.49, 78.45, 78.4, 78.51, 78.5, 78.15, 78.01, 77.74, 77.67, 77.51, 77.2, 77.18, 77.03, 76.58, 76.96, 76.82, 77.01, 77.25, 77.27, 77.08, 76.96, 76.92, 76.75, 76.4]
Average Accuracy: 80.403
2026-04-27 16:58:23,583 [trainer.py] => Average Accuracy: 80.403
